{
"type": "FeatureCollection",
"name": "TSNL",
"crs": { "type": "name", "properties": { "name": "urn:ogc:def:crs:OGC:1.3:CRS84" } },
"features": [
{ "type": "Feature", "properties": { "fid": 1, "CLAVE": "SNL-SLV-008-12-GS", "PROYECTO": "TSNL", "SEGMENTO": "16", "ESTADO": "Nuevo León", "MUNICIPIO": "Salinas Victoria", "TIPO DE PROPIEDAD": null, "PROPIETARIO O PARCELA": null, "EJIDO": null, "M2": null, "KM INIICIO": null, "KM FIN": null, "KM LINEALES": null, "KM EFECTIVOS": null, "ESTATUS": "NO LIBERADO", "IDENTIFICACIÓN O ACERCAMIENTO": null, "ANUENCIA": null, "LEVANTAMIENTO": null, "NEGOCIACIÓN O ASAMBLEA": null, "C.O.P": null, "ESTATUS ACTUAL": null, "REGISTRO EXCEL": "NO", "TIPO_LIBERACION": null }, "geometry": { "type": "MultiPolygon", "coordinates": [ [ [ [ -100.29023, 25.999413 ], [ -100.285547, 26.002298 ], [ -100.284346, 26.00021 ], [ -100.289062, 25.995689 ], [ -100.29023, 25.999413 ] ] ] ] } },
{ "type": "Feature", "properties": { "fid": 2, "CLAVE": "SNL-SLV-052-1-GS, SNL-SLV-052-2-GS, SNL-SLV-052-3-GS", "PROYECTO": "TSNL", "SEGMENTO": "S16", "ESTADO": "Nuevo León", "MUNICIPIO": "Salinas Victoria", "TIPO DE PROPIEDAD": "Privada", "PROPIETARIO O PARCELA": "Maria Elena Garcia Ugarte", "EJIDO": "N/A", "M2": null, "KM INIICIO": 185.92968, "KM FIN": 186.62113, "KM LINEALES": 0.69145, "KM EFECTIVOS": 0.69145, "ESTATUS": "NO LIBERADO", "IDENTIFICACIÓN O ACERCAMIENTO": true, "ANUENCIA": true, "LEVANTAMIENTO": "EN ACTUALIZACIÓN", "NEGOCIACIÓN O ASAMBLEA": false, "C.O.P": "NO", "ESTATUS ACTUAL": "Documental/Planos completa", "REGISTRO EXCEL": "SI", "TIPO_LIBERACION": "DDV Troncal" }, "geometry": { "type": "MultiPolygon", "coordinates": [ [ [ [ -100.360071, 26.213371 ], [ -100.365406, 26.211178 ], [ -100.367331, 26.215044 ], [ -100.367967, 26.216872 ], [ -100.3612, 26.219669 ], [ -100.360071, 26.213371 ] ] ] ] } },
{ "type": "Feature", "properties": { "fid": 3, "CLAVE": "SNL-SLV-052-2-GS", "PROYECTO": "TSNL", "SEGMENTO": "16", "ESTADO": "Nuevo León", "MUNICIPIO": "Salinas Victoria", "TIPO DE PROPIEDAD": "Privada", "PROPIETARIO O PARCELA": null, "EJIDO": null, "M2": null, "KM INIICIO": null, "KM FIN": null, "KM LINEALES": null, "KM EFECTIVOS": null, "ESTATUS": "NO LIBERADO", "IDENTIFICACIÓN O ACERCAMIENTO": null, "ANUENCIA": null, "LEVANTAMIENTO": null, "NEGOCIACIÓN O ASAMBLEA": null, "C.O.P": null, "ESTATUS ACTUAL": null, "REGISTRO EXCEL": "SI CON OTR", "TIPO_LIBERACION": null }, "geometry": { "type": "MultiPolygon", "coordinates": [ [ [ [ -100.360071, 26.213371 ], [ -100.365406, 26.211178 ], [ -100.367331, 26.215044 ], [ -100.367967, 26.216872 ], [ -100.3612, 26.219669 ], [ -100.360071, 26.213371 ] ] ] ] } },
{ "type": "Feature", "properties": { "fid": 4, "CLAVE": "SNL-SLV-052-3-GS", "PROYECTO": "TSNL", "SEGMENTO": "16", "ESTADO": "Nuevo León", "MUNICIPIO": "Salinas Victoria", "TIPO DE PROPIEDAD": "Privada", "PROPIETARIO O PARCELA": null, "EJIDO": null, "M2": null, "KM INIICIO": null, "KM FIN": null, "KM LINEALES": null, "KM EFECTIVOS": null, "ESTATUS": "NO LIBERADO", "IDENTIFICACIÓN O ACERCAMIENTO": null, "ANUENCIA": null, "LEVANTAMIENTO": null, "NEGOCIACIÓN O ASAMBLEA": null, "C.O.P": null, "ESTATUS ACTUAL": null, "REGISTRO EXCEL": "SI CON OTR", "TIPO_LIBERACION": null }, "geometry": { "type": "MultiPolygon", "coordinates": [ [ [ [ -100.360071, 26.213371 ], [ -100.365406, 26.211178 ], [ -100.367331, 26.215044 ], [ -100.367967, 26.216872 ], [ -100.3612, 26.219669 ], [ -100.360071, 26.213371 ] ] ] ] } },
{ "type": "Feature", "properties": { "fid": 5, "CLAVE": "SNL-SLV-052-4-GS, SNL-SLV-052-5-GS, SNL-SLV-052-6-GS", "PROYECTO": "TSNL", "SEGMENTO": "S16", "ESTADO": "Nuevo León", "MUNICIPIO": "Salinas Victoria", "TIPO DE PROPIEDAD": "Privada", "PROPIETARIO O PARCELA": "Ignacio Garcia Ugarte", "EJIDO": "N/A", "M2": null, "KM INIICIO": 186.62113, "KM FIN": 187.29334, "KM LINEALES": 0.67221000000000686, "KM EFECTIVOS": 0.67221000000000686, "ESTATUS": "NO LIBERADO", "IDENTIFICACIÓN O ACERCAMIENTO": true, "ANUENCIA": true, "LEVANTAMIENTO": "EN ACTUALIZACIÓN", "NEGOCIACIÓN O ASAMBLEA": false, "C.O.P": "NO", "ESTATUS ACTUAL": "En proceso de Acercamiento", "REGISTRO EXCEL": "SI", "TIPO_LIBERACION": "DDV Troncal" }, "geometry": { "type": "MultiPolygon", "coordinates": [ [ [ [ -100.368789, 26.222956 ], [ -100.362287, 26.225621 ], [ -100.361233, 26.219688 ], [ -100.367948, 26.216928 ], [ -100.368789, 26.222956 ] ] ] ] } },
{ "type": "Feature", "properties": { "fid": 6, "CLAVE": "SNL-SLV-052-5-GS", "PROYECTO": "TSNL", "SEGMENTO": "16", "ESTADO": "Nuevo León", "MUNICIPIO": "Salinas Victoria", "TIPO DE PROPIEDAD": "Privada", "PROPIETARIO O PARCELA": null, "EJIDO": null, "M2": null, "KM INIICIO": null, "KM FIN": null, "KM LINEALES": null, "KM EFECTIVOS": null, "ESTATUS": "NO LIBERADO", "IDENTIFICACIÓN O ACERCAMIENTO": null, "ANUENCIA": null, "LEVANTAMIENTO": null, "NEGOCIACIÓN O ASAMBLEA": null, "C.O.P": null, "ESTATUS ACTUAL": null, "REGISTRO EXCEL": "SI CON OTR", "TIPO_LIBERACION": null }, "geometry": { "type": "MultiPolygon", "coordinates": [ [ [ [ -100.368789, 26.222956 ], [ -100.362287, 26.225621 ], [ -100.361233, 26.219688 ], [ -100.367948, 26.216928 ], [ -100.368789, 26.222956 ] ] ] ] } },
{ "type": "Feature", "properties": { "fid": 7, "CLAVE": "SNL-SLV-052-6-GS", "PROYECTO": "TSNL", "SEGMENTO": "S16", "ESTADO": "Nuevo León", "MUNICIPIO": "Salinas Victoria", "TIPO DE PROPIEDAD": "Privada", "PROPIETARIO O PARCELA": "Maria Oralia Garcia Ugarte", "EJIDO": "N/A", "M2": null, "KM INIICIO": 187.29334, "KM FIN": 187.99057, "KM LINEALES": 0.69722999999999047, "KM EFECTIVOS": 0.69722999999999047, "ESTATUS": "NO LIBERADO", "IDENTIFICACIÓN O ACERCAMIENTO": true, "ANUENCIA": true, "LEVANTAMIENTO": "EN ACTUALIZACIÓN", "NEGOCIACIÓN O ASAMBLEA": false, "C.O.P": "NO", "ESTATUS ACTUAL": "Documental/Planos completa", "REGISTRO EXCEL": "SI", "TIPO_LIBERACION": "DDV Troncal" }, "geometry": { "type": "MultiPolygon", "coordinates": [ [ [ [ -100.362303, 26.225639 ], [ -100.368789, 26.223007 ], [ -100.369627, 26.229106 ], [ -100.36337, 26.231714 ], [ -100.362303, 26.225639 ] ] ] ] } },
{ "type": "Feature", "properties": { "fid": 8, "CLAVE": "SNL-SLV-056-1-GS", "PROYECTO": "TSNL", "SEGMENTO": "S16", "ESTADO": "Nuevo León", "MUNICIPIO": "Salinas Victoria", "TIPO DE PROPIEDAD": "Privada", "PROPIETARIO O PARCELA": "Celina Cantu Zambrano", "EJIDO": "N/A", "M2": null, "KM INIICIO": 192.58708, "KM FIN": 193.52323, "KM LINEALES": 0.93615000000002624, "KM EFECTIVOS": 0.93615000000002624, "ESTATUS": "NO LIBERADO", "IDENTIFICACIÓN O ACERCAMIENTO": true, "ANUENCIA": true, "LEVANTAMIENTO": "EN ACTUALIZACIÓN", "NEGOCIACIÓN O ASAMBLEA": false, "C.O.P": "NO", "ESTATUS ACTUAL": "Recopilación Expediente SEDATU/RAN", "REGISTRO EXCEL": "SI", "TIPO_LIBERACION": "DDV Troncal" }, "geometry": { "type": "MultiPolygon", "coordinates": [ [ [ [ -100.3767636, 26.2788008 ], [ -100.3750416, 26.2789354 ], [ -100.3734484, 26.2792238 ], [ -100.3731899, 26.2792848 ], [ -100.370918, 26.27099 ], [ -100.375451, 26.270349 ], [ -100.376422, 26.2773 ], [ -100.3767636, 26.2788008 ] ] ] ] } },
{ "type": "Feature", "properties": { "fid": 9, "CLAVE": "SNL-SLV-056-3-GS", "PROYECTO": "TSNL", "SEGMENTO": "16", "ESTADO": "Nuevo León", "MUNICIPIO": "Salinas Victoria", "TIPO DE PROPIEDAD": "Privada", "PROPIETARIO O PARCELA": null, "EJIDO": null, "M2": null, "KM INIICIO": null, "KM FIN": null, "KM LINEALES": null, "KM EFECTIVOS": null, "ESTATUS": "NO LIBERADO", "IDENTIFICACIÓN O ACERCAMIENTO": null, "ANUENCIA": null, "LEVANTAMIENTO": null, "NEGOCIACIÓN O ASAMBLEA": null, "C.O.P": null, "ESTATUS ACTUAL": null, "REGISTRO EXCEL": "SI CON OTR", "TIPO_LIBERACION": null }, "geometry": { "type": "MultiPolygon", "coordinates": [ [ [ [ -100.3767636, 26.2788008 ], [ -100.3750416, 26.2789354 ], [ -100.3734484, 26.2792238 ], [ -100.3731899, 26.2792848 ], [ -100.370918, 26.27099 ], [ -100.375451, 26.270349 ], [ -100.376422, 26.2773 ], [ -100.3767636, 26.2788008 ] ] ] ] } },
{ "type": "Feature", "properties": { "fid": 10, "CLAVE": "SNL-SLV-056-4-GS", "PROYECTO": "TSNL", "SEGMENTO": "16", "ESTADO": "Nuevo León", "MUNICIPIO": "Salinas Victoria", "TIPO DE PROPIEDAD": "Privada", "PROPIETARIO O PARCELA": null, "EJIDO": null, "M2": null, "KM INIICIO": null, "KM FIN": null, "KM LINEALES": null, "KM EFECTIVOS": null, "ESTATUS": "NO LIBERADO", "IDENTIFICACIÓN O ACERCAMIENTO": null, "ANUENCIA": null, "LEVANTAMIENTO": null, "NEGOCIACIÓN O ASAMBLEA": null, "C.O.P": null, "ESTATUS ACTUAL": null, "REGISTRO EXCEL": "SI CON OTR", "TIPO_LIBERACION": null }, "geometry": { "type": "MultiPolygon", "coordinates": [ [ [ [ -100.3767636, 26.2788008 ], [ -100.3750416, 26.2789354 ], [ -100.3734484, 26.2792238 ], [ -100.3731899, 26.2792848 ], [ -100.370918, 26.27099 ], [ -100.375451, 26.270349 ], [ -100.376422, 26.2773 ], [ -100.3767636, 26.2788008 ] ] ] ] } },
{ "type": "Feature", "properties": { "fid": 11, "CLAVE": "SNL-SLV-056-5-GS", "PROYECTO": "TSNL", "SEGMENTO": "17", "ESTADO": "Nuevo León", "MUNICIPIO": "Salinas Victoria", "TIPO DE PROPIEDAD": "Privada", "PROPIETARIO O PARCELA": null, "EJIDO": null, "M2": null, "KM INIICIO": null, "KM FIN": null, "KM LINEALES": null, "KM EFECTIVOS": null, "ESTATUS": "NO LIBERADO", "IDENTIFICACIÓN O ACERCAMIENTO": null, "ANUENCIA": null, "LEVANTAMIENTO": null, "NEGOCIACIÓN O ASAMBLEA": null, "C.O.P": null, "ESTATUS ACTUAL": null, "REGISTRO EXCEL": "SI CON OTR", "TIPO_LIBERACION": null }, "geometry": { "type": "MultiPolygon", "coordinates": [ [ [ [ -100.3767636, 26.2788008 ], [ -100.3750416, 26.2789354 ], [ -100.3734484, 26.2792238 ], [ -100.3731899, 26.2792848 ], [ -100.370918, 26.27099 ], [ -100.375451, 26.270349 ], [ -100.376422, 26.2773 ], [ -100.3767636, 26.2788008 ] ] ] ] } },
{ "type": "Feature", "properties": { "fid": 12, "CLAVE": "SNL-SLV-056-6-GS", "PROYECTO": "TSNL", "SEGMENTO": "S16", "ESTADO": "Nuevo León", "MUNICIPIO": "Salinas Victoria", "TIPO DE PROPIEDAD": "Privada", "PROPIETARIO O PARCELA": "Isabel Cantu Zambrano", "EJIDO": "N/A", "M2": null, "KM INIICIO": 193.52323, "KM FIN": 194.7123, "KM LINEALES": 1.18907, "KM EFECTIVOS": 1.18907, "ESTATUS": "NO LIBERADO", "IDENTIFICACIÓN O ACERCAMIENTO": true, "ANUENCIA": true, "LEVANTAMIENTO": "EN ACTUALIZACIÓN", "NEGOCIACIÓN O ASAMBLEA": false, "C.O.P": "NO", "ESTATUS ACTUAL": "Recopilación Expediente SEDATU/RAN", "REGISTRO EXCEL": "SI", "TIPO_LIBERACION": "DDV Troncal" }, "geometry": { "type": "MultiPolygon", "coordinates": [ [ [ [ -100.3767636, 26.2788008 ], [ -100.3750416, 26.2789354 ], [ -100.3734484, 26.2792238 ], [ -100.3731899, 26.2792848 ], [ -100.370918, 26.27099 ], [ -100.375451, 26.270349 ], [ -100.376422, 26.2773 ], [ -100.3767636, 26.2788008 ] ] ] ] } },
{ "type": "Feature", "properties": { "fid": 13, "CLAVE": "SNL-SLV-056-6-GS", "PROYECTO": "TSNL", "SEGMENTO": "S16", "ESTADO": "Nuevo León", "MUNICIPIO": "Salinas Victoria", "TIPO DE PROPIEDAD": "Privada", "PROPIETARIO O PARCELA": "Isabel Cantu Zambrano", "EJIDO": "N/A", "M2": null, "KM INIICIO": 193.52323, "KM FIN": 194.7123, "KM LINEALES": 1.18907, "KM EFECTIVOS": 1.18907, "ESTATUS": "NO LIBERADO", "IDENTIFICACIÓN O ACERCAMIENTO": true, "ANUENCIA": true, "LEVANTAMIENTO": "EN ACTUALIZACIÓN", "NEGOCIACIÓN O ASAMBLEA": false, "C.O.P": "NO", "ESTATUS ACTUAL": "Recopilación Expediente SEDATU/RAN", "REGISTRO EXCEL": "SI", "TIPO_LIBERACION": "DDV Troncal" }, "geometry": { "type": "MultiPolygon", "coordinates": [ [ [ [ -100.3763119, 26.2897126 ], [ -100.3731899, 26.2792848 ], [ -100.3767636, 26.2788008 ], [ -100.37811, 26.289054 ], [ -100.378152, 26.2893686 ], [ -100.3763119, 26.2897126 ] ] ] ] } },
{ "type": "Feature", "properties": { "fid": 14, "CLAVE": "SNL-SLV-056-7-GS", "PROYECTO": "TSNL", "SEGMENTO": "S16", "ESTADO": "Nuevo León", "MUNICIPIO": "Salinas Victoria", "TIPO DE PROPIEDAD": "Privada", "PROPIETARIO O PARCELA": "Jorge Maldonado Montemayor", "EJIDO": "N/A", "M2": null, "KM INIICIO": 195.28118, "KM FIN": 196.01267, "KM LINEALES": 0.73149000000000797, "KM EFECTIVOS": 0.73149000000000797, "ESTATUS": "NO LIBERADO", "IDENTIFICACIÓN O ACERCAMIENTO": true, "ANUENCIA": true, "LEVANTAMIENTO": "EN ACTUALIZACIÓN", "NEGOCIACIÓN O ASAMBLEA": true, "C.O.P": "NO", "ESTATUS ACTUAL": "En proceso de Planos/BDT", "REGISTRO EXCEL": "SI", "TIPO_LIBERACION": "DDV Troncal" }, "geometry": { "type": "MultiPolygon", "coordinates": [ [ [ [ -100.3763119, 26.2897126 ], [ -100.378152, 26.2893686 ], [ -100.379384, 26.298062 ], [ -100.38007, 26.302929 ], [ -100.379925, 26.30298 ], [ -100.379751, 26.302277 ], [ -100.379428, 26.30093 ], [ -100.378959, 26.299261 ], [ -100.3763119, 26.2897126 ] ] ] ] } },
{ "type": "Feature", "properties": { "fid": 15, "CLAVE": "N/D", "PROYECTO": "TSNL", "SEGMENTO": "S17", "ESTADO": "Nuevo León", "MUNICIPIO": "Salinas Victoria", "TIPO DE PROPIEDAD": "Social", "PROPIETARIO O PARCELA": "Uso Comun Ejido N.C.P.E. Francisco Villa", "EJIDO": "FRANCISCO VILLA", "M2": null, "KM INIICIO": null, "KM FIN": null, "KM LINEALES": 0.0, "KM EFECTIVOS": 0.0, "ESTATUS": "NO LIBERADO", "IDENTIFICACIÓN O ACERCAMIENTO": true, "ANUENCIA": true, "LEVANTAMIENTO": "EN ACTUALIZACIÓN", "NEGOCIACIÓN O ASAMBLEA": false, "C.O.P": "NO", "ESTATUS ACTUAL": null, "REGISTRO EXCEL": "NO", "TIPO_LIBERACION": null }, "geometry": { "type": "MultiPolygon", "coordinates": [ [ [ [ -100.313707675752994, 26.085726386821882 ], [ -100.310075770003394, 26.087929964841212 ], [ -100.310347016324499, 26.086108966995436 ], [ -100.313065468225801, 26.084063859042537 ], [ -100.313707675752994, 26.085726386821882 ] ] ] ] } },
{ "type": "Feature", "properties": { "fid": 16, "CLAVE": "SNL-SLV-042", "PROYECTO": "TSNL", "SEGMENTO": "S16", "ESTADO": "Nuevo León", "MUNICIPIO": "Salinas Victoria", "TIPO DE PROPIEDAD": "Privada", "PROPIETARIO O PARCELA": "Gp Bienes Inmuebles S.A. De C.V.", "EJIDO": "N/A", "M2": 581.867, "KM INIICIO": 172.46787, "KM FIN": 172.87481, "KM LINEALES": 0.40693999999999164, "KM EFECTIVOS": 0.40693999999999164, "ESTATUS": "NO LIBERADO", "IDENTIFICACIÓN O ACERCAMIENTO": true, "ANUENCIA": true, "LEVANTAMIENTO": "EN ACTUALIZACIÓN", "NEGOCIACIÓN O ASAMBLEA": true, "C.O.P": "NO", "ESTATUS ACTUAL": "En negociación", "REGISTRO EXCEL": "SI", "TIPO_LIBERACION": "DDV Troncal" }, "geometry": { "type": "MultiPolygon", "coordinates": [ [ [ [ -100.317337, 26.100269 ], [ -100.319179, 26.099534 ], [ -100.320538, 26.102979 ], [ -100.318412, 26.103803 ], [ -100.317819, 26.101873 ], [ -100.317337, 26.100269 ] ] ] ] } },
{ "type": "Feature", "properties": { "fid": 17, "CLAVE": "SNL-SLV-046", "PROYECTO": "TSNL", "SEGMENTO": "S16", "ESTADO": "Nuevo León", "MUNICIPIO": "Salinas Victoria", "TIPO DE PROPIEDAD": "Privada", "PROPIETARIO O PARCELA": "Jesus Luis Barrera Lozano (Rancho Mamulique)", "EJIDO": "N/A", "M2": null, "KM INIICIO": 174.76915, "KM FIN": 177.57656, "KM LINEALES": 2.80741, "KM EFECTIVOS": 2.80741, "ESTATUS": "NO LIBERADO", "IDENTIFICACIÓN O ACERCAMIENTO": true, "ANUENCIA": true, "LEVANTAMIENTO": "EN ACTUALIZACIÓN", "NEGOCIACIÓN O ASAMBLEA": false, "C.O.P": "NO", "ESTATUS ACTUAL": "Recopilación Expediente SEDATU/RAN", "REGISTRO EXCEL": "SI", "TIPO_LIBERACION": "DDV Troncal" }, "geometry": { "type": "MultiPolygon", "coordinates": [ [ [ [ -100.2817158, 26.140307 ], [ -100.2798417, 26.139238 ], [ -100.2791618, 26.137766 ], [ -100.2790277, 26.136316 ], [ -100.2790197, 26.135203 ], [ -100.2790447, 26.133309 ], [ -100.2787597, 26.131908 ], [ -100.274841800000019, 26.126196 ], [ -100.2913868, 26.123633 ], [ -100.3014597, 26.122477 ], [ -100.3048938, 26.122071 ], [ -100.3074388, 26.12178 ], [ -100.3094808, 26.121538 ], [ -100.3097297, 26.121508 ], [ -100.3102167, 26.121449 ], [ -100.3226279, 26.120007 ], [ -100.3229588, 26.126126 ], [ -100.3230208, 26.127021 ], [ -100.3231058, 26.127639 ], [ -100.3232758, 26.128289 ], [ -100.3235508, 26.128927 ], [ -100.3242349, 26.130567 ], [ -100.3252848, 26.132866 ], [ -100.3263578, 26.135126 ], [ -100.327138800000014, 26.136817 ], [ -100.3278138, 26.138254 ], [ -100.3281288, 26.138869 ], [ -100.3289759, 26.140733 ], [ -100.3305188, 26.144024 ], [ -100.3265739, 26.144612 ], [ -100.3231188, 26.145236 ], [ -100.3139099, 26.146916 ], [ -100.3044268, 26.148622 ], [ -100.2972038, 26.149936 ], [ -100.2934708, 26.150616 ], [ -100.2892808, 26.15134 ], [ -100.2873918, 26.149469 ], [ -100.2867778, 26.148435 ], [ -100.2854858, 26.148038 ], [ -100.2848628, 26.146866 ], [ -100.2852228, 26.145943 ], [ -100.2841128, 26.143332 ], [ -100.2822238, 26.142338 ], [ -100.2817158, 26.140307 ] ] ] ] } },
{ "type": "Feature", "properties": { "fid": 18, "CLAVE": "SNL-SLV-035", "PROYECTO": "TSNL", "SEGMENTO": "S16", "ESTADO": "Nuevo León", "MUNICIPIO": "Salinas Victoria", "TIPO DE PROPIEDAD": "Privada", "PROPIETARIO O PARCELA": "Gp Bienes Inmuebles S.A. De C.V.", "EJIDO": "N/A", "M2": 758.945, "KM INIICIO": 170.20032, "KM FIN": 170.64722, "KM LINEALES": 0.4469, "KM EFECTIVOS": 0.4469, "ESTATUS": "NO LIBERADO", "IDENTIFICACIÓN O ACERCAMIENTO": true, "ANUENCIA": true, "LEVANTAMIENTO": "EN ACTUALIZACIÓN", "NEGOCIACIÓN O ASAMBLEA": true, "C.O.P": "NO", "ESTATUS ACTUAL": "En negociación", "REGISTRO EXCEL": "SI", "TIPO_LIBERACION": "DDV Troncal" }, "geometry": { "type": "MultiPolygon", "coordinates": [ [ [ [ -100.310769, 26.08274 ], [ -100.310265, 26.082739 ], [ -100.311102, 26.080342 ], [ -100.311573, 26.08025 ], [ -100.313071, 26.08405 ], [ -100.310311, 26.086136 ], [ -100.310769, 26.08274 ] ] ] ] } },
{ "type": "Feature", "properties": { "fid": 19, "CLAVE": "SNL-SLV-033-1", "PROYECTO": "TSNL", "SEGMENTO": "16", "ESTADO": "Nuevo León", "MUNICIPIO": "Salinas Victoria", "TIPO DE PROPIEDAD": null, "PROPIETARIO O PARCELA": null, "EJIDO": null, "M2": null, "KM INIICIO": null, "KM FIN": null, "KM LINEALES": null, "KM EFECTIVOS": null, "ESTATUS": "NO LIBERADO", "IDENTIFICACIÓN O ACERCAMIENTO": null, "ANUENCIA": null, "LEVANTAMIENTO": null, "NEGOCIACIÓN O ASAMBLEA": null, "C.O.P": null, "ESTATUS ACTUAL": null, "REGISTRO EXCEL": "NO", "TIPO_LIBERACION": null }, "geometry": { "type": "MultiPolygon", "coordinates": [ [ [ [ -100.3067194, 26.0755914 ], [ -100.309196400000019, 26.0742744 ], [ -100.3104044, 26.0774344 ], [ -100.3078094, 26.0784714 ], [ -100.3067194, 26.0755914 ] ] ] ] } },
{ "type": "Feature", "properties": { "fid": 20, "CLAVE": "N/D", "PROYECTO": "TSNL", "SEGMENTO": "S17", "ESTADO": "Nuevo León", "MUNICIPIO": "Salinas Victoria", "TIPO DE PROPIEDAD": "Social", "PROPIETARIO O PARCELA": "Uso Comun Ejido N.C.P.E. Francisco Villa", "EJIDO": "FRANCISCO VILLA", "M2": null, "KM INIICIO": null, "KM FIN": null, "KM LINEALES": 0.0, "KM EFECTIVOS": 0.0, "ESTATUS": "NO LIBERADO", "IDENTIFICACIÓN O ACERCAMIENTO": true, "ANUENCIA": true, "LEVANTAMIENTO": "EN ACTUALIZACIÓN", "NEGOCIACIÓN O ASAMBLEA": false, "C.O.P": "NO", "ESTATUS ACTUAL": null, "REGISTRO EXCEL": "NO", "TIPO_LIBERACION": null }, "geometry": { "type": "MultiPolygon", "coordinates": [ [ [ [ -100.31097, 26.078938 ], [ -100.308201, 26.07953 ], [ -100.307804, 26.078481 ], [ -100.310399, 26.077444 ], [ -100.31097, 26.078938 ] ] ] ] } },
{ "type": "Feature", "properties": { "fid": 21, "CLAVE": "SNL-SLV-036", "PROYECTO": "TSNL", "SEGMENTO": "S16", "ESTADO": "Nuevo León", "MUNICIPIO": "Salinas Victoria", "TIPO DE PROPIEDAD": "Privada", "PROPIETARIO O PARCELA": "Transparque Interpuerto S.A. De C.V.", "EJIDO": "N/A", "M2": null, "KM INIICIO": 170.85377, "KM FIN": 171.05669, "KM LINEALES": 0.20292000000000598, "KM EFECTIVOS": 0.20292000000000598, "ESTATUS": "NO LIBERADO", "IDENTIFICACIÓN O ACERCAMIENTO": true, "ANUENCIA": true, "LEVANTAMIENTO": "EN ACTUALIZACIÓN", "NEGOCIACIÓN O ASAMBLEA": false, "C.O.P": "NO", "ESTATUS ACTUAL": "Documental/Planos completa", "REGISTRO EXCEL": "SI", "TIPO_LIBERACION": "DDV Troncal" }, "geometry": { "type": "MultiPolygon", "coordinates": [ [ [ [ -100.310013, 26.087977 ], [ -100.313734, 26.085731 ], [ -100.314415, 26.087457 ], [ -100.310445, 26.089489 ], [ -100.310012, 26.088546 ], [ -100.309983, 26.088261 ], [ -100.310013, 26.087977 ] ] ] ] } },
{ "type": "Feature", "properties": { "fid": 22, "CLAVE": "SNL-SLV-040", "PROYECTO": "TSNL", "SEGMENTO": "S16", "ESTADO": "Nuevo León", "MUNICIPIO": "Salinas Victoria", "TIPO DE PROPIEDAD": "Privada", "PROPIETARIO O PARCELA": "Gp Bienes Inmuebles S.A. De C.V.", "EJIDO": "N/A", "M2": 475.765, "KM INIICIO": 172.03282, "KM FIN": 172.23739, "KM LINEALES": 0.20457000000001813, "KM EFECTIVOS": 0.20457000000001813, "ESTATUS": "NO LIBERADO", "IDENTIFICACIÓN O ACERCAMIENTO": true, "ANUENCIA": true, "LEVANTAMIENTO": "EN ACTUALIZACIÓN", "NEGOCIACIÓN O ASAMBLEA": true, "C.O.P": "NO", "ESTATUS ACTUAL": "En negociación", "REGISTRO EXCEL": "SI", "TIPO_LIBERACION": "DDV Troncal" }, "geometry": { "type": "MultiPolygon", "coordinates": [ [ [ [ -100.31588, 26.096711 ], [ -100.317719, 26.095834 ], [ -100.318405, 26.097574 ], [ -100.316552, 26.098339 ], [ -100.31588, 26.096711 ] ] ] ] } },
{ "type": "Feature", "properties": { "fid": 23, "CLAVE": "SNL-SLV-043", "PROYECTO": "TSNL", "SEGMENTO": "S16", "ESTADO": "Nuevo León", "MUNICIPIO": "Salinas Victoria", "TIPO DE PROPIEDAD": "Privada", "PROPIETARIO O PARCELA": "Cesar Gonzalez Cantu (Osa)", "EJIDO": "N/A", "M2": null, "KM INIICIO": 172.87481, "KM FIN": 173.30974, "KM LINEALES": 0.43493000000000848, "KM EFECTIVOS": 0.43493000000000848, "ESTATUS": "NO LIBERADO", "IDENTIFICACIÓN O ACERCAMIENTO": true, "ANUENCIA": false, "LEVANTAMIENTO": "SIN LEVANTAMIENTO", "NEGOCIACIÓN O ASAMBLEA": false, "C.O.P": "NO", "ESTATUS ACTUAL": "En levantamiento", "REGISTRO EXCEL": "SI", "TIPO_LIBERACION": "DDV Troncal" }, "geometry": { "type": "MultiPolygon", "coordinates": [ [ [ [ -100.303501, 26.109578 ], [ -100.312951, 26.105918 ], [ -100.314882, 26.10517 ], [ -100.318412, 26.103803 ], [ -100.320538, 26.102979 ], [ -100.320561, 26.10297 ], [ -100.321643, 26.105635 ], [ -100.321764, 26.105954 ], [ -100.321972, 26.106642 ], [ -100.321978, 26.10666 ], [ -100.321983, 26.106676 ], [ -100.321981, 26.106677 ], [ -100.321962, 26.106682 ], [ -100.304181, 26.111244 ], [ -100.304161, 26.111249 ], [ -100.304148, 26.111215 ], [ -100.303688, 26.110088 ], [ -100.303483, 26.109585 ], [ -100.303501, 26.109578 ] ] ] ] } },
{ "type": "Feature", "properties": { "fid": 24, "CLAVE": "SNL-SLV-039", "PROYECTO": "TSNL", "SEGMENTO": "S16", "ESTADO": "Nuevo León", "MUNICIPIO": "Salinas Victoria", "TIPO DE PROPIEDAD": "Privada", "PROPIETARIO O PARCELA": "Gb Pienes Inmuebles S.A. De C.V.", "EJIDO": "N/A", "M2": 414.126, "KM INIICIO": 171.69739, "KM FIN": 171.87106, "KM LINEALES": 0.17366999999998711, "KM EFECTIVOS": 0.17366999999998711, "ESTATUS": "NO LIBERADO", "IDENTIFICACIÓN O ACERCAMIENTO": true, "ANUENCIA": true, "LEVANTAMIENTO": "EN ACTUALIZACIÓN", "NEGOCIACIÓN O ASAMBLEA": true, "C.O.P": "NO", "ESTATUS ACTUAL": "En negociación", "REGISTRO EXCEL": "SI", "TIPO_LIBERACION": "DDV Troncal" }, "geometry": { "type": "MultiPolygon", "coordinates": [ [ [ [ -100.314637, 26.093484 ], [ -100.316594, 26.092982 ], [ -100.317176, 26.094459 ], [ -100.315375, 26.095222 ], [ -100.314637, 26.093484 ] ] ] ] } },
{ "type": "Feature", "properties": { "fid": 25, "CLAVE": "SNL-SLV-044", "PROYECTO": "TSNL", "SEGMENTO": "S16", "ESTADO": "Nuevo León", "MUNICIPIO": "Salinas Victoria", "TIPO DE PROPIEDAD": "Privada", "PROPIETARIO O PARCELA": "Maria Martinez Treviño (Osa)", "EJIDO": "N/A", "M2": null, "KM INIICIO": 173.30974, "KM FIN": 173.71793, "KM LINEALES": 0.4081899999999905, "KM EFECTIVOS": 0.4081899999999905, "ESTATUS": "NO LIBERADO", "IDENTIFICACIÓN O ACERCAMIENTO": true, "ANUENCIA": false, "LEVANTAMIENTO": "SIN LEVANTAMIENTO", "NEGOCIACIÓN O ASAMBLEA": false, "C.O.P": "NO", "ESTATUS ACTUAL": "En levantamiento", "REGISTRO EXCEL": "SI", "TIPO_LIBERACION": "DDV Troncal" }, "geometry": { "type": "MultiPolygon", "coordinates": [ [ [ [ -100.3219526, 26.1067349 ], [ -100.3219566, 26.1067539 ], [ -100.3219506, 26.1067359 ], [ -100.3219526, 26.1067349 ] ] ], [ [ [ -100.3219596, 26.1067709 ], [ -100.3222106, 26.1080069 ], [ -100.3223396, 26.1103759 ], [ -100.3049716, 26.1133819 ], [ -100.3041396, 26.1113429 ], [ -100.3041596, 26.1113379 ], [ -100.3219406, 26.1067759 ], [ -100.3219596, 26.1067709 ] ] ] ] } },
{ "type": "Feature", "properties": { "fid": 26, "CLAVE": "SNL-SLV-031", "PROYECTO": "TSNL", "SEGMENTO": "S16", "ESTADO": "Nuevo León", "MUNICIPIO": "Salinas Victoria", "TIPO DE PROPIEDAD": "Privada", "PROPIETARIO O PARCELA": "Obed Cantu Gonzalez", "EJIDO": "N/A", "M2": null, "KM INIICIO": 168.28313, "KM FIN": 168.52572, "KM LINEALES": 0.24259000000000697, "KM EFECTIVOS": 0.24259000000000697, "ESTATUS": "NO LIBERADO", "IDENTIFICACIÓN O ACERCAMIENTO": true, "ANUENCIA": true, "LEVANTAMIENTO": "EN ACTUALIZACIÓN", "NEGOCIACIÓN O ASAMBLEA": false, "C.O.P": "NO", "ESTATUS ACTUAL": "Recopilación Expediente SEDATU/RAN", "REGISTRO EXCEL": "SI", "TIPO_LIBERACION": "Viaducto" }, "geometry": { "type": "MultiPolygon", "coordinates": [ [ [ [ -100.304881, 26.066583 ], [ -100.303462, 26.064708 ], [ -100.305085, 26.063865 ], [ -100.305943, 26.065924 ], [ -100.304881, 26.066583 ] ] ] ] } },
{ "type": "Feature", "properties": { "fid": 27, "CLAVE": "SNL-SLV-041", "PROYECTO": "TSNL", "SEGMENTO": "S16", "ESTADO": "Nuevo León", "MUNICIPIO": "Salinas Victoria", "TIPO DE PROPIEDAD": "Privada", "PROPIETARIO O PARCELA": "Gp Bienes Inmuebles S.A. De C.V.", "EJIDO": "N/A", "M2": 476.888, "KM INIICIO": 172.23739, "KM FIN": 172.46787, "KM LINEALES": 0.23048, "KM EFECTIVOS": 0.23048, "ESTATUS": "NO LIBERADO", "IDENTIFICACIÓN O ACERCAMIENTO": true, "ANUENCIA": true, "LEVANTAMIENTO": "EN ACTUALIZACIÓN", "NEGOCIACIÓN O ASAMBLEA": true, "C.O.P": "NO", "ESTATUS ACTUAL": "En negociación", "REGISTRO EXCEL": "SI", "TIPO_LIBERACION": "DDV Troncal" }, "geometry": { "type": "MultiPolygon", "coordinates": [ [ [ [ -100.317297, 26.100169 ], [ -100.316552, 26.098339 ], [ -100.318405, 26.097574 ], [ -100.319179, 26.099534 ], [ -100.317337, 26.100269 ], [ -100.317297, 26.100169 ] ] ] ] } },
{ "type": "Feature", "properties": { "fid": 28, "CLAVE": "SNL-SLV-047", "PROYECTO": "TSNL", "SEGMENTO": "S16", "ESTADO": "Nuevo León", "MUNICIPIO": "Salinas Victoria", "TIPO DE PROPIEDAD": "Privada", "PROPIETARIO O PARCELA": "Jesus Luis Barrera Lozano (Rancho Mamulique)", "EJIDO": "N/A", "M2": null, "KM INIICIO": 177.57656, "KM FIN": 179.16666, "KM LINEALES": 1.5901, "KM EFECTIVOS": 1.5901, "ESTATUS": "NO LIBERADO", "IDENTIFICACIÓN O ACERCAMIENTO": true, "ANUENCIA": true, "LEVANTAMIENTO": "EN ACTUALIZACIÓN", "NEGOCIACIÓN O ASAMBLEA": false, "C.O.P": "NO", "ESTATUS ACTUAL": "Recopilación Expediente SEDATU/RAN", "REGISTRO EXCEL": "SI", "TIPO_LIBERACION": "DDV Troncal" }, "geometry": { "type": "MultiPolygon", "coordinates": [ [ [ [ -100.296866, 26.1724131 ], [ -100.29671, 26.1715161 ], [ -100.295971, 26.1707491 ], [ -100.29454, 26.1692641 ], [ -100.294066, 26.1685471 ], [ -100.293204, 26.1677521 ], [ -100.292422, 26.1670291 ], [ -100.291685, 26.1648481 ], [ -100.291576, 26.1645241 ], [ -100.291365, 26.1620331 ], [ -100.291946, 26.1614301 ], [ -100.292703, 26.1606431 ], [ -100.29266, 26.1598921 ], [ -100.292712, 26.1585911 ], [ -100.292443, 26.1581431 ], [ -100.291617, 26.1577911 ], [ -100.291018, 26.1575351 ], [ -100.290534, 26.1563541 ], [ -100.290822, 26.1552601 ], [ -100.290873, 26.1550661 ], [ -100.289503, 26.1546981 ], [ -100.288704, 26.1523621 ], [ -100.289517, 26.1513181 ], [ -100.293707, 26.1505941 ], [ -100.29744, 26.1499141 ], [ -100.304663, 26.1486001 ], [ -100.314146, 26.1468941 ], [ -100.323355, 26.1452141 ], [ -100.32681, 26.1445901 ], [ -100.330755, 26.1440021 ], [ -100.331165, 26.1448751 ], [ -100.331557, 26.1456641 ], [ -100.331822, 26.1461861 ], [ -100.332058, 26.1465031 ], [ -100.33241, 26.1469961 ], [ -100.33285, 26.1475761 ], [ -100.334107, 26.1493521 ], [ -100.335542, 26.1513381 ], [ -100.33704, 26.1533971 ], [ -100.3375, 26.1541931 ], [ -100.337717, 26.1548561 ], [ -100.337837, 26.1554751 ], [ -100.337884, 26.1560921 ], [ -100.337871, 26.1565271 ], [ -100.335452, 26.1574891 ], [ -100.331751, 26.1591231 ], [ -100.329906, 26.1598831 ], [ -100.322901, 26.1627491 ], [ -100.297381, 26.1728431 ], [ -100.29689, 26.1725531 ], [ -100.296866, 26.1724131 ] ] ] ] } },
{ "type": "Feature", "properties": { "fid": 29, "CLAVE": "SNL-SLV-053", "PROYECTO": "TSNL", "SEGMENTO": "S16", "ESTADO": "Nuevo León", "MUNICIPIO": "Salinas Victoria", "TIPO DE PROPIEDAD": "Privada", "PROPIETARIO O PARCELA": "Oscar Mariano Garcia Ugarte", "EJIDO": "N/A", "M2": null, "KM INIICIO": 187.99057, "KM FIN": 188.71309, "KM LINEALES": 0.72252, "KM EFECTIVOS": 0.72252, "ESTATUS": "NO LIBERADO", "IDENTIFICACIÓN O ACERCAMIENTO": true, "ANUENCIA": true, "LEVANTAMIENTO": "EN ACTUALIZACIÓN", "NEGOCIACIÓN O ASAMBLEA": false, "C.O.P": "NO", "ESTATUS ACTUAL": "Documental/Planos completa", "REGISTRO EXCEL": "SI", "TIPO_LIBERACION": "DDV Troncal" }, "geometry": { "type": "MultiPolygon", "coordinates": [ [ [ [ -100.370577, 26.235621 ], [ -100.364556, 26.238149 ], [ -100.363387, 26.231774 ], [ -100.369647, 26.229161 ], [ -100.370577, 26.235621 ] ] ] ] } },
{ "type": "Feature", "properties": { "fid": 30, "CLAVE": "SNL-SLV-050", "PROYECTO": "TSNL", "SEGMENTO": "S16", "ESTADO": "Nuevo León", "MUNICIPIO": "Salinas Victoria", "TIPO DE PROPIEDAD": "Privada", "PROPIETARIO O PARCELA": "Ruben Urrutia Flores Y Maria Guadalupe Morales Cantu", "EJIDO": "N/A", "M2": null, "KM INIICIO": 182.85402, "KM FIN": 184.09618, "KM LINEALES": 1.24216, "KM EFECTIVOS": 1.24216, "ESTATUS": "NO LIBERADO", "IDENTIFICACIÓN O ACERCAMIENTO": true, "ANUENCIA": true, "LEVANTAMIENTO": "EN ACTUALIZACIÓN", "NEGOCIACIÓN O ASAMBLEA": false, "C.O.P": "NO", "ESTATUS ACTUAL": "Recopilación Expediente SEDATU/RAN", "REGISTRO EXCEL": "SI", "TIPO_LIBERACION": "DDV Troncal" }, "geometry": { "type": "MultiPolygon", "coordinates": [ [ [ [ -100.356617, 26.196831 ], [ -100.356809, 26.197878 ], [ -100.357015, 26.199015 ], [ -100.357298, 26.200558 ], [ -100.357536, 26.201871 ], [ -100.35779, 26.203279 ], [ -100.357982, 26.204341 ], [ -100.357989, 26.204378 ], [ -100.350375, 26.210412 ], [ -100.34664, 26.213369 ], [ -100.341879, 26.211939 ], [ -100.341138, 26.209907 ], [ -100.338992, 26.210115 ], [ -100.338776, 26.209179 ], [ -100.340151, 26.20727 ], [ -100.339869, 26.206482 ], [ -100.340062, 26.205909 ], [ -100.339692, 26.204484 ], [ -100.338667, 26.204413 ], [ -100.339136, 26.202062 ], [ -100.33735, 26.201908 ], [ -100.337125, 26.201685 ], [ -100.335363, 26.201215 ], [ -100.335018, 26.199736 ], [ -100.333916, 26.199434 ], [ -100.328772, 26.203464 ], [ -100.327076, 26.201132 ], [ -100.328253, 26.200426 ], [ -100.329263, 26.199821 ], [ -100.349553, 26.187655 ], [ -100.353387, 26.193413 ], [ -100.354312, 26.194796 ], [ -100.354431, 26.194965 ], [ -100.354557, 26.195131 ], [ -100.354688, 26.195293 ], [ -100.354826, 26.195451 ], [ -100.354969, 26.195604 ], [ -100.355117, 26.195754 ], [ -100.355262, 26.195888 ], [ -100.355412, 26.196017 ], [ -100.355566, 26.196141 ], [ -100.355726, 26.19626 ], [ -100.355889, 26.196374 ], [ -100.3561, 26.196514 ], [ -100.356316, 26.196649 ], [ -100.356617, 26.196831 ] ] ] ] } },
{ "type": "Feature", "properties": { "fid": 31, "CLAVE": "SNL-SLV-032", "PROYECTO": "TSNL", "SEGMENTO": "S16", "ESTADO": "Nuevo León", "MUNICIPIO": "Salinas Victoria", "TIPO DE PROPIEDAD": "Privada", "PROPIETARIO O PARCELA": "Soluciones En Equipamiento Tangamanga S.A. De C.V.", "EJIDO": "N/A", "M2": null, "KM INIICIO": 168.52572, "KM FIN": 168.96172, "KM LINEALES": 0.43600000000000705, "KM EFECTIVOS": 0.43600000000000705, "ESTATUS": "NO LIBERADO", "IDENTIFICACIÓN O ACERCAMIENTO": true, "ANUENCIA": true, "LEVANTAMIENTO": "EN ACTUALIZACIÓN", "NEGOCIACIÓN O ASAMBLEA": false, "C.O.P": "NO", "ESTATUS ACTUAL": "Recopilación Expediente SEDATU/RAN", "REGISTRO EXCEL": "SI", "TIPO_LIBERACION": "Viaducto" }, "geometry": { "type": "MultiPolygon", "coordinates": [ [ [ [ -100.2978786, 26.061929 ], [ -100.2978646, 26.061905 ], [ -100.3002536, 26.06054 ], [ -100.3027826, 26.063892 ], [ -100.3048756, 26.066583 ], [ -100.3059376, 26.065924 ], [ -100.3073386, 26.069653 ], [ -100.3034266, 26.071595 ], [ -100.3033746, 26.071621 ], [ -100.2978786, 26.061929 ] ] ] ] } },
{ "type": "Feature", "properties": { "fid": 32, "CLAVE": "SNL-SLV-038", "PROYECTO": "TSNL", "SEGMENTO": "S16", "ESTADO": "Nuevo León", "MUNICIPIO": "Salinas Victoria", "TIPO DE PROPIEDAD": "Privada", "PROPIETARIO O PARCELA": "Gp Bienes Inmuebles S.A. De C.V.", "EJIDO": "N/A", "M2": 362.003, "KM INIICIO": 171.14795, "KM FIN": 171.35368, "KM LINEALES": 0.20572999999998842, "KM EFECTIVOS": 0.20572999999998842, "ESTATUS": "NO LIBERADO", "IDENTIFICACIÓN O ACERCAMIENTO": true, "ANUENCIA": true, "LEVANTAMIENTO": "EN ACTUALIZACIÓN", "NEGOCIACIÓN O ASAMBLEA": true, "C.O.P": "NO", "ESTATUS ACTUAL": "En negociación", "REGISTRO EXCEL": "SI", "TIPO_LIBERACION": "DDV Troncal" }, "geometry": { "type": "MultiPolygon", "coordinates": [ [ [ [ -100.310192, 26.090654 ], [ -100.310804, 26.090341 ], [ -100.314751, 26.08831 ], [ -100.315508, 26.090228 ], [ -100.311652, 26.092264 ], [ -100.311045, 26.092575 ], [ -100.310192, 26.090654 ] ] ] ] } },
{ "type": "Feature", "properties": { "fid": 33, "CLAVE": "SNL-SLV-049", "PROYECTO": "TSNL", "SEGMENTO": "S16", "ESTADO": "Nuevo León", "MUNICIPIO": "Salinas Victoria", "TIPO DE PROPIEDAD": "Privada", "PROPIETARIO O PARCELA": "Ruben Urrutia Flores Y Maria Guadalupe Morales Cantu", "EJIDO": "N/A", "M2": null, "KM INIICIO": 181.34517, "KM FIN": 182.85402, "KM LINEALES": 1.50885, "KM EFECTIVOS": 1.50885, "ESTATUS": "NO LIBERADO", "IDENTIFICACIÓN O ACERCAMIENTO": true, "ANUENCIA": true, "LEVANTAMIENTO": "EN ACTUALIZACIÓN", "NEGOCIACIÓN O ASAMBLEA": false, "C.O.P": "NO", "ESTATUS ACTUAL": "Recopilación Expediente SEDATU/RAN", "REGISTRO EXCEL": "SI", "TIPO_LIBERACION": "DDV Troncal" }, "geometry": { "type": "MultiPolygon", "coordinates": [ [ [ [ -100.3495144, 26.1878097 ], [ -100.3270375, 26.2012867 ], [ -100.3270345, 26.2012817 ], [ -100.3261044, 26.2008457 ], [ -100.3255134, 26.1996167 ], [ -100.3225254, 26.1985887 ], [ -100.3222514, 26.1981317 ], [ -100.3224864, 26.1978597 ], [ -100.3225534, 26.1977827 ], [ -100.3225644, 26.1977687 ], [ -100.3177774, 26.1922777 ], [ -100.3164875, 26.1915467 ], [ -100.3161405, 26.1907417 ], [ -100.3144054, 26.1904387 ], [ -100.3141294, 26.1896107 ], [ -100.3122255, 26.1894177 ], [ -100.3110525, 26.1873667 ], [ -100.3098054, 26.1875777 ], [ -100.3084395, 26.1857847 ], [ -100.3258334, 26.1773337 ], [ -100.3433645, 26.1753787 ], [ -100.3440035, 26.1768077 ], [ -100.3444405, 26.1777857 ], [ -100.3449744, 26.1789797 ], [ -100.3453484, 26.1798167 ], [ -100.3456834, 26.1805647 ], [ -100.3459764, 26.1812227 ], [ -100.3462714, 26.1818817 ], [ -100.3466695, 26.1827707 ], [ -100.3471215, 26.1837807 ], [ -100.3472985, 26.1841747 ], [ -100.3475685, 26.1847457 ], [ -100.3479375, 26.1854127 ], [ -100.3481385, 26.1857357 ], [ -100.3483374, 26.1860407 ], [ -100.3487694, 26.1866927 ], [ -100.3495144, 26.1878097 ] ] ] ] } },
{ "type": "Feature", "properties": { "fid": 34, "CLAVE": "SNL-SLV-034", "PROYECTO": "TSNL", "SEGMENTO": "16", "ESTADO": "Nuevo León", "MUNICIPIO": "Salinas Victoria", "TIPO DE PROPIEDAD": null, "PROPIETARIO O PARCELA": null, "EJIDO": null, "M2": null, "KM INIICIO": null, "KM FIN": null, "KM LINEALES": null, "KM EFECTIVOS": null, "ESTATUS": "NO LIBERADO", "IDENTIFICACIÓN O ACERCAMIENTO": null, "ANUENCIA": null, "LEVANTAMIENTO": null, "NEGOCIACIÓN O ASAMBLEA": false, "C.O.P": null, "ESTATUS ACTUAL": null, "REGISTRO EXCEL": "NO", "TIPO_LIBERACION": null }, "geometry": { "type": "MultiPolygon", "coordinates": [ [ [ [ -100.31097, 26.078938 ], [ -100.311048, 26.07892 ], [ -100.311573, 26.08025 ], [ -100.311102, 26.080342 ], [ -100.310265, 26.082739 ], [ -100.310769, 26.08274 ], [ -100.310311, 26.086136 ], [ -100.310013, 26.087977 ], [ -100.309983, 26.088261 ], [ -100.310012, 26.088546 ], [ -100.307491, 26.088668 ], [ -100.305717, 26.084389 ], [ -100.305832, 26.08432 ], [ -100.306883, 26.08369 ], [ -100.306777, 26.083412 ], [ -100.305833, 26.080853 ], [ -100.308201, 26.07953 ], [ -100.31097, 26.078938 ] ] ] ] } },
{ "type": "Feature", "properties": { "fid": 35, "CLAVE": "SNL-SLV-037", "PROYECTO": "TSNL", "SEGMENTO": "S16", "ESTADO": "Nuevo León", "MUNICIPIO": "Salinas Victoria", "TIPO DE PROPIEDAD": "Privada", "PROPIETARIO O PARCELA": "Luis Villarreal Compean", "EJIDO": "N/A", "M2": null, "KM INIICIO": 171.05669, "KM FIN": 171.15687, "KM LINEALES": 0.10017999999999461, "KM EFECTIVOS": 0.10017999999999461, "ESTATUS": "NO LIBERADO", "IDENTIFICACIÓN O ACERCAMIENTO": false, "ANUENCIA": false, "LEVANTAMIENTO": "SIN LEVANTAMIENTO", "NEGOCIACIÓN O ASAMBLEA": false, "C.O.P": "Posible D.O.T", "ESTATUS ACTUAL": "Sin información de propietario", "REGISTRO EXCEL": "SI", "TIPO_LIBERACION": "DDV Troncal" }, "geometry": { "type": "MultiPolygon", "coordinates": [ [ [ [ -100.314415, 26.087457 ], [ -100.314751, 26.088309 ], [ -100.310782, 26.090345 ], [ -100.310445, 26.089489 ], [ -100.314415, 26.087457 ] ] ] ] } },
{ "type": "Feature", "properties": { "fid": 36, "CLAVE": "SNL-SLV-045", "PROYECTO": "TSNL", "SEGMENTO": "S16", "ESTADO": "Nuevo León", "MUNICIPIO": "Salinas Victoria", "TIPO DE PROPIEDAD": "Privada", "PROPIETARIO O PARCELA": "Jesus Luis Barrera Lozano (Rancho Mamulique)", "EJIDO": "N/A", "M2": null, "KM INIICIO": 173.71793, "KM FIN": 174.76915, "KM LINEALES": 1.05122, "KM EFECTIVOS": 1.05122, "ESTATUS": "NO LIBERADO", "IDENTIFICACIÓN O ACERCAMIENTO": true, "ANUENCIA": true, "LEVANTAMIENTO": "EN ACTUALIZACIÓN", "NEGOCIACIÓN O ASAMBLEA": false, "C.O.P": "NO", "ESTATUS ACTUAL": "Recopilación Expediente SEDATU/RAN", "REGISTRO EXCEL": "SI", "TIPO_LIBERACION": "DDV Troncal" }, "geometry": { "type": "MultiPolygon", "coordinates": [ [ [ [ -100.322345, 26.110362 ], [ -100.322328, 26.110492 ], [ -100.322426, 26.111981 ], [ -100.322854, 26.119645 ], [ -100.322863, 26.119811 ], [ -100.322864, 26.119831 ], [ -100.310453, 26.121273 ], [ -100.309966, 26.121332 ], [ -100.309965, 26.121317 ], [ -100.309958, 26.12119 ], [ -100.309314, 26.113351 ], [ -100.309279, 26.112617 ], [ -100.309297, 26.112614 ], [ -100.311691, 26.112211 ], [ -100.31813, 26.111092 ], [ -100.322345, 26.110362 ] ] ], [ [ [ -100.303997690307796, 26.113643959620617 ], [ -100.304277153328428, 26.113597382450504 ], [ -100.304793085058847, 26.113568719576598 ], [ -100.305968262889266, 26.113310753711382 ], [ -100.307602046702314, 26.112988296379861 ], [ -100.30909968186424, 26.112723164796169 ], [ -100.309178504767488, 26.113884011189633 ], [ -100.309293156263138, 26.115546457876565 ], [ -100.309346, 26.11644 ], [ -100.309666, 26.120848 ], [ -100.309716, 26.121357 ], [ -100.309717, 26.121362 ], [ -100.307675, 26.121604 ], [ -100.30513, 26.121895 ], [ -100.301696, 26.122301 ], [ -100.291623, 26.123457 ], [ -100.275078, 26.12602 ], [ -100.273223, 26.123314 ], [ -100.27288, 26.123199 ], [ -100.271875, 26.123614 ], [ -100.27107, 26.123106 ], [ -100.27061, 26.121725 ], [ -100.269989, 26.120484 ], [ -100.270355, 26.119361 ], [ -100.303997690307796, 26.113643959620617 ] ] ] ] } },
{ "type": "Feature", "properties": { "fid": 37, "CLAVE": "SNL-SLV-033", "PROYECTO": "TSNL", "SEGMENTO": "S16", "ESTADO": "Nuevo León", "MUNICIPIO": "Salinas Victoria", "TIPO DE PROPIEDAD": "Privada", "PROPIETARIO O PARCELA": "Banco Actinver S.A. De C.V. (Armando Lozano Benavides)", "EJIDO": "N/A", "M2": null, "KM INIICIO": 168.96172, "KM FIN": 169.49673, "KM LINEALES": 0.53501, "KM EFECTIVOS": 0.53501, "ESTATUS": "NO LIBERADO", "IDENTIFICACIÓN O ACERCAMIENTO": true, "ANUENCIA": false, "LEVANTAMIENTO": "EN ACTUALIZACIÓN", "NEGOCIACIÓN O ASAMBLEA": false, "C.O.P": "NO", "ESTATUS ACTUAL": "Sin información de propietario", "REGISTRO EXCEL": "SI", "TIPO_LIBERACION": "Viaducto" }, "geometry": { "type": "MultiPolygon", "coordinates": [ [ [ [ -100.2919355, 26.07696 ], [ -100.2897045, 26.071548 ], [ -100.2889285, 26.069673 ], [ -100.2880535, 26.067557 ], [ -100.2880675, 26.067568 ], [ -100.2880575, 26.067543 ], [ -100.2910725, 26.065815 ], [ -100.2919945, 26.065291 ], [ -100.2926925, 26.06697 ], [ -100.2954335, 26.065513 ], [ -100.2944805, 26.063875 ], [ -100.2954565, 26.06332 ], [ -100.2972505, 26.0679 ], [ -100.2980005, 26.069791 ], [ -100.2987625, 26.071733 ], [ -100.299342973403213, 26.073152254351484 ], [ -100.3033585, 26.071621 ], [ -100.3034105, 26.071595 ], [ -100.307322500000012, 26.069653 ], [ -100.307451500000013, 26.069589 ], [ -100.3074575, 26.069604 ], [ -100.3081395, 26.07132 ], [ -100.3091695, 26.074284 ], [ -100.3066925, 26.075601 ], [ -100.3077825, 26.078481 ], [ -100.3081795, 26.07953 ], [ -100.3042395, 26.081732 ], [ -100.3041375, 26.081789 ], [ -100.302986500000017, 26.082432 ], [ -100.3039735, 26.084943 ], [ -100.3057985, 26.089583 ], [ -100.2982505, 26.095394 ], [ -100.2978445, 26.095706 ], [ -100.2976785, 26.095821 ], [ -100.2966775, 26.096589 ], [ -100.2965695, 26.096673 ], [ -100.2958205, 26.094788 ], [ -100.2942275, 26.09078 ], [ -100.2936015, 26.089206 ], [ -100.293583500000011, 26.08916 ], [ -100.2960785, 26.086969 ], [ -100.2960655, 26.086937 ], [ -100.295923500000015, 26.086594 ], [ -100.294795500000021, 26.083874 ], [ -100.2930945, 26.07977 ], [ -100.2927165, 26.078853 ], [ -100.2919355, 26.07696 ] ] ] ] } },
{ "type": "Feature", "properties": { "fid": 38, "CLAVE": "SNL-SLV-052", "PROYECTO": "TSNL", "SEGMENTO": "S16", "ESTADO": "Nuevo León", "MUNICIPIO": "Salinas Victoria", "TIPO DE PROPIEDAD": "Privada", "PROPIETARIO O PARCELA": "Maria Del Rosario Garcia Ugarte", "EJIDO": "N/A", "M2": null, "KM INIICIO": 184.84046, "KM FIN": 185.92968, "KM LINEALES": 1.08922, "KM EFECTIVOS": 1.08922, "ESTATUS": "NO LIBERADO", "IDENTIFICACIÓN O ACERCAMIENTO": true, "ANUENCIA": true, "LEVANTAMIENTO": "EN ACTUALIZACIÓN", "NEGOCIACIÓN O ASAMBLEA": false, "C.O.P": "NO", "ESTATUS ACTUAL": "Documental/Planos completa", "REGISTRO EXCEL": "SI", "TIPO_LIBERACION": "DDV Troncal" }, "geometry": { "type": "MultiPolygon", "coordinates": [ [ [ [ -100.365362, 26.21111 ], [ -100.360026, 26.213339 ], [ -100.358342, 26.204103 ], [ -100.360846, 26.202161 ], [ -100.365362, 26.21111 ] ] ] ] } },
{ "type": "Feature", "properties": { "fid": 39, "CLAVE": "SNL-SLV-056", "PROYECTO": "TSNL", "SEGMENTO": "S16", "ESTADO": "Nuevo León", "MUNICIPIO": "Salinas Victoria", "TIPO DE PROPIEDAD": "Privada", "PROPIETARIO O PARCELA": "Eugenio Bueno Barrera", "EJIDO": "N/A", "M2": null, "KM INIICIO": 190.96072, "KM FIN": 192.58708, "KM LINEALES": 1.62636, "KM EFECTIVOS": 1.62636, "ESTATUS": "NO LIBERADO", "IDENTIFICACIÓN O ACERCAMIENTO": true, "ANUENCIA": true, "LEVANTAMIENTO": "EN ACTUALIZACIÓN", "NEGOCIACIÓN O ASAMBLEA": false, "C.O.P": "NO", "ESTATUS ACTUAL": "Recopilación Expediente SEDATU/RAN", "REGISTRO EXCEL": "SI", "TIPO_LIBERACION": "DDV Troncal" }, "geometry": { "type": "MultiPolygon", "coordinates": [ [ [ [ -100.368007, 26.25714 ], [ -100.373391, 26.25575 ], [ -100.374304, 26.262283 ], [ -100.375424, 26.270317 ], [ -100.370857, 26.270966 ], [ -100.370048, 26.268089 ], [ -100.369952, 26.267795 ], [ -100.369309, 26.264288 ], [ -100.368205, 26.25824 ], [ -100.368023, 26.257236 ], [ -100.368008, 26.257143 ], [ -100.368007, 26.25714 ] ] ] ] } },
{ "type": "Feature", "properties": { "fid": 40, "CLAVE": "SNL-SLV-055", "PROYECTO": "TSNL", "SEGMENTO": "S16", "ESTADO": "Nuevo León", "MUNICIPIO": "Salinas Victoria", "TIPO DE PROPIEDAD": "Privada", "PROPIETARIO O PARCELA": "Alfonso Cesar Cavazos Treviño", "EJIDO": "N/A", "M2": null, "KM INIICIO": 189.87614, "KM FIN": 190.96072, "KM LINEALES": 1.08458, "KM EFECTIVOS": 1.08458, "ESTATUS": "NO LIBERADO", "IDENTIFICACIÓN O ACERCAMIENTO": true, "ANUENCIA": true, "LEVANTAMIENTO": "EN ACTUALIZACIÓN", "NEGOCIACIÓN O ASAMBLEA": false, "C.O.P": "NO", "ESTATUS ACTUAL": "Recopilación Expediente SEDATU/RAN", "REGISTRO EXCEL": "SI", "TIPO_LIBERACION": "DDV Troncal" }, "geometry": { "type": "MultiPolygon", "coordinates": [ [ [ [ -100.373391, 26.25575 ], [ -100.368007, 26.25714 ], [ -100.366317, 26.247844 ], [ -100.372017, 26.245934 ], [ -100.37301, 26.253031 ], [ -100.373019, 26.253092 ], [ -100.373391, 26.25575 ] ] ] ] } },
{ "type": "Feature", "properties": { "fid": 41, "CLAVE": "SNL-SLV-054", "PROYECTO": "TSNL", "SEGMENTO": "S16", "ESTADO": "Nuevo León", "MUNICIPIO": "Salinas Victoria", "TIPO DE PROPIEDAD": "Privada", "PROPIETARIO O PARCELA": "Hector Alejandro Garcia Gomez", "EJIDO": "N/A", "M2": null, "KM INIICIO": 188.72198, "KM FIN": 189.87614, "KM LINEALES": 1.15416, "KM EFECTIVOS": 1.15416, "ESTATUS": "LIBERADO", "IDENTIFICACIÓN O ACERCAMIENTO": true, "ANUENCIA": true, "LEVANTAMIENTO": "EN ACTUALIZACIÓN", "NEGOCIACIÓN O ASAMBLEA": true, "C.O.P": "C.O.P", "ESTATUS ACTUAL": "Firmado COP/AOT", "REGISTRO EXCEL": "SI", "TIPO_LIBERACION": "DDV Troncal" }, "geometry": { "type": "MultiPolygon", "coordinates": [ [ [ [ -100.3645669, 26.237961 ], [ -100.3705878, 26.235433 ], [ -100.3706068, 26.235428 ], [ -100.3720278, 26.245746 ], [ -100.3663279, 26.247656 ], [ -100.3658448, 26.245014 ], [ -100.3645669, 26.237961 ] ] ] ] } },
{ "type": "Feature", "properties": { "fid": 42, "CLAVE": "SNL-SLV-051", "PROYECTO": "TSNL", "SEGMENTO": "S16", "ESTADO": "Nuevo León", "MUNICIPIO": "Salinas Victoria", "TIPO DE PROPIEDAD": "Privada", "PROPIETARIO O PARCELA": "Ruben Urrutia Flores Y Maria Guadalupe Morales Cantu", "EJIDO": "N/A", "M2": null, "KM INIICIO": 184.15216, "KM FIN": 184.84046, "KM LINEALES": 0.6883, "KM EFECTIVOS": 0.6883, "ESTATUS": "NO LIBERADO", "IDENTIFICACIÓN O ACERCAMIENTO": true, "ANUENCIA": true, "LEVANTAMIENTO": "EN ACTUALIZACIÓN", "NEGOCIACIÓN O ASAMBLEA": false, "C.O.P": "NO", "ESTATUS ACTUAL": "Recopilación Expediente SEDATU/RAN", "REGISTRO EXCEL": "SI", "TIPO_LIBERACION": "DDV Troncal" }, "geometry": { "type": "MultiPolygon", "coordinates": [ [ [ [ -100.36084, 26.20216 ], [ -100.358344, 26.204102 ], [ -100.358185, 26.203221 ], [ -100.357931, 26.201813 ], [ -100.357693, 26.2005 ], [ -100.35741, 26.198956 ], [ -100.357204, 26.197819 ], [ -100.357073, 26.197105 ], [ -100.357226, 26.197197 ], [ -100.357406, 26.197309 ], [ -100.357642, 26.19746 ], [ -100.357814, 26.197578 ], [ -100.357905, 26.197643 ], [ -100.35813, 26.197817 ], [ -100.358393, 26.198046 ], [ -100.358673, 26.198325 ], [ -100.358703, 26.198359 ], [ -100.358767, 26.19843 ], [ -100.359005, 26.198725 ], [ -100.359117, 26.198879 ], [ -100.359173, 26.198963 ], [ -100.3594, 26.199329 ], [ -100.359505, 26.199521 ], [ -100.359585, 26.199677 ], [ -100.359949, 26.200393 ], [ -100.36084, 26.20216 ] ] ] ] } },
{ "type": "Feature", "properties": { "fid": 43, "CLAVE": "SNL-SLV-014", "PROYECTO": "TSNL", "SEGMENTO": "S16", "ESTADO": "Nuevo León", "MUNICIPIO": "Salinas Victoria", "TIPO DE PROPIEDAD": "Privada", "PROPIETARIO O PARCELA": "Sylvia Villareal Gutierrez", "EJIDO": "N/A", "M2": null, "KM INIICIO": 164.22626, "KM FIN": 164.74979, "KM LINEALES": 0.52352999999999383, "KM EFECTIVOS": 0.52352999999999383, "ESTATUS": "NO LIBERADO", "IDENTIFICACIÓN O ACERCAMIENTO": true, "ANUENCIA": true, "LEVANTAMIENTO": "EN ACTUALIZACIÓN", "NEGOCIACIÓN O ASAMBLEA": false, "C.O.P": "NO", "ESTATUS ACTUAL": "En negociación", "REGISTRO EXCEL": "SI", "TIPO_LIBERACION": "Viaducto" }, "geometry": { "type": "MultiPolygon", "coordinates": [ [ [ [ -100.295706, 26.030618 ], [ -100.299014, 26.028895 ], [ -100.299772, 26.028498 ], [ -100.300116, 26.029613 ], [ -100.300401, 26.030476 ], [ -100.300662, 26.031302 ], [ -100.300977, 26.032414 ], [ -100.301089, 26.033058 ], [ -100.300392, 26.03331 ], [ -100.299596, 26.033618 ], [ -100.298314, 26.034127 ], [ -100.297767, 26.033196 ], [ -100.297034, 26.032566 ], [ -100.296206, 26.031651 ], [ -100.295962, 26.031127 ], [ -100.295706, 26.030618 ] ] ] ] } },
{ "type": "Feature", "properties": { "fid": 44, "CLAVE": "SNL-SLV-017-1", "PROYECTO": "TSNL", "SEGMENTO": "S16", "ESTADO": "Nuevo León", "MUNICIPIO": "Salinas Victoria", "TIPO DE PROPIEDAD": "Privada", "PROPIETARIO O PARCELA": "Martin Alfonso Gutierrez Escamilla", "EJIDO": "N/A", "M2": 4595.409, "KM INIICIO": 165.62883, "KM FIN": 165.99465, "KM LINEALES": 0.36582000000001358, "KM EFECTIVOS": 0.36582000000001358, "ESTATUS": "LIBERADO", "IDENTIFICACIÓN O ACERCAMIENTO": true, "ANUENCIA": true, "LEVANTAMIENTO": "CONCLUIDO", "NEGOCIACIÓN O ASAMBLEA": true, "C.O.P": "C.O.P", "ESTATUS ACTUAL": "Firmado COP/AOT", "REGISTRO EXCEL": "SI", "TIPO_LIBERACION": "Viaducto" }, "geometry": { "type": "MultiPolygon", "coordinates": [ [ [ [ -100.299717, 26.04125 ], [ -100.300652, 26.041011 ], [ -100.300705, 26.041331 ], [ -100.301178, 26.044254 ], [ -100.29196, 26.055126 ], [ -100.291619, 26.05495 ], [ -100.291304, 26.05478 ], [ -100.299717, 26.04125 ] ] ] ] } },
{ "type": "Feature", "properties": { "fid": 45, "CLAVE": "SNL-SLV-017-2", "PROYECTO": "TSNL", "SEGMENTO": "S16", "ESTADO": "Nuevo León", "MUNICIPIO": "Salinas Victoria", "TIPO DE PROPIEDAD": "Privada", "PROPIETARIO O PARCELA": "Martin Alfonso Gutierrez Escamilla", "EJIDO": "N/A", "M2": 3630.577, "KM INIICIO": 165.99465, "KM FIN": 166.23446, "KM LINEALES": 0.23981000000000563, "KM EFECTIVOS": 0.23981000000000563, "ESTATUS": "LIBERADO", "IDENTIFICACIÓN O ACERCAMIENTO": true, "ANUENCIA": true, "LEVANTAMIENTO": "CONCLUIDO", "NEGOCIACIÓN O ASAMBLEA": true, "C.O.P": "C.O.P", "ESTATUS ACTUAL": "Firmado COP/AOT", "REGISTRO EXCEL": "SI", "TIPO_LIBERACION": "Viaducto" }, "geometry": { "type": "MultiPolygon", "coordinates": [ [ [ [ -100.29196, 26.055126 ], [ -100.301178, 26.044254 ], [ -100.301544, 26.046531 ], [ -100.292279, 26.055322 ], [ -100.29196, 26.055126 ] ] ] ] } },
{ "type": "Feature", "properties": { "fid": 46, "CLAVE": "SNL-SLV-018", "PROYECTO": "TSNL", "SEGMENTO": "S16", "ESTADO": "Nuevo León", "MUNICIPIO": "Salinas Victoria", "TIPO DE PROPIEDAD": "Privada", "PROPIETARIO O PARCELA": "Martin Alfonso Gutierrez Escamilla", "EJIDO": "N/A", "M2": 3690.943, "KM INIICIO": 166.23446, "KM FIN": 166.39818, "KM LINEALES": 0.16371999999998366, "KM EFECTIVOS": 0.16371999999998366, "ESTATUS": "LIBERADO", "IDENTIFICACIÓN O ACERCAMIENTO": true, "ANUENCIA": true, "LEVANTAMIENTO": "CONCLUIDO", "NEGOCIACIÓN O ASAMBLEA": true, "C.O.P": "C.O.P", "ESTATUS ACTUAL": "Firmado COP/AOT", "REGISTRO EXCEL": "SI", "TIPO_LIBERACION": "Viaducto" }, "geometry": { "type": "MultiPolygon", "coordinates": [ [ [ [ -100.292279, 26.055322 ], [ -100.30172, 26.046364 ], [ -100.301969, 26.047687 ], [ -100.292916, 26.055662 ], [ -100.292279, 26.055322 ] ] ] ] } },
{ "type": "Feature", "properties": { "fid": 47, "CLAVE": "SNL-SLV-025", "PROYECTO": "TSNL", "SEGMENTO": "S16", "ESTADO": "Nuevo León", "MUNICIPIO": "Salinas Victoria", "TIPO DE PROPIEDAD": "Privada", "PROPIETARIO O PARCELA": "Galindo Lorenzo", "EJIDO": "N/A", "M2": null, "KM INIICIO": 167.12882, "KM FIN": 167.17146, "KM LINEALES": 0.042640000000005784, "KM EFECTIVOS": 0.042640000000005784, "ESTATUS": "LIBERADO", "IDENTIFICACIÓN O ACERCAMIENTO": true, "ANUENCIA": false, "LEVANTAMIENTO": "EN ACTUALIZACIÓN", "NEGOCIACIÓN O ASAMBLEA": false, "C.O.P": "NO", "ESTATUS ACTUAL": "En negociación", "REGISTRO EXCEL": "SI", "TIPO_LIBERACION": "Viaducto" }, "geometry": { "type": "MultiPolygon", "coordinates": [ [ [ [ -100.296394, 26.057465 ], [ -100.302658, 26.053214 ], [ -100.302723, 26.053571 ], [ -100.296615, 26.057587 ], [ -100.296394, 26.057465 ] ] ] ] } },
{ "type": "Feature", "properties": { "fid": 48, "CLAVE": "SNL-SLV-013", "PROYECTO": "TSNL", "SEGMENTO": "S16", "ESTADO": "Nuevo León", "MUNICIPIO": "Salinas Victoria", "TIPO DE PROPIEDAD": "Privada", "PROPIETARIO O PARCELA": "Acrelux Sa De Cv", "EJIDO": "N/A", "M2": 5359.86, "KM INIICIO": 163.73104, "KM FIN": 164.22626, "KM LINEALES": 0.49521999999998911, "KM EFECTIVOS": 0.49521999999998911, "ESTATUS": "LIBERADO", "IDENTIFICACIÓN O ACERCAMIENTO": true, "ANUENCIA": true, "LEVANTAMIENTO": "CONCLUIDO", "NEGOCIACIÓN O ASAMBLEA": true, "C.O.P": "A.O.P", "ESTATUS ACTUAL": "Firmado COP/AOT", "REGISTRO EXCEL": "SI", "TIPO_LIBERACION": "Viaducto" }, "geometry": { "type": "MultiPolygon", "coordinates": [ [ [ [ -100.299772, 26.028498 ], [ -100.295706, 26.030618 ], [ -100.29566, 26.030669 ], [ -100.29526, 26.030132 ], [ -100.295042, 26.030026 ], [ -100.294773, 26.029867 ], [ -100.293827, 26.029131 ], [ -100.293638, 26.028934 ], [ -100.293464, 26.028776 ], [ -100.293302, 26.028583 ], [ -100.29299, 26.028237 ], [ -100.292721, 26.027982 ], [ -100.292167, 26.027364 ], [ -100.291868, 26.027074 ], [ -100.291537, 26.026769 ], [ -100.291038, 26.026302 ], [ -100.290831, 26.026082 ], [ -100.290708, 26.02592 ], [ -100.290555, 26.025576 ], [ -100.290487, 26.025475 ], [ -100.290464, 26.025377 ], [ -100.290414, 26.025239 ], [ -100.298339, 26.024174 ], [ -100.299772, 26.028498 ] ] ] ] } },
{ "type": "Feature", "properties": { "fid": 49, "CLAVE": "SNL-SLV-008-11", "PROYECTO": "TSNL", "SEGMENTO": "S16", "ESTADO": "Nuevo León", "MUNICIPIO": "Salinas Victoria", "TIPO DE PROPIEDAD": "Privada", "PROPIETARIO O PARCELA": "Botello Fernandez Beatriz Eugenia", "EJIDO": "N/A", "M2": null, "KM INIICIO": 160.11486, "KM FIN": 160.42815, "KM LINEALES": 0.31328999999999496, "KM EFECTIVOS": 0.31328999999999496, "ESTATUS": "NO LIBERADO", "IDENTIFICACIÓN O ACERCAMIENTO": true, "ANUENCIA": false, "LEVANTAMIENTO": "EN ACTUALIZACIÓN", "NEGOCIACIÓN O ASAMBLEA": false, "C.O.P": "NO", "ESTATUS ACTUAL": "En proceso de Acercamiento", "REGISTRO EXCEL": "SI", "TIPO_LIBERACION": "DDV Troncal" }, "geometry": { "type": "MultiPolygon", "coordinates": [ [ [ [ -100.288193, 25.992912 ], [ -100.289064, 25.995596 ], [ -100.284265, 26.000226 ], [ -100.284168, 26.000068 ], [ -100.284106, 25.999959 ], [ -100.284051, 25.999846 ], [ -100.284003, 25.999731 ], [ -100.283963, 25.999614 ], [ -100.28393, 25.999495 ], [ -100.283905, 25.999374 ], [ -100.283888, 25.999252 ], [ -100.283879, 25.99913 ], [ -100.283878, 25.999018 ], [ -100.283884, 25.998906 ], [ -100.283896, 25.998794 ], [ -100.283914, 25.998683 ], [ -100.283939, 25.998574 ], [ -100.283971, 25.998465 ], [ -100.284008, 25.998359 ], [ -100.284053, 25.998254 ], [ -100.284054, 25.998251 ], [ -100.284055, 25.998247 ], [ -100.284056, 25.998247 ], [ -100.284061, 25.998236 ], [ -100.284066, 25.998225 ], [ -100.284071, 25.998214 ], [ -100.284077, 25.998203 ], [ -100.284082, 25.998192 ], [ -100.284082, 25.998191 ], [ -100.284088, 25.998181 ], [ -100.284088, 25.99818 ], [ -100.284093, 25.998169 ], [ -100.284099, 25.998158 ], [ -100.284105, 25.998147 ], [ -100.284111, 25.998137 ], [ -100.284111, 25.998136 ], [ -100.284117, 25.998126 ], [ -100.284117, 25.998125 ], [ -100.284123, 25.998115 ], [ -100.284129, 25.998104 ], [ -100.284135, 25.998093 ], [ -100.284141, 25.998082 ], [ -100.284147, 25.998071 ], [ -100.284153, 25.998061 ], [ -100.284154, 25.998061 ], [ -100.28416, 25.99805 ], [ -100.284166, 25.998039 ], [ -100.284173, 25.998029 ], [ -100.284179, 25.998018 ], [ -100.284186, 25.998008 ], [ -100.284193, 25.997997 ], [ -100.2842, 25.997987 ], [ -100.2842, 25.997986 ], [ -100.284207, 25.997976 ], [ -100.284213, 25.997966 ], [ -100.284214, 25.997965 ], [ -100.28422, 25.997955 ], [ -100.284221, 25.997955 ], [ -100.284228, 25.997945 ], [ -100.284235, 25.997935 ], [ -100.284242, 25.997924 ], [ -100.284249, 25.997914 ], [ -100.284256, 25.997904 ], [ -100.284264, 25.997894 ], [ -100.284271, 25.997884 ], [ -100.284271, 25.997883 ], [ -100.284279, 25.997873 ], [ -100.284286, 25.997863 ], [ -100.284294, 25.997853 ], [ -100.284302, 25.997843 ], [ -100.28431, 25.997834 ], [ -100.28431, 25.997833 ], [ -100.284317, 25.997824 ], [ -100.284325, 25.997814 ], [ -100.284333, 25.997804 ], [ -100.284341, 25.997794 ], [ -100.284349, 25.997785 ], [ -100.28435, 25.997784 ], [ -100.284358, 25.997775 ], [ -100.284366, 25.997765 ], [ -100.284374, 25.997756 ], [ -100.284382, 25.997746 ], [ -100.284383, 25.997746 ], [ -100.284391, 25.997737 ], [ -100.284399, 25.997727 ], [ -100.284408, 25.997718 ], [ -100.284416, 25.997708 ], [ -100.284425, 25.997699 ], [ -100.284434, 25.99769 ], [ -100.284443, 25.997681 ], [ -100.284451, 25.997671 ], [ -100.28446, 25.997663 ], [ -100.28446, 25.997662 ], [ -100.284469, 25.997653 ], [ -100.284478, 25.997644 ], [ -100.284487, 25.997635 ], [ -100.284496, 25.997626 ], [ -100.284506, 25.997617 ], [ -100.284772, 25.997361 ], [ -100.284772, 25.99736 ], [ -100.285523, 25.996635 ], [ -100.285524, 25.996635 ], [ -100.285697, 25.996468 ], [ -100.286212, 25.995971 ], [ -100.286283, 25.995899 ], [ -100.286349, 25.995825 ], [ -100.28635, 25.995824 ], [ -100.28641, 25.995749 ], [ -100.28647, 25.995666 ], [ -100.286525, 25.995581 ], [ -100.286575, 25.995494 ], [ -100.28662, 25.995404 ], [ -100.286666, 25.995297 ], [ -100.286705, 25.995188 ], [ -100.286737, 25.995076 ], [ -100.286761, 25.994964 ], [ -100.286778, 25.99485 ], [ -100.286788, 25.994735 ], [ -100.28679, 25.99462 ], [ -100.286786, 25.99453 ], [ -100.286785, 25.994526 ], [ -100.286773, 25.994409 ], [ -100.286753, 25.994293 ], [ -100.286621, 25.993661 ], [ -100.286621, 25.99366 ], [ -100.28658, 25.993462 ], [ -100.286575, 25.99342 ], [ -100.286577, 25.993377 ], [ -100.286587, 25.993336 ], [ -100.286604, 25.993296 ], [ -100.286627, 25.993259 ], [ -100.286656, 25.993226 ], [ -100.286691, 25.993198 ], [ -100.286731, 25.993174 ], [ -100.286774, 25.993157 ], [ -100.286819, 25.993146 ], [ -100.288049, 25.992937 ], [ -100.288193, 25.992912 ] ] ] ] } },
{ "type": "Feature", "properties": { "fid": 50, "CLAVE": "SNL-SLV-022", "PROYECTO": "TSNL", "SEGMENTO": "S16", "ESTADO": "Nuevo León", "MUNICIPIO": "Salinas Victoria", "TIPO DE PROPIEDAD": "Privada", "PROPIETARIO O PARCELA": "Jorge Humberto Loya Ramirez", "EJIDO": "N/A", "M2": 1477.683, "KM INIICIO": 166.8356, "KM FIN": 166.90912, "KM LINEALES": 0.073520000000002028, "KM EFECTIVOS": 0.073520000000002028, "ESTATUS": "LIBERADO", "IDENTIFICACIÓN O ACERCAMIENTO": true, "ANUENCIA": true, "LEVANTAMIENTO": "CONCLUIDO", "NEGOCIACIÓN O ASAMBLEA": true, "C.O.P": "C.O.P", "ESTATUS ACTUAL": "Firmado COP/AOT", "REGISTRO EXCEL": "SI", "TIPO_LIBERACION": "Viaducto" }, "geometry": { "type": "MultiPolygon", "coordinates": [ [ [ [ -100.294492, 26.056501 ], [ -100.302489, 26.050947 ], [ -100.302584, 26.051516 ], [ -100.294793, 26.056662 ], [ -100.294492, 26.056501 ] ] ] ] } },
{ "type": "Feature", "properties": { "fid": 51, "CLAVE": "SNL-SLV-026", "PROYECTO": "TSNL", "SEGMENTO": "S16", "ESTADO": "Nuevo León", "MUNICIPIO": "Salinas Victoria", "TIPO DE PROPIEDAD": "Privada", "PROPIETARIO O PARCELA": "Alfonso Gutierrez Elizondo", "EJIDO": "N/A", "M2": 2339.213, "KM INIICIO": 167.17146, "KM FIN": 167.28441, "KM LINEALES": 0.1129500000000121, "KM EFECTIVOS": 0.1129500000000121, "ESTATUS": "LIBERADO", "IDENTIFICACIÓN O ACERCAMIENTO": true, "ANUENCIA": true, "LEVANTAMIENTO": "CONCLUIDO", "NEGOCIACIÓN O ASAMBLEA": true, "C.O.P": "C.O.P", "ESTATUS ACTUAL": "Firmado COP/AOT", "REGISTRO EXCEL": "SI", "TIPO_LIBERACION": "Viaducto" }, "geometry": { "type": "MultiPolygon", "coordinates": [ [ [ [ -100.302882, 26.054456 ], [ -100.29752, 26.058072 ], [ -100.297003, 26.057802 ], [ -100.296615, 26.057587 ], [ -100.302723, 26.053571 ], [ -100.302825, 26.05413 ], [ -100.302882, 26.054456 ] ] ] ] } },
{ "type": "Feature", "properties": { "fid": 52, "CLAVE": "SNL-SLV-027", "PROYECTO": "TSNL", "SEGMENTO": "S16", "ESTADO": "Nuevo León", "MUNICIPIO": "Salinas Victoria", "TIPO DE PROPIEDAD": "Privada", "PROPIETARIO O PARCELA": "Alfonso Gutierrez Elizondo", "EJIDO": "N/A", "M2": 1656.788, "KM INIICIO": 167.28441, "KM FIN": 167.36503, "KM LINEALES": 0.080619999999981928, "KM EFECTIVOS": 0.080619999999981928, "ESTATUS": "LIBERADO", "IDENTIFICACIÓN O ACERCAMIENTO": true, "ANUENCIA": true, "LEVANTAMIENTO": "CONCLUIDO", "NEGOCIACIÓN O ASAMBLEA": true, "C.O.P": "C.O.P", "ESTATUS ACTUAL": "Firmado COP/AOT", "REGISTRO EXCEL": "SI", "TIPO_LIBERACION": "Viaducto" }, "geometry": { "type": "MultiPolygon", "coordinates": [ [ [ [ -100.29752, 26.058072 ], [ -100.302882, 26.054456 ], [ -100.302979, 26.055013 ], [ -100.303003, 26.055153 ], [ -100.29821, 26.058386 ], [ -100.298186, 26.058402 ], [ -100.298048, 26.058335 ], [ -100.297972, 26.058292 ], [ -100.29752, 26.058072 ] ] ] ] } },
{ "type": "Feature", "properties": { "fid": 53, "CLAVE": "SNL-SLV-023", "PROYECTO": "TSNL", "SEGMENTO": "S16", "ESTADO": "Nuevo León", "MUNICIPIO": "Salinas Victoria", "TIPO DE PROPIEDAD": "Privada", "PROPIETARIO O PARCELA": "Martin Alfonso Gutierrez Escamilla/Galindo Lorenzo Y Hno", "EJIDO": "N/A", "M2": 1669.278, "KM INIICIO": 166.90912, "KM FIN": 166.99184, "KM LINEALES": 0.082719999999994798, "KM EFECTIVOS": 0.082719999999994798, "ESTATUS": "LIBERADO", "IDENTIFICACIÓN O ACERCAMIENTO": true, "ANUENCIA": true, "LEVANTAMIENTO": "CONCLUIDO", "NEGOCIACIÓN O ASAMBLEA": true, "C.O.P": "C.O.P", "ESTATUS ACTUAL": "Firmado COP/AOT", "REGISTRO EXCEL": "SI", "TIPO_LIBERACION": "Viaducto" }, "geometry": { "type": "MultiPolygon", "coordinates": [ [ [ [ -100.295229, 26.056932 ], [ -100.294797, 26.056677 ], [ -100.302361, 26.051687 ], [ -100.302511, 26.052257 ], [ -100.295229, 26.056932 ] ] ] ] } },
{ "type": "Feature", "properties": { "fid": 54, "CLAVE": "SNL-SLV-020", "PROYECTO": "TSNL", "SEGMENTO": "S16", "ESTADO": "Nuevo León", "MUNICIPIO": "Salinas Victoria", "TIPO DE PROPIEDAD": "Privada", "PROPIETARIO O PARCELA": "Jorge Humberto Loya Ramirez", "EJIDO": "N/A", "M2": 4852.863, "KM INIICIO": 166.54873, "KM FIN": 166.7914, "KM LINEALES": 0.24267, "KM EFECTIVOS": 0.24267, "ESTATUS": "LIBERADO", "IDENTIFICACIÓN O ACERCAMIENTO": true, "ANUENCIA": true, "LEVANTAMIENTO": "CONCLUIDO", "NEGOCIACIÓN O ASAMBLEA": true, "C.O.P": "C.O.P", "ESTATUS ACTUAL": "Firmado COP/AOT", "REGISTRO EXCEL": "SI", "TIPO_LIBERACION": "Viaducto" }, "geometry": { "type": "MultiPolygon", "coordinates": [ [ [ [ -100.293519, 26.055983 ], [ -100.302135, 26.048837 ], [ -100.302432, 26.050608 ], [ -100.294337, 26.056419 ], [ -100.293519, 26.055983 ] ] ] ] } },
{ "type": "Feature", "properties": { "fid": 55, "CLAVE": "SNL-SLV-029", "PROYECTO": "TSNL", "SEGMENTO": "S16", "ESTADO": "Nuevo León", "MUNICIPIO": "Salinas Victoria", "TIPO DE PROPIEDAD": "Privada", "PROPIETARIO O PARCELA": "Mexicana De Arroz", "EJIDO": "N/A", "M2": null, "KM INIICIO": 167.64795, "KM FIN": 167.67962, "KM LINEALES": 0.031669999999991205, "KM EFECTIVOS": 0.031669999999991205, "ESTATUS": "NO LIBERADO", "IDENTIFICACIÓN O ACERCAMIENTO": false, "ANUENCIA": false, "LEVANTAMIENTO": "SIN LEVANTAMIENTO", "NEGOCIACIÓN O ASAMBLEA": false, "C.O.P": "NO", "ESTATUS ACTUAL": "En proceso de Acercamiento", "REGISTRO EXCEL": "SI", "TIPO_LIBERACION": "Viaducto" }, "geometry": { "type": "MultiPolygon", "coordinates": [ [ [ [ -100.302366, 26.056096 ], [ -100.303218, 26.055458 ], [ -100.303275, 26.055892 ], [ -100.302385, 26.056237 ], [ -100.302649, 26.057806 ], [ -100.302801, 26.058709 ], [ -100.302673, 26.058786 ], [ -100.301925, 26.059207 ], [ -100.30173, 26.058049 ], [ -100.301513, 26.056747 ], [ -100.301512, 26.056735 ], [ -100.302366, 26.056096 ] ] ] ] } },
{ "type": "Feature", "properties": { "fid": 56, "CLAVE": "SNL-SLV-017", "PROYECTO": "TSNL", "SEGMENTO": "S16", "ESTADO": "Nuevo León", "MUNICIPIO": "Salinas Victoria", "TIPO DE PROPIEDAD": "Privada", "PROPIETARIO O PARCELA": "Martin Alfonso Gutierrez Escamilla/Quiroga Garcia Dora Ofelia", "EJIDO": "N/A", "M2": 2198.773, "KM INIICIO": 165.42628, "KM FIN": 165.61633, "KM LINEALES": 0.1900500000000136, "KM EFECTIVOS": 0.1900500000000136, "ESTATUS": "NO LIBERADO", "IDENTIFICACIÓN O ACERCAMIENTO": true, "ANUENCIA": true, "LEVANTAMIENTO": "CONCLUIDO", "NEGOCIACIÓN O ASAMBLEA": true, "C.O.P": "NO", "ESTATUS ACTUAL": "En proceso de firma COP", "REGISTRO EXCEL": "SI", "TIPO_LIBERACION": "Viaducto" }, "geometry": { "type": "MultiPolygon", "coordinates": [ [ [ [ -100.298697, 26.040505 ], [ -100.298661, 26.040475 ], [ -100.298079, 26.039987 ], [ -100.300701, 26.039123 ], [ -100.300689, 26.03925 ], [ -100.300658, 26.03997 ], [ -100.300729, 26.040653 ], [ -100.300756, 26.040918 ], [ -100.300684, 26.040913 ], [ -100.300638, 26.040925 ], [ -100.300614, 26.04093 ], [ -100.300153, 26.041062 ], [ -100.299914, 26.041123 ], [ -100.299783, 26.041155 ], [ -100.299775, 26.041157 ], [ -100.299731, 26.041168 ], [ -100.299632, 26.041187 ], [ -100.29956, 26.041183 ], [ -100.299494, 26.041159 ], [ -100.299405, 26.041093 ], [ -100.299377, 26.041071 ], [ -100.299369, 26.041066 ], [ -100.299324, 26.041031 ], [ -100.2993, 26.041012 ], [ -100.299292, 26.041005 ], [ -100.299186, 26.040916 ], [ -100.29918, 26.040911 ], [ -100.299114, 26.040855 ], [ -100.29899, 26.040751 ], [ -100.298972, 26.040735 ], [ -100.298697, 26.040505 ] ] ] ] } },
{ "type": "Feature", "properties": { "fid": 57, "CLAVE": "SNL-SLV-016", "PROYECTO": "TSNL", "SEGMENTO": "S16", "ESTADO": "Nuevo León", "MUNICIPIO": "Salinas Victoria", "TIPO DE PROPIEDAD": "Privada", "PROPIETARIO O PARCELA": "Martin Alfonso Gutierrez Escamilla", "EJIDO": "N/A", "M2": 2708.19, "KM INIICIO": 165.20877, "KM FIN": 165.42628, "KM LINEALES": 0.21751, "KM EFECTIVOS": 0.21751, "ESTATUS": "LIBERADO", "IDENTIFICACIÓN O ACERCAMIENTO": true, "ANUENCIA": true, "LEVANTAMIENTO": "CONCLUIDO", "NEGOCIACIÓN O ASAMBLEA": true, "C.O.P": "C.O.P", "ESTATUS ACTUAL": "Firmado COP/AOT", "REGISTRO EXCEL": "SI", "TIPO_LIBERACION": "Viaducto" }, "geometry": { "type": "MultiPolygon", "coordinates": [ [ [ [ -100.2930813, 26.0362297 ], [ -100.292819, 26.035999 ], [ -100.2931115, 26.0357039 ], [ -100.2930813, 26.0362297 ] ] ], [ [ [ -100.295043, 26.033755 ], [ -100.296352, 26.032563 ], [ -100.296656, 26.032927 ], [ -100.297365, 26.033782 ], [ -100.297643, 26.034116 ], [ -100.297802, 26.034297 ], [ -100.297944, 26.034491 ], [ -100.298089, 26.034667 ], [ -100.298317, 26.034951 ], [ -100.298433, 26.035094 ], [ -100.298532, 26.035234 ], [ -100.29869, 26.03541 ], [ -100.299024, 26.035665 ], [ -100.299313, 26.035874 ], [ -100.299432, 26.035946 ], [ -100.299641, 26.035985 ], [ -100.300431, 26.036697 ], [ -100.300844, 26.037061 ], [ -100.300839, 26.037569 ], [ -100.30078, 26.038339 ], [ -100.300701, 26.039123 ], [ -100.298079, 26.039987 ], [ -100.298059, 26.03997 ], [ -100.298008, 26.039929 ], [ -100.297807, 26.039767 ], [ -100.297769, 26.039736 ], [ -100.297493, 26.039512 ], [ -100.29735, 26.039395 ], [ -100.297227, 26.039294 ], [ -100.296829, 26.038967 ], [ -100.296455, 26.038664 ], [ -100.296363, 26.038589 ], [ -100.296251, 26.038498 ], [ -100.296102, 26.038377 ], [ -100.29551, 26.037897 ], [ -100.294921, 26.037484 ], [ -100.294702, 26.03733 ], [ -100.293714, 26.036632 ], [ -100.293579, 26.036537 ], [ -100.293169, 26.036246 ], [ -100.2931115, 26.0357039 ], [ -100.295043, 26.033755 ] ] ] ] } },
{ "type": "Feature", "properties": { "fid": 58, "CLAVE": "SNL-SLV-008-9", "PROYECTO": "TSNL", "SEGMENTO": "16", "ESTADO": "Nuevo León", "MUNICIPIO": "Salinas Victoria", "TIPO DE PROPIEDAD": null, "PROPIETARIO O PARCELA": null, "EJIDO": null, "M2": null, "KM INIICIO": null, "KM FIN": null, "KM LINEALES": null, "KM EFECTIVOS": null, "ESTATUS": "NO LIBERADO", "IDENTIFICACIÓN O ACERCAMIENTO": null, "ANUENCIA": null, "LEVANTAMIENTO": null, "NEGOCIACIÓN O ASAMBLEA": null, "C.O.P": null, "ESTATUS ACTUAL": null, "REGISTRO EXCEL": "NO", "TIPO_LIBERACION": null }, "geometry": { "type": "MultiPolygon", "coordinates": [ [ [ [ -100.287975, 25.992655 ], [ -100.287206, 25.992786 ], [ -100.286941, 25.991517 ], [ -100.287571, 25.99141 ], [ -100.287975, 25.992655 ] ] ] ] } },
{ "type": "Feature", "properties": { "fid": 59, "CLAVE": "SNL-SLV-030", "PROYECTO": "TSNL", "SEGMENTO": "S16", "ESTADO": "Nuevo León", "MUNICIPIO": "Salinas Victoria", "TIPO DE PROPIEDAD": "Privada", "PROPIETARIO O PARCELA": "Heriberto Sergio Cardenas", "EJIDO": "N/A", "M2": 27613.146, "KM INIICIO": 167.7185, "KM FIN": 168.28313, "KM LINEALES": 0.56462999999999397, "KM EFECTIVOS": 0.56462999999999397, "ESTATUS": "LIBERADO", "IDENTIFICACIÓN O ACERCAMIENTO": true, "ANUENCIA": true, "LEVANTAMIENTO": "CONCLUIDO", "NEGOCIACIÓN O ASAMBLEA": true, "C.O.P": "C.O.P", "ESTATUS ACTUAL": "Firmado COP/AOT", "REGISTRO EXCEL": "SI", "TIPO_LIBERACION": "Viaducto" }, "geometry": { "type": "MultiPolygon", "coordinates": [ [ [ [ -100.301971033459296, 26.059603668057669 ], [ -100.302140091645995, 26.059472504929566 ], [ -100.302318982611794, 26.059390937572768 ], [ -100.302858, 26.059106 ], [ -100.303059, 26.059017 ], [ -100.303436, 26.058893 ], [ -100.303731, 26.058796 ], [ -100.303758, 26.058873 ], [ -100.303887, 26.059675 ], [ -100.303951, 26.059727 ], [ -100.304046, 26.060122 ], [ -100.30426, 26.061141 ], [ -100.304403, 26.061829 ], [ -100.304757, 26.062824 ], [ -100.305065415876399, 26.063827359455249 ], [ -100.304195885750701, 26.064294132946834 ], [ -100.301993617904202, 26.059598261003 ], [ -100.301971033459296, 26.059603668057669 ] ] ] ] } },
{ "type": "Feature", "properties": { "fid": 60, "CLAVE": "SNL-SLV-015", "PROYECTO": "TSNL", "SEGMENTO": "S16", "ESTADO": "Nuevo León", "MUNICIPIO": "Salinas Victoria", "TIPO DE PROPIEDAD": "Privada", "PROPIETARIO O PARCELA": "Sylvia Villareal Gutierrez", "EJIDO": "N/A", "M2": null, "KM INIICIO": 164.74979, "KM FIN": 165.06294, "KM LINEALES": 0.31315000000000737, "KM EFECTIVOS": 0.31315000000000737, "ESTATUS": "NO LIBERADO", "IDENTIFICACIÓN O ACERCAMIENTO": true, "ANUENCIA": true, "LEVANTAMIENTO": "EN ACTUALIZACIÓN", "NEGOCIACIÓN O ASAMBLEA": false, "C.O.P": "NO", "ESTATUS ACTUAL": "En negociación", "REGISTRO EXCEL": "SI", "TIPO_LIBERACION": "Viaducto" }, "geometry": { "type": "MultiPolygon", "coordinates": [ [ [ [ -100.301092, 26.033077 ], [ -100.301148, 26.033659 ], [ -100.301206, 26.034706 ], [ -100.301187, 26.034907 ], [ -100.301055, 26.035547 ], [ -100.300931, 26.036184 ], [ -100.300689, 26.03613 ], [ -100.299568, 26.035181 ], [ -100.299418, 26.035133 ], [ -100.299157, 26.035001 ], [ -100.298879, 26.034777 ], [ -100.298314, 26.034127 ], [ -100.299596, 26.033618 ], [ -100.300392, 26.03331 ], [ -100.301089, 26.033058 ], [ -100.301092, 26.033077 ] ] ] ] } },
{ "type": "Feature", "properties": { "fid": 61, "CLAVE": "SNL-SLV-012", "PROYECTO": "TSNL", "SEGMENTO": "S16", "ESTADO": "Nuevo León", "MUNICIPIO": "Salinas Victoria", "TIPO DE PROPIEDAD": "Privada", "PROPIETARIO O PARCELA": "Tsim Internacional S.A. De C.V.", "EJIDO": "N/A", "M2": null, "KM INIICIO": 163.1968, "KM FIN": 163.73104, "KM LINEALES": 0.53424000000001115, "KM EFECTIVOS": 0.53424000000001115, "ESTATUS": "NO LIBERADO", "IDENTIFICACIÓN O ACERCAMIENTO": true, "ANUENCIA": false, "LEVANTAMIENTO": "EN ACTUALIZACIÓN", "NEGOCIACIÓN O ASAMBLEA": false, "C.O.P": "NO", "ESTATUS ACTUAL": "En proceso de Planos/BDT", "REGISTRO EXCEL": "SI", "TIPO_LIBERACION": "Viaducto" }, "geometry": { "type": "MultiPolygon", "coordinates": [ [ [ [ -100.298339, 26.0241644 ], [ -100.290414, 26.0252294 ], [ -100.290383, 26.0249574 ], [ -100.29037, 26.0247794 ], [ -100.290156, 26.0245004 ], [ -100.290023, 26.0244384 ], [ -100.289908, 26.0243074 ], [ -100.289824, 26.0242664 ], [ -100.289464, 26.0239394 ], [ -100.289291, 26.0238044 ], [ -100.289056, 26.0235304 ], [ -100.288942, 26.0233904 ], [ -100.289504, 26.0232664 ], [ -100.290047, 26.0231384 ], [ -100.290616, 26.0229534 ], [ -100.290872, 26.0229034 ], [ -100.291469, 26.0228224 ], [ -100.291979, 26.0224824 ], [ -100.292318, 26.0222284 ], [ -100.292199, 26.0218944 ], [ -100.292103, 26.0216374 ], [ -100.291959, 26.0214714 ], [ -100.291797, 26.0213074 ], [ -100.291855, 26.0209354 ], [ -100.291613, 26.0205314 ], [ -100.291625, 26.0200554 ], [ -100.291613, 26.0188914 ], [ -100.291332, 26.0175244 ], [ -100.292539, 26.0173134 ], [ -100.295588, 26.0198014 ], [ -100.296836, 26.0195774 ], [ -100.298339, 26.0241644 ] ] ] ] } },
{ "type": "Feature", "properties": { "fid": 62, "CLAVE": "SNL-SLV-011", "PROYECTO": "TSNL", "SEGMENTO": "S16", "ESTADO": "Nuevo León", "MUNICIPIO": "Salinas Victoria", "TIPO DE PROPIEDAD": "Privada", "PROPIETARIO O PARCELA": "Botello Fernandez Marcela Maria", "EJIDO": "N/A", "M2": null, "KM INIICIO": 161.89481, "KM FIN": 162.49818, "KM LINEALES": 0.60336999999998397, "KM EFECTIVOS": 0.60336999999998397, "ESTATUS": "NO LIBERADO", "IDENTIFICACIÓN O ACERCAMIENTO": true, "ANUENCIA": true, "LEVANTAMIENTO": "EN ACTUALIZACIÓN", "NEGOCIACIÓN O ASAMBLEA": true, "C.O.P": "NO", "ESTATUS ACTUAL": "Recopilación Expediente SEDATU/RAN", "REGISTRO EXCEL": "SI", "TIPO_LIBERACION": "DDV Troncal" }, "geometry": { "type": "MultiPolygon", "coordinates": [ [ [ [ -100.291672, 26.008725 ], [ -100.293189, 26.008324 ], [ -100.294877, 26.013537 ], [ -100.293942, 26.014694 ], [ -100.293614, 26.014723 ], [ -100.291672, 26.008725 ] ] ] ] } },
{ "type": "Feature", "properties": { "fid": 63, "CLAVE": "SNL-SLV-008", "PROYECTO": "TSNL", "SEGMENTO": "S16", "ESTADO": "Nuevo León", "MUNICIPIO": "Salinas Victoria", "TIPO DE PROPIEDAD": "Privada", "PROPIETARIO O PARCELA": "Inmobiliaria Mafesa Sa De Cv", "EJIDO": "N/A", "M2": null, "KM INIICIO": 159.35104, "KM FIN": 159.54248, "KM LINEALES": 0.19144, "KM EFECTIVOS": 0.19144, "ESTATUS": "NO LIBERADO", "IDENTIFICACIÓN O ACERCAMIENTO": true, "ANUENCIA": true, "LEVANTAMIENTO": "EN ACTUALIZACIÓN", "NEGOCIACIÓN O ASAMBLEA": false, "C.O.P": "NO", "ESTATUS ACTUAL": "Recopilación Expediente SEDATU/RAN", "REGISTRO EXCEL": "SI", "TIPO_LIBERACION": "DDV Troncal" }, "geometry": { "type": "MultiPolygon", "coordinates": [ [ [ [ -100.286574, 25.987918 ], [ -100.284694, 25.988097 ], [ -100.284333, 25.988197 ], [ -100.284161, 25.988291 ], [ -100.28406, 25.988002 ], [ -100.283929, 25.987645 ], [ -100.283762, 25.987253 ], [ -100.28356, 25.986897 ], [ -100.286009, 25.985969 ], [ -100.286574, 25.987918 ] ] ] ] } },
{ "type": "Feature", "properties": { "fid": 64, "CLAVE": "SNL-SLV-007", "PROYECTO": "TSNL", "SEGMENTO": "15B", "ESTADO": "Nuevo León", "MUNICIPIO": "Salinas Victoria", "TIPO DE PROPIEDAD": "Privada", "PROPIETARIO O PARCELA": "INMOBILIARIA MAFESA SA DE CV", "EJIDO": "N/A", "M2": 16147.987, "KM INIICIO": 159.27825, "KM FIN": 159.42526, "KM LINEALES": 0.14701, "KM EFECTIVOS": 0.14701, "ESTATUS": "NO LIBERADO", "IDENTIFICACIÓN O ACERCAMIENTO": true, "ANUENCIA": true, "LEVANTAMIENTO": "CONCLUIDO", "NEGOCIACIÓN O ASAMBLEA": false, "C.O.P": "NO", "ESTATUS ACTUAL": "-", "REGISTRO EXCEL": "SI", "TIPO_LIBERACION": null }, "geometry": { "type": "MultiPolygon", "coordinates": [ [ [ [ -100.2860036, 25.9859665 ], [ -100.2835546, 25.986894499999988 ], [ -100.2832166, 25.9862595 ], [ -100.282689600000012, 25.9853935 ], [ -100.2833836, 25.9850045 ], [ -100.2837646, 25.9848475 ], [ -100.283905600000011, 25.9847825 ], [ -100.2839646, 25.9848555 ], [ -100.2840046, 25.9848855 ], [ -100.2840276, 25.9848975 ], [ -100.2843606, 25.9849795 ], [ -100.2845316, 25.9850125 ], [ -100.2846266, 25.9850205 ], [ -100.2847756, 25.9850235 ], [ -100.2849706, 25.9849835 ], [ -100.2851656, 25.9849195 ], [ -100.2855826, 25.9847435 ], [ -100.2860036, 25.9859665 ] ] ] ] } },
{ "type": "Feature", "properties": { "fid": 65, "CLAVE": "SNL-SLV-021", "PROYECTO": "TSNL", "SEGMENTO": "S16", "ESTADO": "Nuevo León", "MUNICIPIO": "Salinas Victoria", "TIPO DE PROPIEDAD": "Privada", "PROPIETARIO O PARCELA": "Jorge Humberto Loya Ramirez", "EJIDO": "N/A", "M2": 886.671, "KM INIICIO": 166.7914, "KM FIN": 166.8356, "KM LINEALES": 0.044199999999989359, "KM EFECTIVOS": 0.044199999999989359, "ESTATUS": "LIBERADO", "IDENTIFICACIÓN O ACERCAMIENTO": true, "ANUENCIA": true, "LEVANTAMIENTO": "CONCLUIDO", "NEGOCIACIÓN O ASAMBLEA": true, "C.O.P": "C.O.P", "ESTATUS ACTUAL": "Firmado COP/AOT", "REGISTRO EXCEL": "SI", "TIPO_LIBERACION": "Viaducto" }, "geometry": { "type": "MultiPolygon", "coordinates": [ [ [ [ -100.294337, 26.0564286 ], [ -100.302432, 26.0506176 ], [ -100.302489, 26.0509566 ], [ -100.294492, 26.0565106 ], [ -100.294337, 26.0564286 ] ] ] ] } },
{ "type": "Feature", "properties": { "fid": 66, "CLAVE": "SNL-SLV-024", "PROYECTO": "TSNL", "SEGMENTO": "S16", "ESTADO": "Nuevo León", "MUNICIPIO": "Salinas Victoria", "TIPO DE PROPIEDAD": "Privada", "PROPIETARIO O PARCELA": "Galindo Lorenzo", "EJIDO": "N/A", "M2": null, "KM INIICIO": 167.08379, "KM FIN": 167.12882, "KM LINEALES": 0.045029999999997017, "KM EFECTIVOS": 0.045029999999997017, "ESTATUS": "LIBERADO", "IDENTIFICACIÓN O ACERCAMIENTO": true, "ANUENCIA": false, "LEVANTAMIENTO": "EN ACTUALIZACIÓN", "NEGOCIACIÓN O ASAMBLEA": false, "C.O.P": "NO", "ESTATUS ACTUAL": "En negociación", "REGISTRO EXCEL": "SI", "TIPO_LIBERACION": "Viaducto" }, "geometry": { "type": "MultiPolygon", "coordinates": [ [ [ [ -100.296189, 26.057351 ], [ -100.302591, 26.052852 ], [ -100.302658, 26.053214 ], [ -100.296394, 26.057465 ], [ -100.296189, 26.057351 ] ] ] ] } },
{ "type": "Feature", "properties": { "fid": 67, "CLAVE": "SNL-SLV-009", "PROYECTO": "TSNL", "SEGMENTO": "S16", "ESTADO": "Nuevo León", "MUNICIPIO": "Salinas Victoria", "TIPO DE PROPIEDAD": "Privada", "PROPIETARIO O PARCELA": "Productora De Pollo De Engorda Sa De Cv", "EJIDO": "N/A", "M2": null, "KM INIICIO": 160.87717, "KM FIN": 161.63949, "KM LINEALES": 0.76231999999998834, "KM EFECTIVOS": 0.76231999999998834, "ESTATUS": "NO LIBERADO", "IDENTIFICACIÓN O ACERCAMIENTO": true, "ANUENCIA": true, "LEVANTAMIENTO": "EN ACTUALIZACIÓN", "NEGOCIACIÓN O ASAMBLEA": false, "C.O.P": "NO", "ESTATUS ACTUAL": "Recopilación Expediente SEDATU/RAN", "REGISTRO EXCEL": "SI", "TIPO_LIBERACION": "DDV Troncal" }, "geometry": { "type": "MultiPolygon", "coordinates": [ [ [ [ -100.2902969, 25.9994577 ], [ -100.2924479, 26.0060827 ], [ -100.2923949, 26.0060817 ], [ -100.2906969, 26.0060557 ], [ -100.2890459, 26.0112447 ], [ -100.2884779, 26.0130597 ], [ -100.2881719, 26.0140167 ], [ -100.2881669, 26.0142347 ], [ -100.2882369, 26.0143947 ], [ -100.2883649, 26.0145957 ], [ -100.2885209, 26.014886700000012 ], [ -100.2885919, 26.0150307 ], [ -100.2884039, 26.0149867 ], [ -100.2881979, 26.0149367 ], [ -100.2880889, 26.0149497 ], [ -100.2879749, 26.0150007 ], [ -100.2878119, 26.0149477 ], [ -100.2876159, 26.0150517 ], [ -100.2871309, 26.0151337 ], [ -100.2869359, 26.0151997 ], [ -100.286307900000011, 26.0152577 ], [ -100.2857078, 26.0153137 ], [ -100.2854078, 26.0153057 ], [ -100.2853118, 26.0151117 ], [ -100.2852248, 26.0148417 ], [ -100.2851578, 26.0145407 ], [ -100.2851748, 26.0144007 ], [ -100.2850258, 26.0137957 ], [ -100.2850058, 26.0133927 ], [ -100.2849848, 26.0133507 ], [ -100.2849848, 26.0131677 ], [ -100.2849688, 26.0127977 ], [ -100.2848679, 26.0124137 ], [ -100.2856148, 26.0120577 ], [ -100.2858859, 26.0113047 ], [ -100.2877239, 26.0061007 ], [ -100.2877219, 26.0059867 ], [ -100.2855108, 26.0023677 ], [ -100.2902969, 25.9994577 ] ] ] ] } },
{ "type": "Feature", "properties": { "fid": 68, "CLAVE": "SNL-SLV-009", "PROYECTO": "TSNL", "SEGMENTO": "S16", "ESTADO": "Nuevo León", "MUNICIPIO": "Salinas Victoria", "TIPO DE PROPIEDAD": "Privada", "PROPIETARIO O PARCELA": "Productora De Pollo De Engorda Sa De Cv", "EJIDO": "N/A", "M2": null, "KM INIICIO": 160.87717, "KM FIN": 161.63949, "KM LINEALES": 0.76231999999998834, "KM EFECTIVOS": 0.76231999999998834, "ESTATUS": "NO LIBERADO", "IDENTIFICACIÓN O ACERCAMIENTO": true, "ANUENCIA": true, "LEVANTAMIENTO": "EN ACTUALIZACIÓN", "NEGOCIACIÓN O ASAMBLEA": false, "C.O.P": "NO", "ESTATUS ACTUAL": "Recopilación Expediente SEDATU/RAN", "REGISTRO EXCEL": "SI", "TIPO_LIBERACION": "DDV Troncal" }, "geometry": { "type": "MultiPolygon", "coordinates": [ [ [ [ -100.2902969, 25.9994577 ], [ -100.2924479, 26.0060827 ], [ -100.2923949, 26.0060817 ], [ -100.2906969, 26.0060557 ], [ -100.2890459, 26.0112447 ], [ -100.2884779, 26.0130597 ], [ -100.2881719, 26.0140167 ], [ -100.2881669, 26.0142347 ], [ -100.2882369, 26.0143947 ], [ -100.2883649, 26.0145957 ], [ -100.2885209, 26.014886700000012 ], [ -100.2885919, 26.0150307 ], [ -100.2884039, 26.0149867 ], [ -100.2881979, 26.0149367 ], [ -100.2880889, 26.0149497 ], [ -100.2879749, 26.0150007 ], [ -100.2878119, 26.0149477 ], [ -100.2876159, 26.0150517 ], [ -100.2871309, 26.0151337 ], [ -100.2869359, 26.0151997 ], [ -100.286307900000011, 26.0152577 ], [ -100.2857078, 26.0153137 ], [ -100.2854078, 26.0153057 ], [ -100.2853118, 26.0151117 ], [ -100.2852248, 26.0148417 ], [ -100.2851578, 26.0145407 ], [ -100.2851748, 26.0144007 ], [ -100.2850258, 26.0137957 ], [ -100.2850058, 26.0133927 ], [ -100.2849848, 26.0133507 ], [ -100.2849848, 26.0131677 ], [ -100.2849688, 26.0127977 ], [ -100.2848679, 26.0124137 ], [ -100.2856148, 26.0120577 ], [ -100.2858859, 26.0113047 ], [ -100.2877239, 26.0061007 ], [ -100.2877219, 26.0059867 ], [ -100.2855108, 26.0023677 ], [ -100.2902969, 25.9994577 ] ] ] ] } },
{ "type": "Feature", "properties": { "fid": 69, "CLAVE": "SNL-SLV-010", "PROYECTO": "TSNL", "SEGMENTO": "S16", "ESTADO": "Nuevo León", "MUNICIPIO": "Salinas Victoria", "TIPO DE PROPIEDAD": "Privada", "PROPIETARIO O PARCELA": "Botello Fernandez Alicia Margarita", "EJIDO": "N/A", "M2": null, "KM INIICIO": 161.63949, "KM FIN": 161.89481, "KM LINEALES": 0.25532000000001176, "KM EFECTIVOS": 0.25532000000001176, "ESTATUS": "NO LIBERADO", "IDENTIFICACIÓN O ACERCAMIENTO": false, "ANUENCIA": false, "LEVANTAMIENTO": null, "NEGOCIACIÓN O ASAMBLEA": false, "C.O.P": "NO", "ESTATUS ACTUAL": "En proceso de Acercamiento", "REGISTRO EXCEL": "SI", "TIPO_LIBERACION": "DDV Troncal" }, "geometry": { "type": "MultiPolygon", "coordinates": [ [ [ [ -100.290233, 26.011979 ], [ -100.288962, 26.011774 ], [ -100.289121, 26.011264 ], [ -100.290772, 26.006075 ], [ -100.29247, 26.006101 ], [ -100.292553, 26.006358 ], [ -100.292938, 26.007547 ], [ -100.293043, 26.007872 ], [ -100.293117, 26.008101 ], [ -100.293122, 26.008117 ], [ -100.293189, 26.008324 ], [ -100.291672, 26.008725 ], [ -100.290868, 26.008764 ], [ -100.290727, 26.009479 ], [ -100.290233, 26.011979 ] ] ] ] } },
{ "type": "Feature", "properties": { "fid": 70, "CLAVE": "SNL-SLV-019", "PROYECTO": "TSNL", "SEGMENTO": "S16", "ESTADO": "Nuevo León", "MUNICIPIO": "Salinas Victoria", "TIPO DE PROPIEDAD": "Privada", "PROPIETARIO O PARCELA": "Martin Alfonso Gutierrez Escamilla", "EJIDO": "N/A", "M2": 3221.083, "KM INIICIO": 166.39818, "KM FIN": 166.54873, "KM LINEALES": 0.15055000000000973, "KM EFECTIVOS": 0.15055000000000973, "ESTATUS": "LIBERADO", "IDENTIFICACIÓN O ACERCAMIENTO": true, "ANUENCIA": true, "LEVANTAMIENTO": "CONCLUIDO", "NEGOCIACIÓN O ASAMBLEA": true, "C.O.P": "C.O.P", "ESTATUS ACTUAL": "Firmado COP/AOT", "REGISTRO EXCEL": "SI", "TIPO_LIBERACION": "Viaducto" }, "geometry": { "type": "MultiPolygon", "coordinates": [ [ [ [ -100.292916, 26.055662 ], [ -100.301754, 26.047877 ], [ -100.302135, 26.048837 ], [ -100.293519, 26.055983 ], [ -100.292916, 26.055662 ] ] ] ] } },
{ "type": "Feature", "properties": { "fid": 71, "CLAVE": "SNL-SLV-020", "PROYECTO": "TSNL", "SEGMENTO": "S16", "ESTADO": "Nuevo León", "MUNICIPIO": "Salinas Victoria", "TIPO DE PROPIEDAD": "Privada", "PROPIETARIO O PARCELA": "Jorge Humberto Loya Ramirez", "EJIDO": "N/A", "M2": 4852.863, "KM INIICIO": 166.54873, "KM FIN": 166.7914, "KM LINEALES": 0.24267, "KM EFECTIVOS": 0.24267, "ESTATUS": "LIBERADO", "IDENTIFICACIÓN O ACERCAMIENTO": true, "ANUENCIA": true, "LEVANTAMIENTO": "CONCLUIDO", "NEGOCIACIÓN O ASAMBLEA": true, "C.O.P": "C.O.P", "ESTATUS ACTUAL": "Firmado COP/AOT", "REGISTRO EXCEL": "SI", "TIPO_LIBERACION": "Viaducto" }, "geometry": { "type": "MultiPolygon", "coordinates": [ [ [ [ -100.292916, 26.055662 ], [ -100.301754, 26.047877 ], [ -100.302135, 26.048837 ], [ -100.293519, 26.055983 ], [ -100.292916, 26.055662 ] ] ] ] } },
{ "type": "Feature", "properties": { "fid": 72, "CLAVE": "SNL-SLV-028", "PROYECTO": "TSNL", "SEGMENTO": "S16", "ESTADO": "Nuevo León", "MUNICIPIO": "Salinas Victoria", "TIPO DE PROPIEDAD": "Privada", "PROPIETARIO O PARCELA": "Martin Alfonso Gutierrez Escamilla", "EJIDO": "N/A", "M2": 6239.972, "KM INIICIO": 167.36503, "KM FIN": 167.67962, "KM LINEALES": 0.3145900000000097, "KM EFECTIVOS": 0.3145900000000097, "ESTATUS": "LIBERADO", "IDENTIFICACIÓN O ACERCAMIENTO": true, "ANUENCIA": true, "LEVANTAMIENTO": "CONCLUIDO", "NEGOCIACIÓN O ASAMBLEA": true, "C.O.P": "C.O.P", "ESTATUS ACTUAL": "Firmado COP/AOT", "REGISTRO EXCEL": "SI", "TIPO_LIBERACION": "Viaducto" }, "geometry": { "type": "MultiPolygon", "coordinates": [ [ [ [ -100.298186, 26.058402 ], [ -100.30319, 26.055027 ], [ -100.303218, 26.055458 ], [ -100.301512, 26.056735 ], [ -100.301513, 26.056747 ], [ -100.30173, 26.058049 ], [ -100.301925, 26.059207 ], [ -100.300222, 26.060192 ], [ -100.299779, 26.059483 ], [ -100.299439, 26.059026 ], [ -100.298863, 26.058735 ], [ -100.298186, 26.058402 ] ] ] ] } },
{ "type": "Feature", "properties": { "fid": 73, "CLAVE": "SIN CLAVE SEDATU, SIN POLIGONO CAPA DE SEDATU", "PROYECTO": "TSNL", "SEGMENTO": "S17", "ESTADO": "Nuevo León", "MUNICIPIO": "Salinas Victoria", "TIPO DE PROPIEDAD": "Social", "PROPIETARIO O PARCELA": "Uso Comun Ejido N.C.P.E. Francisco Villa", "EJIDO": "FRANCISCO VILLA", "M2": null, "KM INIICIO": null, "KM FIN": null, "KM LINEALES": 0.0, "KM EFECTIVOS": 0.0, "ESTATUS": "NO LIBERADO", "IDENTIFICACIÓN O ACERCAMIENTO": true, "ANUENCIA": true, "LEVANTAMIENTO": "EN ACTUALIZACIÓN", "NEGOCIACIÓN O ASAMBLEA": false, "C.O.P": "NO", "ESTATUS ACTUAL": null, "REGISTRO EXCEL": "NO", "TIPO_LIBERACION": null }, "geometry": { "type": "MultiPolygon", "coordinates": [ [ [ [ -100.303275, 26.055892 ], [ -100.3033, 26.055957 ], [ -100.303486, 26.057271 ], [ -100.303534, 26.057553 ], [ -100.303666, 26.058214 ], [ -100.303733, 26.058396 ], [ -100.303353, 26.058519 ], [ -100.303177, 26.058577 ], [ -100.302801, 26.058709 ], [ -100.302649, 26.057806 ], [ -100.302385, 26.056237 ], [ -100.303275, 26.055892 ] ] ] ] } },
{ "type": "Feature", "properties": { "fid": 74, "CLAVE": "SNL-SLV-008-7", "PROYECTO": "TSNL", "SEGMENTO": "16", "ESTADO": "Nuevo León", "MUNICIPIO": "Salinas Victoria", "TIPO DE PROPIEDAD": null, "PROPIETARIO O PARCELA": null, "EJIDO": null, "M2": null, "KM INIICIO": null, "KM FIN": null, "KM LINEALES": null, "KM EFECTIVOS": null, "ESTATUS": "NO LIBERADO", "IDENTIFICACIÓN O ACERCAMIENTO": null, "ANUENCIA": null, "LEVANTAMIENTO": null, "NEGOCIACIÓN O ASAMBLEA": null, "C.O.P": null, "ESTATUS ACTUAL": null, "REGISTRO EXCEL": "NO", "TIPO_LIBERACION": null }, "geometry": { "type": "MultiPolygon", "coordinates": [ [ [ [ -100.285985, 25.99122 ], [ -100.285892, 25.990776 ], [ -100.287288, 25.990539 ], [ -100.28743, 25.990974 ], [ -100.285985, 25.99122 ] ] ] ] } },
{ "type": "Feature", "properties": { "fid": 75, "CLAVE": "SNL-SLV-008-5", "PROYECTO": "TSNL", "SEGMENTO": "16", "ESTADO": "Nuevo León", "MUNICIPIO": "Salinas Victoria", "TIPO DE PROPIEDAD": null, "PROPIETARIO O PARCELA": null, "EJIDO": null, "M2": null, "KM INIICIO": null, "KM FIN": null, "KM LINEALES": null, "KM EFECTIVOS": null, "ESTATUS": "NO LIBERADO", "IDENTIFICACIÓN O ACERCAMIENTO": null, "ANUENCIA": null, "LEVANTAMIENTO": null, "NEGOCIACIÓN O ASAMBLEA": null, "C.O.P": null, "ESTATUS ACTUAL": null, "REGISTRO EXCEL": "NO", "TIPO_LIBERACION": null }, "geometry": { "type": "MultiPolygon", "coordinates": [ [ [ [ -100.2858, 25.990333 ], [ -100.285708, 25.989889 ], [ -100.287006, 25.989668 ], [ -100.287147, 25.990104 ], [ -100.2858, 25.990333 ] ] ] ] } },
{ "type": "Feature", "properties": { "fid": 76, "CLAVE": "SNL-SLV-008-3", "PROYECTO": "TSNL", "SEGMENTO": "16", "ESTADO": "Nuevo León", "MUNICIPIO": "Salinas Victoria", "TIPO DE PROPIEDAD": null, "PROPIETARIO O PARCELA": null, "EJIDO": null, "M2": null, "KM INIICIO": null, "KM FIN": null, "KM LINEALES": null, "KM EFECTIVOS": null, "ESTATUS": "NO LIBERADO", "IDENTIFICACIÓN O ACERCAMIENTO": null, "ANUENCIA": null, "LEVANTAMIENTO": null, "NEGOCIACIÓN O ASAMBLEA": null, "C.O.P": null, "ESTATUS ACTUAL": null, "REGISTRO EXCEL": "NO", "TIPO_LIBERACION": null }, "geometry": { "type": "MultiPolygon", "coordinates": [ [ [ [ -100.285615, 25.989445 ], [ -100.285523, 25.989002 ], [ -100.286724, 25.988798 ], [ -100.286865, 25.989233 ], [ -100.285615, 25.989445 ] ] ] ] } },
{ "type": "Feature", "properties": { "fid": 77, "CLAVE": "SNL-SLV-008-1", "PROYECTO": "TSNL", "SEGMENTO": "16", "ESTADO": "Nuevo León", "MUNICIPIO": "Salinas Victoria", "TIPO DE PROPIEDAD": null, "PROPIETARIO O PARCELA": null, "EJIDO": null, "M2": null, "KM INIICIO": null, "KM FIN": null, "KM LINEALES": null, "KM EFECTIVOS": null, "ESTATUS": "NO LIBERADO", "IDENTIFICACIÓN O ACERCAMIENTO": null, "ANUENCIA": null, "LEVANTAMIENTO": null, "NEGOCIACIÓN O ASAMBLEA": null, "C.O.P": null, "ESTATUS ACTUAL": null, "REGISTRO EXCEL": "NO", "TIPO_LIBERACION": null }, "geometry": { "type": "MultiPolygon", "coordinates": [ [ [ [ -100.286443, 25.987931 ], [ -100.286583, 25.988362 ], [ -100.285431, 25.988558 ], [ -100.285322, 25.988037 ], [ -100.286443, 25.987931 ] ] ] ] } },
{ "type": "Feature", "properties": { "fid": 78, "CLAVE": "SNL-SLV-011-8", "PROYECTO": "TSNL", "SEGMENTO": "16", "ESTADO": "Nuevo León", "MUNICIPIO": "Salinas Victoria", "TIPO DE PROPIEDAD": null, "PROPIETARIO O PARCELA": null, "EJIDO": null, "M2": null, "KM INIICIO": null, "KM FIN": null, "KM LINEALES": null, "KM EFECTIVOS": null, "ESTATUS": "NO LIBERADO", "IDENTIFICACIÓN O ACERCAMIENTO": null, "ANUENCIA": null, "LEVANTAMIENTO": null, "NEGOCIACIÓN O ASAMBLEA": null, "C.O.P": null, "ESTATUS ACTUAL": null, "REGISTRO EXCEL": "NO", "TIPO_LIBERACION": null }, "geometry": { "type": "MultiPolygon", "coordinates": [ [ [ [ -100.295229, 26.01738 ], [ -100.295111, 26.017016 ], [ -100.295809, 26.016832 ], [ -100.295927, 26.017196 ], [ -100.295229, 26.01738 ] ] ] ] } },
{ "type": "Feature", "properties": { "fid": 79, "CLAVE": "SNL-SLV-011-7", "PROYECTO": "TSNL", "SEGMENTO": "16", "ESTADO": "Nuevo León", "MUNICIPIO": "Salinas Victoria", "TIPO DE PROPIEDAD": null, "PROPIETARIO O PARCELA": null, "EJIDO": null, "M2": null, "KM INIICIO": null, "KM FIN": null, "KM LINEALES": null, "KM EFECTIVOS": null, "ESTATUS": "NO LIBERADO", "IDENTIFICACIÓN O ACERCAMIENTO": null, "ANUENCIA": null, "LEVANTAMIENTO": null, "NEGOCIACIÓN O ASAMBLEA": null, "C.O.P": null, "ESTATUS ACTUAL": null, "REGISTRO EXCEL": "NO", "TIPO_LIBERACION": null }, "geometry": { "type": "MultiPolygon", "coordinates": [ [ [ [ -100.295111, 26.017016 ], [ -100.295054, 26.016839 ], [ -100.294996, 26.016661 ], [ -100.295694, 26.016477 ], [ -100.295809, 26.016832 ], [ -100.295111, 26.017016 ] ] ] ] } },
{ "type": "Feature", "properties": { "fid": 80, "CLAVE": "SNL-SLV-011-6", "PROYECTO": "TSNL", "SEGMENTO": "16", "ESTADO": "Nuevo León", "MUNICIPIO": "Salinas Victoria", "TIPO DE PROPIEDAD": null, "PROPIETARIO O PARCELA": null, "EJIDO": null, "M2": null, "KM INIICIO": null, "KM FIN": null, "KM LINEALES": null, "KM EFECTIVOS": null, "ESTATUS": "NO LIBERADO", "IDENTIFICACIÓN O ACERCAMIENTO": null, "ANUENCIA": null, "LEVANTAMIENTO": null, "NEGOCIACIÓN O ASAMBLEA": null, "C.O.P": null, "ESTATUS ACTUAL": null, "REGISTRO EXCEL": "NO", "TIPO_LIBERACION": null }, "geometry": { "type": "MultiPolygon", "coordinates": [ [ [ [ -100.294996, 26.016661 ], [ -100.294878, 26.016297 ], [ -100.295576, 26.016113 ], [ -100.295694, 26.016477 ], [ -100.294996, 26.016661 ] ] ] ] } },
{ "type": "Feature", "properties": { "fid": 81, "CLAVE": "SNL-SLV-011-11", "PROYECTO": "TSNL", "SEGMENTO": "16", "ESTADO": "Nuevo León", "MUNICIPIO": "Salinas Victoria", "TIPO DE PROPIEDAD": null, "PROPIETARIO O PARCELA": null, "EJIDO": null, "M2": null, "KM INIICIO": null, "KM FIN": null, "KM LINEALES": null, "KM EFECTIVOS": null, "ESTATUS": "NO LIBERADO", "IDENTIFICACIÓN O ACERCAMIENTO": null, "ANUENCIA": null, "LEVANTAMIENTO": null, "NEGOCIACIÓN O ASAMBLEA": null, "C.O.P": null, "ESTATUS ACTUAL": null, "REGISTRO EXCEL": "NO", "TIPO_LIBERACION": null }, "geometry": { "type": "MultiPolygon", "coordinates": [ [ [ [ -100.295386, 26.018515 ], [ -100.295268, 26.018151 ], [ -100.29616, 26.017915 ], [ -100.296277, 26.018279 ], [ -100.295386, 26.018515 ] ] ] ] } },
{ "type": "Feature", "properties": { "fid": 82, "CLAVE": "SNL-SLV-011-10", "PROYECTO": "TSNL", "SEGMENTO": "16", "ESTADO": "Nuevo León", "MUNICIPIO": "Salinas Victoria", "TIPO DE PROPIEDAD": null, "PROPIETARIO O PARCELA": null, "EJIDO": null, "M2": null, "KM INIICIO": null, "KM FIN": null, "KM LINEALES": null, "KM EFECTIVOS": null, "ESTATUS": "NO LIBERADO", "IDENTIFICACIÓN O ACERCAMIENTO": null, "ANUENCIA": null, "LEVANTAMIENTO": null, "NEGOCIACIÓN O ASAMBLEA": null, "C.O.P": null, "ESTATUS ACTUAL": null, "REGISTRO EXCEL": "NO", "TIPO_LIBERACION": null }, "geometry": { "type": "MultiPolygon", "coordinates": [ [ [ [ -100.295268, 26.018151 ], [ -100.29521, 26.017973 ], [ -100.295153, 26.017796 ], [ -100.296045, 26.01756 ], [ -100.29616, 26.017915 ], [ -100.295268, 26.018151 ] ] ] ] } },
{ "type": "Feature", "properties": { "fid": 83, "CLAVE": "SNL-SLV-011-9", "PROYECTO": "TSNL", "SEGMENTO": "16", "ESTADO": "Nuevo León", "MUNICIPIO": "Salinas Victoria", "TIPO DE PROPIEDAD": null, "PROPIETARIO O PARCELA": null, "EJIDO": null, "M2": null, "KM INIICIO": null, "KM FIN": null, "KM LINEALES": null, "KM EFECTIVOS": null, "ESTATUS": "NO LIBERADO", "IDENTIFICACIÓN O ACERCAMIENTO": null, "ANUENCIA": null, "LEVANTAMIENTO": null, "NEGOCIACIÓN O ASAMBLEA": null, "C.O.P": null, "ESTATUS ACTUAL": null, "REGISTRO EXCEL": "NO", "TIPO_LIBERACION": null }, "geometry": { "type": "MultiPolygon", "coordinates": [ [ [ [ -100.295153, 26.017796 ], [ -100.295035, 26.017432 ], [ -100.295927, 26.017196 ], [ -100.296045, 26.01756 ], [ -100.295153, 26.017796 ] ] ] ] } },
{ "type": "Feature", "properties": { "fid": 84, "CLAVE": "SNL-SLV-008-2", "PROYECTO": "TSNL", "SEGMENTO": "16", "ESTADO": "Nuevo León", "MUNICIPIO": "Salinas Victoria", "TIPO DE PROPIEDAD": null, "PROPIETARIO O PARCELA": null, "EJIDO": null, "M2": null, "KM INIICIO": null, "KM FIN": null, "KM LINEALES": null, "KM EFECTIVOS": null, "ESTATUS": "NO LIBERADO", "IDENTIFICACIÓN O ACERCAMIENTO": null, "ANUENCIA": null, "LEVANTAMIENTO": null, "NEGOCIACIÓN O ASAMBLEA": null, "C.O.P": null, "ESTATUS ACTUAL": null, "REGISTRO EXCEL": "NO", "TIPO_LIBERACION": null }, "geometry": { "type": "MultiPolygon", "coordinates": [ [ [ [ -100.286583, 25.988362 ], [ -100.286724, 25.988798 ], [ -100.285523, 25.989002 ], [ -100.285431, 25.988558 ], [ -100.286583, 25.988362 ] ] ] ] } },
{ "type": "Feature", "properties": { "fid": 85, "CLAVE": "SNL-SLV-008-4", "PROYECTO": "TSNL", "SEGMENTO": "16", "ESTADO": "Nuevo León", "MUNICIPIO": "Salinas Victoria", "TIPO DE PROPIEDAD": null, "PROPIETARIO O PARCELA": null, "EJIDO": null, "M2": null, "KM INIICIO": null, "KM FIN": null, "KM LINEALES": null, "KM EFECTIVOS": null, "ESTATUS": "NO LIBERADO", "IDENTIFICACIÓN O ACERCAMIENTO": null, "ANUENCIA": null, "LEVANTAMIENTO": null, "NEGOCIACIÓN O ASAMBLEA": null, "C.O.P": null, "ESTATUS ACTUAL": null, "REGISTRO EXCEL": "NO", "TIPO_LIBERACION": null }, "geometry": { "type": "MultiPolygon", "coordinates": [ [ [ [ -100.285708, 25.989889 ], [ -100.285615, 25.989445 ], [ -100.286865, 25.989233 ], [ -100.287006, 25.989668 ], [ -100.285708, 25.989889 ] ] ] ] } },
{ "type": "Feature", "properties": { "fid": 86, "CLAVE": "SNL-SLV-008-6", "PROYECTO": "TSNL", "SEGMENTO": "16", "ESTADO": "Nuevo León", "MUNICIPIO": "Salinas Victoria", "TIPO DE PROPIEDAD": null, "PROPIETARIO O PARCELA": null, "EJIDO": null, "M2": null, "KM INIICIO": null, "KM FIN": null, "KM LINEALES": null, "KM EFECTIVOS": null, "ESTATUS": "NO LIBERADO", "IDENTIFICACIÓN O ACERCAMIENTO": null, "ANUENCIA": null, "LEVANTAMIENTO": null, "NEGOCIACIÓN O ASAMBLEA": null, "C.O.P": null, "ESTATUS ACTUAL": null, "REGISTRO EXCEL": "NO", "TIPO_LIBERACION": null }, "geometry": { "type": "MultiPolygon", "coordinates": [ [ [ [ -100.285892, 25.990776 ], [ -100.2858, 25.990333 ], [ -100.287147, 25.990104 ], [ -100.287288, 25.990539 ], [ -100.285892, 25.990776 ] ] ] ] } },
{ "type": "Feature", "properties": { "fid": 87, "CLAVE": "SNL-SLV-008-8", "PROYECTO": "TSNL", "SEGMENTO": "16", "ESTADO": "Nuevo León", "MUNICIPIO": "Salinas Victoria", "TIPO DE PROPIEDAD": null, "PROPIETARIO O PARCELA": null, "EJIDO": null, "M2": null, "KM INIICIO": null, "KM FIN": null, "KM LINEALES": null, "KM EFECTIVOS": null, "ESTATUS": "NO LIBERADO", "IDENTIFICACIÓN O ACERCAMIENTO": null, "ANUENCIA": null, "LEVANTAMIENTO": null, "NEGOCIACIÓN O ASAMBLEA": null, "C.O.P": null, "ESTATUS ACTUAL": null, "REGISTRO EXCEL": "NO", "TIPO_LIBERACION": null }, "geometry": { "type": "MultiPolygon", "coordinates": [ [ [ [ -100.287571, 25.99141 ], [ -100.286077, 25.991664 ], [ -100.285985, 25.99122 ], [ -100.28743, 25.990974 ], [ -100.287571, 25.99141 ] ] ] ] } },
{ "type": "Feature", "properties": { "fid": 88, "CLAVE": "SNL-SLV-011-5", "PROYECTO": "TSNL", "SEGMENTO": "16", "ESTADO": "Nuevo León", "MUNICIPIO": "Salinas Victoria", "TIPO DE PROPIEDAD": null, "PROPIETARIO O PARCELA": null, "EJIDO": null, "M2": null, "KM INIICIO": null, "KM FIN": null, "KM LINEALES": null, "KM EFECTIVOS": null, "ESTATUS": "NO LIBERADO", "IDENTIFICACIÓN O ACERCAMIENTO": null, "ANUENCIA": null, "LEVANTAMIENTO": null, "NEGOCIACIÓN O ASAMBLEA": null, "C.O.P": null, "ESTATUS ACTUAL": null, "REGISTRO EXCEL": "NO", "TIPO_LIBERACION": null }, "geometry": { "type": "MultiPolygon", "coordinates": [ [ [ [ -100.295576, 26.016113 ], [ -100.294878, 26.016297 ], [ -100.294761, 26.015933 ], [ -100.295458, 26.015749 ], [ -100.295576, 26.016113 ] ] ] ] } },
{ "type": "Feature", "properties": { "fid": 89, "CLAVE": "SNL-SLV-011-4", "PROYECTO": "TSNL", "SEGMENTO": "16", "ESTADO": "Nuevo León", "MUNICIPIO": "Salinas Victoria", "TIPO DE PROPIEDAD": null, "PROPIETARIO O PARCELA": null, "EJIDO": null, "M2": null, "KM INIICIO": null, "KM FIN": null, "KM LINEALES": null, "KM EFECTIVOS": null, "ESTATUS": "NO LIBERADO", "IDENTIFICACIÓN O ACERCAMIENTO": null, "ANUENCIA": null, "LEVANTAMIENTO": null, "NEGOCIACIÓN O ASAMBLEA": null, "C.O.P": null, "ESTATUS ACTUAL": null, "REGISTRO EXCEL": "NO", "TIPO_LIBERACION": null }, "geometry": { "type": "MultiPolygon", "coordinates": [ [ [ [ -100.295458, 26.015749 ], [ -100.294761, 26.015933 ], [ -100.294646, 26.015578 ], [ -100.295343, 26.015394 ], [ -100.295458, 26.015749 ] ] ] ] } },
{ "type": "Feature", "properties": { "fid": 90, "CLAVE": "SNL-SLV-011-3", "PROYECTO": "TSNL", "SEGMENTO": "16", "ESTADO": "Nuevo León", "MUNICIPIO": "Salinas Victoria", "TIPO DE PROPIEDAD": null, "PROPIETARIO O PARCELA": null, "EJIDO": null, "M2": null, "KM INIICIO": null, "KM FIN": null, "KM LINEALES": null, "KM EFECTIVOS": null, "ESTATUS": "NO LIBERADO", "IDENTIFICACIÓN O ACERCAMIENTO": null, "ANUENCIA": null, "LEVANTAMIENTO": null, "NEGOCIACIÓN O ASAMBLEA": null, "C.O.P": null, "ESTATUS ACTUAL": null, "REGISTRO EXCEL": "NO", "TIPO_LIBERACION": null }, "geometry": { "type": "MultiPolygon", "coordinates": [ [ [ [ -100.295343, 26.015394 ], [ -100.294646, 26.015578 ], [ -100.294528, 26.015214 ], [ -100.295225, 26.01503 ], [ -100.295343, 26.015394 ] ] ] ] } },
{ "type": "Feature", "properties": { "fid": 91, "CLAVE": "SNL-SLV-011-2", "PROYECTO": "TSNL", "SEGMENTO": "16", "ESTADO": "Nuevo León", "MUNICIPIO": "Salinas Victoria", "TIPO DE PROPIEDAD": null, "PROPIETARIO O PARCELA": null, "EJIDO": null, "M2": null, "KM INIICIO": null, "KM FIN": null, "KM LINEALES": null, "KM EFECTIVOS": null, "ESTATUS": "NO LIBERADO", "IDENTIFICACIÓN O ACERCAMIENTO": null, "ANUENCIA": null, "LEVANTAMIENTO": null, "NEGOCIACIÓN O ASAMBLEA": null, "C.O.P": null, "ESTATUS ACTUAL": null, "REGISTRO EXCEL": "NO", "TIPO_LIBERACION": null }, "geometry": { "type": "MultiPolygon", "coordinates": [ [ [ [ -100.294415, 26.014868 ], [ -100.295113, 26.014683 ], [ -100.295225, 26.01503 ], [ -100.294528, 26.015214 ], [ -100.294415, 26.014868 ] ] ] ] } },
{ "type": "Feature", "properties": { "fid": 92, "CLAVE": "SNL-SLV-011-1", "PROYECTO": "TSNL", "SEGMENTO": "16", "ESTADO": "Nuevo León", "MUNICIPIO": "Salinas Victoria", "TIPO DE PROPIEDAD": null, "PROPIETARIO O PARCELA": null, "EJIDO": null, "M2": null, "KM INIICIO": null, "KM FIN": null, "KM LINEALES": null, "KM EFECTIVOS": null, "ESTATUS": "NO LIBERADO", "IDENTIFICACIÓN O ACERCAMIENTO": null, "ANUENCIA": null, "LEVANTAMIENTO": null, "NEGOCIACIÓN O ASAMBLEA": null, "C.O.P": null, "ESTATUS ACTUAL": null, "REGISTRO EXCEL": "NO", "TIPO_LIBERACION": null }, "geometry": { "type": "MultiPolygon", "coordinates": [ [ [ [ -100.294303, 26.014521 ], [ -100.295001, 26.014337 ], [ -100.295113, 26.014683 ], [ -100.294415, 26.014868 ], [ -100.294303, 26.014521 ] ] ] ] } },
{ "type": "Feature", "properties": { "fid": 93, "CLAVE": "N/D", "PROYECTO": "TSNL", "SEGMENTO": "S17", "ESTADO": "Nuevo León", "MUNICIPIO": "Salinas Victoria", "TIPO DE PROPIEDAD": "Social", "PROPIETARIO O PARCELA": "Uso Comun Ejido N.C.P.E. Francisco Villa", "EJIDO": "FRANCISCO VILLA", "M2": null, "KM INIICIO": null, "KM FIN": null, "KM LINEALES": 0.0, "KM EFECTIVOS": 0.0, "ESTATUS": "NO LIBERADO", "IDENTIFICACIÓN O ACERCAMIENTO": true, "ANUENCIA": true, "LEVANTAMIENTO": "EN ACTUALIZACIÓN", "NEGOCIACIÓN O ASAMBLEA": false, "C.O.P": "NO", "ESTATUS ACTUAL": null, "REGISTRO EXCEL": "NO", "TIPO_LIBERACION": null }, "geometry": { "type": "MultiPolygon", "coordinates": [ [ [ [ -100.29424, 26.014325 ], [ -100.294781, 26.013656 ], [ -100.295001, 26.014337 ], [ -100.294303, 26.014521 ], [ -100.29424, 26.014325 ] ] ] ] } },
{ "type": "Feature", "properties": { "fid": 94, "CLAVE": "SNL-SLV-011-3", "PROYECTO": "TSNL", "SEGMENTO": "16", "ESTADO": "Nuevo León", "MUNICIPIO": "Salinas Victoria", "TIPO DE PROPIEDAD": null, "PROPIETARIO O PARCELA": null, "EJIDO": null, "M2": null, "KM INIICIO": null, "KM FIN": null, "KM LINEALES": null, "KM EFECTIVOS": null, "ESTATUS": "NO LIBERADO", "IDENTIFICACIÓN O ACERCAMIENTO": null, "ANUENCIA": null, "LEVANTAMIENTO": null, "NEGOCIACIÓN O ASAMBLEA": null, "C.O.P": null, "ESTATUS ACTUAL": null, "REGISTRO EXCEL": "NO", "TIPO_LIBERACION": null }, "geometry": { "type": "MultiPolygon", "coordinates": [ [ [ [ -100.29639, 26.018626 ], [ -100.296502, 26.018972 ], [ -100.295735, 26.019175 ], [ -100.295644, 26.018896 ], [ -100.295623, 26.018828 ], [ -100.29639, 26.018626 ] ] ] ] } },
{ "type": "Feature", "properties": { "fid": 95, "CLAVE": "SNL-SLV-011-14", "PROYECTO": "TSNL", "SEGMENTO": "17", "ESTADO": "Nuevo León", "MUNICIPIO": "Salinas Victoria", "TIPO DE PROPIEDAD": null, "PROPIETARIO O PARCELA": null, "EJIDO": null, "M2": null, "KM INIICIO": null, "KM FIN": null, "KM LINEALES": null, "KM EFECTIVOS": null, "ESTATUS": "NO LIBERADO", "IDENTIFICACIÓN O ACERCAMIENTO": null, "ANUENCIA": null, "LEVANTAMIENTO": null, "NEGOCIACIÓN O ASAMBLEA": null, "C.O.P": null, "ESTATUS ACTUAL": null, "REGISTRO EXCEL": "NO", "TIPO_LIBERACION": null }, "geometry": { "type": "MultiPolygon", "coordinates": [ [ [ [ -100.296709, 26.01961 ], [ -100.295921, 26.019751 ], [ -100.295859, 26.01956 ], [ -100.295735, 26.019175 ], [ -100.296502, 26.018972 ], [ -100.296647, 26.019419 ], [ -100.296709, 26.01961 ] ] ] ] } },
{ "type": "Feature", "properties": { "fid": 96, "CLAVE": "SNL-SLV-011-15", "PROYECTO": "TSNL", "SEGMENTO": "16", "ESTADO": "Nuevo León", "MUNICIPIO": "Salinas Victoria", "TIPO DE PROPIEDAD": null, "PROPIETARIO O PARCELA": null, "EJIDO": null, "M2": null, "KM INIICIO": null, "KM FIN": null, "KM LINEALES": null, "KM EFECTIVOS": null, "ESTATUS": "NO LIBERADO", "IDENTIFICACIÓN O ACERCAMIENTO": null, "ANUENCIA": null, "LEVANTAMIENTO": null, "NEGOCIACIÓN O ASAMBLEA": null, "C.O.P": null, "ESTATUS ACTUAL": null, "REGISTRO EXCEL": "NO", "TIPO_LIBERACION": null }, "geometry": { "type": "MultiPolygon", "coordinates": [ [ [ [ -100.296709, 26.01961 ], [ -100.295921, 26.019751 ], [ -100.295859, 26.01956 ], [ -100.295735, 26.019175 ], [ -100.296502, 26.018972 ], [ -100.296647, 26.019419 ], [ -100.296709, 26.01961 ] ] ] ] } },
{ "type": "Feature", "properties": { "fid": 97, "CLAVE": "SNL-SLV-011-12", "PROYECTO": "TSNL", "SEGMENTO": "17", "ESTADO": "Nuevo León", "MUNICIPIO": "Salinas Victoria", "TIPO DE PROPIEDAD": null, "PROPIETARIO O PARCELA": null, "EJIDO": null, "M2": null, "KM INIICIO": null, "KM FIN": null, "KM LINEALES": null, "KM EFECTIVOS": null, "ESTATUS": "NO LIBERADO", "IDENTIFICACIÓN O ACERCAMIENTO": null, "ANUENCIA": null, "LEVANTAMIENTO": null, "NEGOCIACIÓN O ASAMBLEA": null, "C.O.P": null, "ESTATUS ACTUAL": null, "REGISTRO EXCEL": "NO", "TIPO_LIBERACION": null }, "geometry": { "type": "MultiPolygon", "coordinates": [ [ [ [ -100.295623, 26.018828 ], [ -100.29551, 26.018482 ], [ -100.296277, 26.018279 ], [ -100.29639, 26.018626 ], [ -100.295623, 26.018828 ] ] ] ] } },
{ "type": "Feature", "properties": { "fid": 98, "CLAVE": "SNL-SLV-011-13", "PROYECTO": "TSNL", "SEGMENTO": "16", "ESTADO": "Nuevo León", "MUNICIPIO": "Salinas Victoria", "TIPO DE PROPIEDAD": null, "PROPIETARIO O PARCELA": null, "EJIDO": null, "M2": null, "KM INIICIO": null, "KM FIN": null, "KM LINEALES": null, "KM EFECTIVOS": null, "ESTATUS": "NO LIBERADO", "IDENTIFICACIÓN O ACERCAMIENTO": null, "ANUENCIA": null, "LEVANTAMIENTO": null, "NEGOCIACIÓN O ASAMBLEA": null, "C.O.P": null, "ESTATUS ACTUAL": null, "REGISTRO EXCEL": "NO", "TIPO_LIBERACION": null }, "geometry": { "type": "MultiPolygon", "coordinates": [ [ [ [ -100.295623, 26.018828 ], [ -100.29551, 26.018482 ], [ -100.296277, 26.018279 ], [ -100.29639, 26.018626 ], [ -100.295623, 26.018828 ] ] ] ] } },
{ "type": "Feature", "properties": { "fid": 99, "CLAVE": "SNL-SLV-048", "PROYECTO": "TSNL", "SEGMENTO": "S16", "ESTADO": "Nuevo León", "MUNICIPIO": "Salinas Victoria", "TIPO DE PROPIEDAD": "Privada", "PROPIETARIO O PARCELA": "Jesus Luis Barrera Lozano (Rancho Mamulique)", "EJIDO": "N/A", "M2": null, "KM INIICIO": 179.16666, "KM FIN": 181.34517, "KM LINEALES": 2.17851, "KM EFECTIVOS": 2.17851, "ESTATUS": "NO LIBERADO", "IDENTIFICACIÓN O ACERCAMIENTO": true, "ANUENCIA": true, "LEVANTAMIENTO": "EN ACTUALIZACIÓN", "NEGOCIACIÓN O ASAMBLEA": false, "C.O.P": "NO", "ESTATUS ACTUAL": "Recopilación Expediente SEDATU/RAN", "REGISTRO EXCEL": "SI", "TIPO_LIBERACION": "DDV Troncal" }, "geometry": { "type": "MultiPolygon", "coordinates": [ [ [ [ -100.3326992, 26.1764046 ], [ -100.3303221, 26.1767366 ], [ -100.3281291, 26.1770016 ], [ -100.3258321, 26.1773486 ], [ -100.3214441, 26.1794796 ], [ -100.3155531, 26.1823325 ], [ -100.3104651, 26.1848095 ], [ -100.3084871, 26.1857885 ], [ -100.3084801, 26.1857925 ], [ -100.3068661, 26.1841545 ], [ -100.3068631, 26.1841135 ], [ -100.3068591, 26.1840545 ], [ -100.3068031, 26.1831635 ], [ -100.3056131, 26.1819965 ], [ -100.3048091, 26.1812085 ], [ -100.3043321, 26.1801245 ], [ -100.3043241, 26.1801185 ], [ -100.3042171, 26.1800455 ], [ -100.3028621, 26.1791185 ], [ -100.3027891, 26.1790085 ], [ -100.3023971, 26.1784225 ], [ -100.3023551, 26.1783605 ], [ -100.3011501, 26.1775985 ], [ -100.3012181, 26.1760995 ], [ -100.3012651, 26.1750775 ], [ -100.2989381, 26.1739175 ], [ -100.2984631, 26.1736805 ], [ -100.2978351, 26.1731345 ], [ -100.2973791, 26.1728655 ], [ -100.3228991, 26.1627716 ], [ -100.3299041, 26.1599056 ], [ -100.3317492, 26.1591456 ], [ -100.3354502, 26.1575116 ], [ -100.3378692, 26.1565496 ], [ -100.3378512, 26.1572106 ], [ -100.3377772, 26.1587586 ], [ -100.3377722, 26.1594836 ], [ -100.3377872, 26.1598326 ], [ -100.3378592, 26.1602746 ], [ -100.3380662, 26.1609866 ], [ -100.3386552, 26.1626626 ], [ -100.3389142, 26.1634266 ], [ -100.3398992, 26.1664536 ], [ -100.3403187, 26.1673691 ], [ -100.3403912, 26.1678386 ], [ -100.3408222, 26.1690886 ], [ -100.3414172, 26.1708436 ], [ -100.3418552, 26.1719886 ], [ -100.3420202, 26.1723076 ], [ -100.3430922, 26.1746626 ], [ -100.3433722, 26.1753706 ], [ -100.3429222, 26.1754326 ], [ -100.3397792, 26.1757286 ], [ -100.3388491, 26.1758174 ], [ -100.3326992, 26.1764046 ] ] ] ] } },
{ "type": "Feature", "properties": { "fid": 100, "CLAVE": "SNL-VIL-011-1-GS", "PROYECTO": "TSNL", "SEGMENTO": "S17", "ESTADO": "Nuevo León", "MUNICIPIO": "Villaldama", "TIPO DE PROPIEDAD": "Social", "PROPIETARIO O PARCELA": "Jose Fuentes Jaramillo (Americo De Luna Villarreal Zn-1 P-50)", "EJIDO": "N/A", "M2": null, "KM INIICIO": 228.57805, "KM FIN": 228.92835, "KM LINEALES": 0.3503, "KM EFECTIVOS": 0.3503, "ESTATUS": "NO LIBERADO", "IDENTIFICACIÓN O ACERCAMIENTO": true, "ANUENCIA": true, "LEVANTAMIENTO": "EN ACTUALIZACIÓN", "NEGOCIACIÓN O ASAMBLEA": false, "C.O.P": "NO", "ESTATUS ACTUAL": "Recopilación Expediente SEDATU/RAN", "REGISTRO EXCEL": "SI", "TIPO_LIBERACION": "DDV Troncal" }, "geometry": { "type": "MultiPolygon", "coordinates": [ [ [ [ -100.482724, 26.579492 ], [ -100.479952, 26.580098 ], [ -100.479115, 26.578034 ], [ -100.478741, 26.577117 ], [ -100.482528, 26.576337 ], [ -100.482725, 26.578772 ], [ -100.482684, 26.57891 ], [ -100.482724, 26.579492 ] ] ] ] } },
{ "type": "Feature", "properties": { "fid": 101, "CLAVE": "SNL-VIL-008-5-GS", "PROYECTO": "TSNL", "SEGMENTO": "S17", "ESTADO": "Nuevo León", "MUNICIPIO": "Villaldama", "TIPO DE PROPIEDAD": "Social", "PROPIETARIO O PARCELA": "Ruben Aguilar Alfaro (Americo De Luna Villarreal Zn-1 P-54)", "EJIDO": "N/A", "M2": null, "KM INIICIO": 227.53494, "KM FIN": 227.78741, "KM LINEALES": 0.2524699999999882, "KM EFECTIVOS": 0.2524699999999882, "ESTATUS": "NO LIBERADO", "IDENTIFICACIÓN O ACERCAMIENTO": true, "ANUENCIA": true, "LEVANTAMIENTO": "EN ACTUALIZACIÓN", "NEGOCIACIÓN O ASAMBLEA": false, "C.O.P": "NO", "ESTATUS ACTUAL": "Recopilación Expediente SEDATU/RAN", "REGISTRO EXCEL": "SI", "TIPO_LIBERACION": "DDV Troncal" }, "geometry": { "type": "MultiPolygon", "coordinates": [ [ [ [ -100.480455, 26.569519 ], [ -100.475972, 26.570367 ], [ -100.475093, 26.568209 ], [ -100.479355, 26.567463 ], [ -100.480455, 26.569519 ] ] ] ] } },
{ "type": "Feature", "properties": { "fid": 102, "CLAVE": "SNL-VIL-008-4-GS", "PROYECTO": "TSNL", "SEGMENTO": "S17", "ESTADO": "Nuevo León", "MUNICIPIO": "Villaldama", "TIPO DE PROPIEDAD": "Social", "PROPIETARIO O PARCELA": "Juan Amaro Guel (Americo De Luna Villarreal Zn-1 P-55)", "EJIDO": "N/A", "M2": null, "KM INIICIO": 227.41284, "KM FIN": 227.53494, "KM LINEALES": 0.12210000000001742, "KM EFECTIVOS": 0.12210000000001742, "ESTATUS": "NO LIBERADO", "IDENTIFICACIÓN O ACERCAMIENTO": true, "ANUENCIA": true, "LEVANTAMIENTO": "EN ACTUALIZACIÓN", "NEGOCIACIÓN O ASAMBLEA": false, "C.O.P": "NO", "ESTATUS ACTUAL": "Recopilación Expediente SEDATU/RAN", "REGISTRO EXCEL": "SI", "TIPO_LIBERACION": "DDV Troncal" }, "geometry": { "type": "MultiPolygon", "coordinates": [ [ [ [ -100.479357, 26.567462 ], [ -100.475088, 26.56821 ], [ -100.474137, 26.56588 ], [ -100.478141, 26.565191 ], [ -100.479357, 26.567462 ] ] ] ] } },
{ "type": "Feature", "properties": { "fid": 103, "CLAVE": "SIN CLAVE SEDATU, SIN POLIGONO CAPA DE SEDATU", "PROYECTO": "TSNL", "SEGMENTO": "S17", "ESTADO": "Nuevo León", "MUNICIPIO": "Villaldama", "TIPO DE PROPIEDAD": "Social", "PROPIETARIO O PARCELA": "Uso Comun Ejido N.C.P.E. Francisco Villa", "EJIDO": "FRANCISCO VILLA", "M2": null, "KM INIICIO": null, "KM FIN": null, "KM LINEALES": 0.0, "KM EFECTIVOS": 0.0, "ESTATUS": "NO LIBERADO", "IDENTIFICACIÓN O ACERCAMIENTO": true, "ANUENCIA": true, "LEVANTAMIENTO": "EN ACTUALIZACIÓN", "NEGOCIACIÓN O ASAMBLEA": false, "C.O.P": "NO", "ESTATUS ACTUAL": null, "REGISTRO EXCEL": "NO", "TIPO_LIBERACION": null }, "geometry": { "type": "MultiPolygon", "coordinates": [ [ [ [ -100.478135, 26.565194 ], [ -100.474132, 26.56589 ], [ -100.473212, 26.563642 ], [ -100.476762, 26.562633 ], [ -100.478135, 26.565194 ] ] ] ] } },
{ "type": "Feature", "properties": { "fid": 104, "CLAVE": "SIN CLAVE SEDATU, SIN POLIGONO CAPA DE SEDATU", "PROYECTO": "TSNL", "SEGMENTO": "S17", "ESTADO": "Nuevo León", "MUNICIPIO": "Villaldama", "TIPO DE PROPIEDAD": "Social", "PROPIETARIO O PARCELA": "Uso Comun Ejido N.C.P.E. Francisco Villa", "EJIDO": "FRANCISCO VILLA", "M2": null, "KM INIICIO": null, "KM FIN": null, "KM LINEALES": 0.0, "KM EFECTIVOS": 0.0, "ESTATUS": "NO LIBERADO", "IDENTIFICACIÓN O ACERCAMIENTO": true, "ANUENCIA": true, "LEVANTAMIENTO": "EN ACTUALIZACIÓN", "NEGOCIACIÓN O ASAMBLEA": false, "C.O.P": "NO", "ESTATUS ACTUAL": null, "REGISTRO EXCEL": "NO", "TIPO_LIBERACION": null }, "geometry": { "type": "MultiPolygon", "coordinates": [ [ [ [ -100.475352, 26.560002 ], [ -100.472105, 26.560934 ], [ -100.47098, 26.558181 ], [ -100.473987, 26.557462 ], [ -100.474241, 26.557937 ], [ -100.474597, 26.558487 ], [ -100.474683, 26.558754 ], [ -100.475352, 26.560002 ] ] ] ] } },
{ "type": "Feature", "properties": { "fid": 105, "CLAVE": "SIN CLAVE SEDATU, SIN POLIGONO CAPA DE SEDATU", "PROYECTO": "TSNL", "SEGMENTO": "S17", "ESTADO": "Nuevo León", "MUNICIPIO": "Villaldama", "TIPO DE PROPIEDAD": "Social", "PROPIETARIO O PARCELA": "Uso Comun Ejido N.C.P.E. Francisco Villa", "EJIDO": "FRANCISCO VILLA", "M2": null, "KM INIICIO": null, "KM FIN": null, "KM LINEALES": 0.0, "KM EFECTIVOS": 0.0, "ESTATUS": "NO LIBERADO", "IDENTIFICACIÓN O ACERCAMIENTO": true, "ANUENCIA": true, "LEVANTAMIENTO": "EN ACTUALIZACIÓN", "NEGOCIACIÓN O ASAMBLEA": false, "C.O.P": "NO", "ESTATUS ACTUAL": null, "REGISTRO EXCEL": "NO", "TIPO_LIBERACION": null }, "geometry": { "type": "MultiPolygon", "coordinates": [ [ [ [ -100.4721, 26.553917 ], [ -100.473987, 26.557462 ], [ -100.47098, 26.558181 ], [ -100.469565, 26.554685 ], [ -100.4721, 26.553917 ] ] ] ] } },
{ "type": "Feature", "properties": { "fid": 106, "CLAVE": "SNL-VIL-008-1-GS", "PROYECTO": "TSNL", "SEGMENTO": "S17", "ESTADO": "Nuevo León", "MUNICIPIO": "Villaldama", "TIPO DE PROPIEDAD": "Social", "PROPIETARIO O PARCELA": "Juan Jose Mendoza Saucedo (Americo De Luna Villarreal Zn-1 P-60)", "EJIDO": "N/A", "M2": null, "KM INIICIO": 225.43351, "KM FIN": 225.86303, "KM LINEALES": 0.42952, "KM EFECTIVOS": 0.42952, "ESTATUS": "NO LIBERADO", "IDENTIFICACIÓN O ACERCAMIENTO": true, "ANUENCIA": true, "LEVANTAMIENTO": "EN ACTUALIZACIÓN", "NEGOCIACIÓN O ASAMBLEA": false, "C.O.P": "NO", "ESTATUS ACTUAL": "Recopilación Expediente SEDATU/RAN", "REGISTRO EXCEL": "SI", "TIPO_LIBERACION": "DDV Troncal" }, "geometry": { "type": "MultiPolygon", "coordinates": [ [ [ [ -100.472089, 26.55391 ], [ -100.469552, 26.55469 ], [ -100.46813, 26.551196 ], [ -100.470204, 26.550378 ], [ -100.472089, 26.55391 ] ] ] ] } },
{ "type": "Feature", "properties": { "fid": 107, "CLAVE": "SNL-VIL-009", "PROYECTO": "TSNL", "SEGMENTO": "S17", "ESTADO": "Nuevo León", "MUNICIPIO": "Villaldama", "TIPO DE PROPIEDAD": "Dominio Pleno", "PROPIETARIO O PARCELA": "Jose Elias Flores Navarro (Americo De Luna Villarreal) - Parcela 53", "EJIDO": "N/A", "M2": null, "KM INIICIO": 227.97999, "KM FIN": 228.03859, "KM LINEALES": 0.058600000000012642, "KM EFECTIVOS": 0.058600000000012642, "ESTATUS": "NO LIBERADO", "IDENTIFICACIÓN O ACERCAMIENTO": true, "ANUENCIA": true, "LEVANTAMIENTO": "EN ACTUALIZACIÓN", "NEGOCIACIÓN O ASAMBLEA": false, "C.O.P": "NO", "ESTATUS ACTUAL": "Recopilación Expediente SEDATU/RAN", "REGISTRO EXCEL": "SI", "TIPO_LIBERACION": "DDV Troncal" }, "geometry": { "type": "MultiPolygon", "coordinates": [ [ [ [ -100.476151, 26.5708376 ], [ -100.475965, 26.570382599999988 ], [ -100.480457, 26.5695356 ], [ -100.481546, 26.5715806 ], [ -100.476832, 26.572498599999989 ], [ -100.476151, 26.5708376 ] ] ] ] } },
{ "type": "Feature", "properties": { "fid": 108, "CLAVE": "SIN CLAVE SEDATU, SIN POLIGONO CAPA DE SEDATU", "PROYECTO": "TSNL", "SEGMENTO": "S17", "ESTADO": "Nuevo León", "MUNICIPIO": "Villaldama", "TIPO DE PROPIEDAD": "Social", "PROPIETARIO O PARCELA": "Uso Comun Ejido N.C.P.E. Francisco Villa", "EJIDO": "FRANCISCO VILLA", "M2": null, "KM INIICIO": null, "KM FIN": null, "KM LINEALES": 0.0, "KM EFECTIVOS": 0.0, "ESTATUS": "NO LIBERADO", "IDENTIFICACIÓN O ACERCAMIENTO": true, "ANUENCIA": true, "LEVANTAMIENTO": "EN ACTUALIZACIÓN", "NEGOCIACIÓN O ASAMBLEA": false, "C.O.P": "NO", "ESTATUS ACTUAL": null, "REGISTRO EXCEL": "NO", "TIPO_LIBERACION": null }, "geometry": { "type": "MultiPolygon", "coordinates": [ [ [ [ -100.472105, 26.560934 ], [ -100.475352, 26.560002 ], [ -100.476762, 26.562633 ], [ -100.473212, 26.563642 ], [ -100.472105, 26.560934 ] ] ] ] } },
{ "type": "Feature", "properties": { "fid": 109, "CLAVE": "N/D", "PROYECTO": "TSNL", "SEGMENTO": "S17", "ESTADO": "Nuevo León", "MUNICIPIO": "Bustamante", "TIPO DE PROPIEDAD": "Social", "PROPIETARIO O PARCELA": "Uso Comun Ejido N.C.P.E. Francisco Villa", "EJIDO": "FRANCISCO VILLA", "M2": null, "KM INIICIO": null, "KM FIN": null, "KM LINEALES": 0.0, "KM EFECTIVOS": 0.0, "ESTATUS": "NO LIBERADO", "IDENTIFICACIÓN O ACERCAMIENTO": true, "ANUENCIA": true, "LEVANTAMIENTO": "EN ACTUALIZACIÓN", "NEGOCIACIÓN O ASAMBLEA": false, "C.O.P": "NO", "ESTATUS ACTUAL": null, "REGISTRO EXCEL": "NO", "TIPO_LIBERACION": null }, "geometry": { "type": "MultiPolygon", "coordinates": [ [ [ [ -100.477491, 26.633752 ], [ -100.473945, 26.635347 ], [ -100.473799, 26.634292 ], [ -100.473529, 26.632494 ], [ -100.473259, 26.630685 ], [ -100.472996, 26.628886 ], [ -100.472747, 26.627099 ], [ -100.472524, 26.6253 ], [ -100.472266, 26.623496 ], [ -100.476109, 26.624677 ], [ -100.475687, 26.622028 ], [ -100.475808, 26.622044 ], [ -100.47598, 26.6235 ], [ -100.482293, 26.624556 ], [ -100.482191, 26.626293 ], [ -100.486861, 26.627569 ], [ -100.486964, 26.628779 ], [ -100.482572, 26.630458 ], [ -100.483008, 26.632104 ], [ -100.483483, 26.633932 ], [ -100.477872, 26.636337 ], [ -100.477491, 26.633752 ] ] ] ] } },
{ "type": "Feature", "properties": { "fid": 110, "CLAVE": "N/D", "PROYECTO": "TSNL", "SEGMENTO": "S17", "ESTADO": "Nuevo León", "MUNICIPIO": "Bustamante", "TIPO DE PROPIEDAD": "Social", "PROPIETARIO O PARCELA": "Uso Comun Ejido N.C.P.E. Francisco Villa", "EJIDO": "FRANCISCO VILLA", "M2": null, "KM INIICIO": null, "KM FIN": null, "KM LINEALES": 0.0, "KM EFECTIVOS": 0.0, "ESTATUS": "NO LIBERADO", "IDENTIFICACIÓN O ACERCAMIENTO": true, "ANUENCIA": true, "LEVANTAMIENTO": "EN ACTUALIZACIÓN", "NEGOCIACIÓN O ASAMBLEA": false, "C.O.P": "NO", "ESTATUS ACTUAL": null, "REGISTRO EXCEL": "NO", "TIPO_LIBERACION": null }, "geometry": { "type": "MultiPolygon", "coordinates": [ [ [ [ -100.467352, 26.602952 ], [ -100.475328, 26.602027 ], [ -100.474695, 26.597552 ], [ -100.466709, 26.598473 ], [ -100.466557, 26.597412 ], [ -100.470104, 26.596712 ], [ -100.471775, 26.596431 ], [ -100.478132, 26.595457 ], [ -100.478767, 26.59992 ], [ -100.484437, 26.598826 ], [ -100.484602, 26.600728 ], [ -100.484132, 26.600995 ], [ -100.483697, 26.599584 ], [ -100.48274, 26.599676 ], [ -100.482898, 26.600145 ], [ -100.480746, 26.600681 ], [ -100.480709, 26.602104 ], [ -100.472857, 26.603054 ], [ -100.472713, 26.602632 ], [ -100.468853, 26.604515 ], [ -100.467608, 26.604735 ], [ -100.467352, 26.602952 ] ] ] ] } },
{ "type": "Feature", "properties": { "fid": 111, "CLAVE": "SNL-BUS-010-3", "PROYECTO": "TSNL", "SEGMENTO": "S17", "ESTADO": "Nuevo León", "MUNICIPIO": "Bustamante", "TIPO DE PROPIEDAD": "Social", "PROPIETARIO O PARCELA": "Leal Maldonado Aldo Saul", "EJIDO": "FRANCISCO VILLA", "M2": null, "KM INIICIO": 234.02057, "KM FIN": 234.26942, "KM LINEALES": 0.24885, "KM EFECTIVOS": 0.24885, "ESTATUS": "LIBERADO", "IDENTIFICACIÓN O ACERCAMIENTO": true, "ANUENCIA": true, "LEVANTAMIENTO": "EN ACTUALIZACIÓN", "NEGOCIACIÓN O ASAMBLEA": false, "C.O.P": "C.O.P", "ESTATUS ACTUAL": "Firmado COP/AOT", "REGISTRO EXCEL": "SI", "TIPO_LIBERACION": "DDV Troncal" }, "geometry": { "type": "MultiPolygon", "coordinates": [ [ [ [ -100.482191, 26.626293 ], [ -100.482293, 26.624556 ], [ -100.482339, 26.624025 ], [ -100.486675, 26.625329 ], [ -100.486861, 26.627569 ], [ -100.482191, 26.626293 ] ] ] ] } },
{ "type": "Feature", "properties": { "fid": 112, "CLAVE": "SNL-BUS-010-2", "PROYECTO": "TSNL", "SEGMENTO": "S17", "ESTADO": "Nuevo León", "MUNICIPIO": "Bustamante", "TIPO DE PROPIEDAD": "Social", "PROPIETARIO O PARCELA": "Jesus Perales Contreras (Zn-5 P-105)", "EJIDO": "N/A", "M2": null, "KM INIICIO": 233.75136, "KM FIN": 234.00077, "KM LINEALES": 0.24940999999998326, "KM EFECTIVOS": 0.24940999999998326, "ESTATUS": "NO LIBERADO", "IDENTIFICACIÓN O ACERCAMIENTO": false, "ANUENCIA": false, "LEVANTAMIENTO": "SIN LEVANTAMIENTO", "NEGOCIACIÓN O ASAMBLEA": false, "C.O.P": "NO", "ESTATUS ACTUAL": "Recopilación Expediente SEDATU/RAN", "REGISTRO EXCEL": "SI", "TIPO_LIBERACION": "DDV Troncal" }, "geometry": { "type": "MultiPolygon", "coordinates": [ [ [ [ -100.482384, 26.623845 ], [ -100.482533, 26.621675 ], [ -100.486466, 26.622906 ], [ -100.486659, 26.625151 ], [ -100.482384, 26.623845 ] ] ] ] } },
{ "type": "Feature", "properties": { "fid": 113, "CLAVE": "SNL-BUS-011", "PROYECTO": "TSNL", "SEGMENTO": "S17", "ESTADO": "Nuevo León", "MUNICIPIO": "Bustamante", "TIPO DE PROPIEDAD": "Privada", "PROPIETARIO O PARCELA": "Leal Maldonado Aldo Saul", "EJIDO": "N/A", "M2": null, "KM INIICIO": 234.40391, "KM FIN": 234.5863, "KM LINEALES": 0.18239, "KM EFECTIVOS": 0.18239, "ESTATUS": "LIBERADO", "IDENTIFICACIÓN O ACERCAMIENTO": true, "ANUENCIA": true, "LEVANTAMIENTO": "CONCLUIDO", "NEGOCIACIÓN O ASAMBLEA": true, "C.O.P": "C.O.P", "ESTATUS ACTUAL": "Firmado COP/AOT", "REGISTRO EXCEL": "SI", "TIPO_LIBERACION": "DDV Troncal" }, "geometry": { "type": "MultiPolygon", "coordinates": [ [ [ [ -100.482572, 26.6304868 ], [ -100.486964, 26.6288078 ], [ -100.487108, 26.6304498 ], [ -100.483008, 26.6321328 ], [ -100.482572, 26.6304868 ] ] ] ] } },
{ "type": "Feature", "properties": { "fid": 114, "CLAVE": "SNL-VIL-011", "PROYECTO": "TSNL", "SEGMENTO": "S17", "ESTADO": "Nuevo León", "MUNICIPIO": "Villaldama", "TIPO DE PROPIEDAD": "Dominio Pleno", "PROPIETARIO O PARCELA": "De Luna Flores Noe (Parcela 51)", "EJIDO": "N/A", "M2": null, "KM INIICIO": 228.29332, "KM FIN": 228.41764, "KM LINEALES": 0.12432000000001153, "KM EFECTIVOS": 0.12432000000001153, "ESTATUS": "NO LIBERADO", "IDENTIFICACIÓN O ACERCAMIENTO": true, "ANUENCIA": true, "LEVANTAMIENTO": "EN ACTUALIZACIÓN", "NEGOCIACIÓN O ASAMBLEA": false, "C.O.P": "NO", "ESTATUS ACTUAL": "En proceso de Planos/BDT", "REGISTRO EXCEL": "SI", "TIPO_LIBERACION": "DDV Troncal" }, "geometry": { "type": "MultiPolygon", "coordinates": [ [ [ [ -100.47873, 26.57712 ], [ -100.478623, 26.57686 ], [ -100.477933, 26.575177 ], [ -100.477738, 26.5747 ], [ -100.482219, 26.573787 ], [ -100.482321, 26.574342 ], [ -100.482423, 26.575162 ], [ -100.482526, 26.576344 ], [ -100.47873, 26.57712 ] ] ] ] } },
{ "type": "Feature", "properties": { "fid": 115, "CLAVE": "SNL-VIL-012", "PROYECTO": "TSNL", "SEGMENTO": "S17", "ESTADO": "Nuevo León", "MUNICIPIO": "Villaldama", "TIPO DE PROPIEDAD": "Dominio Pleno", "PROPIETARIO O PARCELA": "De Luna Flores Noe", "EJIDO": "N/A", "M2": null, "KM INIICIO": 228.92835, "KM FIN": 229.42245, "KM LINEALES": 0.4941, "KM EFECTIVOS": 0.4941, "ESTATUS": "NO LIBERADO", "IDENTIFICACIÓN O ACERCAMIENTO": true, "ANUENCIA": true, "LEVANTAMIENTO": "EN ACTUALIZACIÓN", "NEGOCIACIÓN O ASAMBLEA": false, "C.O.P": "NO", "ESTATUS ACTUAL": "En proceso de Planos/BDT", "REGISTRO EXCEL": "SI", "TIPO_LIBERACION": "DDV Troncal" }, "geometry": { "type": "MultiPolygon", "coordinates": [ [ [ [ -100.481718, 26.584421 ], [ -100.479948, 26.580096 ], [ -100.482723, 26.579501 ], [ -100.482807, 26.580857 ], [ -100.482919, 26.58109 ], [ -100.483133, 26.583946 ], [ -100.481718, 26.584421 ] ] ] ] } },
{ "type": "Feature", "properties": { "fid": 116, "CLAVE": "SNL-VIL-010", "PROYECTO": "TSNL", "SEGMENTO": "S17", "ESTADO": "Nuevo León", "MUNICIPIO": "Villaldama", "TIPO DE PROPIEDAD": "Dominio Pleno", "PROPIETARIO O PARCELA": "Rodrigo Rincon Islas (Parcela 52)", "EJIDO": "N/A", "M2": null, "KM INIICIO": 228.03859, "KM FIN": 228.29332, "KM LINEALES": 0.25473, "KM EFECTIVOS": 0.25473, "ESTATUS": "NO LIBERADO", "IDENTIFICACIÓN O ACERCAMIENTO": true, "ANUENCIA": false, "LEVANTAMIENTO": "EN ACTUALIZACIÓN", "NEGOCIACIÓN O ASAMBLEA": false, "C.O.P": "NO", "ESTATUS ACTUAL": "Recopilación Expediente SEDATU/RAN", "REGISTRO EXCEL": "SI", "TIPO_LIBERACION": "DDV Troncal" }, "geometry": { "type": "MultiPolygon", "coordinates": [ [ [ [ -100.476832, 26.572489 ], [ -100.481546, 26.571571 ], [ -100.48207, 26.572981 ], [ -100.482186, 26.573612 ], [ -100.482219, 26.573787 ], [ -100.477738, 26.5747 ], [ -100.477628, 26.574432 ], [ -100.477471, 26.574048 ], [ -100.477009, 26.572921 ], [ -100.476832, 26.572489 ] ] ] ] } },
{ "type": "Feature", "properties": { "fid": 117, "CLAVE": "SNL-BUS-001", "PROYECTO": "TSNL", "SEGMENTO": "S17", "ESTADO": "Nuevo León", "MUNICIPIO": "Bustamante", "TIPO DE PROPIEDAD": "Privada", "PROPIETARIO O PARCELA": "Elviro Luis Garza Martinez/ Marybel Rmz", "EJIDO": "N/A", "M2": null, "KM INIICIO": 229.54777, "KM FIN": 231.08107, "KM LINEALES": 1.5333, "KM EFECTIVOS": 1.5333, "ESTATUS": "NO LIBERADO", "IDENTIFICACIÓN O ACERCAMIENTO": true, "ANUENCIA": true, "LEVANTAMIENTO": "EN ACTUALIZACIÓN", "NEGOCIACIÓN O ASAMBLEA": false, "C.O.P": "NO", "ESTATUS ACTUAL": "En proceso de Acercamiento", "REGISTRO EXCEL": "SI", "TIPO_LIBERACION": "DDV Troncal" }, "geometry": { "type": "MultiPolygon", "coordinates": [ [ [ [ -100.4781337, 26.5954514 ], [ -100.4777927, 26.5930504 ], [ -100.4775657, 26.5914574 ], [ -100.4773397, 26.5898694 ], [ -100.4771177, 26.5883064 ], [ -100.477102700000017, 26.5881994 ], [ -100.4768137, 26.5861664 ], [ -100.4768067, 26.5861144 ], [ -100.4768017, 26.5860854 ], [ -100.4832278, 26.5850054 ], [ -100.4844388, 26.5988204 ], [ -100.4787688, 26.5999144 ], [ -100.4781337, 26.5954514 ] ] ] ] } },
{ "type": "Feature", "properties": { "fid": 118, "CLAVE": "SNL-BUS-009", "PROYECTO": "TSNL", "SEGMENTO": "S17", "ESTADO": "Nuevo León", "MUNICIPIO": "Bustamante", "TIPO DE PROPIEDAD": "Dominio Pleno", "PROPIETARIO O PARCELA": "Francisco Alejandro Ancira Y Karina Ugarte Santos", "EJIDO": "N/A", "M2": null, "KM INIICIO": 233.0929, "KM FIN": 233.30963, "KM LINEALES": 0.21673000000001252, "KM EFECTIVOS": 0.21673000000001252, "ESTATUS": "NO LIBERADO", "IDENTIFICACIÓN O ACERCAMIENTO": true, "ANUENCIA": true, "LEVANTAMIENTO": "EN ACTUALIZACIÓN", "NEGOCIACIÓN O ASAMBLEA": false, "C.O.P": "NO", "ESTATUS ACTUAL": "Recopilación Expediente SEDATU/RAN", "REGISTRO EXCEL": "SI", "TIPO_LIBERACION": "DDV Troncal" }, "geometry": { "type": "MultiPolygon", "coordinates": [ [ [ [ -100.47963, 26.620294 ], [ -100.480455, 26.61886 ], [ -100.480454, 26.619061 ], [ -100.484274, 26.618535 ], [ -100.484097, 26.617298 ], [ -100.485969, 26.616979 ], [ -100.486137, 26.61893 ], [ -100.481883, 26.61976 ], [ -100.481967, 26.620639 ], [ -100.47963, 26.620294 ] ] ] ] } },
{ "type": "Feature", "properties": { "fid": 119, "CLAVE": "SNL-BUS-006", "PROYECTO": "TSNL", "SEGMENTO": "S17", "ESTADO": "Nuevo León", "MUNICIPIO": "Bustamante", "TIPO DE PROPIEDAD": "Dominio Pleno", "PROPIETARIO O PARCELA": "Oscar Alejandro Ugarte", "EJIDO": "N/A", "M2": null, "KM INIICIO": 232.1165, "KM FIN": 232.36914, "KM LINEALES": 0.25263999999998532, "KM EFECTIVOS": 0.25263999999998532, "ESTATUS": "NO LIBERADO", "IDENTIFICACIÓN O ACERCAMIENTO": true, "ANUENCIA": true, "LEVANTAMIENTO": "EN ACTUALIZACIÓN", "NEGOCIACIÓN O ASAMBLEA": false, "C.O.P": "NO", "ESTATUS ACTUAL": "Recopilación Expediente SEDATU/RAN", "REGISTRO EXCEL": "SI", "TIPO_LIBERACION": "DDV Troncal" }, "geometry": { "type": "MultiPolygon", "coordinates": [ [ [ [ -100.481393, 26.60845 ], [ -100.485223, 26.608139 ], [ -100.485421, 26.610465 ], [ -100.481359, 26.610748 ], [ -100.481393, 26.60845 ] ] ] ] } },
{ "type": "Feature", "properties": { "fid": 120, "CLAVE": "SNL-BUS-004", "PROYECTO": "TSNL", "SEGMENTO": "S17", "ESTADO": "Nuevo León", "MUNICIPIO": "Bustamante", "TIPO DE PROPIEDAD": "Dominio Pleno", "PROPIETARIO O PARCELA": "Abel Guadalupe Gonzalez Flores", "EJIDO": "N/A", "M2": null, "KM INIICIO": 231.7626, "KM FIN": 231.86729, "KM LINEALES": 0.10469000000000506, "KM EFECTIVOS": 0.10469000000000506, "ESTATUS": "NO LIBERADO", "IDENTIFICACIÓN O ACERCAMIENTO": true, "ANUENCIA": true, "LEVANTAMIENTO": "EN ACTUALIZACIÓN", "NEGOCIACIÓN O ASAMBLEA": false, "C.O.P": "NO", "ESTATUS ACTUAL": "Recopilación Expediente SEDATU/RAN", "REGISTRO EXCEL": "SI", "TIPO_LIBERACION": "DDV Troncal" }, "geometry": { "type": "MultiPolygon", "coordinates": [ [ [ [ -100.478564, 26.61024 ], [ -100.478576, 26.609983 ], [ -100.478551, 26.609074 ], [ -100.478525, 26.608131 ], [ -100.478487, 26.607229 ], [ -100.478462, 26.606325 ], [ -100.478425, 26.605425 ], [ -100.481205, 26.605151 ], [ -100.484954, 26.604952 ], [ -100.485035, 26.6059 ], [ -100.481428, 26.606385 ], [ -100.481393, 26.60845 ], [ -100.481359, 26.610748 ], [ -100.478564, 26.61024 ] ] ] ] } },
{ "type": "Feature", "properties": { "fid": 121, "CLAVE": "SNL-BUS-005", "PROYECTO": "TSNL", "SEGMENTO": "S17", "ESTADO": "Nuevo León", "MUNICIPIO": "Bustamante", "TIPO DE PROPIEDAD": "Dominio Pleno", "PROPIETARIO O PARCELA": "Abel Guadalupe Gonzalez Flores", "EJIDO": "N/A", "M2": null, "KM INIICIO": 231.86729, "KM FIN": 232.1165, "KM LINEALES": 0.24921000000000504, "KM EFECTIVOS": 0.24921000000000504, "ESTATUS": "NO LIBERADO", "IDENTIFICACIÓN O ACERCAMIENTO": true, "ANUENCIA": true, "LEVANTAMIENTO": "EN ACTUALIZACIÓN", "NEGOCIACIÓN O ASAMBLEA": false, "C.O.P": "NO", "ESTATUS ACTUAL": "Recopilación Expediente SEDATU/RAN", "REGISTRO EXCEL": "SI", "TIPO_LIBERACION": "DDV Troncal" }, "geometry": { "type": "MultiPolygon", "coordinates": [ [ [ [ -100.481428, 26.606385 ], [ -100.485035, 26.6059 ], [ -100.485223, 26.608139 ], [ -100.481393, 26.60845 ], [ -100.481428, 26.606385 ] ] ] ] } },
{ "type": "Feature", "properties": { "fid": 122, "CLAVE": "SNL-BUS-003", "PROYECTO": "TSNL", "SEGMENTO": "S17", "ESTADO": "Nuevo León", "MUNICIPIO": "Bustamante", "TIPO DE PROPIEDAD": "Dominio Pleno", "PROPIETARIO O PARCELA": "Abel Guadalupe Gonzalez Flores", "EJIDO": "N/A", "M2": null, "KM INIICIO": 231.53679, "KM FIN": 231.7626, "KM LINEALES": 0.22581, "KM EFECTIVOS": 0.22581, "ESTATUS": "NO LIBERADO", "IDENTIFICACIÓN O ACERCAMIENTO": true, "ANUENCIA": true, "LEVANTAMIENTO": "EN ACTUALIZACIÓN", "NEGOCIACIÓN O ASAMBLEA": false, "C.O.P": "NO", "ESTATUS ACTUAL": "Recopilación Expediente SEDATU/RAN", "REGISTRO EXCEL": "SI", "TIPO_LIBERACION": "DDV Troncal" }, "geometry": { "type": "MultiPolygon", "coordinates": [ [ [ [ -100.480861, 26.603334 ], [ -100.484781, 26.60292 ], [ -100.484954, 26.604952 ], [ -100.481205, 26.605151 ], [ -100.480861, 26.603334 ] ] ] ] } },
{ "type": "Feature", "properties": { "fid": 123, "CLAVE": "SNL-BUS-002", "PROYECTO": "TSNL", "SEGMENTO": "S17", "ESTADO": "Nuevo León", "MUNICIPIO": "Bustamante", "TIPO DE PROPIEDAD": "Dominio Pleno", "PROPIETARIO O PARCELA": "Abel Guadalupe Gonzalez Flores", "EJIDO": "N/A", "M2": null, "KM INIICIO": 231.29321, "KM FIN": 231.53679, "KM LINEALES": 0.24358000000000857, "KM EFECTIVOS": 0.24358000000000857, "ESTATUS": "NO LIBERADO", "IDENTIFICACIÓN O ACERCAMIENTO": true, "ANUENCIA": true, "LEVANTAMIENTO": "EN ACTUALIZACIÓN", "NEGOCIACIÓN O ASAMBLEA": false, "C.O.P": "NO", "ESTATUS ACTUAL": "Recopilación Expediente SEDATU/RAN", "REGISTRO EXCEL": "SI", "TIPO_LIBERACION": "DDV Troncal" }, "geometry": { "type": "MultiPolygon", "coordinates": [ [ [ [ -100.480697, 26.60244 ], [ -100.484132, 26.600995 ], [ -100.484602, 26.600728 ], [ -100.484731, 26.602213 ], [ -100.484781, 26.60292 ], [ -100.480861, 26.603334 ], [ -100.480697, 26.60244 ] ] ] ] } },
{ "type": "Feature", "properties": { "fid": 124, "CLAVE": "SNL-BUS-012", "PROYECTO": "TSNL", "SEGMENTO": "S17", "ESTADO": "Nuevo León", "MUNICIPIO": "Bustamante", "TIPO DE PROPIEDAD": "Privada", "PROPIETARIO O PARCELA": "Leal Maldonado Aldo Saul", "EJIDO": "N/A", "M2": null, "KM INIICIO": 234.5863, "KM FIN": 234.80007, "KM LINEALES": 0.2137700000000109, "KM EFECTIVOS": 0.2137700000000109, "ESTATUS": "LIBERADO", "IDENTIFICACIÓN O ACERCAMIENTO": true, "ANUENCIA": true, "LEVANTAMIENTO": "CONCLUIDO", "NEGOCIACIÓN O ASAMBLEA": true, "C.O.P": "C.O.P", "ESTATUS ACTUAL": "Firmado COP/AOT", "REGISTRO EXCEL": "SI", "TIPO_LIBERACION": "DDV Troncal" }, "geometry": { "type": "MultiPolygon", "coordinates": [ [ [ [ -100.483008, 26.632104 ], [ -100.487108, 26.630421 ], [ -100.487264, 26.632312 ], [ -100.483483, 26.633932 ], [ -100.483008, 26.632104 ] ] ] ] } },
{ "type": "Feature", "properties": { "fid": 125, "CLAVE": "SNL-BUS-010", "PROYECTO": "TSNL", "SEGMENTO": "S17", "ESTADO": "Nuevo León", "MUNICIPIO": "Bustamante", "TIPO DE PROPIEDAD": "Dominio Pleno", "PROPIETARIO O PARCELA": "Rogelio Gamboa Manriquez Y Juana Ibarra Lumbreras (Parcela 115)", "EJIDO": null, "M2": null, "KM INIICIO": 233.30963, "KM FIN": 233.4119, "KM LINEALES": 0.10227, "KM EFECTIVOS": 0.10227, "ESTATUS": "NO LIBERADO", "IDENTIFICACIÓN O ACERCAMIENTO": false, "ANUENCIA": false, "LEVANTAMIENTO": "SIN LEVANTAMIENTO", "NEGOCIACIÓN O ASAMBLEA": false, "C.O.P": "NO", "ESTATUS ACTUAL": "Sin información de propietario", "REGISTRO EXCEL": "SI", "TIPO_LIBERACION": "DDV Troncal" }, "geometry": { "type": "MultiPolygon", "coordinates": [ [ [ [ -100.481967, 26.620639 ], [ -100.481883, 26.61976 ], [ -100.486137, 26.61893 ], [ -100.486209, 26.619851 ], [ -100.482595, 26.620744 ], [ -100.481967, 26.620639 ] ] ] ] } },
{ "type": "Feature", "properties": { "fid": 126, "CLAVE": "SNL-BUS-008", "PROYECTO": "TSNL", "SEGMENTO": "S17", "ESTADO": "Nuevo León", "MUNICIPIO": "Bustamante", "TIPO DE PROPIEDAD": "Dominio Pleno", "PROPIETARIO O PARCELA": "Karina Ugarte Santos Y Francisco Alejandro Ugarte", "EJIDO": "N/A", "M2": null, "KM INIICIO": 232.64325, "KM FIN": 232.97567, "KM LINEALES": 0.33242000000001326, "KM EFECTIVOS": 0.33242000000001326, "ESTATUS": "NO LIBERADO", "IDENTIFICACIÓN O ACERCAMIENTO": true, "ANUENCIA": true, "LEVANTAMIENTO": "EN ACTUALIZACIÓN", "NEGOCIACIÓN O ASAMBLEA": false, "C.O.P": "NO", "ESTATUS ACTUAL": "Recopilación Expediente SEDATU/RAN", "REGISTRO EXCEL": "SI", "TIPO_LIBERACION": "DDV Troncal" }, "geometry": { "type": "MultiPolygon", "coordinates": [ [ [ [ -100.4820131, 26.614639 ], [ -100.4817781, 26.613224 ], [ -100.4856481, 26.612932 ], [ -100.485896100000019, 26.615924 ], [ -100.4823771, 26.616623 ], [ -100.4820131, 26.614639 ] ] ] ] } },
{ "type": "Feature", "properties": { "fid": 127, "CLAVE": "SNL-BUS-007", "PROYECTO": "TSNL", "SEGMENTO": "S17", "ESTADO": "Nuevo León", "MUNICIPIO": "Bustamante", "TIPO DE PROPIEDAD": "Dominio Pleno", "PROPIETARIO O PARCELA": "Francisco Alejandro Ugarte Y Oscar Alejandro Ugarte", "EJIDO": "N/A", "M2": null, "KM INIICIO": 232.36914, "KM FIN": 232.64325, "KM LINEALES": 0.2741100000000074, "KM EFECTIVOS": 0.2741100000000074, "ESTATUS": "NO LIBERADO", "IDENTIFICACIÓN O ACERCAMIENTO": true, "ANUENCIA": true, "LEVANTAMIENTO": "EN ACTUALIZACIÓN", "NEGOCIACIÓN O ASAMBLEA": false, "C.O.P": "NO", "ESTATUS ACTUAL": "Recopilación Expediente SEDATU/RAN", "REGISTRO EXCEL": "SI", "TIPO_LIBERACION": "DDV Troncal" }, "geometry": { "type": "MultiPolygon", "coordinates": [ [ [ [ -100.481321, 26.613024 ], [ -100.481359, 26.610748 ], [ -100.485421, 26.610465 ], [ -100.485632, 26.612932 ], [ -100.481762, 26.613224 ], [ -100.481326, 26.613252 ], [ -100.481321, 26.613024 ] ] ] ] } },
{ "type": "Feature", "properties": { "fid": 128, "CLAVE": "SNL-BUS-010-1", "PROYECTO": "TSNL", "SEGMENTO": "S17", "ESTADO": "Nuevo León", "MUNICIPIO": "Bustamante", "TIPO DE PROPIEDAD": "Social", "PROPIETARIO O PARCELA": "Juan Antonio Ramos Amaro (Zn-5 P-111)", "EJIDO": "N/A", "M2": null, "KM INIICIO": 233.4119, "KM FIN": 233.75136, "KM LINEALES": 0.33946, "KM EFECTIVOS": 0.33946, "ESTATUS": "NO LIBERADO", "IDENTIFICACIÓN O ACERCAMIENTO": true, "ANUENCIA": true, "LEVANTAMIENTO": "EN ACTUALIZACIÓN", "NEGOCIACIÓN O ASAMBLEA": false, "C.O.P": "NO", "ESTATUS ACTUAL": "Recopilación Expediente SEDATU/RAN", "REGISTRO EXCEL": "SI", "TIPO_LIBERACION": "DDV Troncal" }, "geometry": { "type": "MultiPolygon", "coordinates": [ [ [ [ -100.482533, 26.621675 ], [ -100.482595, 26.620744 ], [ -100.486209, 26.619851 ], [ -100.486466, 26.622906 ], [ -100.482533, 26.621675 ] ] ] ] } },
{ "type": "Feature", "properties": { "fid": 129, "CLAVE": "SNL-LAM-002-1-GS", "PROYECTO": "TSNL", "SEGMENTO": "S17", "ESTADO": "Nuevo León", "MUNICIPIO": "Lampazos Naranjo", "TIPO DE PROPIEDAD": "Privada", "PROPIETARIO O PARCELA": "David Morales", "EJIDO": "N/A", "M2": null, "KM INIICIO": 253.35037, "KM FIN": 255.54468, "KM LINEALES": 2.19431, "KM EFECTIVOS": 2.19431, "ESTATUS": "NO LIBERADO", "IDENTIFICACIÓN O ACERCAMIENTO": true, "ANUENCIA": false, "LEVANTAMIENTO": "EN ACTUALIZACIÓN", "NEGOCIACIÓN O ASAMBLEA": false, "C.O.P": "NO", "ESTATUS ACTUAL": "En proceso de Acercamiento", "REGISTRO EXCEL": "SI", "TIPO_LIBERACION": "DDV Troncal" }, "geometry": { "type": "MultiPolygon", "coordinates": [ [ [ [ -100.490416, 26.806079 ], [ -100.501182, 26.799333 ], [ -100.502851, 26.818921 ], [ -100.491787, 26.823771 ], [ -100.490416, 26.806079 ] ] ] ] } },
{ "type": "Feature", "properties": { "fid": 130, "CLAVE": "SNL-LAM-002-2-GS", "PROYECTO": "TSNL", "SEGMENTO": "S17", "ESTADO": "Nuevo León", "MUNICIPIO": "Lampazos Naranjo", "TIPO DE PROPIEDAD": "Privada", "PROPIETARIO O PARCELA": "Rosendo Chapa Contreras (Albacea)", "EJIDO": "N/A", "M2": null, "KM INIICIO": 255.54468, "KM FIN": 258.02417, "KM LINEALES": 2.47949, "KM EFECTIVOS": 2.47949, "ESTATUS": "NO LIBERADO", "IDENTIFICACIÓN O ACERCAMIENTO": true, "ANUENCIA": false, "LEVANTAMIENTO": "EN ACTUALIZACIÓN", "NEGOCIACIÓN O ASAMBLEA": false, "C.O.P": "NO", "ESTATUS ACTUAL": "En proceso de Acercamiento", "REGISTRO EXCEL": "SI", "TIPO_LIBERACION": "DDV Troncal" }, "geometry": { "type": "MultiPolygon", "coordinates": [ [ [ [ -100.491842, 26.823815 ], [ -100.502811, 26.818978 ], [ -100.504833, 26.841355 ], [ -100.493167, 26.837367 ], [ -100.491842, 26.823815 ] ] ] ] } },
{ "type": "Feature", "properties": { "fid": 131, "CLAVE": "N/D", "PROYECTO": "TSNL", "SEGMENTO": "S17", "ESTADO": "Nuevo León", "MUNICIPIO": "Lampazos Naranjo", "TIPO DE PROPIEDAD": "Social", "PROPIETARIO O PARCELA": "Uso Comun Ejido N.C.P.E. Francisco Villa", "EJIDO": "FRANCISCO VILLA", "M2": null, "KM INIICIO": null, "KM FIN": null, "KM LINEALES": 0.0, "KM EFECTIVOS": 0.0, "ESTATUS": "NO LIBERADO", "IDENTIFICACIÓN O ACERCAMIENTO": true, "ANUENCIA": true, "LEVANTAMIENTO": "EN ACTUALIZACIÓN", "NEGOCIACIÓN O ASAMBLEA": false, "C.O.P": "NO", "ESTATUS ACTUAL": null, "REGISTRO EXCEL": "NO", "TIPO_LIBERACION": null }, "geometry": { "type": "MultiPolygon", "coordinates": [ [ [ [ -100.494732, 26.7227976 ], [ -100.484177, 26.7230756 ], [ -100.464822, 26.7231966 ], [ -100.454293, 26.7259286 ], [ -100.390404, 26.6735316 ], [ -100.413492, 26.6638416 ], [ -100.48093, 26.7025276 ], [ -100.481655, 26.7024406 ], [ -100.482439, 26.7075386 ], [ -100.493379, 26.706310599999988 ], [ -100.494732, 26.7227976 ] ] ] ] } },
{ "type": "Feature", "properties": { "fid": 132, "CLAVE": "SNL-LAM-001-1", "PROYECTO": "TSNL", "SEGMENTO": "S17", "ESTADO": "Nuevo León", "MUNICIPIO": "Lampazos Naranjo", "TIPO DE PROPIEDAD": "Privada", "PROPIETARIO O PARCELA": "Cantu Cantu Jose Santos", "EJIDO": "N/A", "M2": null, "KM INIICIO": 238.7901, "KM FIN": 243.02203, "KM LINEALES": 4.23193, "KM EFECTIVOS": 4.23193, "ESTATUS": "NO LIBERADO", "IDENTIFICACIÓN O ACERCAMIENTO": true, "ANUENCIA": true, "LEVANTAMIENTO": "EN ACTUALIZACIÓN", "NEGOCIACIÓN O ASAMBLEA": false, "C.O.P": "NO", "ESTATUS ACTUAL": "En proceso de Acercamiento", "REGISTRO EXCEL": "SI", "TIPO_LIBERACION": "DDV Troncal" }, "geometry": { "type": "MultiPolygon", "coordinates": [ [ [ [ -100.49023, 26.668193 ], [ -100.493379, 26.706301 ], [ -100.482439, 26.707529 ], [ -100.481655, 26.702431 ], [ -100.48093, 26.702518 ], [ -100.413492, 26.663832 ], [ -100.428572, 26.657325 ], [ -100.475774, 26.665637 ], [ -100.49023, 26.668193 ] ] ] ] } },
{ "type": "Feature", "properties": { "fid": 133, "CLAVE": "SNL-LAM-003", "PROYECTO": "TSNL", "SEGMENTO": "S17", "ESTADO": "Nuevo León", "MUNICIPIO": "Lampazos Naranjo", "TIPO DE PROPIEDAD": "Privada", "PROPIETARIO O PARCELA": "Treviño Garza Adolfo Jose (Amparo)", "EJIDO": "N/A", "M2": null, "KM INIICIO": 258.07808, "KM FIN": 259.396, "KM LINEALES": 1.31792, "KM EFECTIVOS": 1.31792, "ESTATUS": "NO LIBERADO", "IDENTIFICACIÓN O ACERCAMIENTO": true, "ANUENCIA": true, "LEVANTAMIENTO": "EN ACTUALIZACIÓN", "NEGOCIACIÓN O ASAMBLEA": false, "C.O.P": "NO", "ESTATUS ACTUAL": "En proceso de Acercamiento", "REGISTRO EXCEL": "SI", "TIPO_LIBERACION": "DDV Troncal" }, "geometry": { "type": "MultiPolygon", "coordinates": [ [ [ [ -100.5068763, 26.869825 ], [ -100.4965253, 26.870686 ], [ -100.4946643, 26.852972 ], [ -100.493009300000011, 26.837796 ], [ -100.5046593, 26.84165 ], [ -100.5068763, 26.869825 ] ] ] ] } },
{ "type": "Feature", "properties": { "fid": 135, "CLAVE": "SNL-LAM-002-1", "PROYECTO": "TSNL", "SEGMENTO": "S17", "ESTADO": "Nuevo León", "MUNICIPIO": "Lampazos Naranjo", "TIPO DE PROPIEDAD": "Privada", "PROPIETARIO O PARCELA": "Alonso Quijano Davalos Y Teresa Quijano Davalos", "EJIDO": "N/A", "M2": null, "KM INIICIO": 251.64027, "KM FIN": 253.34427, "KM LINEALES": 1.704, "KM EFECTIVOS": 1.704, "ESTATUS": "LIBERADO", "IDENTIFICACIÓN O ACERCAMIENTO": true, "ANUENCIA": true, "LEVANTAMIENTO": "EN ACTUALIZACIÓN", "NEGOCIACIÓN O ASAMBLEA": false, "C.O.P": "C.O.P", "ESTATUS ACTUAL": "Firmado COP/AOT", "REGISTRO EXCEL": "SI", "TIPO_LIBERACION": "DDV Troncal" }, "geometry": { "type": "MultiPolygon", "coordinates": [ [ [ [ -100.490338640352661, 26.784429140572968 ], [ -100.495420814599001, 26.784114907149316 ], [ -100.500096027785077, 26.783769312013685 ], [ -100.501316, 26.799111 ], [ -100.490384, 26.806092 ], [ -100.490338640352661, 26.784429140572968 ] ] ] ] } },
{ "type": "Feature", "properties": { "fid": 136, "CLAVE": "SNL-LAM-001", "PROYECTO": "TSNL", "SEGMENTO": "S17", "ESTADO": "Nuevo León", "MUNICIPIO": "Lampazos Naranjo", "TIPO DE PROPIEDAD": "Privada", "PROPIETARIO O PARCELA": "Bernado Ramirez (Mina) / Marcos Guillermo Rodriguez Cortes", "EJIDO": "N/A", "M2": null, "KM INIICIO": 246.73945, "KM FIN": 249.06443, "KM LINEALES": 2.32498, "KM EFECTIVOS": 2.32498, "ESTATUS": "NO LIBERADO", "IDENTIFICACIÓN O ACERCAMIENTO": true, "ANUENCIA": true, "LEVANTAMIENTO": "EN ACTUALIZACIÓN", "NEGOCIACIÓN O ASAMBLEA": false, "C.O.P": "NO", "ESTATUS ACTUAL": "En proceso de Acercamiento", "REGISTRO EXCEL": "SI", "TIPO_LIBERACION": "DDV Troncal" }, "geometry": { "type": "MultiPolygon", "coordinates": [ [ [ [ -100.4979248, 26.7591933 ], [ -100.4969218, 26.7592623 ], [ -100.4970778, 26.7610843 ], [ -100.4902697, 26.7634423 ], [ -100.4902577, 26.7630343 ], [ -100.4902187, 26.7625263 ], [ -100.4901517, 26.7619963 ], [ -100.4896637, 26.7585933 ], [ -100.4868057, 26.7386903 ], [ -100.4962818, 26.7399373 ], [ -100.4979248, 26.7591933 ] ] ] ] } },
{ "type": "Feature", "properties": { "fid": 137, "CLAVE": "SNL-LAM-000-1-GS", "PROYECTO": "TSNL", "SEGMENTO": "17", "ESTADO": "Nuevo León", "MUNICIPIO": "Salinas Victoria", "TIPO DE PROPIEDAD": "Privada", "PROPIETARIO O PARCELA": "JOSE CATALINO MONTEMAYOR CARDENAS", "EJIDO": "N/A", "M2": null, "KM INIICIO": 234.80227, "KM FIN": 238.7901, "KM LINEALES": 3.98783, "KM EFECTIVOS": 3.98783, "ESTATUS": "NO LIBERADO", "IDENTIFICACIÓN O ACERCAMIENTO": true, "ANUENCIA": true, "LEVANTAMIENTO": "actualización", "NEGOCIACIÓN O ASAMBLEA": false, "C.O.P": "NO", "ESTATUS ACTUAL": "Ya se realizo el levantamiento topográfico en el predio. Se tiene comunicación con el propietario para continuar con el procedimiento. Falta que entregue documentación. No sé encontró documental en Registro (SEDATU)", "REGISTRO EXCEL": "SI", "TIPO_LIBERACION": null }, "geometry": { "type": "MultiPolygon", "coordinates": [ [ [ [ -100.487217786290998, 26.632533988642983 ], [ -100.4902296597879, 26.668062346482458 ], [ -100.476220815570997, 26.665667917473449 ], [ -100.472503969241998, 26.638712162626735 ], [ -100.487217786290998, 26.632533988642983 ] ] ] ] } },
{ "type": "Feature", "properties": { "fid": 138, "CLAVE": "SNL-LAM-000-2-GS", "PROYECTO": "TSNL", "SEGMENTO": "17", "ESTADO": "Nuevo León", "MUNICIPIO": "Salinas Victoria", "TIPO DE PROPIEDAD": "Privada", "PROPIETARIO O PARCELA": null, "EJIDO": null, "M2": null, "KM INIICIO": null, "KM FIN": null, "KM LINEALES": null, "KM EFECTIVOS": null, "ESTATUS": "NO LIBERADO", "IDENTIFICACIÓN O ACERCAMIENTO": null, "ANUENCIA": null, "LEVANTAMIENTO": null, "NEGOCIACIÓN O ASAMBLEA": null, "C.O.P": null, "ESTATUS ACTUAL": null, "REGISTRO EXCEL": "SI CON OTR", "TIPO_LIBERACION": null }, "geometry": { "type": "MultiPolygon", "coordinates": [ [ [ [ -100.487217786290998, 26.632533988642983 ], [ -100.4902296597879, 26.668062346482458 ], [ -100.476220815570997, 26.665667917473449 ], [ -100.472503969241998, 26.638712162626735 ], [ -100.487217786290998, 26.632533988642983 ] ] ] ] } },
{ "type": "Feature", "properties": { "fid": 139, "CLAVE": "SNL-LAM-000-3-GS", "PROYECTO": "TSNL", "SEGMENTO": "17", "ESTADO": "Nuevo León", "MUNICIPIO": "Salinas Victoria", "TIPO DE PROPIEDAD": "Privada", "PROPIETARIO O PARCELA": null, "EJIDO": null, "M2": null, "KM INIICIO": null, "KM FIN": null, "KM LINEALES": null, "KM EFECTIVOS": null, "ESTATUS": "NO LIBERADO", "IDENTIFICACIÓN O ACERCAMIENTO": null, "ANUENCIA": null, "LEVANTAMIENTO": null, "NEGOCIACIÓN O ASAMBLEA": null, "C.O.P": null, "ESTATUS ACTUAL": null, "REGISTRO EXCEL": "SI CON OTR", "TIPO_LIBERACION": null }, "geometry": { "type": "MultiPolygon", "coordinates": [ [ [ [ -100.487217786290998, 26.632533988642983 ], [ -100.4902296597879, 26.668062346482458 ], [ -100.476220815570997, 26.665667917473449 ], [ -100.472503969241998, 26.638712162626735 ], [ -100.487217786290998, 26.632533988642983 ] ] ] ] } },
{ "type": "Feature", "properties": { "fid": 140, "CLAVE": "SNL-LAM-000-4-GS", "PROYECTO": "TSNL", "SEGMENTO": "17", "ESTADO": "Nuevo León", "MUNICIPIO": "Salinas Victoria", "TIPO DE PROPIEDAD": "Privada", "PROPIETARIO O PARCELA": null, "EJIDO": null, "M2": null, "KM INIICIO": null, "KM FIN": null, "KM LINEALES": null, "KM EFECTIVOS": null, "ESTATUS": "NO LIBERADO", "IDENTIFICACIÓN O ACERCAMIENTO": null, "ANUENCIA": null, "LEVANTAMIENTO": null, "NEGOCIACIÓN O ASAMBLEA": null, "C.O.P": null, "ESTATUS ACTUAL": null, "REGISTRO EXCEL": "SI CON OTR", "TIPO_LIBERACION": null }, "geometry": { "type": "MultiPolygon", "coordinates": [ [ [ [ -100.487217786290998, 26.632533988642983 ], [ -100.4902296597879, 26.668062346482458 ], [ -100.476220815570997, 26.665667917473449 ], [ -100.472503969241998, 26.638712162626735 ], [ -100.487217786290998, 26.632533988642983 ] ] ] ] } },
{ "type": "Feature", "properties": { "fid": 141, "CLAVE": "SNL-LAM-000-5-GS", "PROYECTO": "TSNL", "SEGMENTO": "17", "ESTADO": "Nuevo León", "MUNICIPIO": "Salinas Victoria", "TIPO DE PROPIEDAD": "Privada", "PROPIETARIO O PARCELA": null, "EJIDO": null, "M2": null, "KM INIICIO": null, "KM FIN": null, "KM LINEALES": null, "KM EFECTIVOS": null, "ESTATUS": "NO LIBERADO", "IDENTIFICACIÓN O ACERCAMIENTO": null, "ANUENCIA": null, "LEVANTAMIENTO": null, "NEGOCIACIÓN O ASAMBLEA": null, "C.O.P": null, "ESTATUS ACTUAL": null, "REGISTRO EXCEL": "SI CON OTR", "TIPO_LIBERACION": null }, "geometry": { "type": "MultiPolygon", "coordinates": [ [ [ [ -100.487217786290998, 26.632533988642983 ], [ -100.4902296597879, 26.668062346482458 ], [ -100.476220815570997, 26.665667917473449 ], [ -100.472503969241998, 26.638712162626735 ], [ -100.487217786290998, 26.632533988642983 ] ] ] ] } },
{ "type": "Feature", "properties": { "fid": 142, "CLAVE": "SNL-LAM-000-6-GS", "PROYECTO": "TSNL", "SEGMENTO": "17", "ESTADO": "Nuevo León", "MUNICIPIO": "Salinas Victoria", "TIPO DE PROPIEDAD": "Privada", "PROPIETARIO O PARCELA": null, "EJIDO": null, "M2": null, "KM INIICIO": null, "KM FIN": null, "KM LINEALES": null, "KM EFECTIVOS": null, "ESTATUS": "NO LIBERADO", "IDENTIFICACIÓN O ACERCAMIENTO": null, "ANUENCIA": null, "LEVANTAMIENTO": null, "NEGOCIACIÓN O ASAMBLEA": null, "C.O.P": null, "ESTATUS ACTUAL": null, "REGISTRO EXCEL": "SI CON OTR", "TIPO_LIBERACION": null }, "geometry": { "type": "MultiPolygon", "coordinates": [ [ [ [ -100.487217786290998, 26.632533988642983 ], [ -100.4902296597879, 26.668062346482458 ], [ -100.476220815570997, 26.665667917473449 ], [ -100.472503969241998, 26.638712162626735 ], [ -100.487217786290998, 26.632533988642983 ] ] ] ] } },
{ "type": "Feature", "properties": { "fid": 143, "CLAVE": "SNL-LAM-000-7-GS", "PROYECTO": "TSNL", "SEGMENTO": "17", "ESTADO": "Nuevo León", "MUNICIPIO": "Salinas Victoria", "TIPO DE PROPIEDAD": "Privada", "PROPIETARIO O PARCELA": null, "EJIDO": null, "M2": null, "KM INIICIO": null, "KM FIN": null, "KM LINEALES": null, "KM EFECTIVOS": null, "ESTATUS": "NO LIBERADO", "IDENTIFICACIÓN O ACERCAMIENTO": null, "ANUENCIA": null, "LEVANTAMIENTO": null, "NEGOCIACIÓN O ASAMBLEA": null, "C.O.P": null, "ESTATUS ACTUAL": null, "REGISTRO EXCEL": "SI CON OTR", "TIPO_LIBERACION": null }, "geometry": { "type": "MultiPolygon", "coordinates": [ [ [ [ -100.487217786290998, 26.632533988642983 ], [ -100.4902296597879, 26.668062346482458 ], [ -100.476220815570997, 26.665667917473449 ], [ -100.472503969241998, 26.638712162626735 ], [ -100.487217786290998, 26.632533988642983 ] ] ] ] } },
{ "type": "Feature", "properties": { "fid": 144, "CLAVE": "SNL-LAM-000-8-GS", "PROYECTO": "TSNL", "SEGMENTO": "17", "ESTADO": "Nuevo León", "MUNICIPIO": "Lampazos Naranjo", "TIPO DE PROPIEDAD": "Privada", "PROPIETARIO O PARCELA": null, "EJIDO": null, "M2": null, "KM INIICIO": null, "KM FIN": null, "KM LINEALES": null, "KM EFECTIVOS": null, "ESTATUS": "NO LIBERADO", "IDENTIFICACIÓN O ACERCAMIENTO": null, "ANUENCIA": null, "LEVANTAMIENTO": null, "NEGOCIACIÓN O ASAMBLEA": null, "C.O.P": null, "ESTATUS ACTUAL": null, "REGISTRO EXCEL": "SI CON OTR", "TIPO_LIBERACION": null }, "geometry": { "type": "MultiPolygon", "coordinates": [ [ [ [ -100.487217786290998, 26.632533988642983 ], [ -100.4902296597879, 26.668062346482458 ], [ -100.476220815570997, 26.665667917473449 ], [ -100.472503969241998, 26.638712162626735 ], [ -100.487217786290998, 26.632533988642983 ] ] ] ] } },
{ "type": "Feature", "properties": { "fid": 145, "CLAVE": "SNL-LAM-001-2-GS", "PROYECTO": "TSNL", "SEGMENTO": "17", "ESTADO": "Nuevo León", "MUNICIPIO": "Lampazos Naranjo", "TIPO DE PROPIEDAD": "Privada", "PROPIETARIO O PARCELA": "JOSE CATALINO MONTEMAYOR CARDENAS", "EJIDO": "N/A", "M2": null, "KM INIICIO": 234.80227, "KM FIN": 238.7901, "KM LINEALES": 3.98783, "KM EFECTIVOS": 3.98783, "ESTATUS": "NO LIBERADO", "IDENTIFICACIÓN O ACERCAMIENTO": true, "ANUENCIA": true, "LEVANTAMIENTO": "En actualización", "NEGOCIACIÓN O ASAMBLEA": false, "C.O.P": "NO", "ESTATUS ACTUAL": "Ya se realizo el levantamiento topográfico en el predio. Se tiene comunicación con el propietario para continuar con el procedimiento. Falta que entregue documentación. No sé encontró documental en Registro (SEDATU)", "REGISTRO EXCEL": "SI", "TIPO_LIBERACION": null }, "geometry": { "type": "MultiPolygon", "coordinates": [ [ [ [ -100.484177, 26.7230756 ], [ -100.494732, 26.7227976 ], [ -100.4962818, 26.7399373 ], [ -100.4868057, 26.7386903 ], [ -100.484177, 26.7230756 ] ] ] ] } },
{ "type": "Feature", "properties": { "fid": 146, "CLAVE": "SNL-LAM-001-3-GS", "PROYECTO": "TSNL", "SEGMENTO": "17", "ESTADO": "Nuevo León", "MUNICIPIO": "Lampazos Naranjo", "TIPO DE PROPIEDAD": "Privada", "PROPIETARIO O PARCELA": null, "EJIDO": null, "M2": null, "KM INIICIO": null, "KM FIN": null, "KM LINEALES": null, "KM EFECTIVOS": null, "ESTATUS": "NO LIBERADO", "IDENTIFICACIÓN O ACERCAMIENTO": null, "ANUENCIA": null, "LEVANTAMIENTO": null, "NEGOCIACIÓN O ASAMBLEA": null, "C.O.P": null, "ESTATUS ACTUAL": null, "REGISTRO EXCEL": "SI CON OTR", "TIPO_LIBERACION": null }, "geometry": { "type": "MultiPolygon", "coordinates": [ [ [ [ -100.484177, 26.7230756 ], [ -100.494732, 26.7227976 ], [ -100.4962818, 26.7399373 ], [ -100.4868057, 26.7386903 ], [ -100.484177, 26.7230756 ] ] ] ] } },
{ "type": "Feature", "properties": { "fid": 147, "CLAVE": "SNL-LAM-001-4-GS", "PROYECTO": "TSNL", "SEGMENTO": "17", "ESTADO": "Nuevo León", "MUNICIPIO": "Lampazos Naranjo", "TIPO DE PROPIEDAD": "Privada", "PROPIETARIO O PARCELA": null, "EJIDO": null, "M2": null, "KM INIICIO": null, "KM FIN": null, "KM LINEALES": null, "KM EFECTIVOS": null, "ESTATUS": "NO LIBERADO", "IDENTIFICACIÓN O ACERCAMIENTO": null, "ANUENCIA": null, "LEVANTAMIENTO": null, "NEGOCIACIÓN O ASAMBLEA": null, "C.O.P": null, "ESTATUS ACTUAL": null, "REGISTRO EXCEL": "SI CON OTR", "TIPO_LIBERACION": null }, "geometry": { "type": "MultiPolygon", "coordinates": [ [ [ [ -100.484177, 26.7230756 ], [ -100.494732, 26.7227976 ], [ -100.4962818, 26.7399373 ], [ -100.4868057, 26.7386903 ], [ -100.484177, 26.7230756 ] ] ] ] } },
{ "type": "Feature", "properties": { "fid": 148, "CLAVE": "N/D", "PROYECTO": "TSNL", "SEGMENTO": "S17", "ESTADO": "Nuevo León", "MUNICIPIO": "Bustamante", "TIPO DE PROPIEDAD": "Social", "PROPIETARIO O PARCELA": "Uso Comun Ejido N.C.P.E. Francisco Villa", "EJIDO": "FRANCISCO VILLA", "M2": null, "KM INIICIO": null, "KM FIN": null, "KM LINEALES": 0.0, "KM EFECTIVOS": 0.0, "ESTATUS": "NO LIBERADO", "IDENTIFICACIÓN O ACERCAMIENTO": true, "ANUENCIA": true, "LEVANTAMIENTO": "EN ACTUALIZACIÓN", "NEGOCIACIÓN O ASAMBLEA": false, "C.O.P": "NO", "ESTATUS ACTUAL": null, "REGISTRO EXCEL": "NO", "TIPO_LIBERACION": null }, "geometry": { "type": "MultiPolygon", "coordinates": [ [ [ [ -100.485919022065602, 26.616982294706009 ], [ -100.483412214757607, 26.617423279083091 ], [ -100.483145654392999, 26.616469783940008 ], [ -100.485848298719702, 26.615923620507413 ], [ -100.485919022065602, 26.616982294706009 ] ] ] ] } },
{ "type": "Feature", "properties": { "fid": 149, "CLAVE": "SNL-BUS-000-1", "PROYECTO": "TSNL", "SEGMENTO": "17", "ESTADO": "Nuevo León", "MUNICIPIO": "Bustamante", "TIPO DE PROPIEDAD": "Privada", "PROPIETARIO O PARCELA": "ELVIRO LUIS GARZA MARTINEZ/ Marybel Rmz", "EJIDO": "N/A", "M2": null, "KM INIICIO": 229.54777, "KM FIN": 231.08107, "KM LINEALES": 1.5333, "KM EFECTIVOS": 1.5333, "ESTATUS": "NO LIBERADO", "IDENTIFICACIÓN O ACERCAMIENTO": true, "ANUENCIA": true, "LEVANTAMIENTO": "En actualización", "NEGOCIACIÓN O ASAMBLEA": false, "C.O.P": "NO", "ESTATUS ACTUAL": "En proceso de Acercamiento", "REGISTRO EXCEL": "SI", "TIPO_LIBERACION": null }, "geometry": { "type": "MultiPolygon", "coordinates": [ [ [ [ -100.483233362776403, 26.584994662878692 ], [ -100.480651686353895, 26.585428582632471 ], [ -100.4806359403794, 26.584761053631652 ], [ -100.483156297858699, 26.583945769942098 ], [ -100.483233362776403, 26.584994662878692 ] ] ] ] } },
{ "type": "Feature", "properties": { "fid": 150, "CLAVE": "SNL-VIL-004", "PROYECTO": "TSNL", "SEGMENTO": "17", "ESTADO": "Nuevo León", "MUNICIPIO": "Villaldama", "TIPO DE PROPIEDAD": null, "PROPIETARIO O PARCELA": null, "EJIDO": null, "M2": null, "KM INIICIO": null, "KM FIN": null, "KM LINEALES": null, "KM EFECTIVOS": null, "ESTATUS": "NO LIBERADO", "IDENTIFICACIÓN O ACERCAMIENTO": null, "ANUENCIA": null, "LEVANTAMIENTO": null, "NEGOCIACIÓN O ASAMBLEA": null, "C.O.P": null, "ESTATUS ACTUAL": null, "REGISTRO EXCEL": "NO", "TIPO_LIBERACION": null }, "geometry": { "type": "MultiPolygon", "coordinates": [ [ [ [ -100.442373, 26.504876 ], [ -100.442784, 26.504655 ], [ -100.442521, 26.504424 ], [ -100.442233, 26.504171 ], [ -100.442208, 26.50415 ], [ -100.441988, 26.504246 ], [ -100.441723, 26.50436 ], [ -100.441015, 26.503737 ], [ -100.440796, 26.503536 ], [ -100.441049, 26.503488 ], [ -100.441088, 26.503481 ], [ -100.44134, 26.503439 ], [ -100.441736, 26.503381 ], [ -100.441929, 26.503339 ], [ -100.441977, 26.503334 ], [ -100.44204, 26.50353 ], [ -100.442294, 26.503488 ], [ -100.442361, 26.50372 ], [ -100.442452, 26.504032 ], [ -100.443138, 26.503699 ], [ -100.443525, 26.503512 ], [ -100.445049, 26.50558 ], [ -100.445315, 26.505941 ], [ -100.446206, 26.507317 ], [ -100.44632, 26.507513 ], [ -100.446475, 26.507774 ], [ -100.446624, 26.507993 ], [ -100.446802, 26.508292 ], [ -100.44701, 26.508578 ], [ -100.447208, 26.508875 ], [ -100.447326, 26.509056 ], [ -100.44735, 26.509101 ], [ -100.447276, 26.509143 ], [ -100.447163, 26.508998 ], [ -100.446997, 26.508791 ], [ -100.446644, 26.508503 ], [ -100.444162, 26.506389 ], [ -100.442965, 26.50537 ], [ -100.442657, 26.505118 ], [ -100.442373, 26.504876 ] ] ] ] } },
{ "type": "Feature", "properties": { "fid": 151, "CLAVE": "SNL-VIL-005", "PROYECTO": "TSNL", "SEGMENTO": "S17", "ESTADO": "Nuevo León", "MUNICIPIO": "Villaldama", "TIPO DE PROPIEDAD": "Privada", "PROPIETARIO O PARCELA": "Leo Eduardo Villarreal Villarreal", "EJIDO": "N/A", "M2": null, "KM INIICIO": 222.6057, "KM FIN": 224.71302, "KM LINEALES": 2.10732, "KM EFECTIVOS": 2.10732, "ESTATUS": "NO LIBERADO", "IDENTIFICACIÓN O ACERCAMIENTO": true, "ANUENCIA": true, "LEVANTAMIENTO": "EN ACTUALIZACIÓN", "NEGOCIACIÓN O ASAMBLEA": false, "C.O.P": "NO", "ESTATUS ACTUAL": "Recopilación Expediente SEDATU/RAN", "REGISTRO EXCEL": "SI", "TIPO_LIBERACION": "DDV Troncal" }, "geometry": { "type": "MultiPolygon", "coordinates": [ [ [ [ -100.45487, 26.537504 ], [ -100.457611, 26.536954 ], [ -100.458835, 26.536708 ], [ -100.459535, 26.536567 ], [ -100.459792, 26.536516 ], [ -100.460284, 26.536417 ], [ -100.460768, 26.536205 ], [ -100.461583, 26.535849 ], [ -100.460882, 26.534223 ], [ -100.460012, 26.534449 ], [ -100.459464, 26.534591 ], [ -100.459066, 26.534828 ], [ -100.458337, 26.535262 ], [ -100.458237, 26.535321 ], [ -100.457179, 26.535951 ], [ -100.454793, 26.537371 ], [ -100.449895, 26.532191 ], [ -100.451147, 26.531242 ], [ -100.452767, 26.532467 ], [ -100.454798, 26.532657 ], [ -100.456904, 26.530409 ], [ -100.457042, 26.529538 ], [ -100.457856, 26.527524 ], [ -100.467107, 26.544495 ], [ -100.45916, 26.546124 ], [ -100.458462, 26.541335 ], [ -100.45487, 26.537504 ] ] ] ] } },
{ "type": "Feature", "properties": { "fid": 152, "CLAVE": "SNL-VIL-006", "PROYECTO": "TSNL", "SEGMENTO": "17", "ESTADO": "Nuevo León", "MUNICIPIO": "Villaldama", "TIPO DE PROPIEDAD": null, "PROPIETARIO O PARCELA": null, "EJIDO": null, "M2": null, "KM INIICIO": null, "KM FIN": null, "KM LINEALES": null, "KM EFECTIVOS": null, "ESTATUS": "NO LIBERADO", "IDENTIFICACIÓN O ACERCAMIENTO": null, "ANUENCIA": null, "LEVANTAMIENTO": null, "NEGOCIACIÓN O ASAMBLEA": null, "C.O.P": null, "ESTATUS ACTUAL": null, "REGISTRO EXCEL": "NO", "TIPO_LIBERACION": null }, "geometry": { "type": "MultiPolygon", "coordinates": [ [ [ [ -100.463383, 26.545614 ], [ -100.463948, 26.547747 ], [ -100.46498, 26.547216 ], [ -100.466262, 26.546557 ], [ -100.467649, 26.547838 ], [ -100.468653, 26.547401 ], [ -100.469061, 26.548166 ], [ -100.469053, 26.548168 ], [ -100.459738, 26.549652 ], [ -100.459418, 26.547373 ], [ -100.460395, 26.547166 ], [ -100.461372, 26.546959 ], [ -100.461246, 26.546063 ], [ -100.463383, 26.545614 ] ] ] ] } },
{ "type": "Feature", "properties": { "fid": 153, "CLAVE": "SNL-VIL-007", "PROYECTO": "TSNL", "SEGMENTO": "17", "ESTADO": "Nuevo León", "MUNICIPIO": "Villaldama", "TIPO DE PROPIEDAD": null, "PROPIETARIO O PARCELA": null, "EJIDO": null, "M2": null, "KM INIICIO": null, "KM FIN": null, "KM LINEALES": null, "KM EFECTIVOS": null, "ESTATUS": "NO LIBERADO", "IDENTIFICACIÓN O ACERCAMIENTO": null, "ANUENCIA": null, "LEVANTAMIENTO": null, "NEGOCIACIÓN O ASAMBLEA": null, "C.O.P": null, "ESTATUS ACTUAL": null, "REGISTRO EXCEL": "NO", "TIPO_LIBERACION": null }, "geometry": { "type": "MultiPolygon", "coordinates": [ [ [ [ -100.466262, 26.546557 ], [ -100.46498, 26.547216 ], [ -100.463948, 26.547747 ], [ -100.463383, 26.545614 ], [ -100.465911, 26.545072 ], [ -100.465259, 26.546359 ], [ -100.467902, 26.546007 ], [ -100.468653, 26.547401 ], [ -100.467649, 26.547838 ], [ -100.466262, 26.546557 ] ] ] ] } },
{ "type": "Feature", "properties": { "fid": 154, "CLAVE": "SNL-VIL-008", "PROYECTO": "TSNL", "SEGMENTO": "17", "ESTADO": "Nuevo León", "MUNICIPIO": "Villaldama", "TIPO DE PROPIEDAD": null, "PROPIETARIO O PARCELA": null, "EJIDO": null, "M2": null, "KM INIICIO": null, "KM FIN": null, "KM LINEALES": null, "KM EFECTIVOS": null, "ESTATUS": "NO LIBERADO", "IDENTIFICACIÓN O ACERCAMIENTO": null, "ANUENCIA": null, "LEVANTAMIENTO": null, "NEGOCIACIÓN O ASAMBLEA": null, "C.O.P": null, "ESTATUS ACTUAL": null, "REGISTRO EXCEL": "NO", "TIPO_LIBERACION": null }, "geometry": { "type": "MultiPolygon", "coordinates": [ [ [ [ -100.459738, 26.549652 ], [ -100.469053, 26.548168 ], [ -100.470197, 26.550378 ], [ -100.468125, 26.5512 ], [ -100.468283, 26.551585 ], [ -100.469553, 26.554692 ], [ -100.470789, 26.557715 ], [ -100.47098, 26.558181 ], [ -100.472105, 26.560934 ], [ -100.473212, 26.563642 ], [ -100.473609, 26.564612 ], [ -100.473775, 26.565016 ], [ -100.47392, 26.565373 ], [ -100.474132, 26.56589 ], [ -100.475083, 26.568216 ], [ -100.475965, 26.570373 ], [ -100.476151, 26.570828 ], [ -100.473865, 26.572769 ], [ -100.466553, 26.575461 ], [ -100.463692, 26.576514 ], [ -100.463573, 26.576558 ], [ -100.463563, 26.576561 ], [ -100.462359, 26.568225 ], [ -100.461041, 26.558942 ], [ -100.459663, 26.549664 ], [ -100.459738, 26.549652 ] ] ] ] } },
{ "type": "Feature", "properties": { "fid": 155, "CLAVE": "SNL-VIL-004-2-GS", "PROYECTO": "TSNL", "SEGMENTO": "S17", "ESTADO": "Nuevo León", "MUNICIPIO": "Bustamante", "TIPO DE PROPIEDAD": "Privada", "PROPIETARIO O PARCELA": "Juan Antonio Ugarte Viejo", "EJIDO": "N/A", "M2": null, "KM INIICIO": 221.95304, "KM FIN": 222.24049, "KM LINEALES": 0.28745000000000687, "KM EFECTIVOS": 0.28745000000000687, "ESTATUS": "NO LIBERADO", "IDENTIFICACIÓN O ACERCAMIENTO": true, "ANUENCIA": true, "LEVANTAMIENTO": "EN ACTUALIZACIÓN", "NEGOCIACIÓN O ASAMBLEA": false, "C.O.P": "NO", "ESTATUS ACTUAL": "Recopilación Expediente SEDATU/RAN", "REGISTRO EXCEL": "SI", "TIPO_LIBERACION": "DDV Troncal" }, "geometry": { "type": "MultiPolygon", "coordinates": [ [ [ [ -100.447255, 26.509178 ], [ -100.455206, 26.52255 ], [ -100.455022, 26.522716 ], [ -100.454618, 26.522785 ], [ -100.454204, 26.522564 ], [ -100.45287, 26.52127 ], [ -100.452033, 26.519789 ], [ -100.451217, 26.519408 ], [ -100.449938, 26.518892 ], [ -100.449335, 26.518359 ], [ -100.448577, 26.517484 ], [ -100.447894, 26.516985 ], [ -100.447797, 26.516641 ], [ -100.447255, 26.516392 ], [ -100.446543, 26.516529 ], [ -100.446455, 26.516233 ], [ -100.446116, 26.516261 ], [ -100.444664, 26.515454 ], [ -100.444123, 26.515343 ], [ -100.443262, 26.514755 ], [ -100.442017, 26.514884 ], [ -100.439845, 26.513897 ], [ -100.439191, 26.513138 ], [ -100.447255, 26.509178 ] ] ] ] } },
{ "type": "Feature", "properties": { "fid": 156, "CLAVE": "N/D", "PROYECTO": "TSNL", "SEGMENTO": "S17", "ESTADO": "Nuevo León", "MUNICIPIO": "Salinas Victoria", "TIPO DE PROPIEDAD": "Social", "PROPIETARIO O PARCELA": "Uso Comun Ejido N.C.P.E. Francisco Villa", "EJIDO": "FRANCISCO VILLA", "M2": null, "KM INIICIO": null, "KM FIN": null, "KM LINEALES": 0.0, "KM EFECTIVOS": 0.0, "ESTATUS": "NO LIBERADO", "IDENTIFICACIÓN O ACERCAMIENTO": true, "ANUENCIA": true, "LEVANTAMIENTO": "EN ACTUALIZACIÓN", "NEGOCIACIÓN O ASAMBLEA": false, "C.O.P": "NO", "ESTATUS ACTUAL": null, "REGISTRO EXCEL": "NO", "TIPO_LIBERACION": null }, "geometry": { "type": "MultiPolygon", "coordinates": [ [ [ [ -100.317720294310419, 26.095818985540241 ], [ -100.315870898079098, 26.09669776563517 ], [ -100.315386980591995, 26.095219107441384 ], [ -100.317194513750593, 26.094480023662005 ], [ -100.317720294310419, 26.095818985540241 ] ] ] ] } },
{ "type": "Feature", "properties": { "fid": 157, "CLAVE": "N/D", "PROYECTO": "TSNL", "SEGMENTO": "S17", "ESTADO": "Nuevo León", "MUNICIPIO": "Salinas Victoria", "TIPO DE PROPIEDAD": "Social", "PROPIETARIO O PARCELA": "Uso Comun Ejido N.C.P.E. Francisco Villa", "EJIDO": "FRANCISCO VILLA", "M2": null, "KM INIICIO": null, "KM FIN": null, "KM LINEALES": 0.0, "KM EFECTIVOS": 0.0, "ESTATUS": "NO LIBERADO", "IDENTIFICACIÓN O ACERCAMIENTO": true, "ANUENCIA": true, "LEVANTAMIENTO": "EN ACTUALIZACIÓN", "NEGOCIACIÓN O ASAMBLEA": false, "C.O.P": "NO", "ESTATUS ACTUAL": null, "REGISTRO EXCEL": "NO", "TIPO_LIBERACION": null }, "geometry": { "type": "MultiPolygon", "coordinates": [ [ [ [ -100.3165859192505, 26.09297274813024 ], [ -100.313993788664902, 26.093624058932004 ], [ -100.313363578237499, 26.091403280450947 ], [ -100.315493436800296, 26.090251797037421 ], [ -100.3165859192505, 26.09297274813024 ] ] ] ] } },
{ "type": "Feature", "properties": { "fid": 158, "CLAVE": "SNL-SLV-023-1-GS", "PROYECTO": "TSNL", "SEGMENTO": "S16", "ESTADO": "Nuevo León", "MUNICIPIO": "Salinas Victoria", "TIPO DE PROPIEDAD": "Privada", "PROPIETARIO O PARCELA": "Martin Alfonso Gutierrez Escamilla", "EJIDO": "N/A", "M2": 1863.66, "KM INIICIO": 166.99184, "KM FIN": 167.08379, "KM LINEALES": 0.09194999999999709, "KM EFECTIVOS": 0.09194999999999709, "ESTATUS": "LIBERADO", "IDENTIFICACIÓN O ACERCAMIENTO": true, "ANUENCIA": true, "LEVANTAMIENTO": "CONCLUIDO", "NEGOCIACIÓN O ASAMBLEA": true, "C.O.P": "C.O.P", "ESTATUS ACTUAL": "Firmado COP/AOT", "REGISTRO EXCEL": "SI", "TIPO_LIBERACION": "Viaducto" }, "geometry": { "type": "MultiPolygon", "coordinates": [ [ [ [ -100.302588512828848, 26.052853276617938 ], [ -100.296191980502158, 26.05734660351672 ], [ -100.295230298041929, 26.05693146729941 ], [ -100.302501901675569, 26.05226342479839 ], [ -100.302588512828848, 26.052853276617938 ] ] ] ] } },
{ "type": "Feature", "properties": { "fid": 159, "CLAVE": "SNL-SLV-008-10-GS", "PROYECTO": null, "SEGMENTO": "S16", "ESTADO": "Nuevo León", "MUNICIPIO": "Salinas Victoria", "TIPO DE PROPIEDAD": "Privada", "PROPIETARIO O PARCELA": "Promotora Periferica Sa De Cv", "EJIDO": "N/A", "M2": null, "KM INIICIO": 159.54248, "KM FIN": 160.0996, "KM LINEALES": 0.55712, "KM EFECTIVOS": 0.55712, "ESTATUS": null, "IDENTIFICACIÓN O ACERCAMIENTO": true, "ANUENCIA": true, "LEVANTAMIENTO": "EN ACTUALIZACIÓN", "NEGOCIACIÓN O ASAMBLEA": false, "C.O.P": "NO", "ESTATUS ACTUAL": "Recopilación Expediente SEDATU/RAN", "REGISTRO EXCEL": "SI", "TIPO_LIBERACION": "DDV Troncal" }, "geometry": { "type": "MultiPolygon", "coordinates": [ [ [ [ -100.286576305300684, 25.987918399946118 ], [ -100.288129203353478, 25.992712671465444 ], [ -100.288009064972513, 25.992733635990895 ], [ -100.287974895966201, 25.992655306082035 ], [ -100.286582576992799, 25.988362325682246 ], [ -100.286442557882921, 25.987930580308063 ], [ -100.286573816446193, 25.987918055128841 ], [ -100.286576305300684, 25.987918399946118 ] ] ] ] } },
{ "type": "Feature", "properties": { "fid": 160, "CLAVE": "SNL-LAM-002", "PROYECTO": "TSNL", "SEGMENTO": "S17", "ESTADO": "Nuevo León", "MUNICIPIO": "Lampazos Naranjo", "TIPO DE PROPIEDAD": "Privada", "PROPIETARIO O PARCELA": "ALONSO QUIJANO DAVALOS Y TERESA QUIJANO DAVALOS", "EJIDO": "N/A", "M2": null, "KM INIICIO": 248.11216, "KM FIN": 251.64027, "KM LINEALES": 3.52811, "KM EFECTIVOS": 3.52811, "ESTATUS": "NO LIBERADO", "IDENTIFICACIÓN O ACERCAMIENTO": true, "ANUENCIA": true, "LEVANTAMIENTO": null, "NEGOCIACIÓN O ASAMBLEA": false, "C.O.P": "NO", "ESTATUS ACTUAL": "Se pospuso la firma del COP hasta en tanto se resuelva el tema del remanente del predio por la afectación. ", "REGISTRO EXCEL": "SI", "TIPO_LIBERACION": "DDV Troncal" }, "geometry": { "type": "MultiPolygon", "coordinates": [ [ [ [ -100.498105989846451, 26.760870348711279 ], [ -100.490298268401943, 26.763543425456358 ], [ -100.490341870284311, 26.784431793546592 ], [ -100.500028950786827, 26.783785743066435 ], [ -100.498105989846451, 26.760870348711279 ] ] ] ] } }
]
}
