{
"type": "FeatureCollection",
"name": "AP-T00-SDEF-01-V00-PLA-PR_PRG-36779_25-A02",
"crs": { "type": "name", "properties": { "name": "urn:ogc:def:crs:OGC:1.3:CRS84" } },
"features": [
{ "type": "Feature", "properties": { }, "geometry": { "type": "Polygon", "coordinates": [ [ [ -98.934750792721246, 19.833083612583284 ], [ -98.929849596854993, 19.836900203763026 ], [ -98.929815742966014, 19.836926422425989 ], [ -98.929783446872008, 19.836951434616015 ], [ -98.929775882336997, 19.836956856806982 ], [ -98.929768390221, 19.83696236829601 ], [ -98.929760971701995, 19.83696796821998 ], [ -98.929753627945004, 19.836973655698003 ], [ -98.929746360105, 19.836979429835008 ], [ -98.929739169323, 19.836985289726009 ], [ -98.929732056728994, 19.836991234449009 ], [ -98.929724492190005, 19.836996656637005 ], [ -98.929717000069999, 19.837002168124013 ], [ -98.929709581547996, 19.837007768045996 ], [ -98.929702237786998, 19.837013455520992 ], [ -98.929694969943, 19.83701922965702 ], [ -98.929687779157007, 19.837025089545019 ], [ -98.929680666560003, 19.837031034266019 ], [ -98.929673084059999, 19.837036434020046 ], [ -98.929665537473994, 19.837041878636981 ], [ -98.929658027098014, 19.83704736790499 ], [ -98.929650553227006, 19.837052901607024 ], [ -98.929643116153997, 19.837058479527016 ], [ -98.929635716172001, 19.837064101444003 ], [ -98.929628353571005, 19.837069767139006 ], [ -98.92962102864, 19.837075476388993 ], [ -98.929613741668007, 19.837081228969033 ], [ -98.929606492939996, 19.837087024652998 ], [ -98.929599282741009, 19.837092863214014 ], [ -98.929592111355007, 19.83709874442199 ], [ -98.929584979062994, 19.837104668047012 ], [ -98.929577886144997, 19.837110633856021 ], [ -98.929570390758002, 19.837116181381994 ], [ -98.929562960666999, 19.837121807012007 ], [ -98.929555596781995, 19.83712751005902 ], [ -98.929548300003006, 19.837133289824958 ], [ -98.929541071222999, 19.837139145602972 ], [ -98.929533575833005, 19.837144693127033 ], [ -98.929526145739999, 19.837150318755999 ], [ -98.929518781851996, 19.837156021802002 ], [ -98.929511485069995, 19.83716180156603 ], [ -98.929504256287998, 19.837167657343006 ], [ -98.929496760895006, 19.837173204864989 ], [ -98.929489330799001, 19.837178830493002 ], [ -98.929481966908995, 19.837184533536991 ], [ -98.929474670125003, 19.837190313300031 ], [ -98.929467441339995, 19.837196169074037 ], [ -98.929458133454006, 19.837203176592002 ], [ -98.929449033861005, 19.837210424937012 ], [ -98.929439457409003, 19.837217130553018 ], [ -98.929430617457001, 19.837224687707991 ], [ -98.929423250336001, 19.837230374933984 ], [ -98.929415890689995, 19.837236070819014 ], [ -98.929408538529998, 19.837241775355992 ], [ -98.929401193866994, 19.837247488534 ], [ -98.929393856714, 19.837253210344986 ], [ -98.929386527080993, 19.837258940781005 ], [ -98.929379204979, 19.837264679832007 ], [ -98.929371890420015, 19.83727042748999 ], [ -98.929364583416017, 19.837276183745004 ], [ -98.929357283976998, 19.837281948589983 ], [ -98.929349992114993, 19.83728772201399 ], [ -98.929342707841002, 19.837293504009015 ], [ -98.929335431165995, 19.837299294566012 ], [ -98.929328162101996, 19.83730509367701 ], [ -98.929320900658993, 19.837310901330998 ], [ -98.929313646850019, 19.837316717521009 ], [ -98.929306400683998, 19.837322542237004 ], [ -98.929299162174004, 19.837328375470026 ], [ -98.929291931331008, 19.837334217211016 ], [ -98.929284708165, 19.837340067452015 ], [ -98.929277482371006, 19.837345878812034 ], [ -98.929270260161005, 19.837351694161995 ], [ -98.929263041539002, 19.837357513498027 ], [ -98.929255826505994, 19.837363336818999 ], [ -98.929248615065006, 19.837369164124006 ], [ -98.929241407218001, 19.837374995409004 ], [ -98.929234202968999, 19.83738083067399 ], [ -98.929227002318996, 19.83738666991502 ], [ -98.929219805271003, 19.837392513132041 ], [ -98.929212611826998, 19.837398360322005 ], [ -98.929205421990005, 19.837404211482998 ], [ -98.929198235762996, 19.837410066612989 ], [ -98.929191053145999, 19.837415925710026 ], [ -98.929183874144996, 19.837421788773 ], [ -98.929176698758994, 19.837427655797978 ], [ -98.929169526993007, 19.837433526784991 ], [ -98.929162358848004, 19.837439401731007 ], [ -98.929155194326995, 19.837445280634032 ], [ -98.929148033432, 19.837451163491991 ], [ -98.929140876166002, 19.837457050303996 ], [ -98.929133344937, 19.837463252268009 ], [ -98.929125817813002, 19.837469458691967 ], [ -98.929118294795003, 19.837475669575031 ], [ -98.929110775888006, 19.837481884911991 ], [ -98.929103261093999, 19.837488104703013 ], [ -98.929095750415996, 19.837494328944974 ], [ -98.929088243856995, 19.837500557634005 ], [ -98.929081098690006, 19.83750649424001 ], [ -98.929073957759996, 19.837512435411988 ], [ -98.929066821072993, 19.837518381144996 ], [ -98.929059688630005, 19.837524331438001 ], [ -98.929052560436006, 19.837530286288004 ], [ -98.929045436492999, 19.837536245690991 ], [ -98.929038316805006, 19.837542209646998 ], [ -98.929031201374016, 19.837548178151003 ], [ -98.929024090205004, 19.837554151200003 ], [ -98.929016983300997, 19.837560128794017 ], [ -98.929009880663997, 19.837566110926986 ], [ -98.929002782297005, 19.837572097598979 ], [ -98.928995688205006, 19.837578088804992 ], [ -98.928988598391001, 19.837584084543998 ], [ -98.928981512857007, 19.83759008481201 ], [ -98.928974431607003, 19.837596089607999 ], [ -98.928967354644001, 19.837602098927004 ], [ -98.928960281971001, 19.837608112768002 ], [ -98.928953213591996, 19.837614131127001 ], [ -98.928946149509002, 19.837620154002011 ], [ -98.928939089726995, 19.837626181389986 ], [ -98.928932034248021, 19.837632213289009 ], [ -98.928924983075007, 19.837638249695011 ], [ -98.928917936212002, 19.837644290607003 ], [ -98.928910893660998, 19.837650336019991 ], [ -98.928903855426995, 19.837656385932995 ], [ -98.928896821511998, 19.837662440341994 ], [ -98.928889791919005, 19.837668499244987 ], [ -98.928882766653004, 19.837674562638998 ], [ -98.928875745715004, 19.837680630522016 ], [ -98.928868729108999, 19.837686702890011 ], [ -98.928861716838, 19.837692779741001 ], [ -98.928854708906002, 19.837698861071992 ], [ -98.928847705316002, 19.837704946879992 ], [ -98.928840706071, 19.837711037163004 ], [ -98.928833711172999, 19.837717131917003 ], [ -98.928826720627001, 19.837723231140007 ], [ -98.928819734434995, 19.837729334828996 ], [ -98.928812752601004, 19.837735442982037 ], [ -98.928805775128012, 19.83774155559502 ], [ -98.928798802019003, 19.837747672666016 ], [ -98.928791833277003, 19.837753794192011 ], [ -98.928784868906007, 19.837759920170011 ], [ -98.928777908908003, 19.837766050596997 ], [ -98.928770953286005, 19.83777218547101 ], [ -98.928764002045, 19.837778324788992 ], [ -98.928757055187006, 19.837784468547987 ], [ -98.928750112714994, 19.837790616745 ], [ -98.928743174632004, 19.837796769377992 ], [ -98.928736240942001, 19.837802926442002 ], [ -98.928729311647004, 19.837809087936975 ], [ -98.928722386752, 19.837815253859013 ], [ -98.928715466259007, 19.837821424204989 ], [ -98.928708550170001, 19.837827598971977 ], [ -98.928701638491006, 19.837833778157989 ], [ -98.928694731221995, 19.837839961758959 ], [ -98.928687828368993, 19.837846149772986 ], [ -98.928680929932995, 19.837852342197973 ], [ -98.928674035917993, 19.837858539029007 ], [ -98.928667146327001, 19.837864740264955 ], [ -98.928660261163998, 19.837870945902999 ], [ -98.928653151917999, 19.837877361895018 ], [ -98.928646046954995, 19.837883782134003 ], [ -98.928638946277005, 19.837890206616009 ], [ -98.928631849888006, 19.837896635340037 ], [ -98.928624757788995, 19.837903068303007 ], [ -98.928617669984007, 19.837909505502008 ], [ -98.928610586475003, 19.837915946934988 ], [ -98.928603507266004, 19.837922392598003 ], [ -98.928596432359001, 19.837928842489998 ], [ -98.928589361757005, 19.837935296609039 ], [ -98.928582295463002, 19.837941754950002 ], [ -98.928575474835, 19.837947996076014 ], [ -98.928568657775003, 19.837954240690976 ], [ -98.928561844282996, 19.837960488791996 ], [ -98.928555034362006, 19.837966740378988 ], [ -98.928548228013, 19.837972995449004 ], [ -98.928541425239004, 19.837979254 ], [ -98.928534626043003, 19.837985516030045 ], [ -98.928527830424002, 19.837991781538978 ], [ -98.928521038387004, 19.837998050522984 ], [ -98.928514249932007, 19.838004322982009 ], [ -98.928507465061998, 19.838010598912014 ], [ -98.928500683779006, 19.838016878313031 ], [ -98.928493906084, 19.838023161182988 ], [ -98.928487131980006, 19.838029447519006 ], [ -98.928480361468999, 19.838035737320013 ], [ -98.928473594552003, 19.838042030583999 ], [ -98.928466831232001, 19.838048327310002 ], [ -98.928460071510017, 19.838054627493996 ], [ -98.928453315389007, 19.838060931137012 ], [ -98.928446562869993, 19.838067238234007 ], [ -98.928439797917008, 19.838073562589013 ], [ -98.928433035314995, 19.838079889194013 ], [ -98.928426275064993, 19.838086218051011 ], [ -98.928419517167001, 19.838092549156997 ], [ -98.928412761624003, 19.838098882512003 ], [ -98.928406008435005, 19.838105218115999 ], [ -98.928399257601995, 19.838111555966968 ], [ -98.928392509124009, 19.838117896065025 ], [ -98.928385763004002, 19.838124238408 ], [ -98.928379019242001, 19.838130582997003 ], [ -98.928372277837994, 19.838136929830984 ], [ -98.928365538793997, 19.838143278906987 ], [ -98.928358802109997, 19.83814963022699 ], [ -98.928352067787998, 19.838155983789012 ], [ -98.928345335827004, 19.838162339591968 ], [ -98.92833860623, 19.83816869763502 ], [ -98.928331878996019, 19.838175057918992 ], [ -98.928325154126995, 19.838181420440989 ], [ -98.928318431622998, 19.838187785201022 ], [ -98.928311711484994, 19.838194152198014 ], [ -98.928304985967998, 19.838200528190981 ], [ -98.928298262203, 19.838206905839012 ], [ -98.928291540190997, 19.838213285140995 ], [ -98.928284819932003, 19.838219666097011 ], [ -98.928278101426002, 19.838226048706009 ], [ -98.928271384672996, 19.838232432967992 ], [ -98.928264669675997, 19.838238818883021 ], [ -98.928257956432006, 19.838245206449006 ], [ -98.928251244943993, 19.838251595668005 ], [ -98.928244535212002, 19.838257986536991 ], [ -98.928237827236003, 19.838264379057009 ], [ -98.928231121015997, 19.838270773226999 ], [ -98.928224416554002, 19.838277169046986 ], [ -98.928217713848994, 19.838283566516967 ], [ -98.928211012901997, 19.838289965634999 ], [ -98.928204313712996, 19.83829636640202 ], [ -98.928197616283001, 19.838302768818004 ], [ -98.928190920611996, 19.838309172880958 ], [ -98.928184226701006, 19.838315578591011 ], [ -98.928177534550002, 19.838321985947996 ], [ -98.928170837048, 19.838328400552999 ], [ -98.928164140026993, 19.83833481560799 ], [ -98.928157443486995, 19.838341231114004 ], [ -98.928150747429996, 19.838347647071007 ], [ -98.928144051854005, 19.838354063477979 ], [ -98.928137356760004, 19.838360480335002 ], [ -98.928130662148021, 19.838366897643002 ], [ -98.928123968017999, 19.838373315401 ], [ -98.92811727437001, 19.838379733609987 ], [ -98.928110581203995, 19.83838615226901 ], [ -98.928103888520013, 19.838392571377994 ], [ -98.928097196318006, 19.838398990936994 ], [ -98.928090504598018, 19.838405410947001 ], [ -98.928083813360004, 19.838411831406997 ], [ -98.928077122605004, 19.838418252317009 ], [ -98.928070432330998, 19.838424673677018 ], [ -98.928063742540004, 19.838431095486985 ], [ -98.928112350172995, 19.838486992159012 ], [ -98.927547526797994, 19.838926789365978 ], [ -98.927490187683006, 19.838981864611988 ], [ -98.927483654583, 19.838988139564005 ], [ -98.927477121267003, 19.838994414315014 ], [ -98.927470587735996, 19.839000688865021 ], [ -98.927464053988004, 19.83900696321399 ], [ -98.927457520025001, 19.839013237361012 ], [ -98.927450985845013, 19.83901951130801 ], [ -98.92744445145, 19.839025785053995 ], [ -98.927437916839011, 19.839032058598015 ], [ -98.927431382012998, 19.839038331941989 ], [ -98.927424846969998, 19.839044605083998 ], [ -98.927418311712003, 19.839050878025976 ], [ -98.927411776236994, 19.839057150765999 ], [ -98.927405240547003, 19.839063423305021 ], [ -98.927398151101997, 19.839070226122971 ], [ -98.927391060644993, 19.839077027997021 ], [ -98.92738396917602, 19.839083828926007 ], [ -98.927376876695007, 19.83909062891 ], [ -98.927369783201001, 19.839097427948992 ], [ -98.927362688695993, 19.839104226043997 ], [ -98.927356236115017, 19.839110407214005 ], [ -98.927349782530001, 19.839116587447009 ], [ -98.927343327941998, 19.839122766741024 ], [ -98.927336872351006, 19.839128945098015 ], [ -98.927330415756998, 19.839135122515991 ], [ -98.927323958160002, 19.839141298995997 ], [ -98.927317499560999, 19.839147474538002 ], [ -98.927311039958994, 19.839153649141007 ], [ -98.927304579354995, 19.839159822804973 ], [ -98.927298117749004, 19.839165995529967 ], [ -98.927291655141005, 19.839172167315986 ], [ -98.927284537109003, 19.839178962192999 ], [ -98.927277417183021, 19.839185755292011 ], [ -98.927270295360998, 19.839192546613013 ], [ -98.927263171646004, 19.839199336154014 ], [ -98.927256046036007, 19.839206123917009 ], [ -98.927248918532996, 19.839212909899004 ], [ -98.927241789137994, 19.839219694101011 ], [ -98.927234657849993, 19.83922647652199 ], [ -98.927227806475003, 19.839232989079019 ], [ -98.927220953065003, 19.839239499718985 ], [ -98.927214097621004, 19.839246008441989 ], [ -98.927207240144995, 19.839252515246976 ], [ -98.927200380635995, 19.839259020134012 ], [ -98.927193519094004, 19.839265523100998 ], [ -98.927186655521993, 19.839272024149984 ], [ -98.927179789918, 19.839278523278008 ], [ -98.927172922284996, 19.839285020484969 ], [ -98.927166052621018, 19.83929151577097 ], [ -98.927159364412006, 19.839297835250004 ], [ -98.927152673696995, 19.839304152352998 ], [ -98.927145980475998, 19.83931046707897 ], [ -98.927139284749998, 19.839316779428021 ], [ -98.927132586520003, 19.839323089397002 ], [ -98.927125885788001, 19.839329396988003 ], [ -98.927119182553994, 19.839335702197999 ], [ -98.927112476819005, 19.839342005026005 ], [ -98.927105768583999, 19.839348305473003 ], [ -98.927098985710003, 19.839354670941997 ], [ -98.927092199995997, 19.839361033699966 ], [ -98.927085411443002, 19.83936739374602 ], [ -98.927078620051006, 19.839373751079012 ], [ -98.927071825824001, 19.839380105698002 ], [ -98.927065028759998, 19.839386457602 ], [ -98.927058228863004, 19.839392806788979 ], [ -98.927051426133005, 19.83939915325902 ], [ -98.927044620570996, 19.83940549700899 ], [ -98.927037812178, 19.839411838040007 ], [ -98.927030924519002, 19.839418246879017 ], [ -98.927024033365996, 19.839424652353006 ], [ -98.927017138718995, 19.839431054460984 ], [ -98.927010240580998, 19.839437453200993 ], [ -98.927003338953995, 19.839443848571019 ], [ -98.926996433840003, 19.839450240570009 ], [ -98.926989525240003, 19.839456629196004 ], [ -98.926982613156, 19.839463014448004 ], [ -98.926975697591004, 19.839469396323008 ], [ -98.926968913275999, 19.839475650408989 ], [ -98.926962125334995, 19.839481900969982 ], [ -98.926955333768007, 19.83948814800403 ], [ -98.926948538578003, 19.839494391509994 ], [ -98.926941739767003, 19.839500631484995 ], [ -98.926934937336, 19.839506867927994 ], [ -98.926928131289003, 19.839513100835987 ], [ -98.926921321627006, 19.839519330209011 ], [ -98.926914508351004, 19.83952555604299 ], [ -98.926907691465004, 19.839531778337005 ], [ -98.926900646611003, 19.83953820096098 ], [ -98.926893597298999, 19.839544619204993 ], [ -98.926886543533996, 19.839551033067018 ], [ -98.926879485317002, 19.839557442542993 ], [ -98.926872422653005, 19.839563847630018 ], [ -98.926865355543995, 19.839570248327011 ], [ -98.926858283993994, 19.83957664462902 ], [ -98.926851208005004, 19.839583036535029 ], [ -98.926844127580011, 19.839589424041975 ], [ -98.926837215701994, 19.839595651275008 ], [ -98.926830299475, 19.839601874184034 ], [ -98.926823378903009, 19.839608092765992 ], [ -98.926816453987996, 19.839614307016991 ], [ -98.926809524733997, 19.839620516937 ], [ -98.926802591143002, 19.839626722521018 ], [ -98.926795653217994, 19.839632923766985 ], [ -98.926788710964004, 19.839639120672008 ], [ -98.926781764382, 19.839645313234008 ], [ -98.926774813475006, 19.839651501448991 ], [ -98.926767858248013, 19.839657685315991 ], [ -98.926760898702, 19.839663864832012 ], [ -98.926753934839994, 19.839670039992999 ], [ -98.926746966666997, 19.839676210797005 ], [ -98.926739994184004, 19.839682377241999 ], [ -98.926733017396003, 19.839688539324989 ], [ -98.926726036304004, 19.839694697041978 ], [ -98.926719050911998, 19.839700850391992 ], [ -98.926712061223, 19.839706999371018 ], [ -98.926705067241002, 19.839713143977978 ], [ -98.926698068966999, 19.839719284208041 ], [ -98.926691066405994, 19.839725420060006 ], [ -98.926684059560003, 19.839731551530988 ], [ -98.926677048432012, 19.839737678618995 ], [ -98.926670033026014, 19.839743801319965 ], [ -98.926663013343997, 19.839749919630993 ], [ -98.926655989389999, 19.839756033550973 ], [ -98.926648961165995, 19.839762143077003 ], [ -98.926641928676005, 19.839768248204997 ], [ -98.926634891923001, 19.839774348932998 ], [ -98.926627850909, 19.839780445258963 ], [ -98.926620805639004, 19.839786537180007 ], [ -98.926613756113994, 19.839792624692993 ], [ -98.926606702338006, 19.839798707796042 ], [ -98.926599644315004, 19.839804786485033 ], [ -98.926592582045998, 19.839810860759009 ], [ -98.926585515536004, 19.839816930613992 ], [ -98.926578444788007, 19.839822996048017 ], [ -98.926571369803995, 19.839829057059003 ], [ -98.926564290586995, 19.839835113642991 ], [ -98.926557207141002, 19.839841165797996 ], [ -98.926550119468999, 19.839847213521022 ], [ -98.926543027573004, 19.839853256809985 ], [ -98.926535931458019, 19.839859295661984 ], [ -98.926528831126006, 19.839865330075018 ], [ -98.926521726578997, 19.839871360045013 ], [ -98.926514617821994, 19.839877385570993 ], [ -98.926507504857994, 19.839883406647985 ], [ -98.926500387687994, 19.839889423275995 ], [ -98.926493266318005, 19.839895435451005 ], [ -98.926486140749006, 19.839901443170994 ], [ -98.926479010985005, 19.839907446433017 ], [ -98.926471877028007, 19.839913445233002 ], [ -98.926464738882999, 19.839919439570981 ], [ -98.926457596551998, 19.839925429443007 ], [ -98.926450450038004, 19.839931414846014 ], [ -98.926443299344001, 19.839937395778993 ], [ -98.926436144473996, 19.839943372236963 ], [ -98.926428985431002, 19.839949344219004 ], [ -98.926421822216994, 19.839955311723017 ], [ -98.926414654837004, 19.839961274745043 ], [ -98.926407483291996, 19.839967233281971 ], [ -98.926400128005, 19.839973336366977 ], [ -98.926392768482003, 19.839979434878014 ], [ -98.926385404727995, 19.839985528814005 ], [ -98.926378036745007, 19.839991618171997 ], [ -98.926370664537004, 19.839997702950004 ], [ -98.926363288106003, 19.840003783142983 ], [ -98.926355907455005, 19.840009858751003 ], [ -98.926348522588995, 19.84001592977101 ], [ -98.926341133509993, 19.840021996198999 ], [ -98.926333975638002, 19.840027865652004 ], [ -98.926326814362, 19.840033731385997 ], [ -98.926319649684004, 19.840039593400022 ], [ -98.926312481606999, 19.84004545169104 ], [ -98.926305310130999, 19.840051306257955 ], [ -98.926298135260012, 19.840057157100048 ], [ -98.926290956995999, 19.840063004212983 ], [ -98.926283775341005, 19.840068847597045 ], [ -98.926276590296993, 19.840074687249988 ], [ -98.926269401865994, 19.840080523169 ], [ -98.926262067210004, 19.84008647138802 ], [ -98.926254729310003, 19.840092416023982 ], [ -98.926247388169003, 19.840098357074989 ], [ -98.926240043788994, 19.840104294541003 ], [ -98.926232696170999, 19.840110228419029 ], [ -98.926225345316993, 19.840116158707982 ], [ -98.926217991228995, 19.840122085406023 ], [ -98.926210633910017, 19.840128008513005 ], [ -98.926203273360997, 19.840133928024969 ], [ -98.926195991263, 19.84013977887901 ], [ -98.926188706554996, 19.840145626823016 ], [ -98.926181419236997, 19.840151471854991 ], [ -98.926174129310994, 19.840157313975975 ], [ -98.926166836779004, 19.840163153182001 ], [ -98.926159541641994, 19.840168989474993 ], [ -98.92615224390002, 19.840174822851999 ], [ -98.926144943555997, 19.84018065331199 ], [ -98.926137640609994, 19.840186480855007 ], [ -98.926130335064002, 19.840192305480013 ], [ -98.926123104618, 19.840198065563019 ], [ -98.926115871887006, 19.840203823078017 ], [ -98.926108636872996, 19.84020957802398 ], [ -98.926101399577007, 19.8402153304 ], [ -98.92609415999901, 19.840221080204017 ], [ -98.926086918140001, 19.840226827437007 ], [ -98.926079674001997, 19.840232572097992 ], [ -98.926072427584998, 19.840238314185001 ], [ -98.926065178891008, 19.840244053698026 ], [ -98.926057728954007, 19.840249948534016 ], [ -98.926050277176017, 19.840255841287 ], [ -98.926042823556003, 19.840261731954982 ], [ -98.926035368097004, 19.840267620539002 ], [ -98.926027910797998, 19.840273507035992 ], [ -98.926020451661003, 19.840279391447009 ], [ -98.926012990684995, 19.840285273772032 ], [ -98.926005527870998, 19.840291154009044 ], [ -98.925998063221002, 19.840297032159011 ], [ -98.925990596735005, 19.84030290822102 ], [ -98.925982821209004, 19.840309024010985 ], [ -98.925975043977999, 19.840315137859999 ], [ -98.925967265040995, 19.840321249766003 ], [ -98.925959484399002, 19.840327359730018 ], [ -98.925951702053993, 19.840333467749026 ], [ -98.925943918003995, 19.840339573825009 ], [ -98.92593613225101, 19.840345677957025 ], [ -98.925928344796006, 19.840351780144012 ], [ -98.925921271692005, 19.840357320216 ], [ -98.925914197688002, 19.840362859260004 ], [ -98.925907122785006, 19.840368397275995 ], [ -98.925900046983998, 19.840373934264008 ], [ -98.925892970283002, 19.840379470223994 ], [ -98.925885892683993, 19.840385005155017 ], [ -98.925878814186007, 19.840390539056997 ], [ -98.925871734789993, 19.840396071931025 ], [ -98.92586465449601, 19.84040160377603 ], [ -98.925857573304, 19.840407134591995 ], [ -98.925850491214007, 19.840412664379006 ], [ -98.925842702451007, 19.840418744120996 ], [ -98.925834912783003, 19.840424822827011 ], [ -98.925827122209995, 19.840430900494006 ], [ -98.925819330733006, 19.840436977122977 ], [ -98.925811538351994, 19.840443052715013 ], [ -98.925803745067, 19.840449127267995 ], [ -98.925796559369999, 19.840454727241003 ], [ -98.925789373480001, 19.840460326992993 ], [ -98.925782187398013, 19.840465926523997 ], [ -98.925775001123, 19.840471525834005 ], [ -98.925767814655003, 19.840477124922035 ], [ -98.925760627995004, 19.840482723789993 ], [ -98.925753441141012, 19.840488322435984 ], [ -98.925746254095998, 19.84049392086099 ], [ -98.925739066857005, 19.840499519064991 ], [ -98.925731879425996, 19.840505117047979 ], [ -98.925724691802998, 19.840510714808989 ], [ -98.925717503985993, 19.840516312350008 ], [ -98.925710315977, 19.840521909669 ], [ -98.918545071729994, 19.846100975667998 ], [ -98.918696785584999, 19.846285924587001 ], [ -98.917373669366995, 19.847315987791013 ], [ -98.917221995765004, 19.847131086153997 ], [ -98.915917053093011, 19.848145304228023 ], [ -98.914898770359002, 19.848934050289007 ], [ -98.913840847608, 19.849755204087984 ], [ -98.913789741859006, 19.84969642875102 ], [ -98.908011302828001, 19.854194482420965 ], [ -98.907987512739993, 19.854213000493001 ], [ -98.907963728946996, 19.854231515483015 ], [ -98.907939952397996, 19.854250028479015 ], [ -98.907916184037006, 19.854268540568995 ], [ -98.907892424812005, 19.854287052837979 ], [ -98.907868675668993, 19.854305566372005 ], [ -98.907844937552994, 19.854324082253015 ], [ -98.907821211412013, 19.854342601564994 ], [ -98.907797498191997, 19.854361125387999 ], [ -98.907773798842996, 19.854379654800002 ], [ -98.907750114311995, 19.854398190876992 ], [ -98.907726445549997, 19.85441673469499 ], [ -98.907702793506999, 19.854435287325984 ], [ -98.907679159135995, 19.854453849839995 ], [ -98.907655543390021, 19.854472423304991 ], [ -98.907631947225994, 19.854491008786987 ], [ -98.907608371600006, 19.854509607346994 ], [ -98.907584817471999, 19.854528220044987 ], [ -98.907561285802998, 19.854546847938991 ], [ -98.907537777558005, 19.85456549208099 ], [ -98.907514293700999, 19.854584153522989 ], [ -98.907490835203006, 19.854602833310988 ], [ -98.907467403035, 19.854621532488999 ], [ -98.907443998171999, 19.854640252097003 ], [ -98.907420621590006, 19.854658993170968 ], [ -98.907397274272, 19.854677756742973 ], [ -98.907373957201003, 19.854696543840966 ], [ -98.907350671364995, 19.854715355490011 ], [ -98.907327417755994, 19.854734192709003 ], [ -98.907304197369015, 19.854753056513971 ], [ -98.907281011204006, 19.854771947914994 ], [ -98.907273770000998, 19.854777859495016 ], [ -98.907266531727998, 19.854783774287004 ], [ -98.907259296388006, 19.854789692290968 ], [ -98.907252063982, 19.854795613503967 ], [ -98.907244834511999, 19.854801537926011 ], [ -98.907237607978004, 19.854807465555012 ], [ -98.907230384382999, 19.854813396389989 ], [ -98.90722316372802, 19.854819330430015 ], [ -98.907215946015, 19.854825267673004 ], [ -98.907208731246001, 19.854831208118991 ], [ -98.907201519422003, 19.854837151764993 ], [ -98.907194310544014, 19.854843098611017 ], [ -98.907187104613996, 19.854849048654998 ], [ -98.907179901633995, 19.854855001895015 ], [ -98.907172701606001, 19.854860958331034 ], [ -98.907165504530013, 19.854866917961999 ], [ -98.907158310409002, 19.85487288078501 ], [ -98.907151119244006, 19.854878846799984 ], [ -98.907143931036998, 19.85488481600601 ], [ -98.907136745789003, 19.854890788400017 ], [ -98.907129563501002, 19.854896763981994 ], [ -98.907122384177001, 19.854902742750031 ], [ -98.907115207816005, 19.854908724704032 ], [ -98.907108034421, 19.854914709840997 ], [ -98.907100863992994, 19.854920698160004 ], [ -98.907093696532996, 19.854926689660985 ], [ -98.907086532044005, 19.854932684340991 ], [ -98.907079370527001, 19.854938682199965 ], [ -98.907072211984001, 19.854944683236017 ], [ -98.907065056414993, 19.854950687448007 ], [ -98.907057903823002, 19.854956694835007 ], [ -98.907050754210005, 19.854962705393994 ], [ -98.907043607576, 19.854968719126017 ], [ -98.907036463923006, 19.854974736028002 ], [ -98.907029323252999, 19.854980756098978 ], [ -98.907022185567996, 19.854986779338009 ], [ -98.907015050869006, 19.854992805743983 ], [ -98.907007919156996, 19.854998835315033 ], [ -98.907000790435006, 19.855004868049001 ], [ -98.906993664702995, 19.855010903946983 ], [ -98.906986541964002, 19.855016943004991 ], [ -98.906979422218001, 19.855022985224 ], [ -98.906972305468003, 19.85502903060102 ], [ -98.906965191715003, 19.855035079136044 ], [ -98.906958080961004, 19.855041130826013 ], [ -98.906950973205994, 19.855047185670998 ], [ -98.906943868453993, 19.855053243669047 ], [ -98.906936766704007, 19.855059304820021 ], [ -98.90692966796, 19.855065369120986 ], [ -98.906922572222001, 19.855071436570991 ], [ -98.906915479492, 19.85507750716901 ], [ -98.906908389771004, 19.855083580914009 ], [ -98.906901303062, 19.855089657803997 ], [ -98.906894219365014, 19.855095737838028 ], [ -98.906887138681995, 19.855101821014038 ], [ -98.906880061015002, 19.855107907332009 ], [ -98.906872986365997, 19.855113996790024 ], [ -98.906865914734993, 19.855120089386006 ], [ -98.906858846123995, 19.855126185120017 ], [ -98.906851780536002, 19.855132283988983 ], [ -98.906844717970998, 19.855138385993001 ], [ -98.906837658431002, 19.855144491129973 ], [ -98.906830601918003, 19.855150599399991 ], [ -98.906823548432996, 19.855156710799015 ], [ -98.906816497978014, 19.855162825328019 ], [ -98.906809450554007, 19.855168942984999 ], [ -98.906802406162996, 19.855175063767984 ], [ -98.906795364806996, 19.855181187677019 ], [ -98.906788326485994, 19.855187314709024 ], [ -98.906781291203018, 19.855193444864032 ], [ -98.906774258959004, 19.855199578140009 ], [ -98.906767229755005, 19.855205714534993 ], [ -98.906760203592995, 19.85521185404901 ], [ -98.906753180476002, 19.855217996680008 ], [ -98.906746160403003, 19.855224142426973 ], [ -98.906739143376996, 19.855230291287963 ], [ -98.906732129399998, 19.855236443261997 ], [ -98.906725118471996, 19.855242598347989 ], [ -98.906718110596003, 19.855248756543979 ], [ -98.906711105772004, 19.855254917849003 ], [ -98.906704104004007, 19.85526108226199 ], [ -98.906697105291002, 19.855267249781004 ], [ -98.906690109634994, 19.855273420404977 ], [ -98.906683117038995, 19.855279594132007 ], [ -98.906676127503999, 19.85528577096202 ], [ -98.906669141029994, 19.855291950892006 ], [ -98.906662157621, 19.855298133921956 ], [ -98.906655177275994, 19.855304320050013 ], [ -98.906648199998003, 19.855310509274002 ], [ -98.906641225789002, 19.855316701594017 ], [ -98.906634254650001, 19.855322897008005 ], [ -98.906627286580999, 19.855329095514985 ], [ -98.906620321586004, 19.855335297113008 ], [ -98.906613359665002, 19.855341501800972 ], [ -98.906606400821005, 19.855347709577014 ], [ -98.906599445053018, 19.855353920439999 ], [ -98.906592492364993, 19.855360134390033 ], [ -98.906585542757, 19.855366351424035 ], [ -98.906578596231995, 19.855372571540997 ], [ -98.906571652790007, 19.855378794738996 ], [ -98.906564712432996, 19.855385021018023 ], [ -98.906557775162995, 19.855391250376023 ], [ -98.906550840980998, 19.855397482812013 ], [ -98.906543909888995, 19.855403718323974 ], [ -98.906536981887996, 19.855409956910972 ], [ -98.906530056980003, 19.855416198570975 ], [ -98.906523135165997, 19.855422443303013 ], [ -98.906516216447997, 19.855428691106003 ], [ -98.906509300826997, 19.855434941978995 ], [ -98.906502388305, 19.85544119591901 ], [ -98.906495478883997, 19.855447452926018 ], [ -98.906488572564001, 19.855453712998983 ], [ -98.906481669347997, 19.855459976134973 ], [ -98.906474769236993, 19.855466242333975 ], [ -98.906467872232, 19.855472511594026 ], [ -98.906460978336, 19.855478783913014 ], [ -98.906454087547999, 19.855485059290988 ], [ -98.906447199872005, 19.855491337725976 ], [ -98.906440315308004, 19.855497619217012 ], [ -98.906433433858993, 19.855503903761992 ], [ -98.906426555525002, 19.855510191358999 ], [ -98.906419680308005, 19.85551648200801 ], [ -98.906412808208998, 19.855522775707009 ], [ -98.906405939231007, 19.855529072455035 ], [ -98.906399073374004, 19.855535372249999 ], [ -98.906392210641002, 19.855541675090997 ], [ -98.906385351032, 19.855547980977015 ], [ -98.906378494549003, 19.855554289905996 ], [ -98.906371641193999, 19.855560601876029 ], [ -98.906364790967999, 19.855566916887017 ], [ -98.906357943871996, 19.855573234937001 ], [ -98.906351099909003, 19.855579556024018 ], [ -98.906344259079006, 19.855585880147988 ], [ -98.906337421385004, 19.855592207305964 ], [ -98.906330586826996, 19.85559853749799 ], [ -98.90632375540801, 19.855604870721997 ], [ -98.906316927128003, 19.855611206976967 ], [ -98.906310101989007, 19.85561754626001 ], [ -98.906303279992997, 19.855623888572008 ], [ -98.906296461140997, 19.85563023391002 ], [ -98.906289645434995, 19.855636582273021 ], [ -98.906282832876002, 19.85564293366 ], [ -98.906276023466006, 19.855649288068971 ], [ -98.906269217206003, 19.855655645499009 ], [ -98.906262414097995, 19.85566200594802 ], [ -98.906255614143006, 19.855668369414992 ], [ -98.906248817342004, 19.855674735899999 ], [ -98.906242023697999, 19.855681105399029 ], [ -98.906235233211007, 19.855687477911989 ], [ -98.906228445883002, 19.855693853437995 ], [ -98.906221661716998, 19.855700231974978 ], [ -98.906214880712, 19.855706613520997 ], [ -98.906208102871005, 19.855712998076001 ], [ -98.906201328194996, 19.855719385637009 ], [ -98.906194556684994, 19.855725776203986 ], [ -98.906187788343999, 19.855732169774992 ], [ -98.906181023173005, 19.855738566348993 ], [ -98.906174261171998, 19.855744965924004 ], [ -98.906167502344005, 19.855751368497991 ], [ -98.906160746690006, 19.855757774070984 ], [ -98.906153994212005, 19.855764182641014 ], [ -98.906147244910002, 19.855770594207009 ], [ -98.906140498786996, 19.855777008766982 ], [ -98.906133755845005, 19.855783426320006 ], [ -98.906127016083005, 19.855789846863999 ], [ -98.906120279505004, 19.855796270398017 ], [ -98.906113546111001, 19.855802696919991 ], [ -98.906106815903001, 19.855809126430007 ], [ -98.906100088881999, 19.855815558924963 ], [ -98.906093365049998, 19.855821994405026 ], [ -98.906086644409001, 19.855828432866982 ], [ -98.906079926958995, 19.855834874311029 ], [ -98.906073212703006, 19.855841318735006 ], [ -98.906066501642002, 19.855847766138002 ], [ -98.906059793777004, 19.855854216518019 ], [ -98.906053089108994, 19.855860669872996 ], [ -98.906046387640998, 19.855867126203989 ], [ -98.906039689373998, 19.855873585506977 ], [ -98.906032994308006, 19.855880047781003 ], [ -98.906026302447003, 19.85588651302599 ], [ -98.906019613789994, 19.855892981238991 ], [ -98.906012928340004, 19.855899452419962 ], [ -98.906006246098002, 19.855905926565981 ], [ -98.905999567066004, 19.855912403677028 ], [ -98.905992891245006, 19.855918883751002 ], [ -98.905986218636002, 19.855925366785989 ], [ -98.905979549240996, 19.855931852781996 ], [ -98.905972883060997, 19.855938341736028 ], [ -98.905966220099018, 19.85594483364801 ], [ -98.905959560354006, 19.855951328515019 ], [ -98.905952903829998, 19.855957826337004 ], [ -98.905946250526995, 19.855964327112019 ], [ -98.905939600446004, 19.855970830839027 ], [ -98.905932953589996, 19.855977337515004 ], [ -98.905926309959, 19.85598384714098 ], [ -98.905919669555999, 19.855990359713022 ], [ -98.905913032380994, 19.855996875231977 ], [ -98.905906398436002, 19.856003393695023 ], [ -98.905899767722005, 19.856009915099985 ], [ -98.905893140242, 19.85601643944797 ], [ -98.905886515996002, 19.856022966735001 ], [ -98.905879894985006, 19.856029496961995 ], [ -98.905873277212009, 19.856036030125001 ], [ -98.905866662677994, 19.856042566224019 ], [ -98.905860051385019, 19.856049105258002 ], [ -98.905853443332006, 19.856055647224974 ], [ -98.905846838523004, 19.856062192123009 ], [ -98.905840236959008, 19.856068739950988 ], [ -98.905833638640999, 19.856075290707977 ], [ -98.90582704357, 19.856081844391984 ], [ -98.905820451747999, 19.856088401000985 ], [ -98.905813863175993, 19.856094960535014 ], [ -98.905807277856994, 19.856101522992024 ], [ -98.905800695790006, 19.856108088370018 ], [ -98.905794116978996, 19.856114656668023 ], [ -98.905787541422995, 19.856121227885019 ], [ -98.905780969125004, 19.856127802018996 ], [ -98.905774400086997, 19.856134379068024 ], [ -98.905767834309003, 19.856140959031993 ], [ -98.905761271792016, 19.856147541907983 ], [ -98.905754712540002, 19.856154127695032 ], [ -98.905748156551994, 19.85616071639301 ], [ -98.905741603829995, 19.856167307998984 ], [ -98.905735054375995, 19.856173902510989 ], [ -98.905728508191999, 19.856180499930019 ], [ -98.905721965278005, 19.856187100252015 ], [ -98.905715425636004, 19.856193703477011 ], [ -98.905708889267004, 19.856200309602002 ], [ -98.905702356174004, 19.85620691862799 ], [ -98.905695826357004, 19.856213530552015 ], [ -98.905689299817993, 19.856220145372976 ], [ -98.905682776557995, 19.856226763088983 ], [ -98.905676256578005, 19.856233383698012 ], [ -98.905669739881006, 19.8562400072 ], [ -98.905663226466999, 19.856246633593994 ], [ -98.905656716338996, 19.856253262876006 ], [ -98.905650209496002, 19.856259895047028 ], [ -98.905643705941998, 19.856266530104008 ], [ -98.905637205676996, 19.856273168047021 ], [ -98.905630708703001, 19.856279808872955 ], [ -98.905624215019998, 19.856286452581021 ], [ -98.905617724631995, 19.856293099170006 ], [ -98.905611237537997, 19.856299748638016 ], [ -98.905604753741002, 19.856306400983986 ], [ -98.905598273242006, 19.856313056206009 ], [ -98.905591796040994, 19.856319714303019 ], [ -98.905585322142002, 19.856326375274008 ], [ -98.905578851545002, 19.856333039116976 ], [ -98.905572384251002, 19.856339705829981 ], [ -98.905565920262006, 19.856346375412016 ], [ -98.905559459580004, 19.856353047861994 ], [ -98.905553002206005, 19.856359723177004 ], [ -98.905546548139995, 19.856366401358013 ], [ -98.905540097385995, 19.856373082400992 ], [ -98.905533649942996, 19.856379766306002 ], [ -98.905527205813996, 19.856386453071998 ], [ -98.905520765, 19.856393142695993 ], [ -98.905514327502004, 19.856399835176976 ], [ -98.905507893321996, 19.856406530514025 ], [ -98.905501462461999, 19.856413228705978 ], [ -98.905495034921003, 19.85641992975 ], [ -98.905488610703003, 19.856426633646041 ], [ -98.905482189807998, 19.856433340391991 ], [ -98.905475772238006, 19.856440049986009 ], [ -98.905469357994008, 19.856446762427005 ], [ -98.905462947077993, 19.856453477713 ], [ -98.905456539490999, 19.856460195844019 ], [ -98.905450135234005, 19.856466916816998 ], [ -98.905443734309998, 19.85647364063103 ], [ -98.905437336717995, 19.856480367285013 ], [ -98.905430942460995, 19.856487096776007 ], [ -98.905424551539994, 19.856493829104981 ], [ -98.905418163956995, 19.856500564268028 ], [ -98.905411779713006, 19.856507302265005 ], [ -98.905405398808995, 19.856514043094005 ], [ -98.905399021247021, 19.856520786753993 ], [ -98.905392647027, 19.856527533242989 ], [ -98.905386276152996, 19.856534282559974 ], [ -98.905379908624013, 19.856541034702989 ], [ -98.905373544442, 19.856547789671041 ], [ -98.905367183609997, 19.856554547462043 ], [ -98.905346855828995, 19.856576186341012 ], [ -98.905326556673003, 19.856597858031027 ], [ -98.905306285088002, 19.856619561570003 ], [ -98.905286040017998, 19.856641296001019 ], [ -98.905265820400004, 19.856663060371016 ], [ -98.905245625166998, 19.856684853728012 ], [ -98.905225453249002, 19.856706675124972 ], [ -98.90520530357, 19.856728523616958 ], [ -98.905185175049994, 19.856750398264978 ], [ -98.905165066606003, 19.856772298128998 ], [ -98.905144977149007, 19.85679422227399 ], [ -98.90512490559, 19.856816169765974 ], [ -98.905104850832018, 19.856838139675993 ], [ -98.905084811777002, 19.856860131073994 ], [ -98.905064787323994, 19.856882143036 ], [ -98.905044776368996, 19.856904174635027 ], [ -98.905024777801998, 19.856926224951 ], [ -98.905004790513999, 19.856948293062992 ], [ -98.904984813390016, 19.856970378049997 ], [ -98.904964845316002, 19.856992478996968 ], [ -98.904944885172, 19.857014594984989 ], [ -98.904924931837996, 19.857036725099945 ], [ -98.904904984189997, 19.857058868427011 ], [ -98.904885041103995, 19.857081024052988 ], [ -98.904865101452998, 19.857103191063974 ], [ -98.904845164107996, 19.857125368547027 ], [ -98.904825227939995, 19.857147555590991 ], [ -98.904805291814995, 19.857169751284012 ], [ -98.904785354601998, 19.857191954712015 ], [ -98.904765415165997, 19.857214164963974 ], [ -98.904745472371999, 19.857236381126992 ], [ -98.903923398546993, 19.858138690963003 ], [ -98.902156471585997, 19.860050691047039 ], [ -98.901328275861005, 19.860973258706018 ], [ -98.901438481125993, 19.861061697674 ], [ -98.899975409085997, 19.862692004828986 ], [ -98.900018295248003, 19.862726456361006 ], [ -98.899257625307996, 19.863583840662006 ], [ -98.899209406078, 19.863545546853974 ], [ -98.895610924636998, 19.867555095698023 ], [ -98.895572445780999, 19.867598075305999 ], [ -98.895469338796005, 19.867713040582991 ], [ -98.894856622046007, 19.868395740294979 ], [ -98.894911230502998, 19.868439608493969 ], [ -98.892942558761007, 19.870633083411004 ], [ -98.880684509768002, 19.884278137250003 ], [ -98.880595556505995, 19.884206617022993 ], [ -98.855135069106012, 19.912560268621011 ], [ -98.854953277771997, 19.912889490016976 ], [ -98.854933044410004, 19.912921338461985 ], [ -98.854799218817007, 19.913087267864 ], [ -98.854780778892007, 19.913091506763035 ], [ -98.854702001258005, 19.913042427295018 ], [ -98.83292424039, 19.937283638004011 ], [ -98.806281802802999, 19.966925952442047 ], [ -98.806300027711004, 19.966940562868022 ], [ -98.80403342794601, 19.969461672417985 ], [ -98.803955095557995, 19.969548835824007 ], [ -98.803916046658998, 19.969592342771016 ], [ -98.803851101426005, 19.969664888519002 ], [ -98.803799367273996, 19.969722900192 ], [ -98.803737531338996, 19.969792596858003 ], [ -98.803683738377998, 19.969853619461031 ], [ -98.803623693275995, 19.969922263101996 ], [ -98.803569509802998, 19.969984767826997 ], [ -98.803510933965001, 19.970053042071012 ], [ -98.803457034697004, 19.970116602490034 ], [ -98.803168017250997, 19.970471552462026 ], [ -98.802891754878004, 19.970835468650009 ], [ -98.802628558581006, 19.97120794148799 ], [ -98.802378724665004, 19.97158855177803 ], [ -98.802142534403998, 19.971976871161992 ], [ -98.801920253719004, 19.972372462598987 ], [ -98.801712132884006, 19.972774880864023 ], [ -98.801518406244, 19.973183673043007 ], [ -98.801339291945993, 19.973598379045995 ], [ -98.801174991696001, 19.974018532124006 ], [ -98.801025690532995, 19.974443659391994 ], [ -98.800891556617003, 19.974873282364996 ], [ -98.800772741044, 19.975306917493032 ], [ -98.800669377668001, 19.975744076705002 ], [ -98.800581582958003, 19.976184267963028 ], [ -98.800509455859995, 19.976626995808981 ], [ -98.800498021192993, 19.976707742087996 ], [ -98.800486207429003, 19.976794941417015 ], [ -98.800475776937006, 19.976875153409992 ], [ -98.800464694815005, 19.976963612850987 ], [ -98.800455129070997, 19.977042534640994 ], [ -98.800444477406003, 19.977132946076011 ], [ -98.800435794734994, 19.977208381096986 ], [ -98.800425109187998, 19.977302886260965 ], [ -98.800418770012001, 19.977359631147998 ], [ -98.800406139236003, 19.977473384625998 ], [ -98.800116623338013, 19.980086045495032 ], [ -98.800099953644008, 19.980235971661013 ], [ -98.800091512541997, 19.980311137107005 ], [ -98.800077157274004, 19.980436478402961 ], [ -98.800065311875002, 19.980536969614999 ], [ -98.800050548879, 19.98065764219697 ], [ -98.800037016093, 19.980763428502012 ], [ -98.800021022303, 19.980882218946999 ], [ -98.800005611887002, 19.980990374310998 ], [ -98.799987772523011, 19.981108149889998 ], [ -98.799970080121994, 19.981217630499025 ], [ -98.799900447293012, 19.981592784154014 ], [ -98.799817176035006, 19.981965445428003 ], [ -98.799720365241001, 19.982335171313029 ], [ -98.799610129905005, 19.982701522290004 ], [ -98.799486600979009, 19.983064062849969 ], [ -98.799349925222998, 19.983422362008998 ], [ -98.799200265026997, 19.983775993822018 ], [ -98.799037798224006, 19.984124537891965 ], [ -98.798862717871003, 19.984467579864969 ], [ -98.798675232026014, 19.984804711925999 ], [ -98.798475563502009, 19.985135533286027 ], [ -98.798263949594002, 19.985459650653009 ], [ -98.798040641807006, 19.985776678703008 ], [ -98.797805905551002, 19.986086240538018 ], [ -98.797560019828012, 19.986387968136018 ], [ -98.79730327690001, 19.986681502783014 ], [ -98.797035981942997, 19.986966495508003 ], [ -98.796758452681019, 19.987242607489005 ], [ -98.796471019012003, 19.987509510463003 ], [ -98.796174022613997, 19.987766887113029 ], [ -98.795867816539996, 19.988014431447972 ], [ -98.795552764796014, 19.988251849161983 ], [ -98.795229241910008, 19.988478857988991 ], [ -98.794897632486993, 19.988695188038989 ], [ -98.794558330751997, 19.988900582113008 ], [ -98.794211740077003, 19.989094796015994 ], [ -98.794109665508003, 19.989149148677974 ], [ -98.793999435043006, 19.989206563923986 ], [ -98.793897864841995, 19.989258429913018 ], [ -98.793785977520997, 19.989314571746998 ], [ -98.793686087506998, 19.989363939609007 ], [ -98.793571902530999, 19.989419658317988 ], [ -98.793476655264001, 19.989465661810009 ], [ -98.793357706340004, 19.989522670436024 ], [ -98.793286315035004, 19.989556709517988 ], [ -98.793143857686005, 19.989624456592992 ], [ -98.789505851003, 19.991352993643012 ], [ -98.789465968871994, 19.991371939578009 ], [ -98.789445992411004, 19.991381425215984 ], [ -98.789412677504004, 19.991397230682999 ], [ -98.789385978178998, 19.991409880953036 ], [ -98.789353905308005, 19.991425050680977 ], [ -98.789325787172004, 19.991438320835989 ], [ -98.789294186548005, 19.991453195353991 ], [ -98.789265398289999, 19.991466704497029 ], [ -98.789234006325998, 19.991481383697018 ], [ -98.789204790558998, 19.991494991176012 ], [ -98.78868786148, 19.99172634651001 ], [ -98.788163918072996, 19.991943144421988 ], [ -98.787633418975005, 19.992145195124998 ], [ -98.787096828572004, 19.992332321744012 ], [ -98.786554616584993, 19.992504360465986 ], [ -98.786523581885007, 19.992513700524995 ], [ -98.786490192865998, 19.99252369439602 ], [ -98.786459538380996, 19.992532825153951 ], [ -98.786425855732006, 19.992542815011987 ], [ -98.786395859455993, 19.992551678838016 ], [ -98.786361619961994, 19.992561765436005 ], [ -98.786333100793996, 19.992570146179006 ], [ -98.786297499951004, 19.992580588586993 ], [ -98.786276146716006, 19.992586844150992 ], [ -98.786233509813002, 19.992599327158988 ], [ -98.781151001279994, 19.994086962187989 ], [ -98.780998965685995, 19.994131514558028 ], [ -98.780923186378999, 19.994153802615017 ], [ -98.780797064690006, 19.994191169794 ], [ -98.780696522905998, 19.994221284622 ], [ -98.780576175335995, 19.994257854008012 ], [ -98.780471315059003, 19.994290287859027 ], [ -98.780354002381998, 19.994327342112992 ], [ -98.780247886889001, 19.994361674664002 ], [ -98.780132816638002, 19.994399919930967 ], [ -98.780026593361001, 19.994436285981987 ], [ -98.779814059578996, 19.994514023077976 ], [ -98.779227124371005, 19.994748938172005 ], [ -98.778979798626011, 19.994858037352994 ], [ -98.778791929565998, 19.994946642597977 ], [ -98.778725097216011, 19.994979168612986 ], [ -98.778685022138021, 19.99499892931501 ], [ -98.778641550046999, 19.995020510184968 ], [ -98.778309288247002, 19.995193741902003 ], [ -98.777983390751999, 19.995377535682014 ], [ -98.777664228505003, 19.995571533666006 ], [ -98.777352163830002, 19.995775589997002 ], [ -98.777047551316997, 19.995989472832036 ], [ -98.776750737089003, 19.996212939159037 ], [ -98.776460980232002, 19.996444618821993 ], [ -98.776180766642995, 19.996685421338018 ], [ -98.775910956409007, 19.996937725784012 ], [ -98.775805688682993, 19.997039607527981 ], [ -98.775647191635997, 19.997196611715001 ], [ -98.775571646906997, 19.997276062860024 ], [ -98.775490095058004, 19.997361808571007 ], [ -98.775415906573997, 19.997441328262006 ], [ -98.775334656669997, 19.997529488706011 ], [ -98.775262702386001, 19.997608555145003 ], [ -98.775180760344, 19.997699550785011 ], [ -98.775112729729003, 19.997775738727 ], [ -98.775027790642, 19.997871467764028 ], [ -98.77497691551801, 19.997929048776989 ], [ -98.774875005224004, 19.998044636281985 ], [ -98.771494302711005, 20.001881634654019 ], [ -98.767543623386004, 20.006365218085005 ], [ -98.767537794044998, 20.006371833378026 ], [ -98.767531964593005, 20.006378448584023 ], [ -98.767526135028007, 20.00638506370202 ], [ -98.767520305353003, 20.006391678731983 ], [ -98.767514475564994, 20.006398293674003 ], [ -98.767508645666993, 20.006404908529007 ], [ -98.767502815656002, 20.006411523296016 ], [ -98.767496005962002, 20.006419248911008 ], [ -98.767489195661994, 20.006426974048988 ], [ -98.767482384755994, 20.006434698710002 ], [ -98.767476706794994, 20.006441137458022 ], [ -98.767471028328998, 20.006447575809013 ], [ -98.767465349358005, 20.00645401376201 ], [ -98.767459669882001, 20.006460451317015 ], [ -98.767453989901, 20.006466888474016 ], [ -98.767448309415002, 20.006473325234033 ], [ -98.767441485069995, 20.006481056466004 ], [ -98.767434659588005, 20.006488786801988 ], [ -98.76742783297, 20.006496516240997 ], [ -98.767421005214999, 20.006504244783976 ], [ -98.767414446350998, 20.00651166674 ], [ -98.767407886265019, 20.006519087731022 ], [ -98.767401324957007, 20.006526507756959 ], [ -98.767394762427003, 20.006533926818022 ], [ -98.767388198676002, 20.006541344913 ], [ -98.767382448497997, 20.006547841338985 ], [ -98.767376697097006, 20.006554336798008 ], [ -98.767370944475005, 20.006560831291029 ], [ -98.767365190630997, 20.006567324816011 ], [ -98.767359435564998, 20.006573817374999 ], [ -98.767352971120999, 20.006581107252053 ], [ -98.767346504963996, 20.006588395771036 ], [ -98.767340037091998, 20.006595682930993 ], [ -98.767333567506995, 20.006602968731986 ], [ -98.767327096208007, 20.006610253173967 ], [ -98.767321205703993, 20.006616880701024 ], [ -98.767315313485994, 20.006623506865974 ], [ -98.767309419553996, 20.006630131668995 ], [ -98.767303523907998, 20.006636755111 ], [ -98.767297626548995, 20.00664337718899 ], [ -98.767291199799018, 20.006650589810011 ], [ -98.767284770844, 20.006657800675018 ], [ -98.767278339684012, 20.006665009784999 ], [ -98.767271906321, 20.006672217137982 ], [ -98.767265470755007, 20.00667942273299 ], [ -98.7672594868, 20.006686118603987 ], [ -98.767253500639995, 20.006692812715965 ], [ -98.767247512276995, 20.006699505065978 ], [ -98.767241521711, 20.006706195654999 ], [ -98.767235528943004, 20.006712884481011 ], [ -98.767229346559006, 20.006719780456034 ], [ -98.767223161760995, 20.006726674495987 ], [ -98.767216974549001, 20.006733566601039 ], [ -98.767210784924004, 20.006740456770011 ], [ -98.767204592886003, 20.006747345000999 ], [ -98.767198398437003, 20.006754231296011 ], [ -98.767192201575995, 20.006761115651038 ], [ -98.767186002304996, 20.00676799806801 ], [ -98.767179800622998, 20.006774878544999 ], [ -98.767173596532999, 20.006781757080997 ], [ -98.767167390034004, 20.00678863367602 ], [ -98.767161181128003, 20.006795508329002 ], [ -98.767154969814001, 20.006802381039044 ], [ -98.767148756094002, 20.006809251805016 ], [ -98.767142539968006, 20.006816120626993 ], [ -98.767136321436993, 20.006822987503 ], [ -98.767130100502001, 20.006829852434006 ], [ -98.767123877163002, 20.006836715417993 ], [ -98.767117651421003, 20.006843576454987 ], [ -98.767111423277001, 20.006850435544049 ], [ -98.767105192730995, 20.006857292682994 ], [ -98.767098959783993, 20.006864147872985 ], [ -98.767092724435997, 20.006871001113002 ], [ -98.767086486688996, 20.006877852401967 ], [ -98.767080246543998, 20.006884701738024 ], [ -98.767074003998999, 20.006891549121981 ], [ -98.767067759057994, 20.006898394553062 ], [ -98.767061511719007, 20.006905238029002 ], [ -98.767055261985007, 20.006912079550002 ], [ -98.767049009854006, 20.006918919116 ], [ -98.767042755329001, 20.006925756725998 ], [ -98.767036498409993, 20.006932592378018 ], [ -98.767030239096997, 20.006939426072012 ], [ -98.767023977392, 20.006946257808018 ], [ -98.767017713295004, 20.006953087584005 ], [ -98.767011446806009, 20.006959915400007 ], [ -98.767005177925995, 20.006966741254992 ], [ -98.766998906655999, 20.006973565149007 ], [ -98.766992632997002, 20.006980387079981 ], [ -98.76698635695, 20.006987207048006 ], [ -98.766980078513996, 20.006994025051974 ], [ -98.766973797690994, 20.007000841092019 ], [ -98.766967514482005, 20.00700765516601 ], [ -98.766961228886004, 20.007014467273958 ], [ -98.766954940906004, 20.007021277415014 ], [ -98.766948650540996, 20.007028085588985 ], [ -98.766942357792004, 20.007034891793982 ], [ -98.766936062659994, 20.007041696030001 ], [ -98.766929765144994, 20.007048498296005 ], [ -98.766923465248993, 20.007055298592004 ], [ -98.766917162972007, 20.007062096915995 ], [ -98.766910858314006, 20.007068893269004 ], [ -98.766904551275999, 20.007075687648012 ], [ -98.766898241860005, 20.007082480053992 ], [ -98.766891930065, 20.007089270485039 ], [ -98.766885615893003, 20.007096058940995 ], [ -98.766879299343003, 20.007102845422001 ], [ -98.766872980418, 20.007109629925996 ], [ -98.766866659116999, 20.007116412453037 ], [ -98.766860335440995, 20.007123193000993 ], [ -98.766854009390997, 20.007129971570993 ], [ -98.766847680967004, 20.007136748162004 ], [ -98.766841350171006, 20.007143522772012 ], [ -98.766835017001995, 20.007150295401011 ], [ -98.766828681462002, 20.007157066047981 ], [ -98.766822343551993, 20.007163834713008 ], [ -98.766816003271003, 20.007170601395003 ], [ -98.766809660621007, 20.007177366092009 ], [ -98.766803315602999, 20.007184128805022 ], [ -98.766796968215999, 20.007190889531984 ], [ -98.766790618463006, 20.00719764827404 ], [ -98.766784266342, 20.007204405028002 ], [ -98.766777911855996, 20.007211159794995 ], [ -98.766771555004993, 20.007217912573026 ], [ -98.766765195790001, 20.007224663362031 ], [ -98.766758834209995, 20.007231412161001 ], [ -98.766752470268003, 20.007238158969013 ], [ -98.766746103963001, 20.007244903786006 ], [ -98.766739735296994, 20.007251646611024 ], [ -98.766733364269996, 20.00725838744399 ], [ -98.766726990882006, 20.007265126282011 ], [ -98.766720615135, 20.00727186312599 ], [ -98.766714237029007, 20.007278597974992 ], [ -98.766707856565006, 20.007285330829006 ], [ -98.766701473742998, 20.007292061685018 ], [ -98.766695088565001, 20.007298790545008 ], [ -98.766688701030006, 20.007305517406003 ], [ -98.766682311140002, 20.007312242269006 ], [ -98.766675918895999, 20.007318965132011 ], [ -98.766669524297996, 20.007325685994974 ], [ -98.766663127346007, 20.00733240485701 ], [ -98.766656728040999, 20.007339121716992 ], [ -98.766650326385005, 20.007345836574981 ], [ -98.766643922377995, 20.007352549430035 ], [ -98.766637516019998, 20.00735926028101 ], [ -98.766631107313003, 20.007365969127004 ], [ -98.766624696256002, 20.007372675968021 ], [ -98.766618282850999, 20.007379380801975 ], [ -98.766611867098007, 20.007386083629992 ], [ -98.766605448999002, 20.007392784449983 ], [ -98.766599028553017, 20.007399483262006 ], [ -98.766592605762, 20.007406180065001 ], [ -98.766586180624998, 20.007412874857998 ], [ -98.766579753144995, 20.007419567640021 ], [ -98.766573323320998, 20.007426258411012 ], [ -98.766566891154994, 20.007432947171019 ], [ -98.766560456646005, 20.007439633917009 ], [ -98.766554019796004, 20.007446318650015 ], [ -98.766547580606002, 20.007453001369015 ], [ -98.766541139075002, 20.007459682073009 ], [ -98.766534695206005, 20.007466360761015 ], [ -98.766528248998, 20.007473037433016 ], [ -98.766521800451997, 20.007479712088017 ], [ -98.766515349569005, 20.007486384725031 ], [ -98.766508896348995, 20.007493055342991 ], [ -98.766502440794, 20.007499723942015 ], [ -98.766495982904004, 20.00750639052097 ], [ -98.766489522680004, 20.007513055079968 ], [ -98.766483060121999, 20.00751971761601 ], [ -98.766476595232007, 20.007526378131018 ], [ -98.766470128009004, 20.007533036623009 ], [ -98.766463658454995, 20.007539693090003 ], [ -98.766457186569994, 20.007546347533996 ], [ -98.766450712354995, 20.007552999952004 ], [ -98.766444235809999, 20.007559650344973 ], [ -98.766437756936995, 20.007566298710991 ], [ -98.766431275737006, 20.007572945048977 ], [ -98.766424792208994, 20.007579589359985 ], [ -98.766418306353998, 20.007586231641003 ], [ -98.766411818174006, 20.007592871892985 ], [ -98.766405327669005, 20.007599510114993 ], [ -98.766398834838995, 20.007606146305974 ], [ -98.766392339686007, 20.007612780466037 ], [ -98.766385842209999, 20.007619412591989 ], [ -98.766379342411994, 20.007626042685995 ], [ -98.766372840291993, 20.007632670745998 ], [ -98.766366335851998, 20.007639296771025 ], [ -98.766359829091002, 20.007645920761 ], [ -98.766353320011007, 20.007652542715007 ], [ -98.766346808612994, 20.007659162631999 ], [ -98.766340294895997, 20.007665780510955 ], [ -98.766333778862005, 20.007672396353009 ], [ -98.766327260512, 20.007679010154963 ], [ -98.766320739845995, 20.007685621917972 ], [ -98.766314216864998, 20.007692231640032 ], [ -98.766307691570006, 20.007698839320994 ], [ -98.766301163961003, 20.007705444960017 ], [ -98.766294634038999, 20.007712048557007 ], [ -98.766288101803994, 20.007718650109975 ], [ -98.766281567259, 20.007725249620012 ], [ -98.766275030401999, 20.007731847084003 ], [ -98.766268491236005, 20.007738442504007 ], [ -98.766261949760008, 20.00774503587704 ], [ -98.766255405975002, 20.007751627202975 ], [ -98.766248859883007, 20.007758216481019 ], [ -98.766242311482998, 20.007764803711002 ], [ -98.766235760776993, 20.007771388891999 ], [ -98.766229207764994, 20.007777972022978 ], [ -98.766222652447993, 20.007784553103985 ], [ -98.766216094827001, 20.007791132133001 ], [ -98.766209534902003, 20.007797709110996 ], [ -98.766202972675003, 20.007804284035984 ], [ -98.766196408145007, 20.007810856907007 ], [ -98.766189841312993, 20.007817427723996 ], [ -98.766183272180996, 20.007823996485996 ], [ -98.766176700749, 20.007830563192986 ], [ -98.766170127018, 20.007837127844017 ], [ -98.766163550987997, 20.007843690437003 ], [ -98.766156972659999, 20.007850250972982 ], [ -98.766150392035001, 20.007856809450971 ], [ -98.766143809113998, 20.007863365868996 ], [ -98.766137223895996, 20.007869920226998 ], [ -98.766130636384005, 20.007876472525016 ], [ -98.766124046578014, 20.007883022760982 ], [ -98.766117454478007, 20.007889570935973 ], [ -98.766110860086002, 20.007896117047007 ], [ -98.766104263401004, 20.007902661095006 ], [ -98.766097664425004, 20.007909203078995 ], [ -98.766091063158001, 20.007915742999018 ], [ -98.766084459601998, 20.007922280852 ], [ -98.766077853756002, 20.007928816639037 ], [ -98.766071245622001, 20.007935350358999 ], [ -98.766064635199001, 20.007941882012037 ], [ -98.76605802249, 20.007948411595009 ], [ -98.766051407494999, 20.007954939109972 ], [ -98.766044790213996, 20.007961464554988 ], [ -98.766038170648002, 20.007967987928986 ], [ -98.766031548799006, 20.007974509231964 ], [ -98.766024924665004, 20.00798102846198 ], [ -98.766018298248994, 20.007987545619997 ], [ -98.766011669551006, 20.007994060704998 ], [ -98.766005038572004, 20.008000573715012 ], [ -98.765998405312999, 20.008007084649982 ], [ -98.765991769772995, 20.008013593510007 ], [ -98.765985131955006, 20.008020100294011 ], [ -98.765978491857993, 20.008026604999966 ], [ -98.765971849484004, 20.008033107627995 ], [ -98.765965204832995, 20.008039608179033 ], [ -98.765958557904995, 20.008046106649001 ], [ -98.765951908703002, 20.00805260304001 ], [ -98.765945257224999, 20.008059097350991 ], [ -98.765938603473998, 20.008065589580003 ], [ -98.765931947449005, 20.008072079726997 ], [ -98.765925289151994, 20.008078567791003 ], [ -98.765918628584004, 20.008085053772014 ], [ -98.765911965743996, 20.00809153766901 ], [ -98.765905300634017, 20.008098019480986 ], [ -98.765898633253997, 20.008104499206972 ], [ -98.765891963605, 20.008110976846975 ], [ -98.765885291689003, 20.008117452400004 ], [ -98.765878617504995, 20.008123925865007 ], [ -98.765871941054002, 20.008130397242009 ], [ -98.765865262337016, 20.008136866528975 ], [ -98.765858581355999, 20.008143333727027 ], [ -98.765851898109005, 20.008149798834033 ], [ -98.765845212599004, 20.008156261849997 ], [ -98.765838524825995, 20.008162722773999 ], [ -98.765831834791001, 20.008169181606007 ], [ -98.765825142495004, 20.008175638342991 ], [ -98.765818447936994, 20.008182092986985 ], [ -98.765811751119003, 20.008188545535987 ], [ -98.765805052043007, 20.008194995989996 ], [ -98.765798350707001, 20.008201444347005 ], [ -98.765791647114, 20.008207890608023 ], [ -98.765784941262993, 20.008214334769992 ], [ -98.765778233155999, 20.008220776835007 ], [ -98.765771522793997, 20.008227216800016 ], [ -98.765764810177004, 20.008233654665982 ], [ -98.765758095305003, 20.008240090430988 ], [ -98.765751378179999, 20.008246524094993 ], [ -98.765744658802006, 20.008252955657994 ], [ -98.765737937172005, 20.008259385117032 ], [ -98.765731213291005, 20.008265812474026 ], [ -98.76572448716, 20.00827223772599 ], [ -98.765717758779004, 20.008278660874019 ], [ -98.765711028148019, 20.008285081915979 ], [ -98.765704295269998, 20.008291500851985 ], [ -98.765697560144005, 20.008297917682007 ], [ -98.765690822771006, 20.008304332404009 ], [ -98.765684083151996, 20.008310745018012 ], [ -98.765677341287017, 20.008317155522985 ], [ -98.765670597178001, 20.008323563918001 ], [ -98.765663850825007, 20.008329970203008 ], [ -98.765657102229, 20.008336374377006 ], [ -98.765650351391002, 20.008342776438973 ], [ -98.765643598311001, 20.008349176389004 ], [ -98.765636842990006, 20.008355574225998 ], [ -98.765630085428995, 20.008361969948986 ], [ -98.765623325627999, 20.00836836355797 ], [ -98.765616563589006, 20.008374755051008 ], [ -98.765609799312003, 20.008381144428 ], [ -98.765603032797998, 20.008387531688989 ], [ -98.765596264047005, 20.008393916833004 ], [ -98.765589493060006, 20.008400299858035 ], [ -98.765582719839003, 20.008406680764995 ], [ -98.765575944383002, 20.008413059551991 ], [ -98.765569166693993, 20.008419436219018 ], [ -98.765562386772004, 20.008425810765992 ], [ -98.765555604618001, 20.008432183191015 ], [ -98.765548820231999, 20.00843855349401 ], [ -98.765542033616995, 20.008444921672993 ], [ -98.765535244771002, 20.008451287730008 ], [ -98.765528453696021, 20.008457651662017 ], [ -98.765521660393006, 20.008464013468991 ], [ -98.765514864862993, 20.008470373150018 ], [ -98.765508067105998, 20.008476730704974 ], [ -98.765501267122019, 20.008483086132987 ], [ -98.765494464913004, 20.008489439433006 ], [ -98.765487660480005, 20.008495790604016 ], [ -98.765480853822993, 20.008502139646986 ], [ -98.765474044943005, 20.008508486559027 ], [ -98.765467233840013, 20.008514831340992 ], [ -98.765460420516007, 20.008521173991976 ], [ -98.765453604971, 20.008527514510991 ], [ -98.765446787206002, 20.008533852897006 ], [ -98.765439967221994, 20.008540189150011 ], [ -98.765433145019003, 20.008546523267988 ], [ -98.765426320597996, 20.008552855251995 ], [ -98.765419493959996, 20.008559185100992 ], [ -98.765412665105998, 20.008565512813998 ], [ -98.765405834036002, 20.008571838389003 ], [ -98.765399000751003, 20.008578161826989 ], [ -98.765392165251995, 20.008584483127009 ], [ -98.765385327539008, 20.008590802289007 ], [ -98.765378487614996, 20.008597119310039 ], [ -98.765371645478012, 20.008603434190999 ], [ -98.765364801130005, 20.008609746931999 ], [ -98.765357954571002, 20.008616057529998 ], [ -98.765351105804001, 20.008622365986991 ], [ -98.765344254826999, 20.008628672300009 ], [ -98.765337401642014, 20.008634976469974 ], [ -98.765330546249004, 20.008641278494981 ], [ -98.765323688650994, 20.00864757837499 ], [ -98.765316828845997, 20.008653876109015 ], [ -98.765309966836, 20.008660171696995 ], [ -98.765303102621999, 20.008666465137004 ], [ -98.765296236203994, 20.008672756429981 ], [ -98.765289367582994, 20.008679045573992 ], [ -98.765282496759994, 20.008685332569002 ], [ -98.765275623736002, 20.008691617413966 ], [ -98.765268748511005, 20.008697900107993 ], [ -98.765261871085997, 20.008704180650998 ], [ -98.765254991462996, 20.00871045904201 ], [ -98.765248109639998, 20.008716735281006 ], [ -98.765241225621011, 20.008723009366012 ], [ -98.765234339404017, 20.008729281295992 ], [ -98.765227450991006, 20.008735551073009 ], [ -98.765220560383, 20.008741818693007 ], [ -98.765213667581008, 20.008748084158 ], [ -98.765206772585003, 20.008754347465995 ], [ -98.765199875395012, 20.008760608616001 ], [ -98.765192976012997, 20.008766867608013 ], [ -98.76518607444001, 20.008773124440982 ], [ -98.765179170676006, 20.008779379114998 ], [ -98.765172264721997, 20.008785631628012 ], [ -98.765165356577995, 20.008791881980994 ], [ -98.765158446247, 20.008798130171982 ], [ -98.765151533727007, 20.008804376200015 ], [ -98.765144619020006, 20.008810620066004 ], [ -98.765137702127006, 20.008816861768004 ], [ -98.765130783049003, 20.008823101306014 ], [ -98.765123861785, 20.008829338677995 ], [ -98.765116938337997, 20.008835573884955 ], [ -98.765110012708007, 20.008841806924977 ], [ -98.765103084895017, 20.00884803779903 ], [ -98.765096154899993, 20.008854266505015 ], [ -98.765089222724995, 20.008860493042008 ], [ -98.765082288369001, 20.008866717410044 ], [ -98.765075351834014, 20.00887293960799 ], [ -98.765068413120005, 20.008879159635978 ], [ -98.765061472227998, 20.008885377492021 ], [ -98.765054529159002, 20.008891593176983 ], [ -98.765047583913997, 20.008897806688992 ], [ -98.765040636492998, 20.008904018027984 ], [ -98.765033686896999, 20.00891022719399 ], [ -98.765026735126995, 20.008916434183988 ], [ -98.765019781183994, 20.00892263899901 ], [ -98.765012825068013, 20.008928841639005 ], [ -98.765005866780001, 20.008935042101001 ], [ -98.76499890632202, 20.008941240387017 ], [ -98.764991943693005, 20.008947436493994 ], [ -98.764984978894006, 20.00895363042298 ], [ -98.764978011926999, 20.008959822172997 ], [ -98.764971042791004, 20.008966011741993 ], [ -98.764964071489004, 20.008972199130991 ], [ -98.764957098020005, 20.008978384337983 ], [ -98.764950122385002, 20.00898456736401 ], [ -98.764943144585004, 20.008990748205999 ], [ -98.764936164621005, 20.008996926864988 ], [ -98.764929182494001, 20.00900310334098 ], [ -98.764922198204005, 20.009009277630973 ], [ -98.764915211751998, 20.009015449736001 ], [ -98.764908223139003, 20.009021619655002 ], [ -98.764901232366, 20.009027787387016 ], [ -98.764894239433005, 20.009033952932018 ], [ -98.764887244340997, 20.009040116288006 ], [ -98.764880247091, 20.009046277456008 ], [ -98.764873247683994, 20.009052436433986 ], [ -98.764866246119993, 20.009058593221997 ], [ -98.764859242401002, 20.009064747820002 ], [ -98.764852236525996, 20.009070900225034 ], [ -98.764845228496995, 20.009077050439011 ], [ -98.76483821831502, 20.009083198460029 ], [ -98.764831205980002, 20.009089344287052 ], [ -98.764824191493005, 20.00909548792 ], [ -98.764817174855011, 20.009101629358014 ], [ -98.764810156067014, 20.009107768600984 ], [ -98.764803135129, 20.009113905646981 ], [ -98.764796112042006, 20.009120040495969 ], [ -98.764789086806999, 20.009126173147969 ], [ -98.764782059425002, 20.009132303601994 ], [ -98.764775029896015, 20.009138431856975 ], [ -98.764767998222013, 20.009144557912034 ], [ -98.764760964402015, 20.009150681767004 ], [ -98.764753928437997, 20.009156803420986 ], [ -98.764746890330997, 20.009162922873021 ], [ -98.764739850081, 20.00916904012298 ], [ -98.764732807689001, 20.009175155171018 ], [ -98.764725763155994, 20.009181268014007 ], [ -98.764718716481994, 20.009187378654012 ], [ -98.764711667669005, 20.00919348708798 ], [ -98.764704616716998, 20.009199593316985 ], [ -98.764697563628005, 20.00920569733902 ], [ -98.764690508399994, 20.009211799155015 ], [ -98.764683451037001, 20.009217898762987 ], [ -98.764676391536995, 20.00922399616298 ], [ -98.764669329903001, 20.009230091353004 ], [ -98.764662266133996, 20.009236184333972 ], [ -98.764655200231999, 20.009242275105027 ], [ -98.76464813219701, 20.009248363665019 ], [ -98.764641062029995, 20.009254450013021 ], [ -98.764633989732999, 20.009260534149004 ], [ -98.764626915305001, 20.009266616071994 ], [ -98.764619838746995, 20.009272695781998 ], [ -98.764612760060999, 20.009278773277 ], [ -98.764605679246003, 20.009284848557012 ], [ -98.764598596305007, 20.009290921620973 ], [ -98.764591511236006, 20.009296992470006 ], [ -98.764584424042994, 20.009303061100983 ], [ -98.764577334723995, 20.009309127515014 ], [ -98.764570243281, 20.00931519171003 ], [ -98.764563149715016, 20.009321253686039 ], [ -98.764556054026997, 20.009327313443009 ], [ -98.764548956216004, 20.009333370980006 ], [ -98.764541856285007, 20.009339426295014 ], [ -98.764534754232997, 20.009345479389044 ], [ -98.764527650062007, 20.009351530260972 ], [ -98.764520543771994, 20.009357578910002 ], [ -98.764513435363995, 20.009363625335013 ], [ -98.764506324839004, 20.009369669536017 ], [ -98.764499212198004, 20.009375711512021 ], [ -98.764492097441007, 20.009381751263003 ], [ -98.764484980568994, 20.009387788787024 ], [ -98.764477861583998, 20.009393824084 ], [ -98.76447074048501, 20.009399857153959 ], [ -98.764463617274004, 20.00940588799601 ], [ -98.764456491950995, 20.009411916608002 ], [ -98.764449364517006, 20.009417942992005 ], [ -98.764442234973004, 20.009423967145004 ], [ -98.764435103319997, 20.009429989067009 ], [ -98.764427969558, 20.009436008756985 ], [ -98.764420833688007, 20.009442026215979 ], [ -98.764413695711994, 20.009448041440997 ], [ -98.764406555628995, 20.009454054433029 ], [ -98.764399413440998, 20.009460065191011 ], [ -98.764392269148004, 20.009466073713995 ], [ -98.764385122751008, 20.009472080002006 ], [ -98.764377974252, 20.00947808405299 ], [ -98.764370823649998, 20.009484085868017 ], [ -98.764363670945997, 20.00949008544503 ], [ -98.764356516142001, 20.009496082784008 ], [ -98.764349359237997, 20.009502077885013 ], [ -98.764342200235006, 20.009508070744989 ], [ -98.764335039133002, 20.009514061365991 ], [ -98.764327875934001, 20.009520049745994 ], [ -98.764320710638003, 20.009526035885003 ], [ -98.764313543244995, 20.009532019781997 ], [ -98.764306373758004, 20.009538001436017 ], [ -98.764299202176005, 20.009543980846001 ], [ -98.764292028501004, 20.009549958013004 ], [ -98.764284852732999, 20.009555932934965 ], [ -98.764277674872005, 20.009561905612042 ], [ -98.764270494921007, 20.009567876041981 ], [ -98.764263312878001, 20.00957384422599 ], [ -98.764256128746993, 20.009579810163011 ], [ -98.764248942525995, 20.009585773852002 ], [ -98.764241754216997, 20.009591735291984 ], [ -98.764234563819997, 20.009597694483013 ], [ -98.764227371337, 20.009603651423987 ], [ -98.764220176769001, 20.009609606114047 ], [ -98.764212980115005, 20.009615558554003 ], [ -98.764205781377015, 20.009621508740995 ], [ -98.764198580555998, 20.00962745667599 ], [ -98.764191377651997, 20.009633402358034 ], [ -98.764184172666006, 20.009639345785995 ], [ -98.764176965599006, 20.009645286958992 ], [ -98.764169756452006, 20.00965122587802 ], [ -98.764162545225005, 20.009657162541018 ], [ -98.764155331919, 20.009663096946987 ], [ -98.764148116536006, 20.009669029096017 ], [ -98.764140899075997, 20.009674958987034 ], [ -98.764133679539, 20.009680886620991 ], [ -98.764126457927006, 20.009686811994975 ], [ -98.764119234240013, 20.009692735109006 ], [ -98.764112008479003, 20.009698655963007 ], [ -98.764104780644999, 20.009704574556014 ], [ -98.764097550738995, 20.009710490888004 ], [ -98.764090318761006, 20.009716404957011 ], [ -98.764083084711999, 20.009722316764002 ], [ -98.764075848592995, 20.009728226305977 ], [ -98.764068610405019, 20.009734133585006 ], [ -98.764061370148994, 20.009740038599006 ], [ -98.764054127825005, 20.009745941346988 ], [ -98.764046883434006, 20.009751841828997 ], [ -98.764039636977003, 20.009757740045004 ], [ -98.764032388455007, 20.009763635993014 ], [ -98.764025137869012, 20.009769529671981 ], [ -98.764017885219005, 20.009775421083997 ], [ -98.764010630505993, 20.009781310225051 ], [ -98.764003373731001, 20.009787197097001 ], [ -98.763996114894994, 20.009793081697975 ], [ -98.763988853998001, 20.009798964027965 ], [ -98.763981591041997, 20.009804844086005 ], [ -98.763974326026002, 20.009810721871013 ], [ -98.763967058953, 20.009816597383026 ], [ -98.763959789821996, 20.009822470620989 ], [ -98.763952518634994, 20.009828341584974 ], [ -98.763945245393003, 20.009834210272995 ], [ -98.763937970095, 20.009840076685993 ], [ -98.763930692743003, 20.009845940822011 ], [ -98.763923413338006, 20.009851802681013 ], [ -98.763916131881004, 20.009857662262991 ], [ -98.763908848372012, 20.009863519565993 ], [ -98.763901562811, 20.009869374588977 ], [ -98.763894275200997, 20.009875227334003 ], [ -98.763886985542001, 20.009881077798006 ], [ -98.763879693833999, 20.009886925980968 ], [ -98.763872400078, 20.009892771881987 ], [ -98.763865104274998, 20.009898615501026 ], [ -98.763857806426003, 20.009904456838015 ], [ -98.763850506531995, 20.009910295891004 ], [ -98.763843425922005, 20.009915955854989 ], [ -98.763836343449, 20.009921613737003 ], [ -98.763829259112995, 20.009927269535975 ], [ -98.763822172915994, 20.009932923251 ], [ -98.763815084857001, 20.009938574880998 ], [ -98.763807457222001, 20.009944653038971 ], [ -98.763799827729997, 20.009950729113005 ], [ -98.763792196379001, 20.009956803103016 ], [ -98.76378456317201, 20.009962875009006 ], [ -98.763776928108996, 20.009968944829012 ], [ -98.763769918178994, 20.009974514657006 ], [ -98.763762906807997, 20.009980082865027 ], [ -98.763755893997001, 20.009985649452005 ], [ -98.763748879744995, 20.009991214419006 ], [ -98.763741864055007, 20.009996777764012 ], [ -98.763734152975999, 20.01000288964503 ], [ -98.763726440460005, 20.010008999904986 ], [ -98.763718726506994, 20.010015108545026 ], [ -98.763711011116996, 20.010021215564002 ], [ -98.763703294292, 20.010027320961978 ], [ -98.763696421483004, 20.010032756381001 ], [ -98.763689547652007, 20.010038190643996 ], [ -98.763682672797998, 20.010043623752004 ], [ -98.763675796922001, 20.010049055704972 ], [ -98.763668920024003, 20.01005448650097 ], [ -98.763661067479006, 20.01006068568099 ], [ -98.763653213913003, 20.010066883705989 ], [ -98.763645359327001, 20.01007308057498 ], [ -98.763637503720005, 20.010079276289016 ], [ -98.763629647094007, 20.010085470848058 ], [ -98.763621465926008, 20.010091919360015 ], [ -98.763613283810002, 20.010098366796996 ], [ -98.763605100747, 20.010104813159 ], [ -98.763596916734997, 20.010111258447008 ], [ -98.763590103005996, 20.010116623410998 ], [ -98.763583288857006, 20.010121987897985 ], [ -98.763576474287007, 20.010127351907983 ], [ -98.763569659295015, 20.010132715440012 ], [ -98.763562843883008, 20.010138078493963 ], [ -98.763556028050999, 20.010143441071026 ], [ -98.763547850997, 20.010149873663 ], [ -98.763539673438999, 20.010156305681999 ], [ -98.763531495376, 20.010162737127999 ], [ -98.763524493218, 20.010168243306008 ], [ -98.763517490967999, 20.010173749378978 ], [ -98.763510488623993, 20.010179255346998 ], [ -98.763503486187005, 20.010184761209018 ], [ -98.763496483658002, 20.010190266966035 ], [ -98.763489481034995, 20.010195772616964 ], [ -98.76348247832, 20.010201278164001 ], [ -98.762225410905998, 20.011189559843 ], [ -98.762217940292004, 20.011195433333 ], [ -98.762210469994002, 20.011201307181 ], [ -98.762203000010999, 20.011207181387977 ], [ -98.762195530344002, 20.011213055953991 ], [ -98.762188060992997, 20.011218930878997 ], [ -98.762180591957005, 20.011224806162975 ], [ -98.762173123237005, 20.011230681805976 ], [ -98.762165654832998, 20.011236557807013 ], [ -98.762158186744003, 20.011242434167006 ], [ -98.762150718971995, 20.011248310886991 ], [ -98.762143251514999, 20.01125418796499 ], [ -98.762135784373001, 20.011260065401 ], [ -98.762128317548004, 20.011265943196971 ], [ -98.76212085103802, 20.011271821351038 ], [ -98.762113384844994, 20.011277699864007 ], [ -98.762105918966995, 20.011283578736013 ], [ -98.762098453405002, 20.011289457966001 ], [ -98.762090988159002, 20.011295337555001 ], [ -98.762083523228995, 20.011301217502993 ], [ -98.762076456223994, 20.011306785394993 ], [ -98.762069390359002, 20.011312354579033 ], [ -98.762062325631007, 20.011317925054009 ], [ -98.762055262043006, 20.011323496818992 ], [ -98.762048199595, 20.011329069874019 ], [ -98.762041138284999, 20.011334644219989 ], [ -98.762034078116002, 20.011340219856013 ], [ -98.762027019086005, 20.011345796781018 ], [ -98.762019961196998, 20.011351374996007 ], [ -98.762012904448994, 20.011356954500958 ], [ -98.762005561652998, 20.011362762738035 ], [ -98.761998220340999, 20.011368572651989 ], [ -98.761990880515, 20.011374384243013 ], [ -98.761983542173994, 20.011380197509009 ], [ -98.761976205319002, 20.011386012451993 ], [ -98.761968869949996, 20.011391829069993 ], [ -98.761961536068, 20.011397647362994 ], [ -98.761954203673994, 20.011403467331 ], [ -98.761946872766998, 20.011409288972995 ], [ -98.761939543349001, 20.011415112288983 ], [ -98.761932215418, 20.011420937278995 ], [ -98.761924888977006, 20.011426763942971 ], [ -98.761917564026007, 20.011432592279 ], [ -98.761910240564006, 20.011438422288993 ], [ -98.761902918592, 20.011444253970005 ], [ -98.761895598110996, 20.011450087324011 ], [ -98.761888414121003, 20.011455815478023 ], [ -98.761881232383004, 20.011461546156013 ], [ -98.761874052899998, 20.011467279356992 ], [ -98.761866875671998, 20.011473015081013 ], [ -98.761859700700001, 20.011478753326017 ], [ -98.761852527984999, 20.011484494091992 ], [ -98.761845357528003, 20.011490237377991 ], [ -98.761838189330007, 20.011495983183007 ], [ -98.761831023392006, 20.011501731506002 ], [ -98.761823859716003, 20.011507482347017 ], [ -98.761816698301004, 20.011513235705017 ], [ -98.761809539148999, 20.011518991578978 ], [ -98.761802382262005, 20.011524749968014 ], [ -98.761794952261994, 20.011530733085984 ], [ -98.761787525117995, 20.011536719370998 ], [ -98.761780100831004, 20.011542708821995 ], [ -98.761772679402995, 20.011548701437995 ], [ -98.761765260835006, 20.011554697217033 ], [ -98.761757845128997, 20.011560696158984 ], [ -98.761750432285993, 20.011566698261966 ], [ -98.761743022307996, 20.011572703523999 ], [ -98.761735615196002, 20.011578711944992 ], [ -98.761728210952, 20.011584723523985 ], [ -98.761720809577, 20.011590738258999 ], [ -98.761713411073003, 20.011596756149004 ], [ -98.761706015441007, 20.011602777193023 ], [ -98.761698622682999, 20.011608801388999 ], [ -98.761691232800004, 20.011614828735986 ], [ -98.761683797919005, 20.011620899198995 ], [ -98.761676366859007, 20.01162697384197 ], [ -98.761668939622993, 20.011633052661011 ], [ -98.761661516214005, 20.011639135655003 ], [ -98.761654096632995, 20.01164522282097 ], [ -98.761646680883999, 20.011651314159014 ], [ -98.761639268970001, 20.011657409664018 ], [ -98.761631860891995, 20.011663509335982 ], [ -98.761624456655014, 20.011669613171009 ], [ -98.761617056258999, 20.011675721168992 ], [ -98.761609659708, 20.011681833325991 ], [ -98.761602267005003, 20.011687949641008 ], [ -98.761594878151001, 20.011694070111012 ], [ -98.761586179803004, 20.011701255841981 ], [ -98.761577518300001, 20.011708481227046 ], [ -98.761436725281001, 20.011904112634973 ], [ -98.761385474831002, 20.011871159252031 ], [ -98.761378469844999, 20.011877220214995 ], [ -98.761371470339995, 20.011883286833001 ], [ -98.761364476322996, 20.011889359103023 ], [ -98.761357487797994, 20.011895437020996 ], [ -98.761350504769993, 20.011901520581009 ], [ -98.761343527245003, 20.01190760977904 ], [ -98.761336555227004, 20.011913704612006 ], [ -98.761329588722006, 20.011919805074022 ], [ -98.761322627734998, 20.011925911160002 ], [ -98.761315672270001, 20.011932022868038 ], [ -98.761308722334007, 20.011938140191013 ], [ -98.761301777930001, 20.011944263126043 ], [ -98.761294839065016, 20.01195039166798 ], [ -98.761287905743004, 20.011956525813016 ], [ -98.761281101785997, 20.011962556115996 ], [ -98.761274303999002, 20.011968592631984 ], [ -98.761267512388997, 20.011974635356005 ], [ -98.761260726960998, 20.011980684282968 ], [ -98.761253947721002, 20.011986739407007 ], [ -98.761247174676996, 20.011992800720975 ], [ -98.761240407835004, 20.011998868222019 ], [ -98.761233647200015, 20.012004941901971 ], [ -98.761226892780016, 20.01201102175602 ], [ -98.761220144579994, 20.012017107777996 ], [ -98.761213402606998, 20.012023199964009 ], [ -98.761206666866997, 20.012029298306025 ], [ -98.761199937366001, 20.012035402799981 ], [ -98.761193214111998, 20.012041513439002 ], [ -98.761186321918004, 20.012047790115012 ], [ -98.761179436527996, 20.012054073459016 ], [ -98.761172557948996, 20.012060363464997 ], [ -98.761165686187994, 20.012066660126028 ], [ -98.761158821253005, 20.012072963434971 ], [ -98.761151963150013, 20.012079273385989 ], [ -98.761145111887004, 20.012085589972024 ], [ -98.761138267470997, 20.012091913185991 ], [ -98.761131429909014, 20.012098243023019 ], [ -98.761124599208998, 20.012104579474034 ], [ -98.761117775375993, 20.012110922534994 ], [ -98.761110958420005, 20.01211727219702 ], [ -98.761104148346007, 20.012123628453992 ], [ -98.761097345162, 20.012129991299989 ], [ -98.761090548875998, 20.012136360727993 ], [ -98.761083759493005, 20.012142736731022 ], [ -98.761076977022, 20.012149119303018 ], [ -98.761070201468996, 20.012155508437019 ], [ -98.761063432841993, 20.012161904126003 ], [ -98.761056671147003, 20.012168306362991 ], [ -98.761049916391997, 20.012174715141995 ], [ -98.761043168583996, 20.012181130456007 ], [ -98.761036427730005, 20.012187552298975 ], [ -98.761029693835994, 20.012193980663 ], [ -98.761022966911, 20.012200415541969 ], [ -98.761016246961006, 20.012206856929005 ], [ -98.761009533993004, 20.012213304817003 ], [ -98.761002828014, 20.012219759200011 ], [ -98.760996129031, 20.012226220070989 ], [ -98.760989437052004, 20.012232687423019 ], [ -98.760982752082001, 20.012239161248992 ], [ -98.760976074129999, 20.012245641541995 ], [ -98.760969403201997, 20.012252128295987 ], [ -98.760962739305995, 20.012258621504003 ], [ -98.760956082448004, 20.012265121159015 ], [ -98.760949432634007, 20.012271627254009 ], [ -98.760942789873994, 20.012278139783021 ], [ -98.760936154172001, 20.012284658738018 ], [ -98.760929525536, 20.012291184113007 ], [ -98.760922903974006, 20.012297715901013 ], [ -98.760916289491007, 20.012304254095003 ], [ -98.760909682095004, 20.012310798687988 ], [ -98.760903081793998, 20.012317349673996 ], [ -98.760896488593005, 20.012323907045008 ], [ -98.760889902499997, 20.012330470794016 ], [ -98.760883323521, 20.012337040914993 ], [ -98.760876751664, 20.012343617401008 ], [ -98.760870186936003, 20.01235020024501 ], [ -98.760863629341998, 20.012356789439991 ], [ -98.760857078890993, 20.012363384979032 ], [ -98.760850535589, 20.012369986856001 ], [ -98.760843999442997, 20.012376595062054 ], [ -98.760837470460004, 20.012383209592009 ], [ -98.760830948646003, 20.012389830438028 ], [ -98.760824434008995, 20.012396457594008 ], [ -98.760817926555006, 20.012403091051961 ], [ -98.760811426290999, 20.012409730805992 ], [ -98.760804933223994, 20.012416376848002 ], [ -98.760798447360997, 20.012423029172005 ], [ -98.760791968709, 20.012429687769998 ], [ -98.760785497273005, 20.012436352636996 ], [ -98.760779033061993, 20.012443023763034 ], [ -98.760772576082005, 20.012449701144011 ], [ -98.760766126340002, 20.012456384770989 ], [ -98.760759683842011, 20.012463074638013 ], [ -98.760753248594995, 20.012469770736971 ], [ -98.760746820606002, 20.012476473062968 ], [ -98.760740399881996, 20.012483181606022 ], [ -98.760733986429003, 20.012489896361 ], [ -98.760727580253999, 20.012496617320998 ], [ -98.760721181365, 20.012503344478013 ], [ -98.760714789766993, 20.012510077825997 ], [ -98.760708405467, 20.012516817357014 ], [ -98.760702028471997, 20.012523563064004 ], [ -98.760695658789004, 20.012530314941017 ], [ -98.760689296424005, 20.012537072978965 ], [ -98.760682941384999, 20.012543837172998 ], [ -98.760676593675996, 20.012550607513994 ], [ -98.760670253306998, 20.012557383997038 ], [ -98.760663920281999, 20.012564166613007 ], [ -98.760657594609, 20.012570955356026 ], [ -98.760651276293999, 20.012577750218014 ], [ -98.760644965345008, 20.012584551192028 ], [ -98.760638661765995, 20.012591358272015 ], [ -98.760632365565996, 20.012598171450012 ], [ -98.760626076750995, 20.012604990719019 ], [ -98.760619795327003, 20.012611816071992 ], [ -98.760613521300996, 20.012618647501029 ], [ -98.760607254679002, 20.012625485 ], [ -98.760600995469005, 20.012632328561025 ], [ -98.760594743675995, 20.012639178177992 ], [ -98.760588499307005, 20.012646033842042 ], [ -98.760582262369013, 20.012652895547006 ], [ -98.760576032868997, 20.012659763285992 ], [ -98.760569810812001, 20.012666637051019 ], [ -98.760563596205003, 20.012673516835001 ], [ -98.760557389056018, 20.012680402631002 ], [ -98.760551189370005, 20.01268729443203 ], [ -98.760544997154, 20.012694192230004 ], [ -98.760538812413998, 20.01270109601899 ], [ -98.760532635157006, 20.012708005789992 ], [ -98.760526465389006, 20.012714921537988 ], [ -98.760520303117005, 20.01272184325402 ], [ -98.760514148347994, 20.012728770930998 ], [ -98.760508001087018, 20.012735704561997 ], [ -98.760501861340998, 20.012742644140005 ], [ -98.760495729116997, 20.012749589656988 ], [ -98.760489604420997, 20.012756541107006 ], [ -98.760483487260004, 20.012763498481004 ], [ -98.760477377639006, 20.012770461772998 ], [ -98.760471275566019, 20.012777430975994 ], [ -98.760465181046996, 20.012784406081003 ], [ -98.760459094086997, 20.012791387081982 ], [ -98.760453014693994, 20.012798373971023 ], [ -98.760446942873998, 20.012805366741013 ], [ -98.760440878634, 20.012812365384995 ], [ -98.760434821977995, 20.012819369895038 ], [ -98.760428772915006, 20.012826380265011 ], [ -98.760422731450006, 20.012833396486009 ], [ -98.760416697590003, 20.012840418551001 ], [ -98.760410671339997, 20.012847446452991 ], [ -98.760404652708004, 20.012854480183986 ], [ -98.760398641698998, 20.01286151973801 ], [ -98.760392638321008, 20.012868565106999 ], [ -98.760386642577998, 20.012875616282994 ], [ -98.760380654478013, 20.012882673259007 ], [ -98.760374674027005, 20.01288973602702 ], [ -98.760368701231002, 20.012896804581004 ], [ -98.760362736096013, 20.012903878912013 ], [ -98.760356778629003, 20.012910959014 ], [ -98.760350828835001, 20.012918044878994 ], [ -98.760344886721995, 20.012925136498993 ], [ -98.76033895229402, 20.012932233868028 ], [ -98.760333025560001, 20.012939336976991 ], [ -98.760327106524002, 20.012946445819004 ], [ -98.760321195193001, 20.012953560387018 ], [ -98.760315291572994, 20.012960680673004 ], [ -98.760309395670006, 20.012967806670009 ], [ -98.760303507491003, 20.012974938370967 ], [ -98.760297627040998, 20.012982075766981 ], [ -98.760291754327994, 20.012989218850993 ], [ -98.760285889355998, 20.01299636761701 ], [ -98.760280032132997, 20.013003522054976 ], [ -98.760274182662997, 20.013010682159983 ], [ -98.760268340954994, 20.013017847923024 ], [ -98.760262507012996, 20.013025019337018 ], [ -98.760256680843, 20.013032196394033 ], [ -98.760250862451997, 20.013039379087012 ], [ -98.760245051847008, 20.013046567407983 ], [ -98.760239249032011, 20.013053761349983 ], [ -98.760233454013999, 20.013060960904983 ], [ -98.760227666800006, 20.013068166065022 ], [ -98.760221887393996, 20.013075376824052 ], [ -98.760216115803999, 20.013082593174012 ], [ -98.760210352035998, 20.013089815106024 ], [ -98.760204596093999, 20.01309704261298 ], [ -98.760198847986004, 20.01310427568901 ], [ -98.760193107717996, 20.01311151432402 ], [ -98.760187375295004, 20.013118758512036 ], [ -98.760181650722998, 20.013126008246001 ], [ -98.760175934008998, 20.013133263515993 ], [ -98.760170225159001, 20.013140524316992 ], [ -98.760164524177995, 20.013147790639007 ], [ -98.760158831072005, 20.013155062475978 ], [ -98.760153145847994, 20.013162339821001 ], [ -98.760147468512002, 20.013169622664027 ], [ -98.760141799067995, 20.013176910999004 ], [ -98.760136137524, 20.013184204818007 ], [ -98.760130483885007, 20.013191504114001 ], [ -98.760124838158006, 20.013198808878009 ], [ -98.760119200347006, 20.013206119103025 ], [ -98.760113570458998, 20.013213434781971 ], [ -98.760107948501002, 20.013220755905984 ], [ -98.760102334476997, 20.013228082468974 ], [ -98.760096728394004, 20.013235414461995 ], [ -98.760091130256995, 20.013242751877009 ], [ -98.760085540073007, 20.013250094708003 ], [ -98.760079957846997, 20.013257442945015 ], [ -98.760074383585007, 20.013264796583002 ], [ -98.760068817293003, 20.013272155612004 ], [ -98.760063258976999, 20.013279520024991 ], [ -98.760057708643004, 20.013286889814999 ], [ -98.760052166296006, 20.013294264972988 ], [ -98.760046631942998, 20.013301645492984 ], [ -98.760041105588996, 20.013309031364997 ], [ -98.760035587239003, 20.013316422582992 ], [ -98.760030076901003, 20.013323819138993 ], [ -98.760024574579006, 20.013331221024995 ], [ -98.760019080278994, 20.013338628232969 ], [ -98.760013594007006, 20.013346040754982 ], [ -98.760008115769011, 20.013353458583996 ], [ -98.760002645570012, 20.013360881711993 ], [ -98.759997183416004, 20.013368310130996 ], [ -98.759991729313995, 20.013375743834025 ], [ -98.759986283268006, 20.013383182811971 ], [ -98.759980845285, 20.01339062705701 ], [ -98.759975415370008, 20.013398076562996 ], [ -98.759969993528998, 20.013405531319993 ], [ -98.759964579767001, 20.013412991321985 ], [ -98.75995917409, 20.013420456560002 ], [ -98.759953776504005, 20.013427927027024 ], [ -98.759948387015001, 20.013435402715025 ], [ -98.759943005628003, 20.013442883615014 ], [ -98.759937632348993, 20.013450369720989 ], [ -98.759932267183004, 20.013457861024005 ], [ -98.759926910136002, 20.013465357515965 ], [ -98.759921561214014, 20.013472859189985 ], [ -98.759916220422014, 20.013480366038031 ], [ -98.759910887766011, 20.013487878050999 ], [ -98.759905563252005, 20.013495395221998 ], [ -98.759900246884996, 20.013502917543015 ], [ -98.759894938670001, 20.013510445007014 ], [ -98.759889638613998, 20.013517977603989 ], [ -98.759884346720995, 20.013525515328009 ], [ -98.75987906299801, 20.013533058170967 ], [ -98.759873787448996, 20.013540606124018 ], [ -98.759868520081, 20.013548159179003 ], [ -98.759863260898996, 20.013555717329009 ], [ -98.759858009908996, 20.013563280566007 ], [ -98.759852767115007, 20.01357084888199 ], [ -98.759847532524006, 20.013578422269003 ], [ -98.759842306140996, 20.013586000719009 ], [ -98.759837087970993, 20.013593584222992 ], [ -98.759831878021004, 20.013601172774997 ], [ -98.759826676293997, 20.013608766366023 ], [ -98.759821482798003, 20.013616364987964 ], [ -98.759816297536005, 20.013623968633006 ], [ -98.759811120516005, 20.013631577293001 ], [ -98.759805951741001, 20.013639190961012 ], [ -98.759800791217998, 20.013646809628007 ], [ -98.759795638952994, 20.013654433284987 ], [ -98.759790494949002, 20.013662061927004 ], [ -98.759785359212998, 20.01366969554298 ], [ -98.759780231750995, 20.013677334126992 ], [ -98.759775112566999, 20.013684977669985 ], [ -98.759770001667007, 20.013692626164016 ], [ -98.759764899056009, 20.013700279601007 ], [ -98.75975980474, 20.013707937973983 ], [ -98.759754718723997, 20.013715601273006 ], [ -98.759749641013002, 20.013723269491997 ], [ -98.759744571612998, 20.013730942622001 ], [ -98.759739510529002, 20.013738620654017 ], [ -98.759734457766001, 20.013746303581996 ], [ -98.759729413330007, 20.013753991396978 ], [ -98.759724377224998, 20.01376168409001 ], [ -98.759719349457995, 20.013769381654004 ], [ -98.759714330033006, 20.013777084080999 ], [ -98.759709318955004, 20.013784791361996 ], [ -98.759704316231009, 20.013792503489984 ], [ -98.759699321865, 20.013800220457011 ], [ -98.759694335861994, 20.013807942254015 ], [ -98.759689358228002, 20.013815668872997 ], [ -98.759684388967997, 20.013823400306013 ], [ -98.759679428086997, 20.01383113654499 ], [ -98.759674475590003, 20.013838877581993 ], [ -98.759669531483013, 20.01384662340902 ], [ -98.759664595770005, 20.013854374018035 ], [ -98.759659668457004, 20.013862129400035 ], [ -98.759654749549995, 20.013869889546985 ], [ -98.759649839052003, 20.013877654452024 ], [ -98.759644936970005, 20.013885424106046 ], [ -98.759640043307996, 20.013893198500998 ], [ -98.759635158072001, 20.013900977629014 ], [ -98.759630281266993, 20.013908761482021 ], [ -98.759625412896995, 20.013916550051011 ], [ -98.759620552968002, 20.013924343327965 ], [ -98.759615701485998, 20.013932141306 ], [ -98.759610858453996, 20.013939943975029 ], [ -98.759606023879002, 20.013947751328971 ], [ -98.759601197764994, 20.013955563358031 ], [ -98.759596380117998, 20.013963380054026 ], [ -98.759591570942007, 20.013971201409984 ], [ -98.759586770241995, 20.013979027415999 ], [ -98.759581978024002, 20.013986858066037 ], [ -98.759577194292007, 20.013994693349982 ], [ -98.759572419052006, 20.014002533261007 ], [ -98.759567652307993, 20.014010377788992 ], [ -98.759562894065994, 20.014018226928041 ], [ -98.759558144330995, 20.014026080667985 ], [ -98.759553403107006, 20.014033939002005 ], [ -98.759548670398999, 20.014041801920971 ], [ -98.759543946213, 20.014049669417041 ], [ -98.759539230553003, 20.014057541481982 ], [ -98.759534523425003, 20.014065418107982 ], [ -98.759529824832995, 20.01407329928502 ], [ -98.75952513478201, 20.01408118500699 ], [ -98.759520453278, 20.014089075263986 ], [ -98.759515780323994, 20.014096970048005 ], [ -98.759511115926998, 20.014104869351996 ], [ -98.759506460090009, 20.014112773167017 ], [ -98.759501812818996, 20.014120681484005 ], [ -98.759497174119005, 20.014128594295016 ], [ -98.759492543994, 20.014136511592998 ], [ -98.759487922448997, 20.014144433368003 ], [ -98.759483309489994, 20.014152359612002 ], [ -98.759478705120003, 20.014160290317985 ], [ -98.759474109346002, 20.014168225476013 ], [ -98.759469522171003, 20.014176165077991 ], [ -98.759464943601003, 20.014184109117011 ], [ -98.759460373639001, 20.014192057584008 ], [ -98.759455812292003, 20.014200010469004 ], [ -98.759451259564003, 20.014207967766005 ], [ -98.759446715460001, 20.014215929466005 ], [ -98.759442179984006, 20.014223895559986 ], [ -98.759437653141006, 20.014231866040021 ], [ -98.759433134936017, 20.014239840898004 ], [ -98.759428625373999, 20.014247820124979 ], [ -98.759424124459002, 20.014255803712981 ], [ -98.759419632196, 20.014263791652997 ], [ -98.759415148589994, 20.014271783938018 ], [ -98.759410673644993, 20.014279780557978 ], [ -98.759406207366993, 20.01428778150596 ], [ -98.759401749760002, 20.014295786773008 ], [ -98.759397300827999, 20.014303796351001 ], [ -98.759392860576, 20.014311810229991 ], [ -98.759388429010002, 20.014319828404005 ], [ -98.759384006131995, 20.014327850863005 ], [ -98.759379591949994, 20.014335877599041 ], [ -98.759375186464993, 20.014343908604001 ], [ -98.759370789684993, 20.014351943868011 ], [ -98.759366401611999, 20.014359983385013 ], [ -98.759362022252006, 20.014368027145011 ], [ -98.759357651610003, 20.014376075138998 ], [ -98.759353289689003, 20.014384127359993 ], [ -98.759348936494021, 20.01439218380002 ], [ -98.759344592030999, 20.014400244448034 ], [ -98.759340256303005, 20.014408309297998 ], [ -98.759335929315, 20.014416378339991 ], [ -98.759331611072, 20.01442445156702 ], [ -98.759327301577997, 20.014432528968999 ], [ -98.759323000837995, 20.014440610538028 ], [ -98.759318708856, 20.01444869626604 ], [ -98.759314425636006, 20.014456786144994 ], [ -98.759310151183996, 20.014464880164986 ], [ -98.759305885502997, 20.014472978318 ], [ -98.759301628599019, 20.014481080597005 ], [ -98.759297380475005, 20.014489186991003 ], [ -98.759293141135998, 20.014497297493012 ], [ -98.759288910587003, 20.014505412095023 ], [ -98.759284688831997, 20.01451353078803 ], [ -98.759280475875002, 20.014521653562038 ], [ -98.759276271721006, 20.014529780410999 ], [ -98.759272076374003, 20.014537911324027 ], [ -98.759267889838995, 20.014546046295024 ], [ -98.759263712118994, 20.014554185312985 ], [ -98.759259543221006, 20.014562328372008 ], [ -98.759255383145998, 20.014570475460992 ], [ -98.759251231901004, 20.014578626573002 ], [ -98.759247089490003, 20.014586781698991 ], [ -98.759242955915994, 20.014594940830001 ], [ -98.759238831185002, 20.014603103958031 ], [ -98.759234715299996, 20.014611271074997 ], [ -98.759230608265, 20.014619442171 ], [ -98.759226510085995, 20.014627617238013 ], [ -98.759222420767003, 20.014635796268028 ], [ -98.759218340310994, 20.01464397925298 ], [ -98.759214268722999, 20.014652166182028 ], [ -98.759210206006998, 20.014660357049031 ], [ -98.759206152168005, 20.014668551843009 ], [ -98.759202209893004, 20.014676541829033 ], [ -98.759198275790993, 20.014684535413011 ], [ -98.759194349865993, 20.014692532587034 ], [ -98.759190432121997, 20.014700533344996 ], [ -98.759186522560995, 20.014708537677986 ], [ -98.759182621188003, 20.014716545580008 ], [ -98.759178728006006, 20.014724557042047 ], [ -98.759174843018997, 20.014732572058008 ], [ -98.759170966230002, 20.014740590619994 ], [ -98.759167097643996, 20.014748612720009 ], [ -98.759163237262996, 20.014756638351013 ], [ -98.759159385092005, 20.014764667505023 ], [ -98.759155541132998, 20.014772700174998 ], [ -98.759151705391005, 20.014780736353003 ], [ -98.759147845878999, 20.014788841833003 ], [ -98.759143993551007, 20.014796950367014 ], [ -98.759140148412001, 20.014805061948003 ], [ -98.759136310463006, 20.014813176571014 ], [ -98.759132479707006, 20.014821294230014 ], [ -98.759128656147993, 20.014829414919969 ], [ -98.759124839787006, 20.014837538634016 ], [ -98.759121030627995, 20.014845665367009 ], [ -98.759117228673006, 20.014853795114 ], [ -98.759113433925009, 20.014861927868999 ], [ -98.759109646385994, 20.014870063625029 ], [ -98.759105866059002, 20.014878202377982 ], [ -98.759102092947003, 20.014886344122015 ], [ -98.759098327052001, 20.014894488850015 ], [ -98.759094568378003, 20.014902636557032 ], [ -98.759090871181002, 20.014910668500001 ], [ -98.759087180440005, 20.014918703093997 ], [ -98.759083496155, 20.014926740335014 ], [ -98.759079818330008, 20.014934780219019 ], [ -98.759076146965, 20.01494282274102 ], [ -98.759072482063999, 20.014950867896008 ], [ -98.759068823628994, 20.014958915679991 ], [ -98.759065171661007, 20.014966966086991 ], [ -98.759061526162995, 20.014975019114022 ], [ -98.759057887137004, 20.014983074755992 ], [ -98.759054254584001, 20.014991133007999 ], [ -98.759050628508007, 20.014999193865009 ], [ -98.759047008908993, 20.015007257323006 ], [ -98.759043395790997, 20.015015323375984 ], [ -98.759039681146007, 20.015023632322993 ], [ -98.759035972166998, 20.015031943529998 ], [ -98.759032268854, 20.015040256993956 ], [ -98.759028571209996, 20.015048572712001 ], [ -98.759024879235994, 20.015056890681002 ], [ -98.759021192934, 20.015065210896999 ], [ -98.759017512304993, 20.015073533357011 ], [ -98.759013837351006, 20.015081858057016 ], [ -98.759010168073004, 20.015090184993007 ], [ -98.759006504473007, 20.01509851416299 ], [ -98.759002846551994, 20.015106845561998 ], [ -98.758999194311997, 20.015115179188001 ], [ -98.758995547755006, 20.015123515036006 ], [ -98.758991906880993, 20.015131853104002 ], [ -98.758988271692004, 20.015140193387996 ], [ -98.758984534907995, 20.015148781872014 ], [ -98.758980803528004, 20.015157372456017 ], [ -98.758977077555997, 20.015165965135989 ], [ -98.758973356992016, 20.015174559910001 ], [ -98.758969641836998, 20.01518315677399 ], [ -98.758965932093005, 20.015191755724985 ], [ -98.758962227761003, 20.015200356760012 ], [ -98.758958528842996, 20.015208959877015 ], [ -98.758954835338997, 20.015217565071982 ], [ -98.758951147252006, 20.01522617234199 ], [ -98.758947464581993, 20.015234781683994 ], [ -98.758943787329997, 20.015243393095002 ], [ -98.758940115499001, 20.015252006572009 ], [ -98.758936472273007, 20.015260565854991 ], [ -98.758932833131993, 20.015269126690978 ], [ -98.758929198076999, 20.015277689077998 ], [ -98.758925567108008, 20.015286253013031 ], [ -98.758921940226998, 20.01529481849602 ], [ -98.758918317433, 20.015303385525005 ], [ -98.758914698728006, 20.01531195409698 ], [ -98.758911084112995, 20.015320524211017 ], [ -98.758907473587996, 20.015329095864999 ], [ -98.758903867154004, 20.015337669058027 ], [ -98.758900264812013, 20.015346243788002 ], [ -98.758896666561995, 20.015354820053048 ], [ -98.758893072405996, 20.015363397850987 ], [ -98.758889482342994, 20.015371977179981 ], [ -98.758885896375006, 20.01538055803999 ], [ -98.758882447025996, 20.015388821931008 ], [ -98.758879000928005, 20.015397087033012 ], [ -98.758875558081002, 20.015405353345976 ], [ -98.758872118485002, 20.015413620867985 ], [ -98.758868682142008, 20.015421889598976 ], [ -98.758865249050999, 20.015430159536024 ], [ -98.758861819212001, 20.015438430679009 ], [ -98.758858392627005, 20.015446703026999 ], [ -98.758854969295996, 20.015454976577995 ], [ -98.758851549219017, 20.015463251331013 ], [ -98.758848132397006, 20.015471527286003 ], [ -98.758844718830005, 20.015479804441004 ], [ -98.758841308518996, 20.015488082795002 ], [ -98.758837837049995, 20.015496517257038 ], [ -98.758834367736995, 20.015504952511996 ], [ -98.758830900579994, 20.015513388557991 ], [ -98.758827435580002, 20.015521825397009 ], [ -98.758823972737005, 20.015530263026964 ], [ -98.758820512051003, 20.015538701446996 ], [ -98.758817053521994, 20.015547140657002 ], [ -98.758813597151004, 20.015555580657011 ], [ -98.758810142936994, 20.015564021446988 ], [ -98.758806690881002, 20.015572463025016 ], [ -98.758803240984008, 20.015580905390991 ], [ -98.758799793243995, 20.015589348545003 ], [ -98.758796347662994, 20.015597792486005 ], [ -98.758792904241005, 20.015606237214005 ], [ -98.758789462978001, 20.015614682728 ], [ -98.758786023873, 20.015623129027023 ], [ -98.758782721212, 20.015631245493989 ], [ -98.758779420210999, 20.015639362562997 ], [ -98.758776120869001, 20.015647480236016 ], [ -98.758772823187996, 20.015655598510971 ], [ -98.758769527167004, 20.015663717387994 ], [ -98.758766232807005, 20.015671836867988 ], [ -98.758762940107005, 20.015679956950002 ], [ -98.758759649067002, 20.015688077632987 ], [ -98.758756359687993, 20.015696198917031 ], [ -98.758753071971, 20.015704320801948 ], [ -98.758749600591003, 20.015712899537956 ], [ -98.758746129672005, 20.015721478442 ], [ -98.758742659215002, 20.015730057512016 ], [ -98.758739189219, 20.015738636749031 ], [ -98.758735719684012, 20.015747216152995 ], [ -98.758732250611004, 20.015755795724019 ], [ -98.75872878200002, 20.015764375461004 ], [ -98.758725313848998, 20.015772955365986 ], [ -98.758721846160995, 20.015781535436005 ], [ -98.758718378934006, 20.015790115674005 ], [ -98.758714912168003, 20.015798696077997 ], [ -98.758711445863, 20.015807276649024 ], [ -98.758707980021001, 20.015815857386023 ], [ -98.758704514639007, 20.015824438289957 ], [ -98.758701049720003, 20.01583301935997 ], [ -98.758697585261004, 20.015841600597025 ], [ -98.758694121264995, 20.015850182000978 ], [ -98.75869065773, 20.015858763571 ], [ -98.758687194656005, 20.01586734530699 ], [ -98.758062025588998, 20.017416659203015 ], [ -98.758058703279005, 20.017424892168997 ], [ -98.758055380684993, 20.017433125033023 ], [ -98.758052057808001, 20.017441357794013 ], [ -98.758048734647005, 20.017449590454003 ], [ -98.758045411203, 20.017457823010989 ], [ -98.758042087476994, 20.017466055465999 ], [ -98.758038763466018, 20.017474287818974 ], [ -98.758035439173, 20.017482520070001 ], [ -98.758032114596006, 20.017490752219022 ], [ -98.758028789736002, 20.017498984265956 ], [ -98.758025464593004, 20.017507216210994 ], [ -98.758022139166997, 20.017515448053015 ], [ -98.758018813457994, 20.017523679793008 ], [ -98.758015201686007, 20.017532617265999 ], [ -98.758011588583003, 20.017541554259012 ], [ -98.758007974148995, 20.01755049077099 ], [ -98.758004358383005, 20.017559426800993 ], [ -98.75800074128702, 20.017568362351 ], [ -98.757997122860004, 20.01757729741902 ], [ -98.757993830147996, 20.017585424609017 ], [ -98.757990536115003, 20.017593551321003 ], [ -98.757987240762006, 20.017601677554993 ], [ -98.757983944087997, 20.017609803310005 ], [ -98.757980646093998, 20.017617928586965 ], [ -98.757977346779995, 20.017626053384991 ], [ -98.757974046146003, 20.017634177704021 ], [ -98.757970744192008, 20.017642301543997 ], [ -98.757967440917994, 20.017650424903991 ], [ -98.757964136324006, 20.017658547784976 ], [ -98.757960830409999, 20.017666670187005 ], [ -98.757957184589998, 20.01767562213697 ], [ -98.757953536269994, 20.017684573179 ], [ -98.757949885450998, 20.017693523308981 ], [ -98.757946232132994, 20.017702472528992 ], [ -98.757942576315003, 20.017711420836974 ], [ -98.757938918, 20.017720368232983 ], [ -98.757935257184997, 20.017729314716011 ], [ -98.757931593872996, 20.017738260284986 ], [ -98.75792807127101, 20.017746855105997 ], [ -98.757924545980998, 20.017755448942012 ], [ -98.757921018003998, 20.017764041793001 ], [ -98.757917487339, 20.017772633658016 ], [ -98.757913953987995, 20.017781224536016 ], [ -98.757910417950001, 20.017789814426987 ], [ -98.757906879225004, 20.017798403328996 ], [ -98.757903337814994, 20.017806991242004 ], [ -98.757899793719019, 20.017815578166026 ], [ -98.757896246936994, 20.01782416409899 ], [ -98.757892788826993, 20.017832527099014 ], [ -98.757889327395006, 20.017840888872019 ], [ -98.757885862642993, 20.017849249415978 ], [ -98.757882394570998, 20.017857608730996 ], [ -98.757878923180002, 20.017865966814 ], [ -98.757875448468994, 20.017874323666014 ], [ -98.757871970441002, 20.017882679283989 ], [ -98.757868489094008, 20.017891033667983 ], [ -98.757865004430002, 20.017899386815973 ], [ -98.757861477245001, 20.017907832018995 ], [ -98.757857946288013, 20.017916275814013 ], [ -98.757854411558, 20.017924718199993 ], [ -98.757850873056995, 20.01793315917303 ], [ -98.757847330786007, 20.017941598733984 ], [ -98.757843784743997, 20.017950036880016 ], [ -98.757840234932999, 20.017958473610989 ], [ -98.757836681352998, 20.017966908923992 ], [ -98.757833124005003, 20.017975342816996 ], [ -98.757829562889, 20.017983775291029 ], [ -98.757825954422998, 20.017992308255963 ], [ -98.757822341297995, 20.018000839459017 ], [ -98.757818723515996, 20.018009368898973 ], [ -98.757815101077, 20.018017896573006 ], [ -98.757811473982002, 20.018026422478972 ], [ -98.757807842231998, 20.018034946614996 ], [ -98.757804205827995, 20.018043468978018 ], [ -98.757800564771017, 20.018051989565979 ], [ -98.757796919062002, 20.018060508376998 ], [ -98.757793338078997, 20.018068863143981 ], [ -98.757789752243994, 20.018077216051992 ], [ -98.757786161558002, 20.018085567099011 ], [ -98.757782566022996, 20.018093916280996 ], [ -98.757778965640014, 20.018102263595967 ], [ -98.757775360408999, 20.018110609042008 ], [ -98.757771750331997, 20.018118952617009 ], [ -98.757768135410004, 20.018127294317001 ], [ -98.757764515643998, 20.018135634141 ], [ -98.757760891033996, 20.018143972085035 ], [ -98.757757138463006, 20.018152589606984 ], [ -98.757753379904017, 20.018161204796996 ], [ -98.757749615358009, 20.018169817651991 ], [ -98.757745844827994, 20.018178428168003 ], [ -98.757742068314997, 20.018187036341995 ], [ -98.757738285821006, 20.018195642168973 ], [ -98.757734497347002, 20.018204245646004 ], [ -98.757730702895017, 20.018212846770005 ], [ -98.757726902466004, 20.018221445536028 ], [ -98.757723212450003, 20.018229779093975 ], [ -98.757719516644997, 20.018238110359995 ], [ -98.757715815051995, 20.018246439330007 ], [ -98.757712107673001, 20.018254766000997 ], [ -98.757708394510999, 20.018263090369022 ], [ -98.757704675564995, 20.018271412430995 ], [ -98.757700950838995, 20.018279732182986 ], [ -98.757697220333, 20.018288049622004 ], [ -98.757693484049994, 20.018296364743016 ], [ -98.757689741990006, 20.018304677544016 ], [ -98.757685994154997, 20.018312988019979 ], [ -98.757682240547993, 20.018321296167993 ], [ -98.757678481168995, 20.018329601984988 ], [ -98.757674716021, 20.018337905467014 ], [ -98.757670945103996, 20.018346206610989 ], [ -98.757667168420994, 20.018354505412002 ], [ -98.757663385973004, 20.018362801866981 ], [ -98.757659597762, 20.018371095974029 ], [ -98.757655803790001, 20.018379387726995 ], [ -98.757652004056993, 20.018387677123005 ], [ -98.757648198566002, 20.018395964159989 ], [ -98.757644387317995, 20.018404248833001 ], [ -98.757640570315999, 20.01841253113901 ], [ -98.757636747559999, 20.018420811073 ], [ -98.757632919052, 20.018429088633983 ], [ -98.757629084794004, 20.018437363817039 ], [ -98.757625244788002, 20.018445636618036 ], [ -98.757621399035003, 20.018453907033987 ], [ -98.757617547536, 20.018462175061007 ], [ -98.757613690295003, 20.018470440696017 ], [ -98.757609827311001, 20.018478703935955 ], [ -98.757605958587007, 20.018486964775978 ], [ -98.757602084124997, 20.018495223213005 ], [ -98.757598203925994, 20.018503479244007 ], [ -98.757594317992002, 20.018511732864983 ], [ -98.757590426324995, 20.018519984072011 ], [ -98.757586528925003, 20.018528232861989 ], [ -98.757582625796005, 20.018536479230995 ], [ -98.757578716937999, 20.018544723176028 ], [ -98.757574802354, 20.01855296469402 ], [ -98.757570882044007, 20.018561203780003 ], [ -98.757566956011004, 20.018569440430987 ], [ -98.757563024256001, 20.018577674643016 ], [ -98.757559086781995, 20.018585906414014 ], [ -98.757555143589002, 20.018594135739001 ], [ -98.757551194678996, 20.018602362615013 ], [ -98.757547240055004, 20.018610587037951 ], [ -98.757543279718007, 20.018618809006014 ], [ -98.757539313669, 20.018627028512995 ], [ -98.75753534191, 20.018635245557039 ], [ -98.757531364442997, 20.018643460133969 ], [ -98.757527381269995, 20.018651672240964 ], [ -98.757523392392002, 20.018659881874015 ], [ -98.757519397812004, 20.018668089030029 ], [ -98.75751539753, 20.018676293704008 ], [ -98.757511391549002, 20.018684495893979 ], [ -98.757507379870006, 20.018692695596002 ], [ -98.757503362495001, 20.018700892806994 ], [ -98.757499339426005, 20.018709087522044 ], [ -98.757495310663998, 20.018717279738986 ], [ -98.757491276211994, 20.018725469452981 ], [ -98.757487236070006, 20.018733656662 ], [ -98.757483190241004, 20.018741841360981 ], [ -98.757479138727007, 20.01875002354797 ], [ -98.757475081528995, 20.018758203217992 ], [ -98.757471018648999, 20.018766380368021 ], [ -98.757466950088002, 20.018774554994973 ], [ -98.757462875849001, 20.018782727094973 ], [ -98.757458795933005, 20.018790896664999 ], [ -98.757454710342003, 20.01879906370101 ], [ -98.757450619078, 20.018807228198995 ], [ -98.757446522142004, 20.018815390156995 ], [ -98.757442419536005, 20.018823549569003 ], [ -98.757438311263002, 20.018831706433978 ], [ -98.757434197322993, 20.018839860747988 ], [ -98.757430077718993, 20.018848012506012 ], [ -98.757425952451996, 20.018856161704999 ], [ -98.757421821524019, 20.018864308342991 ], [ -98.757417684936996, 20.018872452415 ], [ -98.757413542693016, 20.018880593917995 ], [ -98.757409394793001, 20.018888732847991 ], [ -98.757405241238999, 20.01889686920201 ], [ -98.757401082033994, 20.018905002976016 ], [ -98.757396917177999, 20.018913134168006 ], [ -98.757392746674, 20.018921262772007 ], [ -98.757388570523005, 20.018929388786994 ], [ -98.757384388727999, 20.018937512208019 ], [ -98.757380201288996, 20.018945633030985 ], [ -98.757376008210002, 20.018953751253974 ], [ -98.757371809491005, 20.018961866872981 ], [ -98.757367605133993, 20.018969979884005 ], [ -98.757363395141994, 20.018978090284008 ], [ -98.757359179516001, 20.018986198069008 ], [ -98.757354958256997, 20.018994303237001 ], [ -98.757350731369002, 20.019002405782025 ], [ -98.757346498852002, 20.019010505702003 ], [ -98.757342260708, 20.019018602994013 ], [ -98.757338016939002, 20.019026697653977 ], [ -98.757333767548005, 20.019034789678006 ], [ -98.757329512534994, 20.019042879063001 ], [ -98.757325251902998, 20.019050965805 ], [ -98.757320985652996, 20.019059049901021 ], [ -98.757316713788001, 20.01906713134797 ], [ -98.757312436308993, 20.019075210140972 ], [ -98.757308153218005, 20.019083286278008 ], [ -98.757303864516999, 20.019091359754992 ], [ -98.757299570206996, 20.019099430569003 ], [ -98.757295270292005, 20.019107498715002 ], [ -98.757290964771002, 20.019115564190983 ], [ -98.757286653647995, 20.019123626993025 ], [ -98.757282336924007, 20.019131687117994 ], [ -98.757278014600999, 20.019139744561983 ], [ -98.757273686681003, 20.01914779932099 ], [ -98.757269353165995, 20.019155851392998 ], [ -98.757265014056998, 20.019163900772998 ], [ -98.757260669356, 20.019171947458034 ], [ -98.757256319066002, 20.019179991445014 ], [ -98.757251963189006, 20.019188032731019 ], [ -98.757247601724998, 20.019196071311004 ], [ -98.757243234677006, 20.019204107183004 ], [ -98.757238862047998, 20.01921214034201 ], [ -98.757234483836996, 20.019220170785996 ], [ -98.757230100049, 20.019228198510973 ], [ -98.757225710683997, 20.01923622351401 ], [ -98.757221315744999, 20.019244245789999 ], [ -98.757216915231993, 20.019252265337037 ], [ -98.757212509148999, 20.019260282150988 ], [ -98.757208097496999, 20.019268296229022 ], [ -98.757203680277996, 20.019276307567019 ], [ -98.757199257493994, 20.01928431616097 ], [ -98.757194829146997, 20.01929232200899 ], [ -98.757190395238993, 20.019300325107025 ], [ -98.757185955771007, 20.019308325450996 ], [ -98.757181510745994, 20.019316323038002 ], [ -98.757177060165006, 20.019324317864989 ], [ -98.757172604030004, 20.019332309927982 ], [ -98.757168142344, 20.019340299223011 ], [ -98.757163675108004, 20.019348285747011 ], [ -98.757159202324004, 20.019356269497965 ], [ -98.757154723995001, 20.019364250469984 ], [ -98.757150240121007, 20.019372228660995 ], [ -98.757145750705007, 20.019380204068028 ], [ -98.757141255749005, 20.019388176686 ], [ -98.757136755255004, 20.019396146513003 ], [ -98.757132249224995, 20.019404113545043 ], [ -98.757127737660014, 20.019412077778998 ], [ -98.757123220563003, 20.019420039210985 ], [ -98.757118697936008, 20.019427997838008 ], [ -98.757114169779996, 20.019435953656004 ], [ -98.757109636096999, 20.019443906662016 ], [ -98.757105096890001, 20.019451856851997 ], [ -98.757100552161006, 20.019459804223999 ], [ -98.757096001910995, 20.019467748773003 ], [ -98.757091446141999, 20.019475690496016 ], [ -98.757086884855994, 20.019483629389999 ], [ -98.757082318056007, 20.019491565451986 ], [ -98.757077745743004, 20.019499498677011 ], [ -98.757073167919003, 20.019507429063005 ], [ -98.757068584585994, 20.019515356605993 ], [ -98.757063995745995, 20.019523281302018 ], [ -98.757059401402003, 20.019531203148986 ], [ -98.757054801554006, 20.019539122142994 ], [ -98.757050196205995, 20.019547038280002 ], [ -98.757045585358014, 20.019554951557012 ], [ -98.757040969014, 20.019562861970989 ], [ -98.757036347175017, 20.019570769518008 ], [ -98.757031719842999, 20.019578674194005 ], [ -98.757027087018997, 20.019586575997032 ], [ -98.757022448707005, 20.019594474922993 ], [ -98.757017804908003, 20.019602370969043 ], [ -98.757013155623994, 20.019610264130996 ], [ -98.757008500856998, 20.019618154404988 ], [ -98.757003840609002, 20.019626041788982 ], [ -98.756999174881997, 20.019633926278019 ], [ -98.756994503678001, 20.019641807870986 ], [ -98.756989826999003, 20.019649686561998 ], [ -98.756985144846993, 20.019657562348993 ], [ -98.756980457224003, 20.019665435228021 ], [ -98.756975764133003, 20.019673305196996 ], [ -98.756971065574021, 20.019681172251016 ], [ -98.756966361550994, 20.019689036386982 ], [ -98.756961652065002, 20.01969689760201 ], [ -98.756956937118005, 20.019704755891993 ], [ -98.756952216712008, 20.019712611254008 ], [ -98.756947490849996, 20.019720463685044 ], [ -98.756942759533004, 20.019728313181002 ], [ -98.756938022762995, 20.019736159739001 ], [ -98.756933280542995, 20.019744003356003 ], [ -98.756928532873999, 20.019751844026995 ], [ -98.756923779759006, 20.019759681749992 ], [ -98.756919021198996, 20.019767516521988 ], [ -98.756914257196996, 20.019775348338001 ], [ -98.756909487754996, 20.019783177195961 ], [ -98.756904712874004, 20.019791003092028 ], [ -98.756899932557005, 20.019798826023017 ], [ -98.756895146806002, 20.019806645985987 ], [ -98.756890355623, 20.019814462975969 ], [ -98.756885559009007, 20.019822276991011 ], [ -98.756880756968002, 20.019830088026985 ], [ -98.756875949500994, 20.019837896082024 ], [ -98.756871136610016, 20.019845701150992 ], [ -98.756866318297, 20.019853503231001 ], [ -98.756861494565001, 20.019861302319025 ], [ -98.756856665415, 20.019869098411988 ], [ -98.756851830849001, 20.01987689150501 ], [ -98.756846990870002, 20.019884681596992 ], [ -98.756842145479993, 20.019892468682968 ], [ -98.756837294679997, 20.019900252759001 ], [ -98.756832438473012, 20.019908033824009 ], [ -98.756827576860999, 20.019915811872995 ], [ -98.756822709847, 20.019923586903005 ], [ -98.756817837431001, 20.019931358910018 ], [ -98.756812959615999, 20.019939127892012 ], [ -98.756808076404994, 20.019946893844981 ], [ -98.756803187798994, 20.019954656765002 ], [ -98.756798293800998, 20.019962416649971 ], [ -98.756793394412, 20.019970173495015 ], [ -98.756788489635994, 20.019977927298001 ], [ -98.756783579472994, 20.019985678055995 ], [ -98.756778663925999, 20.019993425764007 ], [ -98.756773742996998, 20.020001170418993 ], [ -98.756768816687995, 20.020008912018969 ], [ -98.756763885002002, 20.020016650559995 ], [ -98.75675894794, 20.020024386038003 ], [ -98.756754005505016, 20.020032118450001 ], [ -98.756749057698002, 20.020039847793011 ], [ -98.756744104521999, 20.020047574063991 ], [ -98.756739145980006, 20.020055297259006 ], [ -98.756734182071995, 20.020063017373989 ], [ -98.756729212802, 20.020070734407977 ], [ -98.756724238171003, 20.020078448354955 ], [ -98.756719258182002, 20.020086159213001 ], [ -98.756714272836007, 20.020093866978996 ], [ -98.756709282136995, 20.020101571648997 ], [ -98.756704286084997, 20.020109273220005 ], [ -98.756699284682995, 20.020116971688015 ], [ -98.756694277934002, 20.020124667049984 ], [ -98.756689265839, 20.020132359303993 ], [ -98.756684248401001, 20.020140048445029 ], [ -98.756679225621994, 20.020147734470999 ], [ -98.756674197503997, 20.020155417377001 ], [ -98.756669164048006, 20.02016309716101 ], [ -98.756664125259007, 20.020170773820023 ], [ -98.756659081135993, 20.020178447349025 ], [ -98.756654031682999, 20.020186117745993 ], [ -98.756648976902, 20.020193785007994 ], [ -98.756643916794999, 20.020201449130973 ], [ -98.756638851364997, 20.02020911011099 ], [ -98.756633780612006, 20.020216767945985 ], [ -98.756628704540006, 20.020224422632971 ], [ -98.756623623151, 20.020232074166998 ], [ -98.756618536446993, 20.020239722545998 ], [ -98.756613444430002, 20.020247367765968 ], [ -98.756608347102016, 20.020255009824002 ], [ -98.756603244466007, 20.020262648716962 ], [ -98.756598136524005, 20.020270284441004 ], [ -98.756593023277006, 20.020277916994015 ], [ -98.756587904729003, 20.020285546370999 ], [ -98.756582780881004, 20.020293172570003 ], [ -98.756577651735014, 20.020300795587008 ], [ -98.756572517294003, 20.020308415419031 ], [ -98.756567377560003, 20.020316032063025 ], [ -98.756562232535998, 20.020323645515006 ], [ -98.756557082222002, 20.020331255772021 ], [ -98.756551926623004, 20.020338862830972 ], [ -98.756546765739003, 20.020346466688977 ], [ -98.756541599573012, 20.02035406734203 ], [ -98.756536428128001, 20.020361664787014 ], [ -98.756531251404994, 20.020369259020988 ], [ -98.756526069407002, 20.020376850039995 ], [ -98.756520882135007, 20.020384437840974 ], [ -98.756515689593002, 20.020392022421994 ], [ -98.756510491783004, 20.020399603777022 ], [ -98.756505288705995, 20.02040718190597 ], [ -98.756500080365001, 20.020414756803028 ], [ -98.756494866761997, 20.020422328466005 ], [ -98.756489647900011, 20.02042989689199 ], [ -98.756484423781004, 20.02043746207698 ], [ -98.756479194405998, 20.020445024017988 ], [ -98.756473959778006, 20.020452582712021 ], [ -98.756468719899999, 20.020460138156015 ], [ -98.756463474773994, 20.020467690345001 ], [ -98.75645822440201, 20.020475239278021 ], [ -98.756452968785993, 20.020482784951007 ], [ -98.756447707928004, 20.020490327360033 ], [ -98.756442441830998, 20.020497866502019 ], [ -98.756437170498003, 20.020505402373988 ], [ -98.756431893929005, 20.020512934973006 ], [ -98.756426612127996, 20.020520464295011 ], [ -98.756421325096994, 20.020527990338014 ], [ -98.756416032838004, 20.020535513098007 ], [ -98.756410735353995, 20.020543032570988 ], [ -98.756405432646005, 20.020550548755015 ], [ -98.756400124717004, 20.02055806164698 ], [ -98.756394811570004, 20.020565571242003 ], [ -98.756389493206001, 20.020573077537993 ], [ -98.756384169628006, 20.020580580532009 ], [ -98.756378840837996, 20.020588080220026 ], [ -98.756373506838003, 20.020595576598993 ], [ -98.756368167630995, 20.020603069665992 ], [ -98.756362823220002, 20.020610559417999 ], [ -98.756357473604993, 20.020618045850988 ], [ -98.756352118791, 20.020625528962004 ], [ -98.756346758777994, 20.02063300874801 ], [ -98.756341393569997, 20.020640485206009 ], [ -98.756336023168004, 20.020647958331999 ], [ -98.756330647574998, 20.020655428123966 ], [ -98.756325266792999, 20.020662894577981 ], [ -98.756319880825004, 20.020670357690005 ], [ -98.756314489673002, 20.020677817458008 ], [ -98.756309093338999, 20.020685273879007 ], [ -98.756303691824996, 20.020692726948997 ], [ -98.756298285135003, 20.020700176664 ], [ -98.756292873269004, 20.020707623023 ], [ -98.756287456230993, 20.020715066021005 ], [ -98.756282034023002, 20.020722505655002 ], [ -98.756276606647006, 20.020729941923008 ], [ -98.756271174105009, 20.020737374820012 ], [ -98.756265736401005, 20.020744804344044 ], [ -98.756260293534993, 20.020752230492015 ], [ -98.756254845512004, 20.020759653260001 ], [ -98.756249392331995, 20.020767072645022 ], [ -98.756243933997993, 20.020774488643998 ], [ -98.756238470512997, 20.020781901253002 ], [ -98.756233001878996, 20.020789310471049 ], [ -98.756227528097995, 20.020796716292004 ], [ -98.756222049173005, 20.020804118715006 ], [ -98.756216565106001, 20.02081151773503 ], [ -98.756211075899003, 20.020818913351029 ], [ -98.756205581554994, 20.02082630555801 ], [ -98.756200082077001, 20.020833694352973 ], [ -98.756194577464996, 20.020841079732978 ], [ -98.756189067723994, 20.020848461696009 ], [ -98.756183552855006, 20.020855840237022 ], [ -98.756178032860007, 20.020863215354005 ], [ -98.756172507743003, 20.020870587043007 ], [ -98.756166977505004, 20.020877955301955 ], [ -98.756161442148994, 20.020885320126993 ], [ -98.756155901677019, 20.020892681514002 ], [ -98.756150356090998, 20.020900039461988 ], [ -98.756144805394996, 20.020907393966016 ], [ -98.756139249589012, 20.020914745022996 ], [ -98.756133688678005, 20.020922092631007 ], [ -98.756128122662005, 20.020929436785018 ], [ -98.756122551545999, 20.020936777484025 ], [ -98.756116975330002, 20.020944114723005 ], [ -98.756111394017012, 20.020951448500007 ], [ -98.756105807609998, 20.020958778811 ], [ -98.756100216112003, 20.020966105653994 ], [ -98.756094619524006, 20.020973429024039 ], [ -98.756089017849007, 20.020980748919992 ], [ -98.756083411088994, 20.020988065336986 ], [ -98.756077799246995, 20.020995378272978 ], [ -98.756072182324999, 20.021002687724003 ], [ -98.756066560326005, 20.02100999368799 ], [ -98.756060933252002, 20.021017296160991 ], [ -98.756055301106002, 20.021024595140037 ], [ -98.756049663889002, 20.021031890621995 ], [ -98.756044021605007, 20.021039182603005 ], [ -98.756038374255994, 20.021046471080982 ], [ -98.756032721842999, 20.021053756051995 ], [ -98.756027064370997, 20.021061037514002 ], [ -98.756021401840002, 20.021068315463008 ], [ -98.756015734255001, 20.021075589895997 ], [ -98.756010061615996, 20.02108286080998 ], [ -98.756004383926012, 20.021090128200971 ], [ -98.755998701189014, 20.021097392066991 ], [ -98.755993013405003, 20.021104652405025 ], [ -98.755987320578996, 20.021111909211022 ], [ -98.755981622712, 20.021119162481977 ], [ -98.755975919806005, 20.021126412214969 ], [ -98.755970211865005, 20.021133658407006 ], [ -98.755964498889995, 20.021140901054999 ], [ -98.755958780884015, 20.021148140156011 ], [ -98.755953057849993, 20.021155375705998 ], [ -98.755947329790004, 20.021162607703019 ], [ -98.755941596705995, 20.021169836143052 ], [ -98.755935858601006, 20.021177061024009 ], [ -98.755930115477994, 20.021184282341011 ], [ -98.755924367337997, 20.021191500093011 ], [ -98.755918614185006, 20.021198714274998 ], [ -98.755912856020998, 20.021205924884988 ], [ -98.755907092848005, 20.021213131919978 ], [ -98.755901324668997, 20.021220335375979 ], [ -98.755895551486006, 20.021227535250997 ], [ -98.755889773302002, 20.021234731540989 ], [ -98.755883990119003, 20.021241924243981 ], [ -98.755878201940007, 20.021249113355015 ], [ -98.755872408768013, 20.021256298873009 ], [ -98.755866610604002, 20.021263480793994 ], [ -98.755860807451, 20.02127065911397 ], [ -98.755854999312007, 20.021277833831004 ], [ -98.755849186190005, 20.021285004942008 ], [ -98.755843368086005, 20.021292172442983 ], [ -98.755837545003004, 20.021299336331975 ], [ -98.755831716944996, 20.021306496606009 ], [ -98.755825883911996, 20.02131365326002 ], [ -98.755820045909005, 20.021320806293009 ], [ -98.755814202935994, 20.021327955701015 ], [ -98.755808354997995, 20.021335101481018 ], [ -98.755802502096003, 20.021342243629988 ], [ -98.755796644233001, 20.021349382145022 ], [ -98.755790781410994, 20.021356517022017 ], [ -98.755784913634002, 20.021363648259996 ], [ -98.755779040902993, 20.021370775854024 ], [ -98.755773163219999, 20.021377899801003 ], [ -98.755767280590007, 20.021385020099995 ], [ -98.755761393013003, 20.021392136745018 ], [ -98.755755500492995, 20.021399249734991 ], [ -98.755749603032996, 20.021406359065995 ], [ -98.755743700634, 20.021413464736003 ], [ -98.755737793299005, 20.021420566741021 ], [ -98.755731881031011, 20.021427665077024 ], [ -98.755725963832006, 20.021434759742998 ], [ -98.755720041705999, 20.021441850734981 ], [ -98.755714114653998, 20.021448938050046 ], [ -98.755708182678006, 20.021456021683985 ], [ -98.755702245782999, 20.021463101635998 ], [ -98.755696303969003, 20.02147017790104 ], [ -98.755690357239999, 20.021477250477009 ], [ -98.755684217878994, 20.021484542319008 ], [ -98.755678073449999, 20.021491830347003 ], [ -98.755671923958005, 20.021499114560033 ], [ -98.755665769404999, 20.021506394953015 ], [ -98.755659609793994, 20.021513671524009 ], [ -98.755653445126995, 20.021520944270005 ], [ -98.755647275406005, 20.02152821318704 ], [ -98.755641100635998, 20.021535478272039 ], [ -98.755634920817002, 20.02154273952203 ], [ -98.755628938493004, 20.021549760046977 ], [ -98.755622952091997, 20.021556777466998 ], [ -98.755616961615999, 20.021563791779993 ], [ -98.755610967067, 20.021570802985003 ], [ -98.755604968445994, 20.021577811078004 ], [ -98.755598965755993, 20.02158481605802 ], [ -98.755592958997994, 20.021591817922001 ], [ -98.755586948174994, 20.021598816668998 ], [ -98.755580933287007, 20.021605812297032 ], [ -98.755574914337004, 20.021612804801983 ], [ -98.755568774514003, 20.021619929977991 ], [ -98.7555626308, 20.02162705215801 ], [ -98.755556483198006, 20.021634171341024 ], [ -98.755550331709998, 20.021641287524002 ], [ -98.755544176336016, 20.021648400704997 ], [ -98.755538017079004, 20.021655510882994 ], [ -98.755531853939999, 20.021662618055004 ], [ -98.755525686919995, 20.02166972222097 ], [ -98.755519516022005, 20.021676823376982 ], [ -98.755513415457997, 20.021683836883998 ], [ -98.755507311760994, 20.021690847956997 ], [ -98.755501204932003, 20.021697856592024 ], [ -98.755495094972005, 20.021704862790013 ], [ -98.755488981881996, 20.021711866547967 ], [ -98.755482865664007, 20.021718867867008 ], [ -98.755476746317996, 20.02172586674299 ], [ -98.755470623845, 20.021732863176993 ], [ -98.755464498246994, 20.021739857167002 ], [ -98.755458369524007, 20.021746848711015 ], [ -98.755452305643004, 20.021753760671981 ], [ -98.755446239017004, 20.021760670482003 ], [ -98.755440169647002, 20.021767578137979 ], [ -98.755434097534007, 20.021774483642009 ], [ -98.755428022678998, 20.021781386990003 ], [ -98.755421945083015, 20.021788288183007 ], [ -98.755415864745999, 20.02179518721897 ], [ -98.755409781669002, 20.02180208409802 ], [ -98.755403695854, 20.021808978819021 ], [ -98.755397446114998, 20.021816054422995 ], [ -98.755391194164005, 20.02182312828101 ], [ -98.75538494, 20.02183020039201 ], [ -98.755378683624997, 20.021837270755974 ], [ -98.755372425038004, 20.021844339370993 ], [ -98.755366164240996, 20.021851406237005 ], [ -98.755359901233021, 20.02185847135399 ], [ -98.755353636015997, 20.021865534721023 ], [ -98.755347368589995, 20.021872596336991 ], [ -98.755341098955, 20.02187965620201 ], [ -98.755334571993004, 20.02188700165398 ], [ -98.755328042979002, 20.021894345476952 ], [ -98.755321511915, 20.021901687671988 ], [ -98.755314978800001, 20.021909028235974 ], [ -98.755308443636011, 20.021916367170991 ], [ -98.755301906422019, 20.021923704475981 ], [ -98.755295367158993, 20.021931040148981 ], [ -98.755288825847998, 20.021938374190984 ], [ -98.755282889705995, 20.021945026904007 ], [ -98.755276952483996, 20.021951678756004 ], [ -98.755271014179996, 20.021958329745988 ], [ -98.755265074796, 20.021964979873999 ], [ -98.755259134330998, 20.021971629140012 ], [ -98.755253192785005, 20.021978277542996 ], [ -98.755247250159002, 20.021984925083984 ], [ -98.755241306452007, 20.02199157176198 ], [ -98.755235361665996, 20.02199821757802 ], [ -98.755229415798993, 20.022004862530004 ], [ -98.755223468853004, 20.022011506620018 ], [ -98.755216929984002, 20.02201880983996 ], [ -98.755210390027997, 20.022026112189998 ], [ -98.755203848983996, 20.022033413669018 ], [ -98.755197306851997, 20.022040714278003 ], [ -98.755190763632001, 20.022048014017013 ], [ -98.755184219325002, 20.022055312885012 ], [ -98.755178191361011, 20.022062034693 ], [ -98.755172163165994, 20.022068756316973 ], [ -98.755166134739, 20.022075477754996 ], [ -98.755160106081007, 20.022082199006991 ], [ -98.755154077190994, 20.02208892007501 ], [ -98.755148048069998, 20.022095640957005 ], [ -98.755142018718004, 20.022102361653985 ], [ -98.755135989132995, 20.022109082166004 ], [ -98.755129959317998, 20.022115802491989 ], [ -98.755123929270994, 20.022122522633023 ], [ -98.755117898991998, 20.022129242589003 ], [ -98.755111868482999, 20.022135962358991 ], [ -98.755105837740999, 20.022142681943983 ], [ -98.754854244437993, 20.022423002824006 ], [ -98.754770397173999, 20.022355777324979 ], [ -98.753654687544, 20.023598864339988 ], [ -98.753086113738007, 20.024232340221985 ], [ -98.752747027797, 20.024610129115992 ], [ -98.752480707423999, 20.024906845302009 ], [ -98.752342819467003, 20.025060470155005 ], [ -98.752116050764997, 20.025313118650026 ], [ -98.751917316312003, 20.025534532593003 ], [ -98.751669125670006, 20.025811045445021 ], [ -98.751462710290994, 20.026041014841997 ], [ -98.751291288296002, 20.026231997067001 ], [ -98.751143756562001, 20.026396362505025 ], [ -98.750774063086013, 20.026808236768982 ], [ -98.750429837192996, 20.027193549058996 ], [ -98.750217846522006, 20.027438328456988 ], [ -98.750094829812994, 20.027585947140011 ], [ -98.749930855532, 20.027792291859001 ], [ -98.749893025329996, 20.027841885055 ], [ -98.749887981263001, 20.027848563633011 ], [ -98.749882945077999, 20.027855247523007 ], [ -98.749877916781003, 20.027861936714999 ], [ -98.749872896377994, 20.027868631200999 ], [ -98.749867378510004, 20.027876007639993 ], [ -98.749861870535, 20.027883390680994 ], [ -98.749856372462006, 20.027890780310994 ], [ -98.749850884299008, 20.027898176519003 ], [ -98.749845406055002, 20.027905579293005 ], [ -98.749839937740006, 20.027912988619988 ], [ -98.749834479360999, 20.027920404490008 ], [ -98.749829030927998, 20.027927826891034 ], [ -98.749823592449005, 20.027935255808988 ], [ -98.749818163934009, 20.027942691233996 ], [ -98.749812745390003, 20.027950133152984 ], [ -98.749807336827004, 20.027957581555004 ], [ -98.749801938253, 20.027965036427041 ], [ -98.749796549677001, 20.027972497758007 ], [ -98.749791171107006, 20.027979965534996 ], [ -98.749785802551997, 20.027987439747015 ], [ -98.749780444021994, 20.027994920382032 ], [ -98.749775095523006, 20.028002407427007 ], [ -98.749769757066005, 20.02800990087102 ], [ -98.749764428657997, 20.028017400700996 ], [ -98.749759110309, 20.028024906905991 ], [ -98.749753802024998, 20.028032419472957 ], [ -98.749748503817003, 20.028039938391025 ], [ -98.749743215693016, 20.028047463646999 ], [ -98.749737937660996, 20.028054995228995 ], [ -98.749732669729994, 20.028062533125013 ], [ -98.749727411907003, 20.028070077323004 ], [ -98.749722164201998, 20.028077627811967 ], [ -98.749716926622995, 20.028085184578018 ], [ -98.749711699179002, 20.028092747609982 ], [ -98.749706481876999, 20.028100316894992 ], [ -98.749701274725993, 20.028107892422 ], [ -98.749696077734995, 20.028115474177962 ], [ -98.749690890910998, 20.028123062151018 ], [ -98.749685714264004, 20.028130656329026 ], [ -98.749680547801006, 20.028138256700014 ], [ -98.749675391530999, 20.028145863250998 ], [ -98.749670245461999, 20.028153475970029 ], [ -98.749665109603001, 20.028161094845995 ], [ -98.74965998396101, 20.028168719864965 ], [ -98.749654868543999, 20.028176351015968 ], [ -98.749649763362001, 20.028183988285985 ], [ -98.749644668421993, 20.028191631663979 ], [ -98.749639583732005, 20.028199281136008 ], [ -98.749634509301004, 20.028206936690999 ], [ -98.749629445135994, 20.028214598315014 ], [ -98.749624391246002, 20.028222265998 ], [ -98.749619347638998, 20.028229939726998 ], [ -98.749614314324006, 20.028237619489001 ], [ -98.749609291306996, 20.028245305271991 ], [ -98.749604278597019, 20.028252997063039 ], [ -98.749599276203, 20.028260694850999 ], [ -98.749594284132002, 20.028268398622991 ], [ -98.749589302391996, 20.028276108366022 ], [ -98.749584330991993, 20.028283824068989 ], [ -98.749579369938004, 20.028291545718005 ], [ -98.749574419240005, 20.028299273301993 ], [ -98.749569478905002, 20.028307006807999 ], [ -98.749564548940995, 20.028314746224005 ], [ -98.749559629356995, 20.028322491536009 ], [ -98.749554720158997, 20.028330242733997 ], [ -98.749549821355004, 20.028337999803988 ], [ -98.749544932955018, 20.028345762732989 ], [ -98.749540054964996, 20.028353531510039 ], [ -98.749535187392993, 20.028361306122008 ], [ -98.749530330248007, 20.028369086556996 ], [ -98.749525483536004, 20.02837687280099 ], [ -98.749520647265996, 20.028384664842985 ], [ -98.749515821445996, 20.028392462669004 ], [ -98.749511006082997, 20.028400266269013 ], [ -98.749506201184005, 20.028408075628001 ], [ -98.749501406759009, 20.028415890734014 ], [ -98.749496622813993, 20.028423711575009 ], [ -98.749491849357, 20.028431538139035 ], [ -98.749487086395007, 20.028439370412009 ], [ -98.749482333938005, 20.028447208382985 ], [ -98.749477591990996, 20.028455052038034 ], [ -98.749472860561994, 20.028462901364996 ], [ -98.749468139659996, 20.028470756350995 ], [ -98.749463429292007, 20.028478616984007 ], [ -98.749458729465005, 20.028486483250997 ], [ -98.749454040187004, 20.028494355140015 ], [ -98.749449361464997, 20.02850223263701 ], [ -98.749444693308007, 20.028510115731013 ], [ -98.749440035720994, 20.028518004408031 ], [ -98.749435388714005, 20.02852589865703 ], [ -98.749430752292994, 20.028533798462984 ], [ -98.749426126466005, 20.028541703814994 ], [ -98.749421511240016, 20.028549614700005 ], [ -98.749416906622997, 20.028557531104987 ], [ -98.749412312621999, 20.028565453017972 ], [ -98.749407729243998, 20.028573380425005 ], [ -98.749403156496996, 20.028581313313996 ], [ -98.749398594389007, 20.028589251673004 ], [ -98.749394042925005, 20.028597195488015 ], [ -98.749389502114994, 20.028605144747001 ], [ -98.749384971964005, 20.028613099436988 ], [ -98.749380452481006, 20.028621059544989 ], [ -98.749375943672007, 20.028629025059011 ], [ -98.749371445546004, 20.028636995965023 ], [ -98.749366958107998, 20.028644972250998 ], [ -98.749362481367001, 20.028652953905013 ], [ -98.749358015327999, 20.028660940912012 ], [ -98.749353560000998, 20.028668933261006 ], [ -98.749349115390999, 20.028676930939007 ], [ -98.749344681506997, 20.028684933931991 ], [ -98.749340258353996, 20.028692942229018 ], [ -98.749335845939996, 20.028700955815026 ], [ -98.749331444272997, 20.028708974679006 ], [ -98.749327053358996, 20.028716998806978 ], [ -98.749322673205, 20.028725028186976 ], [ -98.74931830381901, 20.028733062805006 ], [ -98.749313945207007, 20.028741102648986 ], [ -98.749309597375998, 20.028749147705007 ], [ -98.749305260333003, 20.02875719796199 ], [ -98.749300934085994, 20.028765253404998 ], [ -98.749296618642006, 20.028773314022988 ], [ -98.749292314005999, 20.028781379801021 ], [ -98.749288020186995, 20.028789450728006 ], [ -98.749283737189998, 20.028797526790012 ], [ -98.749279465024003, 20.028805607973972 ], [ -98.749275203693998, 20.028813694267008 ], [ -98.749270953207002, 20.028821785656 ], [ -98.749266713571998, 20.028829882128996 ], [ -98.749262484792993, 20.028837983671977 ], [ -98.749258266878002, 20.028846090271994 ], [ -98.749254059834001, 20.028854201916996 ], [ -98.749249863668012, 20.028862318593045 ], [ -98.749245678386018, 20.028870440286042 ], [ -98.749241503994995, 20.028878566985981 ], [ -98.749237340500997, 20.028886698676992 ], [ -98.749233187911997, 20.028894835346993 ], [ -98.749229046234007, 20.028902976983012 ], [ -98.749224915474002, 20.028911123572012 ], [ -98.749220795637996, 20.028919275101014 ], [ -98.749216686733007, 20.028927431556994 ], [ -98.749212588765019, 20.028935592926992 ], [ -98.749208501742004, 20.028943759196952 ], [ -98.749204425669006, 20.02895193035404 ], [ -98.749200360553004, 20.028960106386009 ], [ -98.749196306401004, 20.028968287278975 ], [ -98.749192263219996, 20.028976473020009 ], [ -98.749188231014998, 20.02898466359602 ], [ -98.749184209793, 20.028992858994009 ], [ -98.749180199562005, 20.029001059201011 ], [ -98.749176200326005, 20.029009264203008 ], [ -98.749172212093001, 20.029017473986979 ], [ -98.749168234867994, 20.029025688539988 ], [ -98.749164268659001, 20.029033907849993 ], [ -98.749160313472004, 20.029042131902013 ], [ -98.749221264572995, 20.029068271319005 ], [ -98.74921731250501, 20.029076516692964 ], [ -98.749213371614999, 20.02908476684296 ], [ -98.749209441909997, 20.029093021758971 ], [ -98.749205523396, 20.029101281424026 ], [ -98.749201616080001, 20.029109545827005 ], [ -98.749197719967995, 20.029117814952961 ], [ -98.749193835065995, 20.029126088788999 ], [ -98.749189961381006, 20.029134367321987 ], [ -98.749186098920006, 20.029142650537047 ], [ -98.749182247687003, 20.029150938422003 ], [ -98.749178407691005, 20.029159230961998 ], [ -98.749174578936007, 20.029167528143983 ], [ -98.749170761429994, 20.029175829954017 ], [ -98.749166955179007, 20.029184136379016 ], [ -98.749163160188999, 20.029192447404988 ], [ -98.749159376465002, 20.02920076301902 ], [ -98.749155604015002, 20.029209083205998 ], [ -98.749151842844995, 20.02921740795399 ], [ -98.749148092959999, 20.029225737248009 ], [ -98.749144354367004, 20.02923407107501 ], [ -98.749140627072009, 20.029242409421979 ], [ -98.74913691108101, 20.029250752272997 ], [ -98.749133206400998, 20.029259099617011 ], [ -98.749129513035996, 20.029267451438013 ], [ -98.749125830994998, 20.029275807724009 ], [ -98.749122160281004, 20.029284168461004 ], [ -98.749118500902014, 20.029292533635008 ], [ -98.749114852863002, 20.029300903232002 ], [ -98.749111216171002, 20.029309277238003 ], [ -98.749107590831002, 20.029317655641023 ], [ -98.749103976849, 20.029326038425001 ], [ -98.749100374232, 20.029334425576963 ], [ -98.749096782985006, 20.029342817084014 ], [ -98.749093203114001, 20.029351212932003 ], [ -98.749089634624994, 20.029359613107008 ], [ -98.749086077523998, 20.029368017595012 ], [ -98.749082531816001, 20.029376426382996 ], [ -98.749078997507993, 20.029384839455982 ], [ -98.749075474604993, 20.029393256800002 ], [ -98.749071963112996, 20.029401678402998 ], [ -98.749068463038, 20.029410104250012 ], [ -98.749064974385007, 20.029418534326982 ], [ -98.749061497160994, 20.029426968620996 ], [ -98.749058031371007, 20.029435407117994 ], [ -98.749054577020004, 20.029443849803013 ], [ -98.749051134115007, 20.02945229666302 ], [ -98.749047702661002, 20.029460747685022 ], [ -98.749044282662993, 20.029469202852987 ], [ -98.749040874127999, 20.029477662155013 ], [ -98.74903747706, 20.029486125577019 ], [ -98.749034091466001, 20.029494593103987 ], [ -98.749030717351005, 20.029503064723013 ], [ -98.749027354719999, 20.029511540419985 ], [ -98.749024003580004, 20.029520020179991 ], [ -98.749020663934999, 20.029528503991006 ], [ -98.749017335790995, 20.029536991837972 ], [ -98.749014019152995, 20.029545483706009 ], [ -98.749010714026994, 20.029553979583032 ], [ -98.749007420419005, 20.029562479454999 ], [ -98.749004138333007, 20.02957098330597 ], [ -98.749000867776004, 20.029579491123989 ], [ -98.74899760875202, 20.029588002894997 ], [ -98.748994361266995, 20.029596518603981 ], [ -98.748991125326, 20.029605038236976 ], [ -98.748987900933997, 20.029613561780998 ], [ -98.748984688096996, 20.029622089221021 ], [ -98.748981486820995, 20.029630620544026 ], [ -98.748978297109005, 20.029639155735964 ], [ -98.748975118969, 20.029647694782007 ], [ -98.74897195240402, 20.029656237667993 ], [ -98.748968797418996, 20.029664784380994 ], [ -98.748965654022001, 20.029673334907002 ], [ -98.748962522214995, 20.029681889230986 ], [ -98.748959402004999, 20.029690447339 ], [ -98.74895629339602, 20.029699009217985 ], [ -98.748953196393998, 20.029707574853013 ], [ -98.748950111004007, 20.029716144229987 ], [ -98.748947037229996, 20.029724717334989 ], [ -98.748943975079001, 20.029733294155008 ], [ -98.748940924554006, 20.029741874673974 ], [ -98.748937885660993, 20.029750458880017 ], [ -98.748934858404994, 20.029759046757995 ], [ -98.748931842790995, 20.029767638293006 ], [ -98.748928838824, 20.029776233471992 ], [ -98.748925846508996, 20.029784832280999 ], [ -98.748922865850005, 20.029793434704981 ], [ -98.748919896852001, 20.029802040730011 ], [ -98.748916939520996, 20.029810650343006 ], [ -98.748913993860995, 20.029819263529003 ], [ -98.748911059877997, 20.029827880273999 ], [ -98.748908137575, 20.029836500564041 ], [ -98.748905226958001, 20.029845124383986 ], [ -98.748902328032003, 20.029853751721031 ], [ -98.748899440800002, 20.029862382560967 ], [ -98.748896565269007, 20.029871016888006 ], [ -98.748893701442, 20.029879654690028 ], [ -98.748890849324994, 20.029888295952002 ], [ -98.748888008921995, 20.029896940659988 ], [ -98.748885180238005, 20.029905588798982 ], [ -98.748882363277005, 20.029914240354994 ], [ -98.74887955804401, 20.029922895314993 ], [ -98.748876764542999, 20.029931553663015 ], [ -98.748873982779998, 20.02994021538602 ], [ -98.748871212758999, 20.029948880470005 ], [ -98.748868454484011, 20.029957548900008 ], [ -98.748865707958998, 20.029966220662999 ], [ -98.748862973190015, 20.029974895742992 ], [ -98.748860250180996, 20.029983574126984 ], [ -98.748857538937003, 20.029992255799989 ], [ -98.748854839461004, 20.030000940747986 ], [ -98.748852151758015, 20.030009628957981 ], [ -98.748849475832998, 20.030018320414008 ], [ -98.748846811690001, 20.030027015102007 ], [ -98.748844159333004, 20.030035713008008 ], [ -98.748841518766994, 20.030044414119008 ], [ -98.748838889995994, 20.030053118418994 ], [ -98.748836273023997, 20.030061825893974 ], [ -98.748833667856005, 20.030070536530008 ], [ -98.748831074495996, 20.030079250312998 ], [ -98.748828492947993, 20.030087967228003 ], [ -98.748825923216998, 20.030096687261985 ], [ -98.748823365305995, 20.030105410399031 ], [ -98.748820819220001, 20.030114136626008 ], [ -98.748818284962994, 20.030122865927993 ], [ -98.748815762540005, 20.030131598290019 ], [ -98.748813251954004, 20.030140333700004 ], [ -98.748810753209, 20.030149072141 ], [ -98.748808266308998, 20.03015781359997 ], [ -98.748805791259997, 20.030166558063012 ], [ -98.748803328064, 20.030175305515002 ], [ -98.748800876725994, 20.030184055942009 ], [ -98.748798437248993, 20.030192809329993 ], [ -98.748796009639008, 20.030201565662956 ], [ -98.748793593898, 20.030210324928007 ], [ -98.748791190031, 20.030219087110989 ], [ -98.748788798041005, 20.030227852195974 ], [ -98.748786417933999, 20.030236620170029 ], [ -98.748784049711006, 20.030245391018049 ], [ -98.748781693378007, 20.030254164725999 ], [ -98.748779348938996, 20.030262941279997 ], [ -98.748777016396005, 20.030271720664 ], [ -98.748774695755003, 20.030280502866002 ], [ -98.748772387017993, 20.030289287868982 ], [ -98.748770090188998, 20.030298075659967 ], [ -98.748767805273999, 20.030306866223992 ], [ -98.748765532274007, 20.030315659548009 ], [ -98.748763271193994, 20.030324455616032 ], [ -98.748761022037016, 20.030333254413996 ], [ -98.748758784808004, 20.030342055928006 ], [ -98.748756559509005, 20.030350860141986 ], [ -98.748754346145006, 20.030359667044003 ], [ -98.748752144719006, 20.030368476618019 ], [ -98.748749955234999, 20.030377288849994 ], [ -98.748747777695996, 20.030386103725 ], [ -98.748745612107001, 20.030394921228975 ], [ -98.748743458470003, 20.030403741348 ], [ -98.748741316787999, 20.030412564067003 ], [ -98.748739187067002, 20.030421389371007 ], [ -98.748737069308007, 20.03043021724601 ], [ -98.748734963516, 20.030439047678009 ], [ -98.74873286969401, 20.030447880651014 ], [ -98.748730787845005, 20.030456716152997 ], [ -98.748728717974004, 20.030465554166952 ], [ -98.748726660081999, 20.030474394679992 ], [ -98.748724614173994, 20.030483237677018 ], [ -98.748722580253002, 20.030492083144001 ], [ -98.748720558322006, 20.030500931066008 ], [ -98.748718548385, 20.03050978142802 ], [ -98.748716550444996, 20.030518634216008 ], [ -98.748714564504994, 20.030527489416009 ], [ -98.748712590568999, 20.030536347011974 ], [ -98.748710628639003, 20.030545206991007 ], [ -98.748708678718998, 20.030554069338002 ], [ -98.748706740813006, 20.030562934037977 ], [ -98.748704814921993, 20.030571801076988 ], [ -98.748702901051999, 20.030580670441037 ], [ -98.748700999202995, 20.030589542114004 ], [ -98.748699109380993, 20.030598416082018 ], [ -98.748697231587002, 20.030607292330011 ], [ -98.748695365825995, 20.030616170845004 ], [ -98.748693512098995, 20.030625051610993 ], [ -98.748691670410011, 20.030633934613991 ], [ -98.748689840763006, 20.030642819839006 ], [ -98.748688023159005, 20.030651707272 ], [ -98.748686217603009, 20.030660596898947 ], [ -98.748684424095998, 20.030669488702983 ], [ -98.748682642643004, 20.030678382672001 ], [ -98.748680873244993, 20.030687278789991 ], [ -98.748679115907009, 20.03069617704195 ], [ -98.748677370628997, 20.030705077415 ], [ -98.748675637416994, 20.03071397989401 ], [ -98.748673916271997, 20.030722884462982 ], [ -98.748672207197018, 20.03073179110897 ], [ -98.748670510194998, 20.030740699816004 ], [ -98.748668825268993, 20.030749610571011 ], [ -98.748667152421007, 20.030758523358013 ], [ -98.748665491655004, 20.030767438163025 ], [ -98.748663842973002, 20.030776354970996 ], [ -98.748662206377006, 20.030785273768021 ], [ -98.748660581870993, 20.030794194538998 ], [ -98.748658969456997, 20.030803117269009 ], [ -98.748657369138002, 20.030812041942987 ], [ -98.748655780917019, 20.030820968548003 ], [ -98.748654204795002, 20.030829897067996 ], [ -98.748652640776001, 20.030838827489017 ], [ -98.748651088862019, 20.030847759796018 ], [ -98.748649549055003, 20.030856693974982 ], [ -98.748648021359003, 20.030865630009998 ], [ -98.748646505775994, 20.030874567887984 ], [ -98.748645002307995, 20.030883507592993 ], [ -98.748643510956995, 20.030892449110002 ], [ -98.748642031727002, 20.030901392426014 ], [ -98.748640564618995, 20.030910337525007 ], [ -98.748639109637011, 20.030919284392972 ], [ -98.748637666780994, 20.030928233015008 ], [ -98.748636236056001, 20.030937183376967 ], [ -98.748634817462019, 20.030946135463008 ], [ -98.748633411002999, 20.03095508925902 ], [ -98.748632016681, 20.030964044751016 ], [ -98.748630634497005, 20.030973001923019 ], [ -98.748629264455005, 20.030981960761011 ], [ -98.748627906557005, 20.030990921249995 ], [ -98.748626560803999, 20.030999883376023 ], [ -98.748625227199, 20.031008847124014 ], [ -98.748623905745006, 20.031017812478996 ], [ -98.748622596442004, 20.031026779426025 ], [ -98.748621299294996, 20.031035747951005 ], [ -98.748620014303, 20.031044718038988 ], [ -98.748618741471006, 20.031053689675009 ], [ -98.748617480798998, 20.031062662845006 ], [ -98.748616232290999, 20.031071637534009 ], [ -98.748614995946994, 20.03108061372598 ], [ -98.748613771769996, 20.031089591408016 ], [ -98.748612559761995, 20.031098570564964 ], [ -98.748611359926002, 20.031107551182004 ], [ -98.748610172262005, 20.031116533243026 ], [ -98.748608996773001, 20.031125516735987 ], [ -98.748607833460994, 20.031134501644008 ], [ -98.748606682326994, 20.031143487951994 ], [ -98.748605543375007, 20.031152475648007 ], [ -98.748604416603996, 20.031161464713993 ], [ -98.748603302018012, 20.03117045513704 ], [ -98.748602199619, 20.031179446903032 ], [ -98.748601109407005, 20.031188439994999 ], [ -98.748600031384996, 20.031197434399996 ], [ -98.748598965555004, 20.031206430101996 ], [ -98.748597911917003, 20.031215427088 ], [ -98.748596870474998, 20.031224425341041 ], [ -98.748595841229999, 20.031233424848029 ], [ -98.748594824183002, 20.031242425594002 ], [ -98.748593819337003, 20.031251427564019 ], [ -98.748592826692004, 20.031260430741998 ], [ -98.748591846249994, 20.031269435115004 ], [ -98.748590878013005, 20.031278440667993 ], [ -98.748589921982997, 20.031287447385008 ], [ -98.748588978162005, 20.031296455252001 ], [ -98.748588046549003, 20.031305464254984 ], [ -98.748587127148994, 20.031314474378011 ], [ -98.748586219960004, 20.031323485605999 ], [ -98.748585324987005, 20.031332497924986 ], [ -98.748584442227994, 20.031341511320992 ], [ -98.748583571687007, 20.031350525777956 ], [ -98.748582713364996, 20.03135954128102 ], [ -98.748581867262999, 20.031368557815995 ], [ -98.748581033381996, 20.031377575368008 ], [ -98.748580211724004, 20.03138659392199 ], [ -98.748579402290005, 20.031395613463005 ], [ -98.748578594825005, 20.031404748552998 ], [ -98.748577799505995, 20.031413884596002 ], [ -98.748577016332007, 20.031423021574994 ], [ -98.748576245305998, 20.031432159477013 ], [ -98.748575486429019, 20.031441298287017 ], [ -98.748574739700018, 20.031450437991005 ], [ -98.748574005123004, 20.031459578574996 ], [ -98.748573282698004, 20.031468720024002 ], [ -98.748572572425999, 20.031477862323008 ], [ -98.748571874307999, 20.031487005457969 ], [ -98.748571188346006, 20.031496149415997 ], [ -98.748570514540006, 20.031505294180025 ], [ -98.748569852892004, 20.031514439736998 ], [ -98.748569200568994, 20.031523614091022 ], [ -98.748568558762003, 20.031532789106979 ], [ -98.748567927473019, 20.031541964773986 ], [ -98.748567306702, 20.031551141083003 ], [ -98.748566696449004, 20.031560318021967 ], [ -98.748566096716004, 20.031569495580005 ], [ -98.748565507503997, 20.031578673747031 ], [ -98.748564928812002, 20.03158785251199 ], [ -98.748564360642007, 20.031597031862997 ], [ -98.748563802994994, 20.031606211791992 ], [ -98.748563255869996, 20.031615392284969 ], [ -98.748562719269003, 20.031624573333993 ], [ -98.748562193192001, 20.031633754925998 ], [ -98.748561677639003, 20.031642937051952 ], [ -98.748561176945998, 20.031652032469008 ], [ -98.748560685754001, 20.031661128349995 ], [ -98.748560204062997, 20.031670224683992 ], [ -98.748559731873002, 20.031679321463006 ], [ -98.748559269184994, 20.031688418677998 ], [ -98.748558816, 20.031697516320033 ], [ -98.748558372318016, 20.031706614381015 ], [ -98.748557938139001, 20.031715712850978 ], [ -98.748557513463993, 20.031724811722018 ], [ -98.748557098293006, 20.031733910983991 ], [ -98.748556692627005, 20.031743010630024 ], [ -98.748556296466006, 20.031752110649013 ], [ -98.748555909809994, 20.031761211034002 ], [ -98.748555522640999, 20.031770535192994 ], [ -98.748555143694006, 20.03177985965295 ], [ -98.748554772968006, 20.031789184409 ], [ -98.748554410465005, 20.031798509454045 ], [ -98.748554056185, 20.03180783477999 ], [ -98.748553710126004, 20.031817160382996 ], [ -98.748553372290999, 20.031826486254996 ], [ -98.748553042679006, 20.031835812389009 ], [ -98.748552721291006, 20.031845138779953 ], [ -98.748552408126002, 20.031854465421024 ], [ -98.748552103183997, 20.031863792305991 ], [ -98.748551806467006, 20.031873119426955 ], [ -98.748551517974008, 20.031882446777978 ], [ -98.74855123770601, 20.031891774353987 ], [ -98.748550975762015, 20.031900737079006 ], [ -98.748550720626, 20.031909699979995 ], [ -98.748550472299002, 20.031918663050991 ], [ -98.748550230781007, 20.03192762628899 ], [ -98.748549996072995, 20.031936589688002 ], [ -98.748549768173021, 20.031945553243979 ], [ -98.748549547083002, 20.031954516953011 ], [ -98.748549332802, 20.031963480808976 ], [ -98.748549125330001, 20.031972444807991 ], [ -98.748548924668, 20.031981408945995 ], [ -98.748548730815997, 20.031990373217035 ], [ -98.748548543774007, 20.031999337618007 ], [ -98.748548363542, 20.032008302143002 ], [ -98.74854819043, 20.032017208493013 ], [ -98.748548022448006, 20.032026114930051 ], [ -98.748547859596997, 20.032035021452987 ], [ -98.748547701877001, 20.032043928058016 ], [ -98.748547549288006, 20.032052834743041 ], [ -98.748547401829995, 20.032061741505 ], [ -98.748547259502999, 20.032070648342028 ], [ -98.748547122307002, 20.032079555250004 ], [ -98.748546990242005, 20.032088462228014 ], [ -98.748546863307993, 20.032097369272012 ], [ -98.748546741504995, 20.032106276381029 ], [ -98.748546624832997, 20.032115183550026 ], [ -98.748546513292993, 20.032124090779014 ], [ -98.748546406884003, 20.032132998062998 ], [ -98.748546305605998, 20.032141905400998 ], [ -98.748546205023999, 20.032151197114004 ], [ -98.748546109222005, 20.032160488870986 ], [ -98.748546018197999, 20.03216978067201 ], [ -98.748545931953998, 20.032179072512992 ], [ -98.748545850488995, 20.032188364391985 ], [ -98.748545773803997, 20.032197656308007 ], [ -98.748545701897996, 20.032206948258001 ], [ -98.748545634771006, 20.032216240240029 ], [ -98.748545572424007, 20.032225532252017 ], [ -98.748545514856005, 20.032234824290995 ], [ -98.748545462067, 20.032244116356001 ], [ -98.748545414058, 20.032253408443999 ], [ -98.748545369832996, 20.032262729008028 ], [ -98.748545328676002, 20.032272049584972 ], [ -98.748545290587998, 20.032281370174008 ], [ -98.748545255566995, 20.032290690772999 ], [ -98.748545223614997, 20.032300011381999 ], [ -98.748545194730994, 20.032309332000015 ], [ -98.748545168915001, 20.032318652626007 ], [ -98.748545146167999, 20.032327973259012 ], [ -98.748545126487997, 20.032337293899023 ], [ -98.748545109877, 20.032346614544007 ], [ -98.748545096333999, 20.032355935193021 ], [ -98.748545085860002, 20.032365255846027 ], [ -98.748545078453006, 20.032374576501009 ], [ -98.748545074115, 20.032383897157992 ], [ -98.748545072845005, 20.032393217816018 ], [ -98.748545074389, 20.032402546912014 ], [ -98.748545078492, 20.032411876006982 ], [ -98.748545085155001, 20.032421205100015 ], [ -98.748545094375999, 20.032430534192024 ], [ -98.748545106156996, 20.032439863280992 ], [ -98.748545120496999, 20.032449192367004 ], [ -98.748545137395993, 20.032458521449009 ], [ -98.748545156853993, 20.032467850527009 ], [ -98.748545178872007, 20.032477179598981 ], [ -98.748545201305006, 20.032486047626001 ], [ -98.748545224314995, 20.032494915651991 ], [ -98.748545247901006, 20.032503783676006 ], [ -98.748545272062998, 20.032512651698987 ], [ -98.748545296802007, 20.032521519721026 ], [ -98.748545322116001, 20.032530387740994 ], [ -98.748545348006999, 20.032539255759996 ], [ -98.748545374474006, 20.032548123776962 ], [ -98.748545401517021, 20.032556991792013 ], [ -98.748545429136016, 20.032565859806017 ], [ -98.748545457332, 20.032574727819004 ], [ -98.748545486102998, 20.032583595829006 ], [ -98.748545515450999, 20.032592463838018 ], [ -98.748545545374995, 20.032601331845971 ], [ -98.748545575874999, 20.032610199850993 ], [ -98.748545606950998, 20.032619067854991 ], [ -98.748545638604014, 20.032627935857015 ], [ -98.748545670832002, 20.032636803856978 ], [ -98.748545703637006, 20.032645671855018 ], [ -98.748583034686007, 20.042649580490004 ], [ -98.748621283849999, 20.042649634846004 ], [ -98.748635380213003, 20.046427333792991 ], [ -98.748597071291996, 20.046411581632007 ], [ -98.748600520390994, 20.04733589905501 ], [ -98.748625744254994, 20.054095799831007 ], [ -98.748627538514995, 20.057736147360995 ], [ -98.748572382160006, 20.057736068928996 ], [ -98.748600900607016, 20.065380820564013 ], [ -98.748572209911003, 20.065380916116002 ], [ -98.748576094756004, 20.066422386256018 ], [ -98.748604785642016, 20.066422290706008 ], [ -98.748616057060005, 20.069443891977009 ], [ -98.748616089096004, 20.069452499730001 ], [ -98.748616120988999, 20.069461107483995 ], [ -98.748616152736005, 20.069469715238025 ], [ -98.748616184338999, 20.069478322992993 ], [ -98.748616215797, 20.069486930748006 ], [ -98.748616247111002, 20.069495538504007 ], [ -98.748616278279997, 20.069504146260009 ], [ -98.748616314185, 20.069514194166999 ], [ -98.748616349303006, 20.069524242076 ], [ -98.748616383633006, 20.069534289986976 ], [ -98.748616411588998, 20.069542664476042 ], [ -98.748616438889002, 20.069551038965994 ], [ -98.748616465531995, 20.069559413458002 ], [ -98.748616491518007, 20.069567787951996 ], [ -98.748616516848003, 20.069576162448005 ], [ -98.748616541521997, 20.069584536946017 ], [ -98.748616570010995, 20.069594591316026 ], [ -98.748616597023002, 20.069604645688973 ], [ -98.748616622556995, 20.069614700065966 ], [ -98.748616646613002, 20.069624754446973 ], [ -98.748616668207006, 20.069634408864001 ], [ -98.748616688213005, 20.069644063283985 ], [ -98.748616706627999, 20.069653717706988 ], [ -98.748616723455001, 20.069663372132979 ], [ -98.748616738690998, 20.069673026561006 ], [ -98.748616750539, 20.069681478328999 ], [ -98.74861676079702, 20.069689930099013 ], [ -98.748616769465002, 20.06969838186998 ], [ -98.748616776541994, 20.069706833643018 ], [ -98.748616782029004, 20.06971528541699 ], [ -98.748616786181003, 20.069724774357002 ], [ -98.748616788101003, 20.069734263297999 ], [ -98.748616787789004, 20.069743752238985 ], [ -98.748616785246, 20.069753241179018 ], [ -98.748616780470996, 20.069762730119024 ], [ -98.748616773951994, 20.069771411120996 ], [ -98.748616765174006, 20.069780092122006 ], [ -98.748616754254996, 20.069788688989995 ], [ -98.748616741120998, 20.069797285856986 ], [ -98.748616725771001, 20.069805882719994 ], [ -98.748616706339007, 20.069815282644004 ], [ -98.74861668403301, 20.069824682562995 ], [ -98.748616658852995, 20.069834082475985 ], [ -98.748616630799006, 20.069843482380978 ], [ -98.748616599870999, 20.069852882277978 ], [ -98.748617074191003, 20.069862858159002 ], [ -98.748617657094002, 20.069872828901982 ], [ -98.748655936906005, 20.069879258512021 ], [ -98.748659288482997, 20.070777695088008 ], [ -98.748621032233999, 20.070777640667011 ], [ -98.748621161879001, 20.070812396153009 ], [ -98.748621193915, 20.070821003900946 ], [ -98.748621225807, 20.070829611649973 ], [ -98.748621257554007, 20.070838219398969 ], [ -98.748621289157001, 20.070846827148991 ], [ -98.748621320614006, 20.070855434898967 ], [ -98.748621351928008, 20.070864042648974 ], [ -98.748621383095994, 20.070872650399998 ], [ -98.748621419002006, 20.070882698297016 ], [ -98.748621454119004, 20.070892746195995 ], [ -98.748621488449018, 20.070902794097009 ], [ -98.748621516404, 20.070911168582981 ], [ -98.748621543704004, 20.070919543071021 ], [ -98.748621570346003, 20.070927917561001 ], [ -98.748621596332001, 20.070936292053002 ], [ -98.748621621661997, 20.070944666545966 ], [ -98.748621646334996, 20.070953041040998 ], [ -98.748621674823994, 20.070963095401002 ], [ -98.748621701835006, 20.070973149762992 ], [ -98.748621727368999, 20.070983204130012 ], [ -98.748621751423997, 20.070993258498998 ], [ -98.748621773018016, 20.071002912923017 ], [ -98.748621793023005, 20.071012567350035 ], [ -98.748621811437999, 20.071022221778996 ], [ -98.748621828264007, 20.071031876211997 ], [ -98.748621843500004, 20.071041530645978 ], [ -98.748621855346997, 20.071049982411996 ], [ -98.748621865605003, 20.071058434179989 ], [ -98.748621874272004, 20.071066885949023 ], [ -98.748621881348001, 20.071075337719023 ], [ -98.748621886834997, 20.071083789490995 ], [ -98.748621890986001, 20.071093278436006 ], [ -98.748621892905007, 20.071102767382001 ], [ -98.748621892592993, 20.071112256327993 ], [ -98.748621890048994, 20.071121745273999 ], [ -98.748621885272996, 20.071131234219017 ], [ -98.748621878798005, 20.071139864732999 ], [ -98.748621870090005, 20.071148495245975 ], [ -98.748621859150006, 20.071157125755988 ], [ -98.748621845976004, 20.071165756263003 ], [ -98.748621830570002, 20.071174386767012 ], [ -98.748621811136999, 20.071183786690003 ], [ -98.748621788829993, 20.071193186607982 ], [ -98.748621763648998, 20.071202586519021 ], [ -98.748621735594, 20.071211986421996 ], [ -98.748621704665993, 20.07122138631803 ], [ -98.748621673158993, 20.07123011904201 ], [ -98.748621638776996, 20.071238851756998 ], [ -98.748621601520014, 20.071247584461023 ], [ -98.748621561387012, 20.071256317154024 ], [ -98.748621518378997, 20.071265049835031 ], [ -98.748621470675999, 20.071274108838992 ], [ -98.748621419781003, 20.071283167826984 ], [ -98.748621365692998, 20.071292226799031 ], [ -98.748621308414002, 20.071301285753037 ], [ -98.748621247942012, 20.071310344689014 ], [ -98.748621184277994, 20.071319403605035 ], [ -98.748621117422005, 20.071328462501036 ], [ -98.748621047374002, 20.071337521374986 ], [ -98.748620974133004, 20.071346580226979 ], [ -98.748620897701002, 20.071355639055017 ], [ -98.748620818076006, 20.071364697857998 ], [ -98.748620735258996, 20.071373756635975 ], [ -98.74862064925, 20.071382815387985 ], [ -98.748620560049005, 20.071391874111004 ], [ -98.748620467656011, 20.07140093280702 ], [ -98.748620372069993, 20.071409991471999 ], [ -98.748620273293014, 20.071419050107011 ], [ -98.748620171322997, 20.071428108711007 ], [ -98.748620066162005, 20.071437167282006 ], [ -98.748619957808003, 20.071446225818995 ], [ -98.748619846262002, 20.071455284321992 ], [ -98.748619731524002, 20.071464342788992 ], [ -98.748619613594997, 20.071473401219006 ], [ -98.748619492472997, 20.071482459612014 ], [ -98.748619368158998, 20.071491517965992 ], [ -98.748619240652999, 20.071500576280993 ], [ -98.748619109955001, 20.071509634554971 ], [ -98.748618976065998, 20.071518692787986 ], [ -98.748618838984001, 20.071527750976973 ], [ -98.748618698710018, 20.071536809123018 ], [ -98.748618555245002, 20.071545867224977 ], [ -98.748618408587021, 20.071554925280985 ], [ -98.748618258738006, 20.071563983289998 ], [ -98.748618105697005, 20.071573041251 ], [ -98.748617949464006, 20.071582099164011 ], [ -98.748617790039006, 20.071591157027989 ], [ -98.748617627422007, 20.071600214839982 ], [ -98.748617461614003, 20.07160927260103 ], [ -98.748617292613005, 20.071618330309015 ], [ -98.748617120421002, 20.071627387963989 ], [ -98.748616945037, 20.071636445563982 ], [ -98.748616766462007, 20.071645503108023 ], [ -98.748616584695, 20.071654560594993 ], [ -98.748616399735994, 20.071663618025003 ], [ -98.748616211585002, 20.07167267539598 ], [ -98.748616020243006, 20.071681732707969 ], [ -98.748615825708995, 20.071690789958005 ], [ -98.748615627983, 20.071699847147027 ], [ -98.748615427065999, 20.071708904273997 ], [ -98.748615222957994, 20.071717961335999 ], [ -98.748615015657009, 20.071727018334002 ], [ -98.748614805166, 20.071736075265999 ], [ -98.748614591481996, 20.071745132131998 ], [ -98.748614374607996, 20.071754188928971 ], [ -98.748614154541997, 20.071763245658008 ], [ -98.748613931283998, 20.071772302317008 ], [ -98.748613704835009, 20.071781358905991 ], [ -98.748613475195, 20.071790415422015 ], [ -98.748613242363007, 20.071799471865969 ], [ -98.748613006339994, 20.071808528236996 ], [ -98.748612767126005, 20.071817584532035 ], [ -98.748612524720002, 20.071826640752022 ], [ -98.748612279122995, 20.071835696895018 ], [ -98.748612030334996, 20.071844752960029 ], [ -98.748611778355993, 20.071853808946042 ], [ -98.748611523185005, 20.071862864853006 ], [ -98.748611264824007, 20.071871920677967 ], [ -98.748611012794001, 20.071880650211003 ], [ -98.748610757888997, 20.071889379669006 ], [ -98.748610500110004, 20.071898109052007 ], [ -98.748610239456994, 20.071906838359002 ], [ -98.748609975929995, 20.071915567587972 ], [ -98.748609689285999, 20.071924963626994 ], [ -98.748609399770004, 20.071934359587011 ], [ -98.748609107380005, 20.071943755467991 ], [ -98.748608812117993, 20.071953151268005 ], [ -98.748608513983001, 20.071962546986988 ], [ -98.748608237816001, 20.071971173572013 ], [ -98.748607959417996, 20.071979800092993 ], [ -98.748607678786996, 20.071988426550018 ], [ -98.748607395925006, 20.071997052940979 ], [ -98.748607110831003, 20.072005679266034 ], [ -98.748606795038995, 20.072015163507974 ], [ -98.748606477017006, 20.072024647684021 ], [ -98.748606156764012, 20.072034131792002 ], [ -98.748605834279999, 20.072043615833003 ], [ -98.748605509564996, 20.072053099805018 ], [ -98.748605218554005, 20.072061547103029 ], [ -98.748604925953998, 20.072069994350997 ], [ -98.748604631765005, 20.072078441550001 ], [ -98.748604335986002, 20.072086888700021 ], [ -98.748604038617998, 20.0720953358 ], [ -98.748603697232994, 20.072104984835011 ], [ -98.748603354259998, 20.072114633818995 ], [ -98.748603009698002, 20.07212428275302 ], [ -98.748602663547004, 20.072133931637005 ], [ -98.748602315808014, 20.07214358046901 ], [ -98.748601952095996, 20.072153629010018 ], [ -98.748601586907, 20.072163677501983 ], [ -98.748601220240005, 20.072173725947 ], [ -98.748600852096999, 20.072183774342967 ], [ -98.748600544518993, 20.072192143831025 ], [ -98.748600236285995, 20.072200513297997 ], [ -98.748599927395006, 20.072208882742991 ], [ -98.748599617848996, 20.072217252165991 ], [ -98.748599307646998, 20.072225621568013 ], [ -98.748598996788004, 20.072233990947996 ], [ -98.748598623025998, 20.072244032688996 ], [ -98.748598248476, 20.072254074404995 ], [ -98.748597873139005, 20.072264116094004 ], [ -98.748597551188993, 20.072272718508994 ], [ -98.748597229094997, 20.072281320920034 ], [ -98.748596906855994, 20.072289923325986 ], [ -98.748596584471997, 20.072298525726993 ], [ -98.748596261944002, 20.072307128123004 ], [ -98.748595939270999, 20.072315730513985 ], [ -98.748595616453997, 20.072324332900987 ], [ -98.748571925220006, 20.072955508795015 ], [ -98.748571602517998, 20.072964108044001 ], [ -98.748571279960004, 20.072972707297993 ], [ -98.748570957545994, 20.072981306557018 ], [ -98.748570635275996, 20.072989905821029 ], [ -98.748570313151006, 20.072998505088997 ], [ -98.748569991170996, 20.073007104363008 ], [ -98.748569669334998, 20.073015703641005 ], [ -98.748569294540999, 20.073025730684009 ], [ -98.748568920533003, 20.073035757752987 ], [ -98.748568547312004, 20.073045784847977 ], [ -98.748568236997997, 20.073054139469004 ], [ -98.748567927338001, 20.073062494111998 ], [ -98.748567618333993, 20.073070848775995 ], [ -98.748567309985006, 20.073079203462022 ], [ -98.748567002290017, 20.073087558169 ], [ -98.748566695251, 20.073095912898008 ], [ -98.748566328113995, 20.073105933683017 ], [ -98.748565962450016, 20.073115954516016 ], [ -98.748565598259006, 20.073125975396998 ], [ -98.748565235540994, 20.073135996325984 ], [ -98.748564888909996, 20.073145614255029 ], [ -98.748564543863012, 20.073155232235017 ], [ -98.748564200399002, 20.073164850266011 ], [ -98.748563858519006, 20.073174468347005 ], [ -98.748563518221999, 20.073184086478001 ], [ -98.748563222092002, 20.073192498257015 ], [ -98.748562927544995, 20.073200910086033 ], [ -98.748562634579997, 20.073209321963986 ], [ -98.748562343198998, 20.07321773389198 ], [ -98.748562053399993, 20.073226145868009 ], [ -98.748561730191, 20.073235585685012 ], [ -98.748561409203006, 20.073245025569008 ], [ -98.748561090433995, 20.073254465520005 ], [ -98.748560773885998, 20.073263905539019 ], [ -98.748560459558007, 20.07327334562299 ], [ -98.748560176064004, 20.073281923371013 ], [ -98.748559894788997, 20.073290501184044 ], [ -98.748559615733001, 20.073299079061023 ], [ -98.748559338896996, 20.073307657003003 ], [ -98.748559064278993, 20.073316235008019 ], [ -98.748558767958997, 20.073325573319998 ], [ -98.748558474494004, 20.073334911713012 ], [ -98.748558183885009, 20.073344250185013 ], [ -98.748557896131004, 20.073353588735984 ], [ -98.748557611232002, 20.073362927365011 ], [ -98.748557349563995, 20.073371594765007 ], [ -98.748557090751007, 20.073380262242026 ], [ -98.748556834791998, 20.073388929793978 ], [ -98.748556581686003, 20.073397597420975 ], [ -98.748556331434997, 20.073406265122031 ], [ -98.748556072691017, 20.073415334625981 ], [ -98.748555817170001, 20.073424404212993 ], [ -98.748555564875005, 20.073433473880019 ], [ -98.748555315803003, 20.073442543627007 ], [ -98.748555069955998, 20.073451613452033 ], [ -98.748554827332995, 20.07346068335503 ], [ -98.748554587935004, 20.073469753334017 ], [ -98.748554351761996, 20.073478823388996 ], [ -98.748554118811995, 20.073487893518006 ], [ -98.748553889088001, 20.073496963720007 ], [ -98.748553662587, 20.073506033995013 ], [ -98.748553439312005, 20.073515104341013 ], [ -98.748553219260998, 20.073524174757974 ], [ -98.748553002435003, 20.073533245243979 ], [ -98.748552788832995, 20.073542315797969 ], [ -98.748552578456, 20.073551386418977 ], [ -98.748552371304001, 20.073560457107018 ], [ -98.748552167376999, 20.073569527860013 ], [ -98.748551966674, 20.073578598676995 ], [ -98.748551769195998, 20.073587669557014 ], [ -98.748551574942994, 20.073596740500008 ], [ -98.748551383914005, 20.073605811503008 ], [ -98.748551196111009, 20.073614882566982 ], [ -98.748551011532001, 20.073623953689989 ], [ -98.748550830178999, 20.073633024871036 ], [ -98.74855065205, 20.073642096109001 ], [ -98.748550477145997, 20.073651167402986 ], [ -98.748550305467006, 20.073660238750993 ], [ -98.748550137012998, 20.073669310153988 ], [ -98.748549971784016, 20.073678381609959 ], [ -98.748549809780997, 20.073687453117977 ], [ -98.748549651001994, 20.073696524675967 ], [ -98.748549495448003, 20.073705596284956 ], [ -98.748549343118995, 20.073714667941982 ], [ -98.748549194016007, 20.073723739647008 ], [ -98.748549048136994, 20.073732811399008 ], [ -98.748548905484, 20.073741883197002 ], [ -98.748548766055009, 20.073750955038996 ], [ -98.748548629851996, 20.073760026925022 ], [ -98.748548496873994, 20.073769098853973 ], [ -98.748548367121003, 20.073778170825005 ], [ -98.748548240594019, 20.073787242836023 ], [ -98.748548117292017, 20.073796314886991 ], [ -98.748547997214004, 20.073805386976034 ], [ -98.748547880363006, 20.073814459103975 ], [ -98.748547766735996, 20.073823531266981 ], [ -98.748547656335006, 20.073832603465998 ], [ -98.748547549158005, 20.073841675699995 ], [ -98.748547445208004, 20.073850747966993 ], [ -98.748547344482006, 20.073859820267003 ], [ -98.748547246982, 20.073868892597996 ], [ -98.748547152707019, 20.073877964960019 ], [ -98.748547061658002, 20.073887037349998 ], [ -98.748546973833996, 20.073896109770011 ], [ -98.748546889235001, 20.073905182215999 ], [ -98.748546807861999, 20.073914254689011 ], [ -98.748546729713993, 20.073923327188002 ], [ -98.748546654790999, 20.073932399710014 ], [ -98.748546583093997, 20.073941472255999 ], [ -98.748546514622006, 20.073950544823997 ], [ -98.748546449375993, 20.073959617412989 ], [ -98.748546387355006, 20.073968690023012 ], [ -98.748546328559001, 20.073977762651019 ], [ -98.748546272989003, 20.073986835297983 ], [ -98.748546222849996, 20.073995506097994 ], [ -98.748546175564996, 20.074004176912005 ], [ -98.748546131135001, 20.074012847739976 ], [ -98.748546089561003, 20.074021518580025 ], [ -98.748546050841, 20.074030189432026 ], [ -98.748546012088994, 20.074039531865004 ], [ -98.748545976193995, 20.074048874307991 ], [ -98.748545943154994, 20.074058216760005 ], [ -98.748545912972006, 20.074067559221017 ], [ -98.748545885645996, 20.074076901689995 ], [ -98.748545862967021, 20.074085483586003 ], [ -98.748545842507994, 20.07409406548701 ], [ -98.748545824269996, 20.074102647393001 ], [ -98.748545808251009, 20.074111229301995 ], [ -98.748545794452994, 20.074119811215017 ], [ -98.748545781600001, 20.074129255965005 ], [ -98.748545770967993, 20.074138700718002 ], [ -98.748545762557995, 20.074148145473011 ], [ -98.748545756368998, 20.074157590229021 ], [ -98.748545752402009, 20.074167034985969 ], [ -98.748545750648006, 20.074175451416025 ], [ -98.748545750478002, 20.074183867847029 ], [ -98.748545751891001, 20.074192284276975 ], [ -98.748545754887999, 20.074200700707014 ], [ -98.748545759468001, 20.07420911713697 ], [ -98.748545766402998, 20.07421874063899 ], [ -98.748545774923002, 20.074228364140982 ], [ -98.748545785027019, 20.074237987639975 ], [ -98.748545796715007, 20.074247611139015 ], [ -98.748545809987007, 20.07425723463502 ], [ -98.748545825378017, 20.074267261419028 ], [ -98.748545842243999, 20.074277288200999 ], [ -98.748545860581999, 20.074287314981028 ], [ -98.748545880395, 20.074297341758012 ], [ -98.748545897856005, 20.074305701538957 ], [ -98.748545915972997, 20.074314061319033 ], [ -98.748545934744996, 20.074322421098003 ], [ -98.748545954172002, 20.074330780876032 ], [ -98.748545974254, 20.07433914065199 ], [ -98.748545994992, 20.074347500427034 ], [ -98.748546020668002, 20.074357533636018 ], [ -98.748546047131001, 20.07436756684303 ], [ -98.748546074380002, 20.074377600049051 ], [ -98.748546100922994, 20.074387201686996 ], [ -98.748546127647018, 20.074396803323989 ], [ -98.748546154549999, 20.074406404960044 ], [ -98.748546181633003, 20.074416006595996 ], [ -98.748546208896997, 20.074425608232005 ], [ -98.748546236340019, 20.074435209867023 ], [ -98.748546236340019, 20.074435209810979 ], [ -98.748552531265005, 20.076626543441002 ], [ -98.748554475865006, 20.07730349400201 ], [ -98.748516218011005, 20.077303387145996 ], [ -98.748516311884003, 20.07733606882298 ], [ -98.748519764893999, 20.078538242797013 ], [ -98.748555031175997, 20.078445194855011 ], [ -98.748561257019006, 20.080772673092998 ], [ -98.748526284521006, 20.080808120991023 ], [ -98.748529222038997, 20.081830872514015 ], [ -98.748395310945995, 20.081828821302 ], [ -98.748382862292999, 20.077493408175979 ], [ -98.748344517, 20.077473010801036 ], [ -98.748342811043003, 20.076868700224015 ], [ -98.748333246756999, 20.076868724737984 ], [ -98.748332519730994, 20.076615511845009 ], [ -98.748327067271006, 20.074716523920998 ], [ -98.748307077950003, 20.074716495444012 ], [ -98.74830627963, 20.074438447573979 ], [ -98.748306254987, 20.074429839362015 ], [ -98.748306230487998, 20.074421231151003 ], [ -98.748306206134004, 20.074412622939036 ], [ -98.748306181925003, 20.074404014727005 ], [ -98.74830615786, 20.074395406514004 ], [ -98.748306133940005, 20.074386798300992 ], [ -98.748306110163995, 20.074378190088009 ], [ -98.748306082884994, 20.07436814008101 ], [ -98.748306056393005, 20.074358090071005 ], [ -98.748306030690003, 20.074348040059977 ], [ -98.748306009922999, 20.074339663493021 ], [ -98.748305989811996, 20.074331286923993 ], [ -98.748305970358999, 20.074322910354976 ], [ -98.748305951562003, 20.074314533782967 ], [ -98.748305933422003, 20.074306157211023 ], [ -98.748305915939, 20.074297780636989 ], [ -98.748305896079017, 20.074287722371015 ], [ -98.748305877698002, 20.074277664100993 ], [ -98.748305860795, 20.074267605829984 ], [ -98.748305845370993, 20.074257547556009 ], [ -98.748305832064005, 20.074247888790996 ], [ -98.748305820347994, 20.074238230024996 ], [ -98.748305810222007, 20.074228571255997 ], [ -98.748305801686001, 20.074218912487002 ], [ -98.748305794740006, 20.074209253715971 ], [ -98.748305790150994, 20.074200796976989 ], [ -98.748305787152006, 20.074192340237985 ], [ -98.748305785745004, 20.074183883499014 ], [ -98.748305785929006, 20.074175426758991 ], [ -98.748305787703998, 20.07416697002002 ], [ -98.748305791706997, 20.074157474881993 ], [ -98.748305797943999, 20.074147979746005 ], [ -98.748305806413001, 20.074138484610991 ], [ -98.748305817116005, 20.074128989478023 ], [ -98.748305830052004, 20.074119494348018 ], [ -98.748305843951997, 20.074110857007017 ], [ -98.748305860087001, 20.074102219669996 ], [ -98.748305878457003, 20.074093582336001 ], [ -98.748305899060995, 20.074084945007026 ], [ -98.748305921899998, 20.074076307683015 ], [ -98.748305949431995, 20.074066899722016 ], [ -98.748305979839998, 20.074057491769004 ], [ -98.748306013125003, 20.074048083824003 ], [ -98.748306049286001, 20.074038675889007 ], [ -98.748306088324, 20.074029267964022 ], [ -98.748306127372004, 20.074020526570003 ], [ -98.748306169298004, 20.07401178518802 ], [ -98.74830621410301, 20.074003043819008 ], [ -98.748306261785004, 20.073994302463998 ], [ -98.748306312346003, 20.07398556112301 ], [ -98.748306367509997, 20.073976553070029 ], [ -98.748306425826996, 20.073967545034996 ], [ -98.748306487296006, 20.07395853701896 ], [ -98.748306551919001, 20.07394952902299 ], [ -98.748306619695995, 20.073940521047042 ], [ -98.748306690625, 20.073931513092994 ], [ -98.748306764708005, 20.073922505161029 ], [ -98.748306841944, 20.073913497252995 ], [ -98.748306922333001, 20.073904489369994 ], [ -98.748307005875006, 20.073895481512043 ], [ -98.748307092570002, 20.073886473680997 ], [ -98.748307182418003, 20.073877465877963 ], [ -98.748307275420004, 20.073868458103011 ], [ -98.748307371574001, 20.073859450356988 ], [ -98.748307470881997, 20.073850442642964 ], [ -98.748307573342998, 20.073841434959004 ], [ -98.748307678955996, 20.073832427308059 ], [ -98.748307787722993, 20.073823419690974 ], [ -98.748307899642995, 20.073814412107993 ], [ -98.748308014716002, 20.073805404560996 ], [ -98.748308132942, 20.073796397049989 ], [ -98.748308254321003, 20.073787389576012 ], [ -98.748308378852997, 20.073778382141008 ], [ -98.748308506537995, 20.07376937474503 ], [ -98.748308637375999, 20.073760367390044 ], [ -98.748308771366993, 20.073751360075978 ], [ -98.748308908511007, 20.073742352803986 ], [ -98.748309048807002, 20.073733345576027 ], [ -98.748309192256997, 20.073724338391994 ], [ -98.748309338859997, 20.073715331252991 ], [ -98.748309488615007, 20.073706324161002 ], [ -98.748309641523008, 20.073697317115979 ], [ -98.748309797584, 20.073688310119024 ], [ -98.74830995679801, 20.073679303170991 ], [ -98.748310119164998, 20.073670296274045 ], [ -98.748310284683996, 20.073661289428017 ], [ -98.748310453355998, 20.073652282633994 ], [ -98.748310625181006, 20.073643275893001 ], [ -98.748310800159004, 20.073634269206991 ], [ -98.748310978289993, 20.073625262575007 ], [ -98.748311159573007, 20.07361625600004 ], [ -98.748311344008002, 20.073607249482002 ], [ -98.748311531596997, 20.073598243021994 ], [ -98.748311722338002, 20.073589236621025 ], [ -98.748311916231003, 20.073580230280033 ], [ -98.748312113278004, 20.073571224000979 ], [ -98.748312313476006, 20.073562217782953 ], [ -98.748312516827994, 20.073553211627992 ], [ -98.748312723330997, 20.073544205538003 ], [ -98.748312932988, 20.073535199511987 ], [ -98.748313145797013, 20.073526193553008 ], [ -98.748313361757994, 20.07351718766002 ], [ -98.748313580870999, 20.073508181834953 ], [ -98.748313803136995, 20.073499176079977 ], [ -98.748314028555995, 20.073490170393992 ], [ -98.748314257127006, 20.073481164779011 ], [ -98.748314488849999, 20.073472159236008 ], [ -98.748314723725002, 20.073463153766003 ], [ -98.748314961752001, 20.073454148370004 ], [ -98.748315202932005, 20.073445143048996 ], [ -98.748315447264005, 20.073436137802975 ], [ -98.748315694748996, 20.073427132635004 ], [ -98.748315945385002, 20.073418127543988 ], [ -98.748316199173999, 20.073409122531995 ], [ -98.748316456113997, 20.073400117600013 ], [ -98.748316708415004, 20.073391379388035 ], [ -98.748316963592004, 20.073382641251992 ], [ -98.748317221647, 20.073373903190006 ], [ -98.748317482578997, 20.073365165205001 ], [ -98.748317746387997, 20.073356427296996 ], [ -98.748318033299, 20.073347023197972 ], [ -98.748318323085002, 20.073337619177028 ], [ -98.748318615746001, 20.073328215236 ], [ -98.748318911281999, 20.073318811374989 ], [ -98.748319209694003, 20.073309407596035 ], [ -98.748319486097998, 20.073300774198003 ], [ -98.748319764735001, 20.073292140865014 ], [ -98.748320045605993, 20.073283507595978 ], [ -98.748320328711003, 20.073274874393007 ], [ -98.748320614049007, 20.073266241255016 ], [ -98.748320930068004, 20.073256750812 ], [ -98.748321248319002, 20.073247260436997 ], [ -98.748321568801998, 20.073237770127989 ], [ -98.748321891516994, 20.073228279886024 ], [ -98.748322216464004, 20.073218789713003 ], [ -98.748322469903997, 20.073211430867001 ], [ -98.748322724548999, 20.073204072058008 ], [ -98.748322290247998, 20.073052818598967 ], [ -98.748322265604003, 20.073044210683975 ], [ -98.748322241104006, 20.073035602769004 ], [ -98.748322216749997, 20.073026994853013 ], [ -98.748322192539007, 20.073018386936958 ], [ -98.748322168474004, 20.073009779021014 ], [ -98.748322144553001, 20.073001171103972 ], [ -98.748322120775995, 20.072992563187004 ], [ -98.748322093498999, 20.072982514590983 ], [ -98.748322067008999, 20.072972465993008 ], [ -98.748322041307006, 20.072962417394017 ], [ -98.748322020542005, 20.072954042221028 ], [ -98.748322000434001, 20.072945667046007 ], [ -98.748321980981999, 20.072937291870009 ], [ -98.748321962187006, 20.072928916693009 ], [ -98.748321944048016, 20.07292054151403 ], [ -98.748321926566007, 20.072912166333975 ], [ -98.748321906710004, 20.072902110695008 ], [ -98.74832188833102, 20.072892055053007 ], [ -98.748321871431003, 20.072881999408011 ], [ -98.748321856008999, 20.072871943761996 ], [ -98.748321842704001, 20.07286228792902 ], [ -98.748321830990008, 20.072852632094985 ], [ -98.748321820865002, 20.072842976259004 ], [ -98.748321812328996, 20.072833320422014 ], [ -98.748321805383995, 20.072823664583996 ], [ -98.748321800794002, 20.072815211205977 ], [ -98.748321797795001, 20.072806757827021 ], [ -98.748321796387003, 20.072798304448003 ], [ -98.748321796569002, 20.072789851068976 ], [ -98.748321798342005, 20.072781397690008 ], [ -98.748321802340996, 20.072771906745988 ], [ -98.748321808572996, 20.072762415801996 ], [ -98.748321817036, 20.072752924860016 ], [ -98.748321827732013, 20.072743433920003 ], [ -98.748321840659997, 20.072733942982005 ], [ -98.748321854550994, 20.072725310260001 ], [ -98.748321870675994, 20.072716677540019 ], [ -98.748321889034003, 20.072708044825028 ], [ -98.748321909625005, 20.072699412113987 ], [ -98.748321932449002, 20.072690779407985 ], [ -98.748321959962993, 20.072681376893996 ], [ -98.748321990351997, 20.072671974388001 ], [ -98.748322023615003, 20.072662571889996 ], [ -98.748322059752994, 20.072653169401995 ], [ -98.748322098765996, 20.072643766923985 ], [ -98.748322137784996, 20.072635031415015 ], [ -98.748322179680997, 20.07262629591802 ], [ -98.748322224453005, 20.072617560434001 ], [ -98.748322272101007, 20.07260882496303 ], [ -98.748322322625995, 20.072600089507002 ], [ -98.748322378398001, 20.072590984611953 ], [ -98.748322437393995, 20.072581879735012 ], [ -98.748322499614005, 20.07257277487701 ], [ -98.748322565056995, 20.072563670040012 ], [ -98.748322633723006, 20.07255456522401 ], [ -98.748322705614001, 20.072545460430042 ], [ -98.748322780726994, 20.072536355658993 ], [ -98.748322859064999, 20.072527250912 ], [ -98.748322940625002, 20.072518146190991 ], [ -98.748323025410002, 20.072509041496051 ], [ -98.748323113417001, 20.072499936827995 ], [ -98.748323204648997, 20.072490832189011 ], [ -98.748323299103006, 20.072481727578992 ], [ -98.748323396781004, 20.072472622999001 ], [ -98.748323497683003, 20.072463518451052 ], [ -98.748323601807996, 20.072454413935009 ], [ -98.748323709157006, 20.072445309451979 ], [ -98.748323819728995, 20.072436205003985 ], [ -98.748323933524006, 20.07242710059101 ], [ -98.748324050543019, 20.072417996214966 ], [ -98.748324170784997, 20.072408891876993 ], [ -98.748324294249997, 20.072399787576011 ], [ -98.748324420938999, 20.072390683315977 ], [ -98.748324550852018, 20.07238157909601 ], [ -98.748324683986993, 20.072372474916982 ], [ -98.748324820345999, 20.072363370780966 ], [ -98.748324959927999, 20.072354266689004 ], [ -98.748325102733006, 20.07234516264101 ], [ -98.748325248762001, 20.07233605863901 ], [ -98.748325398014003, 20.072326954682989 ], [ -98.748325550489, 20.072317850774997 ], [ -98.748325706187018, 20.07230874691599 ], [ -98.748325865108995, 20.072299643107009 ], [ -98.748326027253995, 20.072290539347986 ], [ -98.748326192622002, 20.072281435640988 ], [ -98.748326361211994, 20.072272331986987 ], [ -98.748326533026997, 20.072263228387015 ], [ -98.748326708063999, 20.072254124841006 ], [ -98.748326886324008, 20.072245021350994 ], [ -98.748327067806997, 20.07223591791799 ], [ -98.748327252514017, 20.07222681454299 ], [ -98.748327440443006, 20.072217711226994 ], [ -98.748327631595004, 20.07220860797101 ], [ -98.748327825971003, 20.072199504776009 ], [ -98.748328023569002, 20.072190401641979 ], [ -98.748328224389994, 20.072181298572019 ], [ -98.748328428433993, 20.072172195564988 ], [ -98.748328635701014, 20.072163092624013 ], [ -98.748328846191001, 20.072153989747999 ], [ -98.748329059904009, 20.072144886940002 ], [ -98.748329276839002, 20.072135784198981 ], [ -98.748329496997016, 20.072126681528001 ], [ -98.748329720377995, 20.072117578926971 ], [ -98.748329946981997, 20.072108476396998 ], [ -98.748330176807997, 20.072099373939004 ], [ -98.748330409857004, 20.072090271554053 ], [ -98.748330646129006, 20.072081169242995 ], [ -98.748330885624, 20.072072067007017 ], [ -98.748331128339998, 20.072062964847987 ], [ -98.748331374279999, 20.072053862765966 ], [ -98.748331623441999, 20.072044760762026 ], [ -98.748331875827006, 20.07203565883702 ], [ -98.748332131433997, 20.072026556992977 ], [ -98.748332379651998, 20.072017824554013 ], [ -98.748332630746006, 20.072009092188974 ], [ -98.748332884714998, 20.072000359897995 ], [ -98.748333141559996, 20.071991627681989 ], [ -98.748333401280007, 20.071982895541996 ], [ -98.748333683813001, 20.071973496781975 ], [ -98.748333969219999, 20.071964098099002 ], [ -98.748334257501014, 20.071954699493993 ], [ -98.748334548654995, 20.071945300967982 ], [ -98.748334842682993, 20.071935902522988 ], [ -98.748335115073999, 20.071927273625978 ], [ -98.748335389695995, 20.071918644792991 ], [ -98.748335666551, 20.071910016023999 ], [ -98.748335945638004, 20.07190138731902 ], [ -98.748336226958003, 20.07189275867799 ], [ -98.748336538586997, 20.071883272299999 ], [ -98.748336852448006, 20.071873785988004 ], [ -98.748337168538995, 20.071864299740998 ], [ -98.748337486861999, 20.071854813561988 ], [ -98.748337807414998, 20.071845327449036 ], [ -98.748338094714001, 20.071836878429025 ], [ -98.748338383602004, 20.071828429457 ], [ -98.748338674080003, 20.071819980533004 ], [ -98.748338966147003, 20.071811531659012 ], [ -98.748339259804993, 20.071803082834027 ], [ -98.748339596936006, 20.071793432247034 ], [ -98.748339935656006, 20.071783781711027 ], [ -98.748340275963997, 20.071774131224007 ], [ -98.748340617861999, 20.071764480788012 ], [ -98.748340961348006, 20.071754830401986 ], [ -98.748341320622004, 20.071744780474983 ], [ -98.748341681374001, 20.071734730595008 ], [ -98.748342043603003, 20.071724680761999 ], [ -98.748342407310005, 20.071714630977002 ], [ -98.748342711178012, 20.071706260702999 ], [ -98.748343015703, 20.07169789045 ], [ -98.748343320884004, 20.071689520218005 ], [ -98.748343626720995, 20.071681150006988 ], [ -98.748343933214002, 20.071672779818009 ], [ -98.748344240362997, 20.071664409649994 ], [ -98.748344609670994, 20.071654367081006 ], [ -98.748344979766003, 20.071644324537061 ], [ -98.748345350647995, 20.071634282018977 ], [ -98.748345668764998, 20.071625679320029 ], [ -98.748345987028003, 20.07161707662603 ], [ -98.748346305433998, 20.071608473936994 ], [ -98.748346623985995, 20.071599871252985 ], [ -98.74834694268101, 20.071591268573002 ], [ -98.748347261521999, 20.071582665897971 ], [ -98.748347580506007, 20.07157406322797 ], [ -98.748371205832001, 20.070937055238005 ], [ -98.748371524685993, 20.070928456008005 ], [ -98.748371843396001, 20.070919856773017 ], [ -98.748372161961001, 20.070911257533005 ], [ -98.748372480380993, 20.070902658287995 ], [ -98.748372798657002, 20.070894059038995 ], [ -98.748373116788997, 20.070885459783998 ], [ -98.748373434775999, 20.070876860525026 ], [ -98.748373805060993, 20.070866834062031 ], [ -98.748374174559999, 20.070856807572046 ], [ -98.748374543273002, 20.070846781057039 ], [ -98.748374849829005, 20.070838426942995 ], [ -98.748375155730017, 20.07083007280897 ], [ -98.748375460977002, 20.070821718652994 ], [ -98.748375765567999, 20.070813364475008 ], [ -98.748376069504999, 20.070805010276029 ], [ -98.748376372785998, 20.070796656055993 ], [ -98.748376735397997, 20.070786636375015 ], [ -98.748377096536998, 20.070776616645006 ], [ -98.748377456203002, 20.07076659686901 ], [ -98.748377814395994, 20.070756577044996 ], [ -98.748378156677006, 20.070746960375033 ], [ -98.748378497375001, 20.070737343655001 ], [ -98.748378836488996, 20.070727726883991 ], [ -98.748379174020002, 20.070718110065005 ], [ -98.748379509968004, 20.070708493194989 ], [ -98.748379852995001, 20.070698619109987 ], [ -98.748380193841001, 20.070688744956012 ], [ -98.748380532506999, 20.07067887073601 ], [ -98.748380868989997, 20.070668996449996 ], [ -98.748459095765995, 20.070668795871004 ], [ -98.748446179045999, 20.066172017470993 ], [ -98.748446152528999, 20.066162871482003 ], [ -98.748446125521994, 20.066153725492967 ], [ -98.748446098025994, 20.066144579506037 ], [ -98.748446070038995, 20.066135433521044 ], [ -98.748446041563, 20.066126287536971 ], [ -98.748446012597, 20.066117141553988 ], [ -98.748445983142005, 20.066107995571976 ], [ -98.748445953197006, 20.066098849592013 ], [ -98.748445922760993, 20.066089703614001 ], [ -98.748445891836994, 20.066080557637008 ], [ -98.748445860421995, 20.066071411660982 ], [ -98.748445828517006, 20.066062265687052 ], [ -98.748445796122994, 20.066053119714006 ], [ -98.748445763239005, 20.066043973742996 ], [ -98.748445729866006, 20.066034827774001 ], [ -98.748445696001994, 20.066025681805996 ], [ -98.748400952615995, 20.054028546986974 ], [ -98.748374575362007, 20.046956475878982 ], [ -98.748372198221006, 20.046319153567008 ], [ -98.748339514354001, 20.037556774409001 ], [ -98.748339482134, 20.03754819446997 ], [ -98.748339449482998, 20.037539614534019 ], [ -98.748339416400995, 20.037531034597983 ], [ -98.748339382888005, 20.037522454664018 ], [ -98.748339348944995, 20.037513874732003 ], [ -98.748339314570003, 20.037505294801012 ], [ -98.748339279763997, 20.037496714871999 ], [ -98.748339244527997, 20.037488134944002 ], [ -98.748339208860997, 20.037479555018006 ], [ -98.748311994936998, 20.030972572814033 ], [ -98.748313320533995, 20.030963616263953 ], [ -98.748314657767011, 20.030954661259045 ], [ -98.748316006633999, 20.030945707813 ], [ -98.748317367133012, 20.030936755938999 ], [ -98.748318739262004, 20.030927805650979 ], [ -98.748320123018999, 20.03091885696201 ], [ -98.748321518401994, 20.030909909885992 ], [ -98.748322925408004, 20.030900964434991 ], [ -98.748324344037002, 20.030892020625032 ], [ -98.748325774283998, 20.030883078467035 ], [ -98.748327216150003, 20.030874137976003 ], [ -98.748328669629998, 20.030865199165014 ], [ -98.748330134723005, 20.030856262047998 ], [ -98.748331611427005, 20.030847326638003 ], [ -98.748333099739, 20.03083839294802 ], [ -98.748334599657994, 20.030829460992027 ], [ -98.748336111179995, 20.030820530782989 ], [ -98.748337634305003, 20.030811602335998 ], [ -98.748339169028995, 20.030802675662997 ], [ -98.748340715349997, 20.030793750778042 ], [ -98.748342273264996, 20.030784827693992 ], [ -98.748343842772996, 20.030775906424001 ], [ -98.748345423871001, 20.030766986983 ], [ -98.748347016557005, 20.030758069384007 ], [ -98.748348620827997, 20.030749153639004 ], [ -98.748350236682001, 20.030740239763002 ], [ -98.748351864116003, 20.030731327769995 ], [ -98.748353503128996, 20.030722417670979 ], [ -98.748355153716005, 20.030713509482005 ], [ -98.748356815877003, 20.030704603214005 ], [ -98.748358489607995, 20.030695698882983 ], [ -98.748360174907006, 20.030686796499996 ], [ -98.748361871772005, 20.030677896079961 ], [ -98.748363580198998, 20.030668997636024 ], [ -98.748365300187004, 20.030660101182008 ], [ -98.748367031732002, 20.030651206730006 ], [ -98.748368774832002, 20.030642314294035 ], [ -98.748370529485001, 20.030633423887984 ], [ -98.748372295688, 20.030624535526027 ], [ -98.748374073437006, 20.030615649219005 ], [ -98.748375862732004, 20.030606764982963 ], [ -98.748377663566998, 20.030597882829003 ], [ -98.748379475942002, 20.03058900277302 ], [ -98.748381299852994, 20.030580124826006 ], [ -98.748383135297999, 20.030571249002993 ], [ -98.748384982272995, 20.030562375315974 ], [ -98.748386840777002, 20.030553503779984 ], [ -98.748388710805003, 20.030544634407018 ], [ -98.748390592356003, 20.030535767210999 ], [ -98.748392485425995, 20.030526902204986 ], [ -98.748394390013999, 20.030518039403002 ], [ -98.748396306114003, 20.030509178817994 ], [ -98.748398233725993, 20.030500320464018 ], [ -98.748400172846004, 20.03049146435303 ], [ -98.748402123470001, 20.030482610499003 ], [ -98.748404085597002, 20.030473758916028 ], [ -98.748406059223001, 20.030464909617013 ], [ -98.748408044344998, 20.030456062614 ], [ -98.748410040961005, 20.030447217921992 ], [ -98.748412049066005, 20.030438375554027 ], [ -98.748414068659002, 20.030429535522995 ], [ -98.748416099734996, 20.030420697843034 ], [ -98.748418142293005, 20.030411862525995 ], [ -98.748420196329008, 20.030403029587024 ], [ -98.748422261838996, 20.03039419903801 ], [ -98.748424338820996, 20.030385370892009 ], [ -98.748426427271994, 20.030376545163982 ], [ -98.748428527187997, 20.030367721866003 ], [ -98.748430638567001, 20.030358901012004 ], [ -98.748432761404004, 20.03035008261498 ], [ -98.748434895697997, 20.030341266687987 ], [ -98.748437041444006, 20.030332453243982 ], [ -98.748439198639005, 20.030323642298008 ], [ -98.748441367281004, 20.030314833861016 ], [ -98.748443547365994, 20.030306027948029 ], [ -98.748445738889998, 20.030297224571985 ], [ -98.748447941850003, 20.030288423745013 ], [ -98.748450156244004, 20.030279625482027 ], [ -98.748452382067001, 20.030270829796024 ], [ -98.748454619316007, 20.030262036698989 ], [ -98.748456867989006, 20.030253246205024 ], [ -98.748459128080995, 20.030244458328028 ], [ -98.748461399587995, 20.030235673080007 ], [ -98.748463682508998, 20.030226890474985 ], [ -98.748465976839, 20.030218110525997 ], [ -98.748468282573995, 20.03020933324601 ], [ -98.748470599711993, 20.030200558649028 ], [ -98.748472928249001, 20.03019178674699 ], [ -98.748475268180997, 20.030183017553959 ], [ -98.74847761950501, 20.030174251084013 ], [ -98.748479982215997, 20.030165487348988 ], [ -98.748482356313005, 20.030156726362009 ], [ -98.748484741789994, 20.030147968138014 ], [ -98.748487138645999, 20.030139212687992 ], [ -98.748489546873998, 20.030130460026992 ], [ -98.748491966472997, 20.030121710167013 ], [ -98.748494397439003, 20.030112963122043 ], [ -98.748496839767995, 20.030104218904004 ], [ -98.748499293455012, 20.030095477528004 ], [ -98.748501758499003, 20.030086739004997 ], [ -98.748504234894, 20.030078003350006 ], [ -98.748506722637003, 20.030069270576028 ], [ -98.748509221724007, 20.030060540695004 ], [ -98.748511732151997, 20.030051813721997 ], [ -98.748514253916994, 20.030043089667995 ], [ -98.748516787013997, 20.030034368547017 ], [ -98.748519331441003, 20.030025650372988 ], [ -98.748521887193007, 20.030016935158013 ], [ -98.748524454266004, 20.030008222916003 ], [ -98.748527032656995, 20.029999513659003 ], [ -98.748529622362, 20.029990807400992 ], [ -98.748532223376003, 20.029982104155998 ], [ -98.748534835696006, 20.029973403934946 ], [ -98.748537459318001, 20.029964706752988 ], [ -98.748540094237995, 20.029956012621998 ], [ -98.748542740451995, 20.029947321556001 ], [ -98.748545397956008, 20.029938633566992 ], [ -98.748548066745997, 20.029929948669018 ], [ -98.748550746817997, 20.029921266874979 ], [ -98.748553438168003, 20.029912588196979 ], [ -98.748556140790996, 20.029903912648997 ], [ -98.748558854684006, 20.029895240245001 ], [ -98.748561579842999, 20.02988657099699 ], [ -98.748564316263995, 20.029877904916987 ], [ -98.74856706394101, 20.029869242019977 ], [ -98.748569822872, 20.029860582318996 ], [ -98.748572593052998, 20.02985192582501 ], [ -98.748575374477994, 20.029843272552995 ], [ -98.748578167144004, 20.029834622515988 ], [ -98.748580971045996, 20.029825975725988 ], [ -98.748583786181001, 20.029817332196988 ], [ -98.748586612544003, 20.029808691941 ], [ -98.748589450129998, 20.029800054971997 ], [ -98.748592298936003, 20.029791421301997 ], [ -98.748595158957002, 20.029782790944978 ], [ -98.748598030189001, 20.029774163914013 ], [ -98.748600912628007, 20.029765540220986 ], [ -98.748603806269003, 20.029756919881031 ], [ -98.748606711107996, 20.029748302903993 ], [ -98.748609627139999, 20.029739689305998 ], [ -98.748612554361003, 20.02973107909801 ], [ -98.748615492767001, 20.02972247229399 ], [ -98.748618442353006, 20.029713868905976 ], [ -98.748621403114996, 20.02970526894801 ], [ -98.748624375047996, 20.029696672431992 ], [ -98.748627358148013, 20.029688079371986 ], [ -98.748630352410004, 20.029679489780978 ], [ -98.748633357830002, 20.029670903670997 ], [ -98.748636374404001, 20.029662321054978 ], [ -98.748639402126003, 20.029653741946987 ], [ -98.748642440992001, 20.029645166358009 ], [ -98.748645490998001, 20.029636594302993 ], [ -98.748648552139002, 20.029628025794004 ], [ -98.748651624410002, 20.029619460845002 ], [ -98.748654707805997, 20.029610899466988 ], [ -98.748657802324018, 20.029602341674 ], [ -98.748660907959007, 20.029593787478003 ], [ -98.748664024704993, 20.029585236894004 ], [ -98.748667152557999, 20.029576689932004 ], [ -98.748670291512994, 20.029568146607989 ], [ -98.748673441565998, 20.029559606932008 ], [ -98.748676602711001, 20.029551070919005 ], [ -98.748679774945003, 20.029542538580966 ], [ -98.748682958261995, 20.029534009931002 ], [ -98.748686152657001, 20.029525484981008 ], [ -98.748689358126001, 20.029516963744989 ], [ -98.748692574664005, 20.029508446236026 ], [ -98.748695802265999, 20.029499932465995 ], [ -98.748699040926994, 20.029491422448018 ], [ -98.748702290642001, 20.029482916196027 ], [ -98.748705551406005, 20.02947441372099 ], [ -98.748708823214997, 20.029465915036006 ], [ -98.748712106062996, 20.029457420154973 ], [ -98.748715399944999, 20.029448929091007 ], [ -98.748718704856998, 20.029440441854987 ], [ -98.748722020794006, 20.029431958460982 ], [ -98.74872534775001, 20.029423478922006 ], [ -98.748728685721005, 20.029415003251014 ], [ -98.748732034701007, 20.029406531458989 ], [ -98.748735394684999, 20.029398063561004 ], [ -98.748738765669003, 20.029389599568024 ], [ -98.748742147648002, 20.029381139494006 ], [ -98.748745540615019, 20.029372683352012 ], [ -98.748748944566003, 20.029364231152996 ], [ -98.748752359497004, 20.029355782911011 ], [ -98.748755785401002, 20.02934733863901 ], [ -98.748759222272994, 20.029338898347987 ], [ -98.748762670109016, 20.029330462053014 ], [ -98.748766128903995, 20.029322029766 ], [ -98.748769598650995, 20.029313601499002 ], [ -98.748773079345995, 20.029305177264995 ], [ -98.748776570984006, 20.029296757075976 ], [ -98.748780073559004, 20.029288340946998 ], [ -98.748783587065006, 20.029279928888009 ], [ -98.748787111498999, 20.029271520914023 ], [ -98.748790646854019, 20.029263117036002 ], [ -98.748794193123999, 20.02925471726703 ], [ -98.748797750305997, 20.029246321619983 ], [ -98.748801318393006, 20.029237930108014 ], [ -98.748804897379998, 20.029229542743003 ], [ -98.748808487261002, 20.029221159538011 ], [ -98.748812088031002, 20.029212780504967 ], [ -98.748815699684997, 20.029204405658017 ], [ -98.748819322217003, 20.029196035008024 ], [ -98.748822955622003, 20.029187668568991 ], [ -98.748826599894997, 20.029179306352965 ], [ -98.748830255029006, 20.029170948372027 ], [ -98.748833921018999, 20.029162594638965 ], [ -98.748837597860003, 20.029154245167994 ], [ -98.748841285547002, 20.029145899969016 ], [ -98.748844984073003, 20.029137559056991 ], [ -98.748848693433004, 20.029129222443039 ], [ -98.748852413621009, 20.029120890141002 ], [ -98.748856144632001, 20.029112562161984 ], [ -98.748859886461005, 20.029104238519022 ], [ -98.748863639101003, 20.029095919225995 ], [ -98.748867402547006, 20.029087604293032 ], [ -98.748871176793998, 20.029079293734018 ], [ -98.748874961834019, 20.029070987561976 ], [ -98.748878757664002, 20.029062685788993 ], [ -98.748882564276997, 20.029054388426992 ], [ -98.748886381667006, 20.029046095489008 ], [ -98.748890209829, 20.029037806988025 ], [ -98.748894048756995, 20.029029522936 ], [ -98.748897898444014, 20.029021243345007 ], [ -98.748901758886007, 20.029012968228013 ], [ -98.748905630077005, 20.029004697597014 ], [ -98.748909512010002, 20.028996431465984 ], [ -98.74891340468001, 20.028988169845004 ], [ -98.748917308079996, 20.028979912748984 ], [ -98.748921222205993, 20.028971660189026 ], [ -98.748925147050997, 20.028963412177003 ], [ -98.748929082608001, 20.028955168726995 ], [ -98.748933028872997, 20.028946929850001 ], [ -98.748936985840004, 20.028938695559034 ], [ -98.748940953501005, 20.028930465867017 ], [ -98.748944931851995, 20.028922240785036 ], [ -98.748948920885994, 20.028914020327026 ], [ -98.748952920598001, 20.028905804503989 ], [ -98.748956930980995, 20.028897593329997 ], [ -98.748960952028995, 20.028889386815013 ], [ -98.748964983736002, 20.028881184974008 ], [ -98.748969026096006, 20.02887298781701 ], [ -98.74897307910301, 20.028864795357986 ], [ -98.748977142751002, 20.028856607609015 ], [ -98.748981217034, 20.028848424581994 ], [ -98.748985301946007, 20.028840246289988 ], [ -98.748989397478994, 20.028832072744994 ], [ -98.748993503628995, 20.028823903957992 ], [ -98.748997620389005, 20.02881573994301 ], [ -98.749001747752999, 20.028807580712005 ], [ -98.749005885714993, 20.028799426276986 ], [ -98.749010034267997, 20.028791276651042 ], [ -98.749014193405998, 20.028783131845003 ], [ -98.749018363123, 20.028774991871991 ], [ -98.749022543413005, 20.028766856743982 ], [ -98.749026734268, 20.028758726473992 ], [ -98.749030935684004, 20.028750601074027 ], [ -98.749035147653004, 20.028742480555998 ], [ -98.749039370169996, 20.028734364931996 ], [ -98.749043603226994, 20.028726254213993 ], [ -98.749047846818996, 20.028718148414974 ], [ -98.749052100938997, 20.02871004754801 ], [ -98.749056365581012, 20.02870195162302 ], [ -98.749060640737994, 20.028693860653966 ], [ -98.749064926404003, 20.028685774652015 ], [ -98.749069222572004, 20.028677693630016 ], [ -98.749073529236, 20.028669617600016 ], [ -98.749077846389, 20.028661546573968 ], [ -98.749082174025006, 20.028653480565023 ], [ -98.749086512138007, 20.028645419583011 ], [ -98.749090860720003, 20.028637363642989 ], [ -98.749095219764996, 20.028629312755001 ], [ -98.749099589267999, 20.028621266931999 ], [ -98.749103969220002, 20.028613226187005 ], [ -98.749108359614993, 20.028605190530008 ], [ -98.749112760448, 20.028597159975003 ], [ -98.749117171711006, 20.028589134533007 ], [ -98.749121593397007, 20.028581114215985 ], [ -98.749126025500004, 20.028573099036947 ], [ -98.749130468013007, 20.028565089008023 ], [ -98.749134920930004, 20.028557084140989 ], [ -98.749139384244003, 20.028549084446965 ], [ -98.749143857947004, 20.028541089939008 ], [ -98.749148342034005, 20.028533100629026 ], [ -98.749152836497998, 20.028525116528979 ], [ -98.749157341330999, 20.028517137652003 ], [ -98.749161856526996, 20.02850916400801 ], [ -98.749166382078997, 20.028501195609998 ], [ -98.749170917981004, 20.028493232470005 ], [ -98.749175464225004, 20.028485274600989 ], [ -98.749180020804999, 20.028477322013046 ], [ -98.749184587713003, 20.028469374719997 ], [ -98.749189164943004, 20.028461432732023 ], [ -98.749193752489006, 20.028453496063008 ], [ -98.749198350341999, 20.028445564722997 ], [ -98.749202958496994, 20.028437638725997 ], [ -98.749207576944997, 20.028429718083 ], [ -98.749212205681005, 20.028421802804981 ], [ -98.749216844697003, 20.028413892904986 ], [ -98.749221493986994, 20.028405988395011 ], [ -98.749226153541997, 20.028398089285993 ], [ -98.749230823356996, 20.028390195591005 ], [ -98.749235503424003, 20.028382307322023 ], [ -98.749240193735005, 20.028374424489996 ], [ -98.749244894284999, 20.028366547107002 ], [ -98.749249605065998, 20.028358675184961 ], [ -98.749254326071011, 20.028350808736008 ], [ -98.749259057291994, 20.028342947772 ], [ -98.749263798723007, 20.028335092304999 ], [ -98.749268550356007, 20.028327242345974 ], [ -98.749273312184997, 20.028319397907012 ], [ -98.749278084202004, 20.028311559001033 ], [ -98.749282866399, 20.028303725638988 ], [ -98.749287658770001, 20.028295897831985 ], [ -98.749292461308002, 20.02828807559397 ], [ -98.749297274003993, 20.028280258933965 ], [ -98.749302096853015, 20.028272447866016 ], [ -98.749306929846, 20.028264642400973 ], [ -98.749311772976995, 20.028256842549986 ], [ -98.749316626238013, 20.028249048326014 ], [ -98.749321489620996, 20.028241259741023 ], [ -98.749326363120005, 20.028233476805013 ], [ -98.74933124672701, 20.028225699530985 ], [ -98.749336140435005, 20.028217927930996 ], [ -98.749341044236019, 20.028210162016016 ], [ -98.749345958122007, 20.028202401797007 ], [ -98.749350882087995, 20.028194647287961 ], [ -98.749355816123995, 20.028186898498003 ], [ -98.749360760223993, 20.028179155440991 ], [ -98.749365714381, 20.028171418127009 ], [ -98.749370678586004, 20.028163686568014 ], [ -98.749375652832001, 20.028155960777017 ], [ -98.749380637111997, 20.028148240764029 ], [ -98.749385631417994, 20.028140526541023 ], [ -98.749390635742003, 20.028132818120028 ], [ -98.749395650078, 20.028125115513017 ], [ -98.749400674417998, 20.028117418731007 ], [ -98.749405708753002, 20.028109727786006 ], [ -98.749410753077001, 20.028102042689014 ], [ -98.749415807381993, 20.028094363451995 ], [ -98.749420871660007, 20.028086690085974 ], [ -98.749425945902999, 20.028079022604018 ], [ -98.749431030104006, 20.028071361015989 ], [ -98.749436124256007, 20.028063705334027 ], [ -98.749441228349994, 20.028056055569984 ], [ -98.749446342377993, 20.028048411735011 ], [ -98.749451466333994, 20.028040773840999 ], [ -98.749456600209996, 20.028033141900011 ], [ -98.749461743995994, 20.028025515922007 ], [ -98.749466897687014, 20.028017895919024 ], [ -98.749472061274005, 20.028010281904017 ], [ -98.749477234749008, 20.028002673885965 ], [ -98.749482418105003, 20.027995071878024 ], [ -98.749487611334004, 20.027987475892015 ], [ -98.749492814427015, 20.027979885937995 ], [ -98.749498027377996, 20.027972302027997 ], [ -98.749503250177, 20.027964724173998 ], [ -98.749508482818001, 20.027957152387 ], [ -98.749513725292005, 20.027949586678002 ], [ -98.749518977592004, 20.027942027058995 ], [ -98.749524239709999, 20.027934473540991 ], [ -98.749529511637007, 20.027926926135986 ], [ -98.749534793365001, 20.027919384854993 ], [ -98.749540084887997, 20.02791184970901 ], [ -98.749545386196019, 20.027904320708984 ], [ -98.749550697282004, 20.027896797868006 ], [ -98.749556018137994, 20.027889281196003 ], [ -98.749561348754995, 20.027881770704994 ], [ -98.749566689125999, 20.027874266405998 ], [ -98.749572039243006, 20.027866768310016 ], [ -98.749577399097006, 20.027859276428991 ], [ -98.749582768680995, 20.027851790774012 ], [ -98.749588147986003, 20.027844311355995 ], [ -98.749593537004003, 20.027836838187003 ], [ -98.749598935728002, 20.02782937127802 ], [ -98.749604344147997, 20.027821910639005 ], [ -98.749609762258004, 20.027814456282982 ], [ -98.749615190048004, 20.027807008220002 ], [ -98.749620627510012, 20.027799566462019 ], [ -98.749626074637007, 20.027792131021002 ], [ -98.749631531419993, 20.027784701906 ], [ -98.749636997850999, 20.027777279130003 ], [ -98.749642473921, 20.027769862703011 ], [ -98.749647959623005, 20.027762452636967 ], [ -98.749653454948003, 20.027755048942993 ], [ -98.749658959887, 20.027747651632001 ], [ -98.749664474433004, 20.027740260716016 ], [ -98.749669998577005, 20.027732876205004 ], [ -98.749675419669003, 20.027725647824973 ], [ -98.749680849680004, 20.027718425428017 ], [ -98.749686288602007, 20.02771120902398 ], [ -98.749691736426996, 20.027703998621003 ], [ -98.749697193149004, 20.027696794229016 ], [ -98.749702658760995, 20.027689595858991 ], [ -98.749708133252994, 20.027682403521016 ], [ -98.749713616619999, 20.027675217223013 ], [ -98.749719108853995, 20.027668036977026 ], [ -98.749724609946, 20.027660862790992 ], [ -98.749730119890998, 20.027653694674978 ], [ -98.749735638678999, 20.027646532640027 ], [ -98.749741166304005, 20.02763937669501 ], [ -98.749746702758998, 20.027632226848986 ], [ -98.749752262168016, 20.027625063737002 ], [ -98.749757829236998, 20.027617905941025 ], [ -98.749763403960998, 20.027610753469002 ], [ -98.749768986332995, 20.027603606327002 ], [ -98.749774576348003, 20.027596464524038 ], [ -98.749780174, 20.027589328065982 ], [ -98.749785779283002, 20.027582196959997 ], [ -98.749791392191995, 20.027575071215004 ], [ -98.749797012721018, 20.027567950835994 ], [ -98.749802640864004, 20.027560835832997 ], [ -98.749808276615994, 20.027553726211035 ], [ -98.749813919969995, 20.027546621977983 ], [ -98.749819570921005, 20.027539523141986 ], [ -98.749825229462999, 20.027532429709005 ], [ -98.749830895591018, 20.027525341686999 ], [ -98.749836471208994, 20.02751838084599 ], [ -98.749842053576003, 20.027511424839002 ], [ -98.749847642686007, 20.027504473671002 ], [ -98.749853238534996, 20.027497527347997 ], [ -98.749858841119007, 20.027490585875004 ], [ -98.749864450432, 20.027483649259999 ], [ -98.749870066471004, 20.027476717506008 ], [ -98.749875689229, 20.027469790620998 ], [ -98.749881318703004, 20.027462868610002 ], [ -98.749886954888012, 20.027455951477997 ], [ -98.749892597778995, 20.027449039232966 ], [ -98.749898247370993, 20.027442131878018 ], [ -98.749903903659998, 20.027435229422 ], [ -98.749909566640994, 20.027428331868023 ], [ -98.749915372594998, 20.027421272527022 ], [ -98.749921184355998, 20.027414217455988 ], [ -98.749927001920994, 20.027407166659039 ], [ -98.749932825285995, 20.027400120140015 ], [ -98.749938654448002, 20.027393077903994 ], [ -98.749944489403006, 20.027386039955019 ], [ -98.749950330147001, 20.027379006297011 ], [ -98.749956176677998, 20.027371976934024 ], [ -98.749962028989998, 20.027364951871974 ], [ -98.749967887081993, 20.027357931112991 ], [ -98.749973750948996, 20.027350914661998 ], [ -98.749979620587993, 20.027343902523018 ], [ -98.749985495995006, 20.027336894700976 ], [ -98.749991377167007, 20.02732989120101 ], [ -98.749997264100003, 20.027322892025008 ], [ -98.750003314113002, 20.027315709989995 ], [ -98.750009369579999, 20.02730853206198 ], [ -98.750015430497001, 20.027301358243996 ], [ -98.750021496862018, 20.02729418854101 ], [ -98.750027568670006, 20.027287022956003 ], [ -98.750033645919999, 20.027279861492016 ], [ -98.750039728608016, 20.027272704153997 ], [ -98.750045816731003, 20.027265550944019 ], [ -98.750051910286004, 20.027258401867986 ], [ -98.750058009268997, 20.027251256928 ], [ -98.750064113677993, 20.02724411612699 ], [ -98.750070223508999, 20.027236979471006 ], [ -98.750076338759001, 20.027229846961994 ], [ -98.750082185389005, 20.027223036422992 ], [ -98.750088035811999, 20.027216228794014 ], [ -98.750093890025994, 20.027209424077022 ], [ -98.75009974802802, 20.027202622273023 ], [ -98.750105609818007, 20.027195823384048 ], [ -98.750100556646004, 20.027191886705999 ], [ -98.754520272923997, 20.022270124760997 ], [ -98.754484386981005, 20.022241397240993 ], [ -98.754795967918, 20.021894240121998 ], [ -98.754801990125998, 20.021887530060017 ], [ -98.754808012102004, 20.02188081981204 ], [ -98.754814033846998, 20.021874109379993 ], [ -98.754820055362003, 20.021867398762005 ], [ -98.754826076645003, 20.02186068795999 ], [ -98.754832097697005, 20.021853976971961 ], [ -98.754838118517995, 20.021847265799 ], [ -98.754844139107007, 20.021840554442026 ], [ -98.754850159466002, 20.021833842898989 ], [ -98.754856179594, 20.021827131171033 ], [ -98.754862199490006, 20.021820419258017 ], [ -98.754868219155, 20.021813707160959 ], [ -98.754874238589011, 20.021806994878016 ], [ -98.754880745926016, 20.021799737258014 ], [ -98.754887252182996, 20.021792478771967 ], [ -98.754893757356996, 20.021785219420018 ], [ -98.754900261450004, 20.021777959203 ], [ -98.754906764460998, 20.02177069812101 ], [ -98.754913266391, 20.021763436172961 ], [ -98.754919173046005, 20.021756837112004 ], [ -98.754925078629, 20.021750237193007 ], [ -98.75493098314, 20.021743636417018 ], [ -98.754936886576999, 20.021737034785012 ], [ -98.754942788942003, 20.021730432295001 ], [ -98.754948690234002, 20.021723828948993 ], [ -98.754954590452002, 20.021717224746009 ], [ -98.754960489596996, 20.021710619687035 ], [ -98.754966387669, 20.021704013771995 ], [ -98.754972284665996, 20.021697407000996 ], [ -98.754978180590001, 20.021690799373008 ], [ -98.754984652792999, 20.02168354283101 ], [ -98.754991122969003, 20.021676284674012 ], [ -98.754997591117004, 20.021669024904028 ], [ -98.755004057238011, 20.021661763520012 ], [ -98.755010521330007, 20.021654500524004 ], [ -98.755016983394, 20.021647235915047 ], [ -98.755023443428001, 20.021639969695013 ], [ -98.755029901434, 20.02163270186298 ], [ -98.755036093860994, 20.021625728951015 ], [ -98.755042284108001, 20.021618754310012 ], [ -98.755048472173002, 20.021611777939015 ], [ -98.755054658055002, 20.021604799840024 ], [ -98.755060841754997, 20.021597820012985 ], [ -98.755067023270996, 20.021590838459016 ], [ -98.755073202603, 20.021583855176981 ], [ -98.755079379750001, 20.021576870170005 ], [ -98.755085554713006, 20.021569883436975 ], [ -98.755091727489003, 20.021562894979972 ], [ -98.755097715613999, 20.021556110950002 ], [ -98.755103701043012, 20.021549324795991 ], [ -98.755109683776993, 20.021542536520002 ], [ -98.755115663813996, 20.021535746121003 ], [ -98.755121641154005, 20.021528953602036 ], [ -98.755127615795999, 20.021522158961986 ], [ -98.755133587738996, 20.021515362204003 ], [ -98.755139556982002, 20.021508563326986 ], [ -98.755145523525002, 20.021501762332971 ], [ -98.755151542793001, 20.021494895666986 ], [ -98.755157558994, 20.021488026598984 ], [ -98.755163572124005, 20.021481155130981 ], [ -98.755169582183996, 20.021474281264005 ], [ -98.755175589171998, 20.021467404997995 ], [ -98.755181593087002, 20.021460526336007 ], [ -98.755187593928, 20.021453645278008 ], [ -98.755193591695004, 20.021446761826013 ], [ -98.755199586385004, 20.021439875980988 ], [ -98.755205577997998, 20.021432987743999 ], [ -98.755211615809003, 20.021426039753017 ], [ -98.755217649824999, 20.021419088817986 ], [ -98.755223680045006, 20.021412134939979 ], [ -98.755229706465997, 20.021405178122002 ], [ -98.755235729088, 20.021398218364983 ], [ -98.755241747908002, 20.021391255671993 ], [ -98.755247762926018, 20.021384290043049 ], [ -98.755253774139007, 20.021377321481985 ], [ -98.755259781545007, 20.021370349989002 ], [ -98.755265659743998, 20.021363521015996 ], [ -98.755271533976, 20.02135668899502 ], [ -98.755277404238001, 20.021349853926985 ], [ -98.75528327052902, 20.02134301581399 ], [ -98.755289132848006, 20.021336174659002 ], [ -98.755294991192997, 20.021329330463022 ], [ -98.755300845562004, 20.021322483228996 ], [ -98.755306695952996, 20.021315632959016 ], [ -98.755312542363995, 20.021308779655023 ], [ -98.755318384793995, 20.021301923317978 ], [ -98.755324397340999, 20.021294858626018 ], [ -98.755330404977997, 20.021287790202987 ], [ -98.755336407700995, 20.02128071805101 ], [ -98.755342405508003, 20.021273642175004 ], [ -98.755348398395995, 20.021266562576983 ], [ -98.755354386362001, 20.021259479260024 ], [ -98.755360369404997, 20.021252392227044 ], [ -98.755366347519995, 20.021245301482004 ], [ -98.755372320706996, 20.021238207026013 ], [ -98.755378279194005, 20.021231120335987 ], [ -98.755384232604001, 20.021224029835007 ], [ -98.755390180934995, 20.021216935526969 ], [ -98.755396124184017, 20.021209837415981 ], [ -98.755402062347002, 20.021202735504044 ], [ -98.755407995423994, 20.021195629794995 ], [ -98.755413923410003, 20.021188520290988 ], [ -98.755419846302999, 20.021181406998007 ], [ -98.755425764101005, 20.021174289915976 ], [ -98.755431676800001, 20.021167169050997 ], [ -98.755437584397995, 20.021160044403988 ], [ -98.755443486892005, 20.021152915980004 ], [ -98.755449384279999, 20.021145783781005 ], [ -98.755455276557996, 20.021138647811 ], [ -98.755461163725002, 20.021131508073989 ], [ -98.755467045776001, 20.021124364572028 ], [ -98.755472922710993, 20.021117217307999 ], [ -98.755478794525999, 20.021110066286003 ], [ -98.75548466121802, 20.021102911509985 ], [ -98.755490522784001, 20.021095752981996 ], [ -98.755496379223004, 20.021088590706029 ], [ -98.755502230530993, 20.021081424685004 ], [ -98.755508076704999, 20.02107425492202 ], [ -98.755513917743002, 20.021067081421005 ], [ -98.755519753643, 20.021059904185027 ], [ -98.755525584400999, 20.021052723216997 ], [ -98.755531410014996, 20.021045538520038 ], [ -98.75553723048202, 20.021038350099005 ], [ -98.755543045799001, 20.021031157955001 ], [ -98.755548855965003, 20.021023962092965 ], [ -98.755554660976003, 20.021016762514996 ], [ -98.755560460829003, 20.021009559225021 ], [ -98.755566255521998, 20.021002352226983 ], [ -98.755572045053, 20.020995141522985 ], [ -98.755577829418002, 20.020987927117012 ], [ -98.755583608614998, 20.020980709013003 ], [ -98.755589382642, 20.020973487212004 ], [ -98.755595151495001, 20.02096626172003 ], [ -98.755600915171996, 20.020959032537981 ], [ -98.755606673670002, 20.020951799672023 ], [ -98.755612426987, 20.020944563122004 ], [ -98.755618175121, 20.020937322894003 ], [ -98.755623918067002, 20.020930078989991 ], [ -98.755629655825004, 20.020922831413998 ], [ -98.755635388390999, 20.020915580169 ], [ -98.755641115762003, 20.020908325257992 ], [ -98.755646837936993, 20.020901066685006 ], [ -98.755652554910995, 20.020893804453006 ], [ -98.755658266683994, 20.020886538565037 ], [ -98.755663973251998, 20.020879269025023 ], [ -98.755669674611994, 20.020871995835982 ], [ -98.755675370762006, 20.020864719000997 ], [ -98.755681061698994, 20.020857438522992 ], [ -98.755686747420995, 20.020850154407018 ], [ -98.755692427924998, 20.020842866654984 ], [ -98.755698103208005, 20.020835575269992 ], [ -98.755703773267996, 20.020828280257 ], [ -98.755709438103011, 20.02082098161798 ], [ -98.755715097709, 20.020813679356007 ], [ -98.755720752084017, 20.020806373476013 ], [ -98.755726401225999, 20.020799063980007 ], [ -98.755732045132007, 20.020791750870984 ], [ -98.755737683799012, 20.020784434154013 ], [ -98.755743317224997, 20.020777113830992 ], [ -98.755748945407007, 20.020769789905984 ], [ -98.755754568341999, 20.020762462382017 ], [ -98.755760186028994, 20.020755131261993 ], [ -98.755765798463997, 20.020747796550008 ], [ -98.755771405643998, 20.020740458250017 ], [ -98.755777007568, 20.020733116364006 ], [ -98.755782604233005, 20.020725770896014 ], [ -98.755788195636015, 20.020718421848972 ], [ -98.755793781775012, 20.020711069226998 ], [ -98.755799362646002, 20.020703713032997 ], [ -98.755804938248005, 20.020696353270043 ], [ -98.755810508577994, 20.020688989942002 ], [ -98.755816073633994, 20.02068162305202 ], [ -98.755821633411998, 20.020674252603992 ], [ -98.75582718791, 20.020666878599997 ], [ -98.755832737126994, 20.020659501044999 ], [ -98.755838281058004, 20.020652119941982 ], [ -98.755843819701994, 20.020644735293008 ], [ -98.755849353056007, 20.020637347103012 ], [ -98.755854881117997, 20.020629955375011 ], [ -98.755860403884995, 20.020622560111992 ], [ -98.755865921354015, 20.020615161317004 ], [ -98.755871433524007, 20.02060775899497 ], [ -98.755876940391005, 20.020600353148012 ], [ -98.755882441951996, 20.020592943778993 ], [ -98.755887938206996, 20.020585530893005 ], [ -98.755893429151001, 20.020578114491965 ], [ -98.755898914781994, 20.020570694581018 ], [ -98.755904395098995, 20.020563271160999 ], [ -98.755909870097994, 20.020555844237016 ], [ -98.755915339775996, 20.020548413813014 ], [ -98.755920804132003, 20.02054097989102 ], [ -98.755926263163019, 20.020533542474968 ], [ -98.755931716866996, 20.020526101568006 ], [ -98.755937165239999, 20.02051865717397 ], [ -98.755942608279994, 20.020511209295954 ], [ -98.755948045986003, 20.020503757937963 ], [ -98.755953478353007, 20.020496303102988 ], [ -98.755958905380993, 20.020488844793963 ], [ -98.755964327065996, 20.020481383014967 ], [ -98.755969743405998, 20.02047391776901 ], [ -98.755975154398001, 20.020466449059995 ], [ -98.755980560040996, 20.020458976891014 ], [ -98.755985960331017, 20.020451501265974 ], [ -98.755991355266005, 20.020444022186975 ], [ -98.755996744843003, 20.020436539658977 ], [ -98.756002129061002, 20.02042905368501 ], [ -98.756007507915996, 20.020421564268005 ], [ -98.756012881405994, 20.020414071410979 ], [ -98.756018249529006, 20.020406575118962 ], [ -98.756023612281993, 20.020399075393986 ], [ -98.756028969663006, 20.020391572240012 ], [ -98.756034321670001, 20.020384065660998 ], [ -98.756039668298996, 20.020376555659009 ], [ -98.756045009548998, 20.020369042238972 ], [ -98.756050345416, 20.020361525403988 ], [ -98.756055675899006, 20.020354005156019 ], [ -98.756061000995004, 20.020346481499995 ], [ -98.756066320702004, 20.020338954439996 ], [ -98.756071635016994, 20.020331423977023 ], [ -98.756076943937998, 20.020323890116991 ], [ -98.756082247462004, 20.020316352861986 ], [ -98.756087545588002, 20.020308812215998 ], [ -98.756092838311005, 20.020301268183001 ], [ -98.756098125630999, 20.020293720765 ], [ -98.756103407544003, 20.02028616996601 ], [ -98.756108684048996, 20.020278615789969 ], [ -98.756113955141998, 20.020271058240031 ], [ -98.756119220822001, 20.020263497320006 ], [ -98.756124481084996, 20.020255933032995 ], [ -98.756129735930998, 20.020248365382017 ], [ -98.756134985355004, 20.020240794371979 ], [ -98.756140229357001, 20.020233220003998 ], [ -98.756145467932015, 20.020225642283993 ], [ -98.756150701080003, 20.020218061214965 ], [ -98.756155928797, 20.020210476799001 ], [ -98.756161151081002, 20.020202889039975 ], [ -98.756166367930007, 20.020195297943022 ], [ -98.756171579341995, 20.02018770350902 ], [ -98.756176785313002, 20.020180105744014 ], [ -98.756181985842005, 20.020172504650013 ], [ -98.756187180927, 20.020164900229993 ], [ -98.756192370563994, 20.02015729248901 ], [ -98.756197554750997, 20.020149681429992 ], [ -98.756202733487001, 20.020142067054998 ], [ -98.756207906769006, 20.020134449370001 ], [ -98.756213074594015, 20.020126828375982 ], [ -98.756218236959, 20.020119204078995 ], [ -98.756223393864005, 20.020111576479998 ], [ -98.756228545305007, 20.020103945585021 ], [ -98.756233691278993, 20.020096311395005 ], [ -98.756238831786007, 20.020088673915009 ], [ -98.756243966821017, 20.020081033148013 ], [ -98.756249096383002, 20.020073389098037 ], [ -98.756254220469998, 20.020065741768981 ], [ -98.756259339078994, 20.020058091162021 ], [ -98.756264452208015, 20.020050437283004 ], [ -98.756269559854005, 20.020042780135018 ], [ -98.756274662015997, 20.020035119720983 ], [ -98.756279758689999, 20.020027456044005 ], [ -98.756284849874007, 20.020019789109007 ], [ -98.756264583348994, 20.020007775777003 ], [ -98.756269670419002, 20.020000103941985 ], [ -98.756274751982005, 20.019992428847981 ], [ -98.756279828035005, 20.01998475049697 ], [ -98.756284898575998, 20.019977068894036 ], [ -98.756289963604004, 20.019969384042021 ], [ -98.756295023115001, 20.019961695945007 ], [ -98.756300077106999, 20.019954004605996 ], [ -98.75630512557801, 20.019946310028004 ], [ -98.756310168526014, 20.019938612215988 ], [ -98.756315205947004, 20.019930911172011 ], [ -98.756320237840995, 20.019923206901016 ], [ -98.756325264205003, 20.019915499405045 ], [ -98.756330285036, 20.019907788688997 ], [ -98.756335300331003, 20.019900074756006 ], [ -98.756340310089996, 20.01989235760902 ], [ -98.756345314309002, 20.019884637252019 ], [ -98.756350312986001, 20.019876913689021 ], [ -98.756355306119005, 20.019869186923032 ], [ -98.756360293705001, 20.019861456956988 ], [ -98.756365275742994, 20.019853723796007 ], [ -98.756370252229004, 20.019845987441986 ], [ -98.756375223161996, 20.019838247899994 ], [ -98.756380188538998, 20.019830505173037 ], [ -98.756385148359001, 20.019822759264013 ], [ -98.756390102617999, 20.019815010177005 ], [ -98.756395051314996, 20.019807257916 ], [ -98.756399994446994, 20.019799502483977 ], [ -98.756404932012003, 20.019791743885012 ], [ -98.756409864006997, 20.019783982122004 ], [ -98.756414790430995, 20.019776217199006 ], [ -98.756419711282007, 20.019768449119013 ], [ -98.756424626555997, 20.019760677885994 ], [ -98.756429536251005, 20.019752903503985 ], [ -98.756434440365993, 20.019745125975984 ], [ -98.756439338898005, 20.019737345306009 ], [ -98.756444231844995, 20.019729561497002 ], [ -98.756449119205001, 20.019721774552995 ], [ -98.756454000974998, 20.019713984478017 ], [ -98.756458877152994, 20.019706191273983 ], [ -98.756463747737001, 20.019698394945998 ], [ -98.756468612724007, 20.019690595498005 ], [ -98.756473472113001, 20.019682792931984 ], [ -98.756478325901, 20.019674987253012 ], [ -98.756483174086014, 20.019667178464019 ], [ -98.756488016665998, 20.019659366568035 ], [ -98.756492853637994, 20.019651551570014 ], [ -98.756497685, 20.019643733471987 ], [ -98.756502510751005, 20.019635912279025 ], [ -98.756507330887004, 20.019628087994008 ], [ -98.756512145407001, 20.019620260619995 ], [ -98.756516954307997, 20.019612430161988 ], [ -98.756521757588004, 20.019604596621988 ], [ -98.756526555245003, 20.01959676000498 ], [ -98.756531347277004, 20.019588920314007 ], [ -98.756536133682005, 20.019581077551997 ], [ -98.756540914457005, 20.019573231724003 ], [ -98.756545689600003, 20.01956538283201 ], [ -98.756550459107999, 20.019557530881006 ], [ -98.756555222981007, 20.019549675874 ], [ -98.756559981215005, 20.019541817815036 ], [ -98.756564733809, 20.019533956706994 ], [ -98.756569480760007, 20.019526092554017 ], [ -98.756574222064998, 20.019518225359004 ], [ -98.756578957724003, 20.019510355127011 ], [ -98.756583687732999, 20.019502481859998 ], [ -98.756588412091006, 20.019494605563011 ], [ -98.756593130794997, 20.019486726237993 ], [ -98.756597843842997, 20.019478843891005 ], [ -98.756602551233001, 20.019470958523044 ], [ -98.756607252962993, 20.019463070139977 ], [ -98.756611949030017, 20.019455178744003 ], [ -98.756616639433005, 20.019447284339005 ], [ -98.756621324169004, 20.019439386928994 ], [ -98.756626003235993, 20.019431486517007 ], [ -98.756630676632994, 20.019423583107976 ], [ -98.756635344355999, 20.019415676703996 ], [ -98.756640006403998, 20.019407767309023 ], [ -98.756644662773994, 20.019399854928039 ], [ -98.756649313465005, 20.019391939563008 ], [ -98.756653958474004, 20.019384021217981 ], [ -98.756658597799998, 20.019376099896974 ], [ -98.756663231439006, 20.019368175604011 ], [ -98.756667859390006, 20.019360248340988 ], [ -98.756672481650995, 20.019352318113974 ], [ -98.756677098219996, 20.019344384925024 ], [ -98.756681709093996, 20.019336448779022 ], [ -98.756686314270993, 20.019328509678004 ], [ -98.756690913750006, 20.019320567626 ], [ -98.756695507527994, 20.019312622627982 ], [ -98.756700095603009, 20.019304674685959 ], [ -98.756704677971996, 20.019296723805041 ], [ -98.756709254634998, 20.019288769987039 ], [ -98.756713825587994, 20.019280813238009 ], [ -98.756718390830002, 20.019272853559983 ], [ -98.756722950359006, 20.019264890956997 ], [ -98.756727504170996, 20.019256925431979 ], [ -98.756732052266997, 20.019248956990005 ], [ -98.756736594642007, 20.019240985633996 ], [ -98.756741131295996, 20.019233011367998 ], [ -98.756745662225001, 20.019225034194982 ], [ -98.756750187429006, 20.019217054119032 ], [ -98.756754706904005, 20.019209071143994 ], [ -98.756759220649002, 20.019201085272957 ], [ -98.756763728661994, 20.019193096510996 ], [ -98.756768230941006, 20.019185104859993 ], [ -98.75677272748301, 20.019177110324005 ], [ -98.756777218286999, 20.019169112908006 ], [ -98.756781703350015, 20.019161112614007 ], [ -98.756786182671007, 20.019153109447 ], [ -98.756790656247006, 20.019145103410008 ], [ -98.756795124076007, 20.019137094505986 ], [ -98.756799586156006, 20.019129082740015 ], [ -98.756804042485996, 20.019121068116014 ], [ -98.756808493061996, 20.019113050635987 ], [ -98.756812937884007, 20.019105030304985 ], [ -98.756817376949016, 20.019097007125975 ], [ -98.756821810255005, 20.019088981103014 ], [ -98.756826237799004, 20.019080952240007 ], [ -98.756830659580999, 20.019072920539998 ], [ -98.756835075598019, 20.019064886007001 ], [ -98.756839485846996, 20.019056848644972 ], [ -98.756843890327005, 20.019048808457008 ], [ -98.756848289036, 20.019040765446995 ], [ -98.756852681972006, 20.019032719619016 ], [ -98.756857069131996, 20.019024670976997 ], [ -98.756861450515004, 20.019016619523985 ], [ -98.756865826118997, 20.019008565262975 ], [ -98.756870195942014, 20.019000508200005 ], [ -98.756874559981, 20.018992448336988 ], [ -98.756878918235003, 20.018984385678014 ], [ -98.756883270702005, 20.018976320225981 ], [ -98.756887617378993, 20.018968251986021 ], [ -98.756891958265001, 20.018960180961997 ], [ -98.756896293357997, 20.018952107156011 ], [ -98.756900622654996, 20.018944030571987 ], [ -98.756904946155004, 20.018935951216015 ], [ -98.756909263856002, 20.018927869088994 ], [ -98.756913575756002, 20.018919784195973 ], [ -98.756917881852004, 20.018911696539998 ], [ -98.756922182143001, 20.018903606125988 ], [ -98.756926476627001, 20.018895512956021 ], [ -98.756930765302002, 20.018887417034964 ], [ -98.756935048165005, 20.018879318366981 ], [ -98.756939325215015, 20.018871216955002 ], [ -98.756943596450995, 20.018863112801967 ], [ -98.756947861868994, 20.018855005913004 ], [ -98.756952121468004, 20.018846896291983 ], [ -98.756956375246006, 20.018838783940989 ], [ -98.756960623200996, 20.018830668864982 ], [ -98.756964865331994, 20.018822551067991 ], [ -98.756969101634994, 20.018814430552982 ], [ -98.756973332110007, 20.018806307323995 ], [ -98.756977556753995, 20.018798181384021 ], [ -98.756981775564995, 20.018790052738009 ], [ -98.756985988542013, 20.018781921388999 ], [ -98.756990195681993, 20.018773787341015 ], [ -98.756994396983998, 20.018765650597985 ], [ -98.756998592445001, 20.018757511162988 ], [ -98.757002782064006, 20.018749369039977 ], [ -98.757006965838002, 20.018741224232997 ], [ -98.757011143767002, 20.018733076746024 ], [ -98.757015315846999, 20.018724926581999 ], [ -98.757019482076998, 20.018716773746011 ], [ -98.757023642454996, 20.018708618240005 ], [ -98.757027796979003, 20.018700460068999 ], [ -98.757031945647995, 20.018692299236037 ], [ -98.757036088459017, 20.018684135745005 ], [ -98.757040225409995, 20.018675969601002 ], [ -98.757044356500003, 20.01866780080503 ], [ -98.757048481726002, 20.018659629364038 ], [ -98.757052601086997, 20.018651455279002 ], [ -98.757056714580997, 20.018643278556002 ], [ -98.757060822206, 20.018635099197009 ], [ -98.757064923960002, 20.018626917206998 ], [ -98.757069019840998, 20.018618732589008 ], [ -98.757073109846999, 20.018610545347002 ], [ -98.757077193976002, 20.01860235548401 ], [ -98.757081272226998, 20.018594163006014 ], [ -98.757085344597996, 20.018585967913992 ], [ -98.757089411086994, 20.018577770214023 ], [ -98.757093471690993, 20.018569569908024 ], [ -98.757097526408998, 20.018561367000991 ], [ -98.75710157524, 20.018553161497007 ], [ -98.757105618180006, 20.018544953398003 ], [ -98.757109655229996, 20.018536742710019 ], [ -98.757113686384997, 20.018528529434967 ], [ -98.757117711646003, 20.018520313577998 ], [ -98.757121731008993, 20.018512095142 ], [ -98.757125744473996, 20.018503874131035 ], [ -98.757129752037002, 20.018495650549017 ], [ -98.757133753698, 20.018487424399016 ], [ -98.757137749454003, 20.018479195687 ], [ -98.757141739304004, 20.018470964413975 ], [ -98.757145723245998, 20.018462730584993 ], [ -98.757149701277996, 20.018454494203958 ], [ -98.757153673397994, 20.018446255273993 ], [ -98.757157639604003, 20.018438013800008 ], [ -98.757161599894999, 20.018429769784998 ], [ -98.757165554267999, 20.018421523232998 ], [ -98.757169502723002, 20.01841327414801 ], [ -98.757173445256015, 20.018405022532974 ], [ -98.757177381866995, 20.018396768392957 ], [ -98.757181312553001, 20.018388511729999 ], [ -98.757185237312001, 20.018380252550003 ], [ -98.757189156143994, 20.018371990854991 ], [ -98.757193069045002, 20.018363726649987 ], [ -98.757196976014995, 20.018355459937993 ], [ -98.757200877051005, 20.018347190724018 ], [ -98.757204772151994, 20.018338919009995 ], [ -98.757208661315005, 20.01833064480099 ], [ -98.757212544539996, 20.018322368100041 ], [ -98.757216421823998, 20.018314088911993 ], [ -98.757220293165005, 20.018305807239962 ], [ -98.757224158562011, 20.018297523087988 ], [ -98.757228018013009, 20.018289236459989 ], [ -98.757231871515998, 20.018280947358996 ], [ -98.757235719069001, 20.018272655789996 ], [ -98.75723956067101, 20.018264361755978 ], [ -98.757243396320007, 20.018256065260999 ], [ -98.757247226014002, 20.018247766309038 ], [ -98.757251049751005, 20.018239464904006 ], [ -98.757254867529994, 20.018231161048995 ], [ -98.757258679348993, 20.018222854748011 ], [ -98.757262485205004, 20.018214546006025 ], [ -98.757266285098012, 20.018206234825005 ], [ -98.757270079026, 20.018197921211012 ], [ -98.757273866985997, 20.01818960516599 ], [ -98.757277648976995, 20.018181286693988 ], [ -98.757281424997998, 20.018172965800012 ], [ -98.757285195045995, 20.018164642485996 ], [ -98.757288959120004, 20.018156316758013 ], [ -98.757292717218007, 20.018147988618001 ], [ -98.757296469338996, 20.018139658070989 ], [ -98.757300215480001, 20.018131325121008 ], [ -98.757303955640012, 20.018122989769989 ], [ -98.757307689816997, 20.018114652023989 ], [ -98.757311418010005, 20.018106311886029 ], [ -98.757315140217003, 20.018097969358998 ], [ -98.757318856435006, 20.018089624448013 ], [ -98.757322566664996, 20.018081277156018 ], [ -98.757326270901999, 20.018072927487992 ], [ -98.757329969146994, 20.018064575447013 ], [ -98.757333660670994, 20.018056223132035 ], [ -98.757337346390997, 20.018047868527002 ], [ -98.757341026302996, 20.018039511636008 ], [ -98.757344700407003, 20.018031152462004 ], [ -98.757348368701997, 20.018022791008995 ], [ -98.757352031184993, 20.018014427281027 ], [ -98.757355687854997, 20.018006061279983 ], [ -98.757359338710003, 20.017997693011985 ], [ -98.757362983749005, 20.017989322479014 ], [ -98.757366518626, 20.017981190997975 ], [ -98.757370048780018, 20.01797305768601 ], [ -98.757373574210007, 20.017964922541999 ], [ -98.757377094915, 20.01795678557097 ], [ -98.757380610892994, 20.017948646775 ], [ -98.757384122144003, 20.017940506156005 ], [ -98.757387628667004, 20.017932363716014 ], [ -98.757391130459993, 20.017924219458031 ], [ -98.757394627522999, 20.017916073384967 ], [ -98.757398119854003, 20.017907925498001 ], [ -98.757401682326005, 20.017899601233015 ], [ -98.757405240252993, 20.017891275231019 ], [ -98.757408793631996, 20.017882947495021 ], [ -98.757412342463994, 20.017874618025989 ], [ -98.757415886746998, 20.01786628682801 ], [ -98.757419426480993, 20.017857953901999 ], [ -98.757422961665, 20.017849619250015 ], [ -98.757426492297, 20.017841282874972 ], [ -98.757430018375999, 20.017832944779006 ], [ -98.757433512166998, 20.017824671775024 ], [ -98.757437002261995, 20.017816397376997 ], [ -98.757440488659995, 20.017808121587993 ], [ -98.757443971360004, 20.017799844407019 ], [ -98.757447450361994, 20.017791565836994 ], [ -98.757450925664997, 20.017783285880018 ], [ -98.757454397269001, 20.017775004535956 ], [ -98.757457865172995, 20.017766721807998 ], [ -98.757461329376, 20.017758437696013 ], [ -98.757464789878, 20.017750152202996 ], [ -98.757468215329993, 20.017741941042019 ], [ -98.757471637520993, 20.017733728667 ], [ -98.757475056450005, 20.017725515079004 ], [ -98.757478472117995, 20.01771730027799 ], [ -98.757481884523017, 20.017709084265981 ], [ -98.757485293664999, 20.017700867043963 ], [ -98.757488699543003, 20.017692648612996 ], [ -98.757492102157997, 20.017684428974007 ], [ -98.757495501508004, 20.017676208129 ], [ -98.757499002059006, 20.017667734160046 ], [ -98.757502499959998, 20.017659259213001 ], [ -98.757505995211005, 20.017650783289007 ], [ -98.757509487809997, 20.017642306389014 ], [ -98.757512977759006, 20.017633828513027 ], [ -98.757516465055005, 20.017625349663014 ], [ -98.757519949699997, 20.017616869839006 ], [ -98.757523431693002, 20.017608389042007 ], [ -98.757526911032997, 20.017599907272004 ], [ -98.75753038772001, 20.017591424531023 ], [ -98.757534010070003, 20.017582579045001 ], [ -98.757537629948999, 20.01757373265502 ], [ -98.757541247358006, 20.017564885362997 ], [ -98.757544862296001, 20.017556037167996 ], [ -98.757548474762999, 20.017547188072001 ], [ -98.757552084759993, 20.017538338076001 ], [ -98.757555692284001, 20.017529487179015 ], [ -98.757559297336996, 20.017520635382013 ], [ -98.757562579551006, 20.01751257126001 ], [ -98.757565860455003, 20.017504506662018 ], [ -98.757569140048005, 20.017496441586978 ], [ -98.75757241833, 20.017488376035988 ], [ -98.757575695301995, 20.017480310009997 ], [ -98.757578970964019, 20.017472243508035 ], [ -98.757582245315007, 20.017464176531014 ], [ -98.757585518355, 20.017456109079006 ], [ -98.757588790084, 20.017448041151013 ], [ -98.757592060502006, 20.017439972748996 ], [ -98.757595329609003, 20.017431903872989 ], [ -98.757598926409997, 20.017423022263021 ], [ -98.757602521886994, 20.017414140174992 ], [ -98.757606116041998, 20.017405257607994 ], [ -98.757609708873005, 20.017396374562999 ], [ -98.757613300382005, 20.017387491041021 ], [ -98.757616890566993, 20.017378607039969 ], [ -98.757620211309018, 20.017370387645975 ], [ -98.757623531768999, 20.017362168148995 ], [ -98.757626851946, 20.01735394855098 ], [ -98.757630171838997, 20.017345728850994 ], [ -98.757633491451003, 20.01733750904798 ], [ -98.757636810779005, 20.017329289144005 ], [ -98.757640129825006, 20.017321069138003 ], [ -98.757643448587004, 20.017312849029008 ], [ -98.757646767067001, 20.017304628819019 ], [ -98.757650085264004, 20.017296408507015 ], [ -98.757653403179006, 20.017288188093005 ], [ -98.757656720810004, 20.017279967576989 ], [ -98.757660038159003, 20.017271746959008 ], [ -98.758285210556011, 20.015722434491998 ], [ -98.758288681449002, 20.015713833432038 ], [ -98.758292152804998, 20.015705232540007 ], [ -98.758295624623003, 20.015696631815022 ], [ -98.758299096903002, 20.015688031256019 ], [ -98.758302569646006, 20.015679430864001 ], [ -98.758306042851999, 20.015670830639998 ], [ -98.758309516520001, 20.015662230581988 ], [ -98.758312990651007, 20.015653630690984 ], [ -98.758316465243993, 20.015645030967047 ], [ -98.758319940299998, 20.015636431409991 ], [ -98.758323415817998, 20.015627832019984 ], [ -98.758326891799001, 20.015619232798024 ], [ -98.758330368242, 20.015610633742 ], [ -98.758333845148002, 20.015602034853998 ], [ -98.758337322515999, 20.015593436132022 ], [ -98.758340800346005, 20.015584837577979 ], [ -98.758344278639996, 20.015576239190995 ], [ -98.758347757395001, 20.015567640971017 ], [ -98.758351236612995, 20.015559042917999 ], [ -98.758354554072, 20.015550847613977 ], [ -98.758357873206009, 20.015542652914988 ], [ -98.758361194016004, 20.015534458823002 ], [ -98.758364516501999, 20.015526265338028 ], [ -98.758367840663993, 20.015518072460978 ], [ -98.758371166499998, 20.01550988018997 ], [ -98.758374494012003, 20.015501688528005 ], [ -98.758377823200007, 20.015493497473997 ], [ -98.758381154061993, 20.015485307028008 ], [ -98.758384486598999, 20.015477117190997 ], [ -98.758387963065999, 20.015468579184009 ], [ -98.758391441715005, 20.015460041970975 ], [ -98.758394922546003, 20.015451505552981 ], [ -98.758398405560001, 20.015442969930021 ], [ -98.758401890754996, 20.015434435102989 ], [ -98.758405378132011, 20.015425901071996 ], [ -98.758408867691003, 20.015417367838001 ], [ -98.758412359431006, 20.015408835400983 ], [ -98.75841585335202, 20.015400303762046 ], [ -98.758419349454002, 20.015391772920992 ], [ -98.758422847736, 20.015383242879004 ], [ -98.758426348198995, 20.01537471363697 ], [ -98.758429850843001, 20.015366185193955 ], [ -98.758433355666, 20.015357657550975 ], [ -98.758436862669001, 20.015349130709009 ], [ -98.758440371852004, 20.015340604667994 ], [ -98.758443840219996, 20.015332185435973 ], [ -98.758447311899005, 20.015323767422991 ], [ -98.758450786888005, 20.015315350631006 ], [ -98.758454265188007, 20.015306935060998 ], [ -98.758457746797006, 20.01529852071398 ], [ -98.758461231715998, 20.015290107590005 ], [ -98.758464719943021, 20.015281695691986 ], [ -98.758468211478004, 20.015273285020019 ], [ -98.758471706321998, 20.015264875575024 ], [ -98.758475204472006, 20.015256467359986 ], [ -98.758478705928994, 20.015248060374006 ], [ -98.758482210693003, 20.015239654618036 ], [ -98.758485718762003, 20.015231250095024 ], [ -98.758489147347021, 20.015223045550005 ], [ -98.758492579602006, 20.01521484237599 ], [ -98.758496015526021, 20.015206640574984 ], [ -98.758499455120003, 20.015198440146989 ], [ -98.758502898382005, 20.015190241096008 ], [ -98.758506345312, 20.015182043420985 ], [ -98.758509795910001, 20.015173847124988 ], [ -98.758513250174005, 20.015165652208996 ], [ -98.758516708103997, 20.015157458674015 ], [ -98.758520169700006, 20.015149266522016 ], [ -98.75852363496, 20.015141075755007 ], [ -98.758527103885001, 20.015132886373003 ], [ -98.758530576473007, 20.015124698378997 ], [ -98.758534052724997, 20.015116511774018 ], [ -98.758537532638002, 20.015108326558011 ], [ -98.758541016213002, 20.01510014273499 ], [ -98.758544514419995, 20.015091936095985 ], [ -98.758548017422015, 20.015083731285017 ], [ -98.758551525217996, 20.015075528305001 ], [ -98.758555037807, 20.015067327156999 ], [ -98.758558555188003, 20.015059127842981 ], [ -98.758562077359997, 20.01505093036802 ], [ -98.758565604321021, 20.015042734733029 ], [ -98.758569136071998, 20.015034540940015 ], [ -98.758572672610001, 20.015026348992002 ], [ -98.758576213934006, 20.015018158892019 ], [ -98.758579760044, 20.015009970643007 ], [ -98.758583310937993, 20.015001784245008 ], [ -98.758586866616, 20.014993599702994 ], [ -98.758590427076001, 20.014985417018991 ], [ -98.758594167892994, 20.014976834438976 ], [ -98.758597914559999, 20.01496825413901 ], [ -98.758601667077002, 20.01495967612302 ], [ -98.758605425439995, 20.014951100394011 ], [ -98.758609189650002, 20.014942526956013 ], [ -98.758612959703996, 20.014933955812978 ], [ -98.758616735600995, 20.014925386967956 ], [ -98.758620517338016, 20.014916820425018 ], [ -98.758624304916012, 20.01490825618701 ], [ -98.758628098331002, 20.014899694257991 ], [ -98.758631897583001, 20.01489113464099 ], [ -98.758635702668997, 20.014882577340043 ], [ -98.758639513589003, 20.014874022357969 ], [ -98.758643330341002, 20.014865469700013 ], [ -98.758647152921995, 20.014856919368004 ], [ -98.758650893459006, 20.014848568906004 ], [ -98.758654640705004, 20.014840221131994 ], [ -98.758658394657004, 20.014831876050025 ], [ -98.758662155313004, 20.014823533666021 ], [ -98.758665922671995, 20.01481519398401 ], [ -98.758669696729996, 20.01480685700804 ], [ -98.758673477485999, 20.014798522744996 ], [ -98.758677264938001, 20.014790191197005 ], [ -98.758681059083997, 20.014781862371034 ], [ -98.758684859919995, 20.014773536271981 ], [ -98.758688667445995, 20.014765212903018 ], [ -98.758692481658002, 20.014756892270018 ], [ -98.758696302554995, 20.014748574377013 ], [ -98.758700130134997, 20.014740259229999 ], [ -98.758704032888005, 20.014731799247034 ], [ -98.758707943138006, 20.014723342357978 ], [ -98.758711860882997, 20.014714888566996 ], [ -98.758715786118003, 20.014706437883014 ], [ -98.758719718842002, 20.014697990309038 ], [ -98.758723659051014, 20.014689545852011 ], [ -98.758727606744003, 20.01468110451799 ], [ -98.758731561917003, 20.014672666312993 ], [ -98.758735524567001, 20.014664231243007 ], [ -98.758739494691994, 20.014655799313992 ], [ -98.758743472288003, 20.014647370530987 ], [ -98.758747457354005, 20.014638944901012 ], [ -98.758751449886006, 20.014630522429002 ], [ -98.758755449880994, 20.014622103121965 ], [ -98.758759457337021, 20.014613686985008 ], [ -98.758763464123007, 20.01460529249999 ], [ -98.758767479490999, 20.014596901680981 ], [ -98.758771503438012, 20.014588514534058 ], [ -98.758775535959998, 20.014580131067003 ], [ -98.758779577054995, 20.014571751289026 ], [ -98.758783626717005, 20.014563375206965 ], [ -98.758787684943002, 20.014555002827979 ], [ -98.758791751729021, 20.014546634162013 ], [ -98.758795827070998, 20.014538269214992 ], [ -98.758799910966999, 20.014529907996003 ], [ -98.758804003411001, 20.014521550511013 ], [ -98.758808104400018, 20.014513196770007 ], [ -98.75881221393, 20.014504846779992 ], [ -98.758816331998005, 20.014496500547992 ], [ -98.758820380551001, 20.014488315986036 ], [ -98.758824437567995, 20.014480135169006 ], [ -98.758828503046999, 20.014471958104981 ], [ -98.758832576982996, 20.014463784803006 ], [ -98.758836659370999, 20.014455615269945 ], [ -98.758840750209004, 20.014447449513987 ], [ -98.758844849490998, 20.014439287541979 ], [ -98.758848957214994, 20.014431129363004 ], [ -98.758853073376997, 20.014422974984008 ], [ -98.758857197972006, 20.014414824413983 ], [ -98.758861330995998, 20.014406677658986 ], [ -98.758865472446004, 20.014398534727007 ], [ -98.758869622316993, 20.014390395627988 ], [ -98.758873780605995, 20.014382260367004 ], [ -98.758877947307994, 20.014374128952984 ], [ -98.758882122420005, 20.014366001395 ], [ -98.758886305938006, 20.014357877698018 ], [ -98.758890497856996, 20.014349757872015 ], [ -98.758894698174004, 20.014341641924975 ], [ -98.758898906884994, 20.014333529862007 ], [ -98.758903123984993, 20.014325421693997 ], [ -98.758907349469993, 20.014317317427032 ], [ -98.758911583338005, 20.014309217068998 ], [ -98.758915825581994, 20.01430112062798 ], [ -98.758920076199999, 20.014293028110991 ], [ -98.758924335187004, 20.014284939527002 ], [ -98.75892860254001, 20.014276854882006 ], [ -98.758932878254001, 20.014268774185989 ], [ -98.758937162324003, 20.014260697444978 ], [ -98.758941454747998, 20.014252624667037 ], [ -98.758945755520998, 20.014244555859978 ], [ -98.758950064638, 20.014236491032037 ], [ -98.758954382096007, 20.014228430190009 ], [ -98.758958707890997, 20.014220373342003 ], [ -98.758963042017996, 20.014212320496004 ], [ -98.758967384472996, 20.014204271660017 ], [ -98.758971735252004, 20.014196226840003 ], [ -98.758976094351993, 20.01418818604602 ], [ -98.758980461766996, 20.014180149283973 ], [ -98.758984837493003, 20.014172116562005 ], [ -98.758989221527003, 20.014164087887984 ], [ -98.758993613864021, 20.014156063270004 ], [ -98.758998014499994, 20.014148042714993 ], [ -98.759002423430999, 20.014140026230031 ], [ -98.759006840653015, 20.014132013825012 ], [ -98.759011266160002, 20.014124005506027 ], [ -98.759015699949998, 20.014116001280012 ], [ -98.759020142018002, 20.014108001156004 ], [ -98.759024592360007, 20.014100005142019 ], [ -98.75902905097, 20.014092013244014 ], [ -98.759033517846007, 20.014084025471 ], [ -98.759037992982996, 20.014076041829966 ], [ -98.759042476375996, 20.014068062328025 ], [ -98.759046968022005, 20.014060086974016 ], [ -98.759051467915995, 20.014052115775012 ], [ -98.759055976053006, 20.014044148739025 ], [ -98.759060492429001, 20.014036185872996 ], [ -98.759065017040996, 20.014028227184003 ], [ -98.759069549882994, 20.014020272681005 ], [ -98.759074090951998, 20.014012322372015 ], [ -98.759078640243004, 20.014004376262999 ], [ -98.759083197750996, 20.013996434362046 ], [ -98.759087763473005, 20.013988496676994 ], [ -98.759092337403999, 20.013980563215991 ], [ -98.759096919539004, 20.013972633985009 ], [ -98.759101509874, 20.013964708992997 ], [ -98.759106108406002, 20.013956788247988 ], [ -98.759110715128998, 20.013948871755986 ], [ -98.759115330038, 20.013940959525026 ], [ -98.759119953131005, 20.01393305156402 ], [ -98.759124584400993, 20.013925147879007 ], [ -98.759129223845008, 20.013917248477981 ], [ -98.759133871458999, 20.013909353367989 ], [ -98.759138527236999, 20.013901462558007 ], [ -98.759143191176008, 20.013893576053988 ], [ -98.759147863270996, 20.013885693863966 ], [ -98.759152543517004, 20.013877815996992 ], [ -98.759157231911018, 20.01386994245799 ], [ -98.759161928447, 20.013862073255996 ], [ -98.759166633120003, 20.013854208398982 ], [ -98.759171345927996, 20.013846347892997 ], [ -98.759176066864001, 20.013838491747002 ], [ -98.759180795925005, 20.013830639968017 ], [ -98.759185533106006, 20.01382279256298 ], [ -98.759190278402997, 20.013814949539988 ], [ -98.759195031809995, 20.013807110905994 ], [ -98.759199793324001, 20.013799276669005 ], [ -98.759204562939004, 20.013791446836013 ], [ -98.759209340652006, 20.013783621416035 ], [ -98.759214126456996, 20.013775800414031 ], [ -98.759218920351003, 20.013767983840026 ], [ -98.759223722328002, 20.013760171700003 ], [ -98.759228532384, 20.013752364001029 ], [ -98.759233350515004, 20.013744560751991 ], [ -98.759238176715002, 20.01373676195897 ], [ -98.759243010980001, 20.013728967631014 ], [ -98.759247853305993, 20.013721177774009 ], [ -98.759252703688006, 20.013713392396006 ], [ -98.759257562119998, 20.013705611504019 ], [ -98.759262428599996, 20.013697835106996 ], [ -98.759267303121007, 20.013690063211005 ], [ -98.759272185680004, 20.013682295822989 ], [ -98.759277076271005, 20.013674532952017 ], [ -98.759281974890001, 20.013666774604012 ], [ -98.759286881533001, 20.013659020788051 ], [ -98.75929179619402, 20.013651271510025 ], [ -98.759296718868995, 20.013643526776992 ], [ -98.759301649552995, 20.013635786598002 ], [ -98.759306588241003, 20.013628050980007 ], [ -98.759311534928997, 20.01362031993002 ], [ -98.759316489612019, 20.013612593454997 ], [ -98.759321452284993, 20.013604871562997 ], [ -98.759326422944, 20.013597154260989 ], [ -98.759331401582998, 20.013589441557006 ], [ -98.759336388199003, 20.013581733458011 ], [ -98.759341382784996, 20.013574029970972 ], [ -98.759346385339001, 20.013566331102954 ], [ -98.759351395853002, 20.01355863686301 ], [ -98.759356414324998, 20.013550947258004 ], [ -98.759361440747995, 20.013543262294018 ], [ -98.759366475118995, 20.013535581979006 ], [ -98.759371517432996, 20.013527906320981 ], [ -98.759376567683006, 20.013520235325998 ], [ -98.759381625866993, 20.013512569003034 ], [ -98.759386691979003, 20.013504907358044 ], [ -98.759391766012996, 20.013497250397997 ], [ -98.759396847966016, 20.013489598132022 ], [ -98.759401937833005, 20.013481950567002 ], [ -98.759407035608007, 20.013474307709004 ], [ -98.759412141286006, 20.013466669565993 ], [ -98.759417254862996, 20.013459036145015 ], [ -98.759422376334996, 20.013451407454003 ], [ -98.759427505695001, 20.013443783500993 ], [ -98.759432642939004, 20.013436164290972 ], [ -98.759437788062002, 20.013428549833016 ], [ -98.759442941060016, 20.013420940132985 ], [ -98.759448101927021, 20.013413335200017 ], [ -98.759453270658, 20.013405735040013 ], [ -98.759458447249017, 20.013398139660001 ], [ -98.759463631694004, 20.013390549069026 ], [ -98.759468823988996, 20.013382963271994 ], [ -98.759474024127996, 20.013375382278024 ], [ -98.759479232106997, 20.013367806093999 ], [ -98.759484447920002, 20.01336023472604 ], [ -98.759489671563003, 20.013352668182986 ], [ -98.759494903030998, 20.01334510647003 ], [ -98.759500142318004, 20.013337549597004 ], [ -98.759505389420013, 20.013329997568974 ], [ -98.759510644331996, 20.013322450393964 ], [ -98.759515907048012, 20.013314908079995 ], [ -98.759521177563997, 20.013307370632997 ], [ -98.759526455873996, 20.013299838060007 ], [ -98.759531741973007, 20.013292310369032 ], [ -98.759537035856994, 20.013284787568011 ], [ -98.759542337520998, 20.013277269662012 ], [ -98.759547646957998, 20.013269756660016 ], [ -98.759552964164996, 20.013262248568985 ], [ -98.759558289135995, 20.013254745394978 ], [ -98.759563621865993, 20.013247247147 ], [ -98.759568962348993, 20.013239753829993 ], [ -98.759574310581996, 20.013232265453016 ], [ -98.759579666557997, 20.013224782022004 ], [ -98.759585030273001, 20.013217303545012 ], [ -98.759590401720999, 20.013209830028025 ], [ -98.759595780897996, 20.013202361480023 ], [ -98.759601167797996, 20.01319489790599 ], [ -98.759606562415001, 20.013187439314986 ], [ -98.759611964746, 20.013179985713002 ], [ -98.759617374784, 20.013172537106989 ], [ -98.759622792525008, 20.013165093505009 ], [ -98.759628217962998, 20.013157654913996 ], [ -98.759633651092997, 20.013150221339981 ], [ -98.759639091910003, 20.013142792791005 ], [ -98.759644540409013, 20.013135369274014 ], [ -98.759649996585011, 20.013127950796001 ], [ -98.759655460432, 20.013120537365012 ], [ -98.759660931943998, 20.013113128987026 ], [ -98.759666411118005, 20.013105725668968 ], [ -98.759671897947996, 20.013098327417993 ], [ -98.759677392426994, 20.013090934241998 ], [ -98.759682894552, 20.013083546147975 ], [ -98.759688404317018, 20.013076163141996 ], [ -98.759693921716007, 20.013068785231003 ], [ -98.759699446745003, 20.01306141242398 ], [ -98.759704979397, 20.013054044726019 ], [ -98.759710519668999, 20.013046682146005 ], [ -98.759716067553015, 20.013039324688986 ], [ -98.759721623046005, 20.013031972362018 ], [ -98.759727186142001, 20.013024625173998 ], [ -98.759732756835007, 20.01301728313102 ], [ -98.759738335121, 20.013009946240018 ], [ -98.759743920993003, 20.013002614507968 ], [ -98.759749514446995, 20.012995287941013 ], [ -98.759755115477006, 20.012987966548 ], [ -98.759760724078006, 20.012980650335006 ], [ -98.759766340243999, 20.012973339309006 ], [ -98.759771963969996, 20.012966033476019 ], [ -98.759777595250995, 20.012958732845007 ], [ -98.759783234080999, 20.012951437422021 ], [ -98.759788880455005, 20.012944147213034 ], [ -98.759794534367998, 20.012936862226997 ], [ -98.759800195813995, 20.012929582468999 ], [ -98.759805864786998, 20.012922307946997 ], [ -98.759811541283, 20.012915038667995 ], [ -98.759817225296004, 20.012907774638997 ], [ -98.759822916819999, 20.012900515866022 ], [ -98.759828615849003, 20.012893262357007 ], [ -98.759834322380001, 20.012886014118976 ], [ -98.759840036405009, 20.012878771158 ], [ -98.759845757920999, 20.012871533480972 ], [ -98.759851486920013, 20.012864301096009 ], [ -98.759857223398001, 20.012857074007993 ], [ -98.759862967348994, 20.012849852226029 ], [ -98.759868718766995, 20.012842635756016 ], [ -98.759874477648012, 20.012835424605019 ], [ -98.759880243986004, 20.012828218780001 ], [ -98.759886017775003, 20.012821018288012 ], [ -98.759891799008997, 20.012813823134987 ], [ -98.759897587683, 20.01280663332901 ], [ -98.759903383791993, 20.012799448875999 ], [ -98.759909187329995, 20.012792269783006 ], [ -98.759914998292004, 20.012785096057005 ], [ -98.759920816670999, 20.012777927704999 ], [ -98.759926642463, 20.012770764733997 ], [ -98.759932475661998, 20.012763607151008 ], [ -98.759938316261, 20.012756454962005 ], [ -98.759944164257007, 20.01274930817501 ], [ -98.759950019642005, 20.012742166795988 ], [ -98.759955882412001, 20.01273503083101 ], [ -98.759961752561011, 20.012727900289008 ], [ -98.759967630082997, 20.012720775175005 ], [ -98.759973514972003, 20.012713655497006 ], [ -98.759979407223, 20.012706541260979 ], [ -98.759985306830998, 20.012699432473013 ], [ -98.759991213790002, 20.012692329142023 ], [ -98.759997128093005, 20.01268523127403 ], [ -98.760003049736, 20.012678138874026 ], [ -98.760008978713003, 20.012671051950988 ], [ -98.760014915016995, 20.012663970510992 ], [ -98.760020858643998, 20.012656894561008 ], [ -98.760026809587998, 20.012649824107022 ], [ -98.760032767843001, 20.012642759157028 ], [ -98.760038733402993, 20.012635699715961 ], [ -98.760044706263002, 20.012628645793033 ], [ -98.760050686415994, 20.012621597392997 ], [ -98.760056673858003, 20.012614554523005 ], [ -98.760062668581995, 20.012607517189995 ], [ -98.760068670582996, 20.012600485401006 ], [ -98.760074679855009, 20.012593459162002 ], [ -98.760080696391995, 20.01258643848001 ], [ -98.760086720188013, 20.012579423363 ], [ -98.760092751239, 20.012572413815004 ], [ -98.760098789536997, 20.012565409846015 ], [ -98.760104835077001, 20.012558411460002 ], [ -98.760110887853997, 20.012551418665012 ], [ -98.760116947860993, 20.012544431467006 ], [ -98.760123015093995, 20.012537449872962 ], [ -98.760129089545003, 20.012530473889992 ], [ -98.760135171209001, 20.012523503524008 ], [ -98.760141260080999, 20.012516538781988 ], [ -98.760147356155002, 20.01250957967104 ], [ -98.760153459424004, 20.012502626198 ], [ -98.760159569883001, 20.012495678367998 ], [ -98.760165687525998, 20.012488736188999 ], [ -98.760171812346996, 20.012481799666997 ], [ -98.760177944340995, 20.012474868809015 ], [ -98.760184083501002, 20.012467943621992 ], [ -98.760190229822001, 20.012461024112 ], [ -98.760196383297995, 20.01245411028599 ], [ -98.760202543922006, 20.012447202149996 ], [ -98.760208711689998, 20.012440299710999 ], [ -98.760214886593999, 20.01243340297497 ], [ -98.760221068630003, 20.012426511949982 ], [ -98.760227257791001, 20.012419626642 ], [ -98.760233454070999, 20.012412747056004 ], [ -98.760239657463998, 20.012405873201015 ], [ -98.760245867966006, 20.012399005083012 ], [ -98.760252085567998, 20.012392142707004 ], [ -98.760258310267005, 20.012385286081042 ], [ -98.760264542054998, 20.012378435211019 ], [ -98.760270780926007, 20.012371590103992 ], [ -98.760277026875997, 20.012364750766036 ], [ -98.760283279896996, 20.012357917204 ], [ -98.760289539984001, 20.012351089423987 ], [ -98.760295807130007, 20.012344267434003 ], [ -98.760302081331005, 20.012337451237993 ], [ -98.760308362578996, 20.012330640845001 ], [ -98.760314650869006, 20.012323836259004 ], [ -98.760320946194994, 20.012317037489016 ], [ -98.760327248550993, 20.01231024454102 ], [ -98.760333557929997, 20.012303457420018 ], [ -98.760339874327002, 20.012296676132998 ], [ -98.760346197735998, 20.012289900688021 ], [ -98.760352528149994, 20.012283131089998 ], [ -98.760358865564001, 20.012276367345009 ], [ -98.760365209970999, 20.012269609461001 ], [ -98.760371561366, 20.012262857444039 ], [ -98.760377919742012, 20.012256111300001 ], [ -98.760384285094005, 20.012249371035999 ], [ -98.760390657414007, 20.012242636657007 ], [ -98.760397036697995, 20.012235908171995 ], [ -98.760403422939007, 20.012229185585007 ], [ -98.760409816131002, 20.01222246890401 ], [ -98.760416216267018, 20.012215758134001 ], [ -98.760422623341995, 20.012209053283023 ], [ -98.760429037349994, 20.012202354357001 ], [ -98.760435458283993, 20.012195661360987 ], [ -98.760441886137997, 20.012188974303026 ], [ -98.760448320907003, 20.012182293189003 ], [ -98.760454762582995, 20.012175618025005 ], [ -98.760461211161001, 20.012168948818005 ], [ -98.760467666634995, 20.012162285572995 ], [ -98.760474128998993, 20.012155628298025 ], [ -98.760480598244996, 20.01214897699899 ], [ -98.760487074368996, 20.012142331682014 ], [ -98.760493557364001, 20.012135692352988 ], [ -98.760500047223019, 20.012129059019991 ], [ -98.760506543941005, 20.012122431686997 ], [ -98.760513047510997, 20.01211581036204 ], [ -98.760519557928006, 20.012109195050002 ], [ -98.760526075184004, 20.012102585758996 ], [ -98.760532599274001, 20.01209598249395 ], [ -98.760539130191006, 20.012089385262009 ], [ -98.760545667928994, 20.012082794069016 ], [ -98.760552212481997, 20.012076208920966 ], [ -98.760558763844003, 20.012069629825007 ], [ -98.760565322008006, 20.012063056786989 ], [ -98.760571886969004, 20.012056489812998 ], [ -98.760578458718996, 20.012049928910013 ], [ -98.760585037252994, 20.012043374082992 ], [ -98.760591622562998, 20.012036825339994 ], [ -98.760598214645, 20.012030282686005 ], [ -98.760604813491994, 20.012023746127017 ], [ -98.760611419097003, 20.012017215670042 ], [ -98.760618031454015, 20.012010691320949 ], [ -98.760624650555997, 20.012004173087018 ], [ -98.760631276398001, 20.011997660972995 ], [ -98.760637908972996, 20.011991154985985 ], [ -98.760644548274996, 20.011984655131975 ], [ -98.760651194296997, 20.011978161417002 ], [ -98.760657847033002, 20.011971673847004 ], [ -98.760664506476999, 20.011965192429031 ], [ -98.760671172621997, 20.011958717169005 ], [ -98.760677845461998, 20.011952248073001 ], [ -98.760684524989998, 20.011945785146992 ], [ -98.760691211201006, 20.011939328397013 ], [ -98.76069790408701, 20.011932877829999 ], [ -98.760704603641997, 20.011926433451034 ], [ -98.760711309860994, 20.011919995267949 ], [ -98.760718022736015, 20.011913563285002 ], [ -98.760724742261004, 20.011907137508999 ], [ -98.760731468429995, 20.011900717946997 ], [ -98.760738201235995, 20.011894304603999 ], [ -98.760744940673007, 20.011887897487 ], [ -98.760751686733997, 20.011881496602022 ], [ -98.760758439412996, 20.011875101953997 ], [ -98.760765198702998, 20.011868713550005 ], [ -98.760771964599002, 20.011862331395971 ], [ -98.760778737093005, 20.011855955499016 ], [ -98.760785516178998, 20.011849585863004 ], [ -98.760792301850998, 20.011843222496012 ], [ -98.760799094101998, 20.011836865404 ], [ -98.760805892925006, 20.011830514591008 ], [ -98.760812698313998, 20.011824170065999 ], [ -98.760819510263005, 20.011817831832989 ], [ -98.760826328765006, 20.011811499898041 ], [ -98.760833153814005, 20.011805174269004 ], [ -98.760839985402995, 20.011798854949987 ], [ -98.760846823525014, 20.011792541947958 ], [ -98.760853668173993, 20.011786235268012 ], [ -98.760860519342998, 20.011779934918014 ], [ -98.760867377027012, 20.011773640902991 ], [ -98.760874241216996, 20.011767353227995 ], [ -98.760881111909001, 20.011761071900978 ], [ -98.760887989094002, 20.011754796925981 ], [ -98.760894872766997, 20.011748528309983 ], [ -98.760901895795996, 20.01174214522301 ], [ -98.760908925348005, 20.011735768555003 ], [ -98.760915961417993, 20.011729398313012 ], [ -98.760923003998997, 20.011723034503003 ], [ -98.760930053083996, 20.011716677130043 ], [ -98.760937108668003, 20.01171032620001 ], [ -98.760944170741993, 20.011703981720011 ], [ -98.760951239300994, 20.011697643696021 ], [ -98.760958314337998, 20.011691312132033 ], [ -98.760965395846, 20.011684987035981 ], [ -98.760972483819998, 20.01167866841298 ], [ -98.760979578250996, 20.011672356269028 ], [ -98.760986679134021, 20.011666050609001 ], [ -98.760993786461995, 20.011659751441023 ], [ -98.761000915248005, 20.011653444667957 ], [ -98.761008049620997, 20.011647143542007 ], [ -98.761015189576, 20.011640848066993 ], [ -98.761022335107995, 20.011634558249007 ], [ -98.761029486211001, 20.011628274091017 ], [ -98.761036642882004, 20.011621995597004 ], [ -98.761043805113999, 20.011615722773008 ], [ -98.761050972903007, 20.011609455622001 ], [ -98.761058146243002, 20.011603194149004 ], [ -98.761065325131, 20.011596938357982 ], [ -98.761072509560009, 20.011590688253971 ], [ -98.761079699524998, 20.011584443841013 ], [ -98.761086895022004, 20.011578205124003 ], [ -98.761094096045994, 20.01157197210599 ], [ -98.761101302591001, 20.011565744792986 ], [ -98.761108388463001, 20.01155963156701 ], [ -98.761115479245007, 20.011553523429964 ], [ -98.761122574932003, 20.011547420384986 ], [ -98.761129675521005, 20.011541322434987 ], [ -98.761136781006996, 20.011535229583984 ], [ -98.761143891386993, 20.011529141835972 ], [ -98.761151006655993, 20.011523059194015 ], [ -98.761158126810002, 20.011516981662012 ], [ -98.761165251844005, 20.011510909242983 ], [ -98.761172381755998, 20.011504841939988 ], [ -98.761179516541006, 20.011498779758014 ], [ -98.761186656193999, 20.011492722698961 ], [ -98.761193800710998, 20.011486670766981 ], [ -98.761200950089005, 20.011480623966008 ], [ -98.761208273010993, 20.011474439128033 ], [ -98.761215600146997, 20.011468258752018 ], [ -98.761222931494004, 20.011462082841 ], [ -98.761230267049996, 20.011455911396016 ], [ -98.761237606812003, 20.011449744419981 ], [ -98.761244950776998, 20.01144358191598 ], [ -98.761252298941002, 20.011437423887013 ], [ -98.761259651301003, 20.011431270334999 ], [ -98.761267007854016, 20.011425121262011 ], [ -98.761274368597995, 20.011418976672008 ], [ -98.761281733529998, 20.011412836566031 ], [ -98.761289102644994, 20.011406700946999 ], [ -98.761296475942004, 20.011400569818004 ], [ -98.761303853415995, 20.011394443181995 ], [ -98.761311235066003, 20.011388321040023 ], [ -98.761318274735004, 20.011382489571005 ], [ -98.761325317811, 20.011376661778009 ], [ -98.761332364290993, 20.011370837663009 ], [ -98.761339414171999, 20.011365017227014 ], [ -98.761346467454004, 20.011359200473009 ], [ -98.761353524133, 20.011353387402 ], [ -98.761360584208006, 20.011347578016 ], [ -98.761367647675996, 20.011341772317003 ], [ -98.761374714536004, 20.011335970306984 ], [ -98.761381784784007, 20.011330171987016 ], [ -98.761388858420005, 20.011324377358974 ], [ -98.761395935440007, 20.011318586425002 ], [ -98.761403015843001, 20.011312799186026 ], [ -98.761410099626005, 20.011307015644991 ], [ -98.761417165303001, 20.011301252571005 ], [ -98.761424233556994, 20.011295492320979 ], [ -98.761431304387003, 20.011289734897002 ], [ -98.761438377792999, 20.011283980300014 ], [ -98.761445453771003, 20.011278228531008 ], [ -98.761452532323005, 20.011272479590023 ], [ -98.761459613444998, 20.011266733479008 ], [ -98.761466697136996, 20.011260990199997 ], [ -98.761473783398003, 20.011255249752001 ], [ -98.761480872226002, 20.011249512137024 ], [ -98.761487963619004, 20.011243777356025 ], [ -98.761495057578003, 20.011238045409996 ], [ -98.7615021541, 20.011232316300013 ], [ -98.761509253184997, 20.011226590027018 ], [ -98.761516354829993, 20.011220866591987 ], [ -98.761523459035004, 20.011215145995983 ], [ -98.761530737718999, 20.011209289618005 ], [ -98.761538018704996, 20.011203435798972 ], [ -98.761545301992996, 20.011197584537975 ], [ -98.761552587580994, 20.011191735837006 ], [ -98.761559875469004, 20.011185889696009 ], [ -98.761567165654995, 20.011180046116987 ], [ -98.761574458138995, 20.011174205100016 ], [ -98.761581752919, 20.011168366644988 ], [ -98.761589049994001, 20.01116253075401 ], [ -98.761596349365007, 20.011156697427989 ], [ -98.761603651027997, 20.011150866666984 ], [ -98.761610954983993, 20.011145038471994 ], [ -98.761618261232016, 20.011139212844004 ], [ -98.761625661199005, 20.011133316158997 ], [ -98.761633062672018, 20.011127421165018 ], [ -98.761640465653002, 20.011121527861015 ], [ -98.761647870139001, 20.011115636247972 ], [ -98.761655276130995, 20.011109746325978 ], [ -98.761662683628003, 20.011103858095971 ], [ -98.761670092629004, 20.011097971558009 ], [ -98.761677503135004, 20.011092086711997 ], [ -98.761684915144997, 20.011086203557984 ], [ -98.761692328658, 20.011080322098046 ], [ -98.761699743674001, 20.011074442331015 ], [ -98.761707160192003, 20.011068564256995 ], [ -98.761714578213002, 20.011062687878002 ], [ -98.761721997736004, 20.011056813193012 ], [ -98.761729418759018, 20.01105094020199 ], [ -98.761736841282996, 20.01104506890703 ], [ -98.761743961825005, 20.011039438969984 ], [ -98.761751083518007, 20.011033810335 ], [ -98.761758206360994, 20.011028183001009 ], [ -98.761765330355004, 20.011022556969003 ], [ -98.761772455498999, 20.011016932238036 ], [ -98.761779581792993, 20.011011308808996 ], [ -98.76178670923602, 20.011005686683003 ], [ -98.761793837827994, 20.011000065858017 ], [ -98.761800967569997, 20.010994446335975 ], [ -98.761808098459994, 20.010988828117011 ], [ -98.761815580201002, 20.01098293493601 ], [ -98.761823062258003, 20.010977042114014 ], [ -98.761830544630996, 20.010971149652011 ], [ -98.761838027321005, 20.010965257549003 ], [ -98.761845510328001, 20.010959365805995 ], [ -98.761852993651999, 20.010953474421992 ], [ -98.761860477290995, 20.010947583398011 ], [ -98.761867961248001, 20.010941692733994 ], [ -98.761875445521, 20.010935802429007 ], [ -98.761882930110019, 20.010929912484002 ], [ -98.761890415015998, 20.010924022897974 ], [ -98.761897900237997, 20.010918133671979 ], [ -98.761905385776998, 20.010912244805009 ], [ -98.761912871632006, 20.01090635629901 ], [ -98.761920357804001, 20.010900468151991 ], [ -98.761927844292003, 20.01089458036401 ], [ -98.761935331095998, 20.010888692937012 ], [ -98.761942818215999, 20.01088280586896 ], [ -98.761950305653002, 20.010876919160051 ], [ -98.762001358800006, 20.010836783212977 ], [ -98.762126988993003, 20.010662218036007 ], [ -98.762180025343994, 20.010696319663982 ], [ -98.763207372254001, 20.009888639394006 ], [ -98.763214369715001, 20.009883137984996 ], [ -98.763221367083005, 20.009877636472034 ], [ -98.763228364358994, 20.009872134853016 ], [ -98.763235361541007, 20.009866633128958 ], [ -98.763242358631004, 20.009861131299004 ], [ -98.763249355628005, 20.009855629365017 ], [ -98.763256352531997, 20.009850127325031 ], [ -98.763264506092995, 20.009843715157004 ], [ -98.763272659150005, 20.009837302417012 ], [ -98.763280811704007, 20.009830889105949 ], [ -98.763287603039998, 20.00982554581001 ], [ -98.763294393956002, 20.009820202038014 ], [ -98.763301184452999, 20.009814857790005 ], [ -98.763307974529994, 20.009809513067019 ], [ -98.763314764189019, 20.009804167868008 ], [ -98.763321553428, 20.009798822193005 ], [ -98.763329691528, 20.009792413071011 ], [ -98.763337828686005, 20.009786002880002 ], [ -98.763345964901006, 20.009779591620003 ], [ -98.763354100173004, 20.009773179292022 ], [ -98.763361905405006, 20.009767025264022 ], [ -98.763369709622012, 20.009760870088009 ], [ -98.763377512827006, 20.009754713765009 ], [ -98.763385315017004, 20.00974855629303 ], [ -98.763393116193001, 20.009742397674984 ], [ -98.763399934394016, 20.009737013239992 ], [ -98.763406751581002, 20.009731627658002 ], [ -98.763413567754, 20.009726240931979 ], [ -98.76342038291402, 20.009720853059012 ], [ -98.763427197059997, 20.009715464041019 ], [ -98.763434840570994, 20.009709416656985 ], [ -98.763442482658007, 20.009703367667015 ], [ -98.763450123322997, 20.009697317071009 ], [ -98.763457762564997, 20.009691264871027 ], [ -98.763465400382998, 20.009685211064976 ], [ -98.763472335502996, 20.00967971161803 ], [ -98.763479269200005, 20.009674210569045 ], [ -98.763486201475004, 20.009668707917001 ], [ -98.763493132324996, 20.009663203663006 ], [ -98.763500061751998, 20.00965769780802 ], [ -98.763507601694997, 20.009651703613986 ], [ -98.763515139806003, 20.009645707361987 ], [ -98.763522676082999, 20.00963970905099 ], [ -98.763530210526, 20.009633708681985 ], [ -98.763537743133995, 20.009627706255028 ], [ -98.763544728881996, 20.009622136209003 ], [ -98.763551712796996, 20.009616564108015 ], [ -98.763558694875996, 20.009610989952968 ], [ -98.763565675120006, 20.009605413745003 ], [ -98.763572653528001, 20.009599835484021 ], [ -98.763579946619998, 20.009594001851994 ], [ -98.763587237639001, 20.009588165907051 ], [ -98.763594526584995, 20.009582327648008 ], [ -98.763601813457001, 20.009576487077009 ], [ -98.763609098255003, 20.009570644195019 ], [ -98.763616380976003, 20.009564799001023 ], [ -98.763623661622006, 20.009558951496992 ], [ -98.763630940189998, 20.009553101683 ], [ -98.763638216678999, 20.009547249559976 ], [ -98.763645491090003, 20.009541395128995 ], [ -98.763652763422002, 20.009535538390022 ], [ -98.763660033671997, 20.009529679343025 ], [ -98.763667301842005, 20.009523817990956 ], [ -98.763674567929002, 20.009517954332001 ], [ -98.763681831932999, 20.009512088368041 ], [ -98.763689093853003, 20.009506220099968 ], [ -98.763696353688005, 20.009500349527997 ], [ -98.763703611438004, 20.009494476653 ], [ -98.763710867102006, 20.009488601475987 ], [ -98.763718120679002, 20.00948272399598 ], [ -98.763725372167997, 20.009476844215985 ], [ -98.763732621567002, 20.009470962135037 ], [ -98.763739868878005, 20.009465077754015 ], [ -98.763747114097995, 20.009459191074001 ], [ -98.763754357227, 20.009453302094975 ], [ -98.763761598263997, 20.009447410819007 ], [ -98.763768837208005, 20.009441517245001 ], [ -98.763776074058001, 20.009435621375001 ], [ -98.763783308813998, 20.009429723209017 ], [ -98.763790541475004, 20.009423822747955 ], [ -98.763797772038998, 20.009417919991968 ], [ -98.763805000507006, 20.009412014942008 ], [ -98.763812226876993, 20.009406107599979 ], [ -98.763819451147995, 20.009400197963998 ], [ -98.763826673319997, 20.009394286037011 ], [ -98.763833893392004, 20.009388371819011 ], [ -98.763841111363007, 20.00938245531 ], [ -98.763848327231997, 20.009376536511002 ], [ -98.763855540999003, 20.009370615422988 ], [ -98.763862752662007, 20.009364692046997 ], [ -98.763869962221008, 20.009358766383009 ], [ -98.763877169674998, 20.009352838431017 ], [ -98.763884375022997, 20.009346908193013 ], [ -98.763891578263994, 20.009340975668998 ], [ -98.763898779398005, 20.009335040859998 ], [ -98.763905978424006, 20.00932910376601 ], [ -98.763913175341003, 20.009323164389006 ], [ -98.763920370147005, 20.009317222727994 ], [ -98.763927562842994, 20.009311278784967 ], [ -98.763934753428003, 20.009305332559997 ], [ -98.763941941900001, 20.009299384054 ], [ -98.763949128259, 20.009293433267018 ], [ -98.763956312504007, 20.009287480200999 ], [ -98.763963494633998, 20.009281524855002 ], [ -98.763970674649002, 20.00927556723099 ], [ -98.763977852547001, 20.009269607328989 ], [ -98.763985028327994, 20.009263645149996 ], [ -98.763992201991002, 20.009257680695026 ], [ -98.763999373535, 20.009251713963003 ], [ -98.764006542960004, 20.00924574495701 ], [ -98.764013710263995, 20.009239773675972 ], [ -98.764020875447002, 20.009233800121002 ], [ -98.764028038508997, 20.009227824292999 ], [ -98.764035199447008, 20.009221846193004 ], [ -98.764042358260994, 20.009215865820988 ], [ -98.764049514950997, 20.00920988317802 ], [ -98.764056669515995, 20.009203898263994 ], [ -98.764063821955006, 20.009197911081007 ], [ -98.764070972267007, 20.009191921628027 ], [ -98.764078120451003, 20.009185929907972 ], [ -98.764085266506001, 20.009179935918983 ], [ -98.764092410432994, 20.009173939663999 ], [ -98.764099552228998, 20.009167941142003 ], [ -98.764106691894995, 20.009161940353987 ], [ -98.764113829427998, 20.009155937302015 ], [ -98.764120964829999, 20.009149931985018 ], [ -98.764128098097004, 20.009143924404007 ], [ -98.764135229231002, 20.009137914560981 ], [ -98.764142358230004, 20.009131902454996 ], [ -98.764149485093, 20.009125888087013 ], [ -98.764156609820006, 20.009119871458996 ], [ -98.764163732409017, 20.00911385257 ], [ -98.764170852860005, 20.009107831422003 ], [ -98.764177971172003, 20.009101808015 ], [ -98.764185087344998, 20.009095782349032 ], [ -98.764192201377, 20.009089754425986 ], [ -98.764199313267994, 20.009083724246015 ], [ -98.764206423016006, 20.009077691810006 ], [ -98.764213530622001, 20.009071657119023 ], [ -98.764220636082996, 20.009065620172017 ], [ -98.764227739400994, 20.009059580972028 ], [ -98.764234840572996, 20.009053539518014 ], [ -98.764241939597994, 20.009047495810993 ], [ -98.764249036476997, 20.00904144985201 ], [ -98.764256131208001, 20.009035401641011 ], [ -98.764263223791005, 20.009029351180011 ], [ -98.764270314224007, 20.009023298469 ], [ -98.764277402507005, 20.009017243508012 ], [ -98.764284488639007, 20.009011186299002 ], [ -98.764291572619996, 20.009005126841036 ], [ -98.764298654447998, 20.008999065136976 ], [ -98.764305734122004, 20.008993001184958 ], [ -98.764312811642995, 20.008986934987995 ], [ -98.764319887008, 20.008980866545002 ], [ -98.764326960218, 20.008974795858023 ], [ -98.764334031271005, 20.008968722927001 ], [ -98.764341100167002, 20.008962647752998 ], [ -98.764348166904995, 20.008956570336 ], [ -98.764355231484004, 20.008950490676991 ], [ -98.764362293903005, 20.008944408776998 ], [ -98.764369354162, 20.008938324635999 ], [ -98.764376412258997, 20.008932238256008 ], [ -98.764383468195007, 20.008926149637002 ], [ -98.764390521967002, 20.008920058779005 ], [ -98.764397573576005, 20.008913965682989 ], [ -98.764404623019999, 20.008907870350001 ], [ -98.764411670298998, 20.00890177278098 ], [ -98.764418715412006, 20.008895672976998 ], [ -98.764425758358001, 20.008889570936994 ], [ -98.764432799136998, 20.008883466663004 ], [ -98.764439837747005, 20.008877360155001 ], [ -98.764446874187996, 20.008871251413982 ], [ -98.764453908459018, 20.008865140440996 ], [ -98.764460940557996, 20.008859027237023 ], [ -98.764467970487004, 20.008852911800986 ], [ -98.764474998243017, 20.008846794135977 ], [ -98.764482023824996, 20.008840674241007 ], [ -98.764489047234008, 20.00883455211698 ], [ -98.764496068468006, 20.00882842776501 ], [ -98.764503087527004, 20.008822301185024 ], [ -98.764510104408998, 20.008816172378957 ], [ -98.764517119114004, 20.008810041346994 ], [ -98.764524131640997, 20.008803908089025 ], [ -98.764531141988996, 20.008797772607007 ], [ -98.764538150158003, 20.008791634900977 ], [ -98.764545156145999, 20.00878549497201 ], [ -98.764552159952999, 20.008779352819005 ], [ -98.764559161579001, 20.008773208445987 ], [ -98.764566161020994, 20.008767061850019 ], [ -98.764573158280996, 20.008760913035005 ], [ -98.764580153355993, 20.008754761998997 ], [ -98.764587146246001, 20.008748608744003 ], [ -98.764594136949995, 20.008742453270997 ], [ -98.764601125466996, 20.008736295581009 ], [ -98.764608111797003, 20.008730135672995 ], [ -98.764615095939007, 20.008723973548015 ], [ -98.764622077892, 20.008717809209021 ], [ -98.764629057655, 20.008711642653981 ], [ -98.764636035228008, 20.008705473884973 ], [ -98.764643010609007, 20.008699302901999 ], [ -98.764649983799004, 20.008693129705993 ], [ -98.764656954795001, 20.008686954299012 ], [ -98.764663923596999, 20.008680776679014 ], [ -98.764670890206006, 20.008674596848998 ], [ -98.764677854618, 20.008668414808987 ], [ -98.764684816835, 20.008662230559978 ], [ -98.764691776855003, 20.008656044102 ], [ -98.764698734676998, 20.00864985543501 ], [ -98.764705690301, 20.008643664562005 ], [ -98.764712643726, 20.00863747148205 ], [ -98.764719594951004, 20.008631276196027 ], [ -98.764726543975002, 20.008625078704995 ], [ -98.764733490796999, 20.008618879008989 ], [ -98.764740435418005, 20.008612677108992 ], [ -98.764747377834993, 20.008606473007013 ], [ -98.764754318048006, 20.008600266700988 ], [ -98.764761256056005, 20.008594058195033 ], [ -98.764768191859005, 20.008587847487018 ], [ -98.764775125455998, 20.008581634578999 ], [ -98.764782056846002, 20.008575419470997 ], [ -98.764788986027995, 20.008569202164015 ], [ -98.764795913002004, 20.008562982659004 ], [ -98.764802837765998, 20.008556760957006 ], [ -98.764809760320006, 20.008550537057999 ], [ -98.764816680663003, 20.008544310962002 ], [ -98.764823598793996, 20.008538082671002 ], [ -98.764830514712997, 20.008531852186042 ], [ -98.764837428419, 20.008525619507008 ], [ -98.764844339911008, 20.008519384633971 ], [ -98.764851249187998, 20.008513147568006 ], [ -98.764858156249005, 20.008506908311002 ], [ -98.764865061094, 20.008500666862986 ], [ -98.764871963722001, 20.00849442322405 ], [ -98.764878864132001, 20.008488177395037 ], [ -98.764885762323004, 20.008481929377012 ], [ -98.764892658294997, 20.008475679171006 ], [ -98.764899552046003, 20.008469426777001 ], [ -98.764906443577019, 20.008463172195992 ], [ -98.764913332885016, 20.008456915429022 ], [ -98.764920219971003, 20.008450656476025 ], [ -98.764927104834001, 20.008444395338024 ], [ -98.764933987473, 20.008438132017016 ], [ -98.764940867885997, 20.008431866512034 ], [ -98.764947746074, 20.008425598824005 ], [ -98.764954622036001, 20.008419328953995 ], [ -98.764961495769995, 20.008413056901983 ], [ -98.764968367277007, 20.008406782670981 ], [ -98.764975236553994, 20.008400506259001 ], [ -98.764982103601994, 20.008394227668028 ], [ -98.764988968419999, 20.008387946898026 ], [ -98.764995831006999, 20.008381663950971 ], [ -98.765002691361005, 20.008375378827004 ], [ -98.765009549482997, 20.008369091525982 ], [ -98.765016405371995, 20.008362802048989 ], [ -98.765023259027004, 20.008356510398009 ], [ -98.765030110446006, 20.008350216571998 ], [ -98.76503695963001, 20.008343920572962 ], [ -98.765043806576998, 20.008337622401005 ], [ -98.765050651286998, 20.008331322056986 ], [ -98.765057493759002, 20.008325019542017 ], [ -98.765064333992001, 20.008318714855001 ], [ -98.765071171985994, 20.008312407999018 ], [ -98.765078007739007, 20.008306098973996 ], [ -98.76508484125101, 20.008299787779979 ], [ -98.76509167252101, 20.008293474418011 ], [ -98.765098501549005, 20.00828715888899 ], [ -98.765105328332993, 20.00828084119301 ], [ -98.765112152873002, 20.008274521331998 ], [ -98.765118975167994, 20.008268199306006 ], [ -98.765125795217003, 20.008261875115007 ], [ -98.765132613019006, 20.008255548761014 ], [ -98.765139428574997, 20.008249220244 ], [ -98.765146241881993, 20.008242889565015 ], [ -98.765153052941002, 20.008236556723993 ], [ -98.765159861750007, 20.008230221722997 ], [ -98.765166668308012, 20.008223884561993 ], [ -98.765173472615999, 20.008217545240978 ], [ -98.765180274670996, 20.008211203762031 ], [ -98.765187074473999, 20.008204860125005 ], [ -98.765193872024, 20.008198514330012 ], [ -98.765200667319007, 20.00819216638002 ], [ -98.765207460360003, 20.008185816273006 ], [ -98.765214251144016, 20.00817946401202 ], [ -98.765221039671999, 20.008173109595962 ], [ -98.765227825943001, 20.008166753027002 ], [ -98.765234609955996, 20.008160394305015 ], [ -98.765241391711001, 20.008154033429975 ], [ -98.765248171205002, 20.008147670404039 ], [ -98.765254948440003, 20.008141305228001 ], [ -98.765261723413005, 20.008134937900994 ], [ -98.765268496123994, 20.008128568425995 ], [ -98.765275266572999, 20.008122196801011 ], [ -98.765282034758997, 20.008115823029001 ], [ -98.765288800679997, 20.008109447110041 ], [ -98.765295564336995, 20.008103069043994 ], [ -98.765302325728015, 20.00809668883301 ], [ -98.765309084852007, 20.008090306476038 ], [ -98.765315841710006, 20.008083921976013 ], [ -98.765322596299001, 20.008077535332013 ], [ -98.76532934862, 20.008071146544999 ], [ -98.765336098671, 20.008064755616008 ], [ -98.765342846452995, 20.008058362545025 ], [ -98.765349591963002, 20.008051967334005 ], [ -98.765356335201005, 20.008045569982976 ], [ -98.765363076167006, 20.008039170492996 ], [ -98.765369814860009, 20.008032768863966 ], [ -98.765376551279005, 20.008026365098026 ], [ -98.765383285422999, 20.008019959194023 ], [ -98.765390017290997, 20.008013551154999 ], [ -98.765396746882999, 20.008007140979021 ], [ -98.765403474199005, 20.008000728669007 ], [ -98.765410199236001, 20.007994314224984 ], [ -98.765416921994998, 20.007987897646981 ], [ -98.765423642474019, 20.007981478935985 ], [ -98.765430360674003, 20.007975058092999 ], [ -98.765437076591994, 20.007968635120019 ], [ -98.765443790229, 20.007962210014981 ], [ -98.765450501583999, 20.007955782780982 ], [ -98.765457210655995, 20.007949353418027 ], [ -98.765463917443995, 20.007942921925988 ], [ -98.765470621947003, 20.00793648830701 ], [ -98.765477324165005, 20.007930052561004 ], [ -98.765484024095997, 20.007923614687993 ], [ -98.765490721741003, 20.007917174690007 ], [ -98.765497417098018, 20.007910732567982 ], [ -98.765504110167001, 20.00790428832099 ], [ -98.765510800946998, 20.007897841950989 ], [ -98.765517489437002, 20.007891393459001 ], [ -98.765524175636003, 20.007884942843997 ], [ -98.765530859544, 20.00787849010899 ], [ -98.765537541160001, 20.007872035253008 ], [ -98.765544220482994, 20.007865578278007 ], [ -98.765550897512, 20.007859119183006 ], [ -98.765557572245996, 20.007852657970993 ], [ -98.765564244686004, 20.007846194641001 ], [ -98.765570914829993, 20.007839729193989 ], [ -98.765577582676997, 20.007833261631024 ], [ -98.765584248226006, 20.007826791953018 ], [ -98.765590911478, 20.007820320159997 ], [ -98.765597572431005, 20.007813846254013 ], [ -98.765604231083998, 20.007807370234026 ], [ -98.765610887435997, 20.007800892102015 ], [ -98.765617541487003, 20.007794411859006 ], [ -98.765624193237002, 20.00778792950398 ], [ -98.765630842684004, 20.007781445039996 ], [ -98.765637489827, 20.007774958466012 ], [ -98.765644134666019, 20.007768469783002 ], [ -98.765650777201003, 20.007761978992001 ], [ -98.765657417428997, 20.007755486094016 ], [ -98.765664055352005, 20.007748991089009 ], [ -98.765670690966999, 20.007742493978999 ], [ -98.765677324273994, 20.007735994764005 ], [ -98.765683955273005, 20.007729493444039 ], [ -98.765690583961998, 20.007722990021023 ], [ -98.765697210341003, 20.007716484493997 ], [ -98.765703834408995, 20.007709976866007 ], [ -98.765710456166005, 20.007703467135993 ], [ -98.765717075609999, 20.00769695530602 ], [ -98.765723692741005, 20.007690441375996 ], [ -98.765730307558997, 20.007683925346001 ], [ -98.765736920061016, 20.007677407219006 ], [ -98.765743530248997, 20.007670886992983 ], [ -98.765750138119998, 20.007664364669999 ], [ -98.765756743674004, 20.007657840250989 ], [ -98.765763346911001, 20.007651313737007 ], [ -98.765769947829, 20.007644785127962 ], [ -98.765776546428995, 20.007638254425007 ], [ -98.765783142708003, 20.00763172162803 ], [ -98.765789736667003, 20.007625186739006 ], [ -98.765796328305001, 20.007618649757994 ], [ -98.765802917621002, 20.007612110686011 ], [ -98.765809504613998, 20.007605569523975 ], [ -98.765816089283007, 20.007599026272008 ], [ -98.765822671628001, 20.007592480930999 ], [ -98.765829251648, 20.007585933502011 ], [ -98.765835829341995, 20.007579383985004 ], [ -98.76584240471, 20.007572832382014 ], [ -98.765848977751006, 20.007566278693041 ], [ -98.765855548463009, 20.007559722919027 ], [ -98.765862116847003, 20.007553165059988 ], [ -98.765868682901996, 20.007546605117035 ], [ -98.765875246625995, 20.007540043092 ], [ -98.765881808019003, 20.007533478984008 ], [ -98.765888367081004, 20.007526912795008 ], [ -98.765894923809995, 20.007520344525002 ], [ -98.765901478206004, 20.007513774175006 ], [ -98.765908030267994, 20.007507201745995 ], [ -98.765914579995993, 20.007500627237967 ], [ -98.765921127387998, 20.007494050651996 ], [ -98.765927672443993, 20.007487471990007 ], [ -98.765934215163, 20.007480891251014 ], [ -98.765940755545003, 20.007474308436002 ], [ -98.765947293587999, 20.007467723546991 ], [ -98.765953829292002, 20.007461136583 ], [ -98.765960362656998, 20.007454547545994 ], [ -98.765966893680996, 20.007447956436966 ], [ -98.765973422363999, 20.007441363255996 ], [ -98.765979948704, 20.007434768003037 ], [ -98.765986472701996, 20.00742817068102 ], [ -98.765992994357006, 20.007421571288017 ], [ -98.765999513667012, 20.007414969827021 ], [ -98.766006030632994, 20.007408366296996 ], [ -98.766012545251996, 20.007401760700034 ], [ -98.766019057525995, 20.007395153037031 ], [ -98.766025567452004, 20.00738854330697 ], [ -98.766032075029997, 20.007381931512981 ], [ -98.766038580260002, 20.007375317653988 ], [ -98.76604508314, 20.007368701731014 ], [ -98.766051583671, 20.007362083745004 ], [ -98.766058081850005, 20.00735546369701 ], [ -98.766064577677994, 20.007348841588001 ], [ -98.766071071154002, 20.007342217417957 ], [ -98.766077562277005, 20.007335591188003 ], [ -98.766084051045993, 20.007328962898992 ], [ -98.766090537460002, 20.007322332550999 ], [ -98.766097021519997, 20.00731570014597 ], [ -98.766103503222993, 20.007309065684037 ], [ -98.766109982570001, 20.007302429164987 ], [ -98.766116459559001, 20.007295790591037 ], [ -98.766122934191003, 20.007289149963007 ], [ -98.766129406462994, 20.007282507279978 ], [ -98.766135876375998, 20.007275862543981 ], [ -98.766142343929005, 20.007269215756004 ], [ -98.766148809119997, 20.00726256691603 ], [ -98.766155271949998, 20.007255916025038 ], [ -98.766161732417999, 20.007249263084013 ], [ -98.766168190521995, 20.007242608092998 ], [ -98.766174646262002, 20.007235951053001 ], [ -98.766181099638004, 20.007229291965981 ], [ -98.766187550647999, 20.007222630831009 ], [ -98.766193999292, 20.007215967650009 ], [ -98.766200445568998, 20.007209302422989 ], [ -98.766206889478994, 20.007202635152002 ], [ -98.766213331019998, 20.007195965836019 ], [ -98.766219770193004, 20.007189294475985 ], [ -98.766226206995, 20.007182621074033 ], [ -98.766232641428005, 20.007175945629982 ], [ -98.766239073489004, 20.007169268143986 ], [ -98.766245503177998, 20.007162588617994 ], [ -98.766251930493993, 20.007155907052983 ], [ -98.766258355437003, 20.007149223447978 ], [ -98.766264778006004, 20.00714253780599 ], [ -98.766271198200002, 20.007135850125003 ], [ -98.766277616018996, 20.007129160409004 ], [ -98.766284031461012, 20.007122468655968 ], [ -98.766290444527002, 20.007115774868005 ], [ -98.766296855213994, 20.007109079045023 ], [ -98.766303263523, 20.007102381188989 ], [ -98.766309669454003, 20.007095681299994 ], [ -98.766316073004006, 20.007088979379006 ], [ -98.766322474172995, 20.007082275425994 ], [ -98.766328872962006, 20.007075569443003 ], [ -98.766335269368, 20.00706886143001 ], [ -98.766341663391998, 20.007062151388006 ], [ -98.766348055031997, 20.007055439317021 ], [ -98.766354444288012, 20.007048725219015 ], [ -98.766360831158011, 20.007042009093031 ], [ -98.766367215643996, 20.007035290942007 ], [ -98.766373597742998, 20.00702857076497 ], [ -98.766379977455003, 20.007021848563991 ], [ -98.766386354779002, 20.007015124339038 ], [ -98.766392729713999, 20.007008398090971 ], [ -98.766399102261005, 20.007001669820006 ], [ -98.766405472417006, 20.006994939528024 ], [ -98.766411840183011, 20.006988207214977 ], [ -98.766418205557002, 20.006981472881986 ], [ -98.766424568540003, 20.006974736530029 ], [ -98.766430929129015, 20.006967998159023 ], [ -98.766437287325004, 20.006961257769987 ], [ -98.766443643127005, 20.006954515365003 ], [ -98.766449996534007, 20.006947770943004 ], [ -98.766456347545002, 20.006941024505 ], [ -98.766462696158996, 20.006934276053016 ], [ -98.766469042376997, 20.006927525586985 ], [ -98.766475386197001, 20.006920773108003 ], [ -98.766481727618, 20.006914018616019 ], [ -98.766488066639994, 20.006907262112016 ], [ -98.766494403262001, 20.006900503597993 ], [ -98.766500737483, 20.00689374307299 ], [ -98.766507069303003, 20.006886980538987 ], [ -98.766513398721003, 20.006880215997011 ], [ -98.766519725736003, 20.006873449446033 ], [ -98.766526050348006, 20.00686668088801 ], [ -98.766532372555005, 20.00685991032401 ], [ -98.766538692357003, 20.006853137755009 ], [ -98.766545009753997, 20.006846363179992 ], [ -98.766551324744, 20.006839586601995 ], [ -98.766557637326997, 20.006832808020008 ], [ -98.766563947503002, 20.006826027435011 ], [ -98.766570255269997, 20.006819244849027 ], [ -98.766576560627016, 20.006812460262008 ], [ -98.766582863574996, 20.006805673674002 ], [ -98.766589164112006, 20.006798885086997 ], [ -98.766595462238001, 20.006792094502014 ], [ -98.766601757950994, 20.006785301918004 ], [ -98.766608051252007, 20.006778507337003 ], [ -98.766614342140002, 20.006771710760024 ], [ -98.766620630613005, 20.006764912186988 ], [ -98.766626916671001, 20.006758111619007 ], [ -98.766633200314004, 20.006751309056988 ], [ -98.766639481539997, 20.006744504502002 ], [ -98.766645760350016, 20.006737697954023 ], [ -98.766652036740993, 20.006730889414005 ], [ -98.766658310714007, 20.006724078884019 ], [ -98.766664582269016, 20.006717266363008 ], [ -98.766670851403006, 20.006710451852001 ], [ -98.766677118115993, 20.006703635352999 ], [ -98.766683382408999, 20.006696816864981 ], [ -98.766689644278998, 20.006689996391003 ], [ -98.766695903726998, 20.006683173929989 ], [ -98.766702160750995, 20.006676349483001 ], [ -98.766708415352014, 20.006669523051006 ], [ -98.766714667526998, 20.006662694635001 ], [ -98.766720917276999, 20.006655864235988 ], [ -98.766727164600994, 20.006649031854995 ], [ -98.766733409498002, 20.00664219749099 ], [ -98.766739651967995, 20.00663536114601 ], [ -98.766745892008998, 20.006628522821007 ], [ -98.766752129620997, 20.006621682516972 ], [ -98.766758364802996, 20.006614840233983 ], [ -98.766764597554996, 20.006607995972029 ], [ -98.766770827876002, 20.006601149734017 ], [ -98.766777055765004, 20.006594301519051 ], [ -98.766783281220995, 20.006587451329001 ], [ -98.766789504244997, 20.006580599162959 ], [ -98.766795724833997, 20.006573745023999 ], [ -98.766801942989005, 20.006566888910999 ], [ -98.766808158708002, 20.006560030825018 ], [ -98.766814371991998, 20.006553170768015 ], [ -98.766820582837994, 20.006546308739022 ], [ -98.766826791247993, 20.006539444741037 ], [ -98.766832997218998, 20.006532578773015 ], [ -98.766839200750994, 20.006525710836009 ], [ -98.766845401843995, 20.006518840930962 ], [ -98.766851600497006, 20.006511969058987 ], [ -98.766857796707995, 20.006505095221005 ], [ -98.766863990478001, 20.006498219417011 ], [ -98.766870181805999, 20.006491341648008 ], [ -98.766876370690994, 20.006484461915985 ], [ -98.766882557132007, 20.006477580218974 ], [ -98.766888741128994, 20.006470696561028 ], [ -98.766894922679995, 20.006463810940019 ], [ -98.766901101786004, 20.006456923359021 ], [ -98.766907278445004, 20.006450033816993 ], [ -98.766913184719996, 20.006443441544985 ], [ -98.766919088825006, 20.006436847536001 ], [ -98.766924990758, 20.006430251791006 ], [ -98.766930890520001, 20.006423654310012 ], [ -98.766936788110002, 20.006417055093994 ], [ -98.766943143508001, 20.006409939274992 ], [ -98.766949496730007, 20.006402821721004 ], [ -98.766955847776998, 20.006395702431984 ], [ -98.766962196646006, 20.006388581407997 ], [ -98.766968543339004, 20.006381458651003 ], [ -98.766974372977998, 20.006374912629017 ], [ -98.76698020092401, 20.006368365260016 ], [ -98.766986027176003, 20.006361816544 ], [ -98.766991851732996, 20.006355266482007 ], [ -98.766997674596993, 20.006348715074985 ], [ -98.767004084421004, 20.006341499848045 ], [ -98.767010492549005, 20.00633428327399 ], [ -98.767016898978994, 20.006327065355009 ], [ -98.767023303711994, 20.006319846089024 ], [ -98.767029706746001, 20.006312625478017 ], [ -98.767035412696998, 20.006306188344016 ], [ -98.767041117437003, 20.006299750250005 ], [ -98.767046820965007, 20.006293311197016 ], [ -98.767052523282004, 20.006286871186006 ], [ -98.767058224387, 20.006280430217 ], [ -98.767064745208998, 20.006273060655005 ], [ -98.767071264817019, 20.006265690135013 ], [ -98.767077783212002, 20.006258318654986 ], [ -98.767084300392995, 20.006250946216994 ], [ -98.767090816359996, 20.006243572820953 ], [ -98.767097605820993, 20.006235887641989 ], [ -98.767104394151005, 20.006228201571009 ], [ -98.767111181352007, 20.006220514608991 ], [ -98.76711796742201, 20.006212826755007 ], [ -98.767123627499018, 20.006206413137015 ], [ -98.767129287073004, 20.006199999121971 ], [ -98.767134946143003, 20.006193584710989 ], [ -98.767140604711003, 20.006187169903999 ], [ -98.767146262775, 20.006180754700001 ], [ -98.767151920336005, 20.006174339099015 ], [ -98.767158710844996, 20.006166637589988 ], [ -98.767165500749996, 20.006158935605001 ], [ -98.767172290049999, 20.006151233144003 ], [ -98.767178115693994, 20.006144623347016 ], [ -98.767183941224999, 20.006138013462028 ], [ -98.767189766645998, 20.006131403490016 ], [ -98.767195591955002, 20.006124793430011 ], [ -98.767201417151995, 20.006118183283018 ], [ -98.767207242238001, 20.006111573047995 ], [ -98.767213067213007, 20.006104962724997 ], [ -98.771163749351999, 20.001621386646963 ], [ -98.771206548026996, 20.001572812892004 ], [ -98.774544454071005, 19.997784394406985 ], [ -98.774646555695, 19.997668590159968 ], [ -98.774697813854004, 19.997610575757005 ], [ -98.774783520904009, 19.997513981421015 ], [ -98.774852515017002, 19.997436714626012 ], [ -98.774935812589007, 19.997344213892003 ], [ -98.775009325490004, 19.997263434957002 ], [ -98.775092537768003, 19.997173145428025 ], [ -98.775169005218004, 19.997091385651018 ], [ -98.775253153560996, 19.997002910101994 ], [ -98.775332297158002, 19.996921249480021 ], [ -98.775602491271997, 19.99665426637301 ], [ -98.775881978087, 19.996395973461983 ], [ -98.776170444968997, 19.996146659631012 ], [ -98.776467569247004, 19.995906603721988 ], [ -98.776773018572001, 19.995676074221002 ], [ -98.777086451288994, 19.995455328957998 ], [ -98.777407516816993, 19.995244614818006 ], [ -98.777735856044004, 19.995044167469022 ], [ -98.778071101726994, 19.994854211093031 ], [ -98.778412878901008, 19.994674958138958 ], [ -98.778760805304003, 19.994506609084972 ], [ -98.779114491797003, 19.994349352212982 ], [ -98.779473542804993, 19.99420336339897 ], [ -98.779837556754003, 19.994068805916005 ], [ -98.780400570059996, 19.993860538658996 ], [ -98.780436171393006, 19.993849526967008 ], [ -98.780558620060006, 19.993812319136008 ], [ -98.780660664590997, 19.993781754200985 ], [ -98.780787989551996, 19.993744030522997 ], [ -98.780864370857003, 19.993721565410002 ], [ -98.781016707277999, 19.993676924891002 ], [ -98.786099203838006, 19.992189293534015 ], [ -98.786141790036993, 19.992176825371999 ], [ -98.786163042021997, 19.992170599470018 ], [ -98.786198440403993, 19.992160216449005 ], [ -98.786226706573004, 19.992151910054023 ], [ -98.786260591960001, 19.992141927773048 ], [ -98.786290183675007, 19.992133183496016 ], [ -98.786323360796999, 19.992123343570999 ], [ -98.786353459431993, 19.992114378380982 ], [ -98.786386191833998, 19.992104581045982 ], [ -98.786416519775003, 19.992095453691956 ], [ -98.786945996271996, 19.991927455847012 ], [ -98.787469983267997, 19.991744724488996 ], [ -98.787988022077002, 19.991547419582002 ], [ -98.788499659226005, 19.991335713847015 ], [ -98.789004446849006, 19.991109792608995 ], [ -98.789032997292011, 19.991096495016009 ], [ -98.789063771927999, 19.991082104492033 ], [ -98.789092038190006, 19.991068840306966 ], [ -98.789123164551, 19.991054189032987 ], [ -98.789150903470002, 19.991041097854009 ], [ -98.789182644657998, 19.991026085012024 ], [ -98.789209107142, 19.991013546964034 ], [ -98.789242232603996, 19.990997831383034 ], [ -98.789262114354003, 19.990988390722976 ], [ -98.789301949079004, 19.990969467317999 ], [ -98.792939949095995, 19.989240934317994 ], [ -98.793082124503002, 19.989173321359026 ], [ -98.793152952608011, 19.989139550824966 ], [ -98.793270776365006, 19.98908308148701 ], [ -98.793364619507997, 19.989037756197007 ], [ -98.79347684295, 19.988982994685013 ], [ -98.793574497324997, 19.988934731751957 ], [ -98.793683599315003, 19.988879987549993 ], [ -98.793782117630997, 19.988829680010983 ], [ -98.793888757709993, 19.988774134907018 ], [ -98.793986985887997, 19.988721830406003 ], [ -98.794320109336994, 19.988535163069013 ], [ -98.794646227121007, 19.988337749981049 ], [ -98.794964951542994, 19.988129825844997 ], [ -98.795275903697004, 19.987911637865032 ], [ -98.795578713924002, 19.987683445442002 ], [ -98.795873022248003, 19.987445519874967 ], [ -98.796158478807996, 19.987198144028035 ], [ -98.796434744269021, 19.986941612003996 ], [ -98.796701490228997, 19.986676228787015 ], [ -98.796958399608997, 19.98640230988401 ], [ -98.797205167027002, 19.986120180948003 ], [ -98.797441499165998, 19.985830177391009 ], [ -98.797667115118003, 19.985532643984993 ], [ -98.797881746719995, 19.985227934451014 ], [ -98.798085138871997, 19.984916411040995 ], [ -98.798277049841005, 19.984598444104009 ], [ -98.798457251545003, 19.984274411648975 ], [ -98.798625529830005, 19.983944698891992 ], [ -98.798781684717994, 19.983609697799995 ], [ -98.798925530649015, 19.983269806625035 ], [ -98.799056896696001, 19.982925429427986 ], [ -98.799175626774996, 19.982576975603013 ], [ -98.799281579826001, 19.982224859384978 ], [ -98.799374629976995, 19.981869499361981 ], [ -98.799454666702005, 19.981511317975031 ], [ -98.799521594943997, 19.981150741016023 ], [ -98.799538620975, 19.981045385748033 ], [ -98.799555879625999, 19.980931446164981 ], [ -98.799570827322, 19.980826540411005 ], [ -98.799586423310998, 19.980710706986017 ], [ -98.799599653533008, 19.980607288136028 ], [ -98.799614163279998, 19.980488688363 ], [ -98.799625834354018, 19.980389678432974 ], [ -98.799640054205994, 19.980265522584016 ], [ -98.799648428943001, 19.980190949996999 ], [ -98.799665066095997, 19.980041320328009 ], [ -98.799954589340004, 19.977428660245021 ], [ -98.799967240450002, 19.977314726557008 ], [ -98.799973620054999, 19.977257621222002 ], [ -98.799984387373001, 19.977162395253025 ], [ -98.799993173947996, 19.977086059398037 ], [ -98.800003974416001, 19.976994387142 ], [ -98.800013714974995, 19.976914024923005 ], [ -98.800025022824002, 19.976823765741017 ], [ -98.800035710846998, 19.976741575087004 ], [ -98.800047841471994, 19.976652038826987 ], [ -98.800059632504997, 19.97656877772701 ], [ -98.800134079668993, 19.976111816864016 ], [ -98.800224698110995, 19.975657474175982 ], [ -98.800331385698001, 19.975206261047031 ], [ -98.800454022213003, 19.974758685336049 ], [ -98.800592469491008, 19.974315250800032 ], [ -98.800746571575004, 19.973876456534022 ], [ -98.800916154895006, 19.973442796405006 ], [ -98.801101028458021, 19.973014758498 ], [ -98.801300984069002, 19.972592824566004 ], [ -98.801515796562001, 19.972177469489012 ], [ -98.801546524233004, 19.972122784044974 ], [ -98.801745168143995, 19.971769131505994 ], [ -98.801988953386996, 19.971368326862009 ], [ -98.802246820894993, 19.970975479202 ], [ -98.802364041318, 19.970794572850998 ], [ -98.802803677189999, 19.970215449945979 ], [ -98.803101986556001, 19.969849089319986 ], [ -98.803157564572999, 19.969783549415034 ], [ -98.803217710309994, 19.969713445520995 ], [ -98.803273230439004, 19.969649399023012 ], [ -98.803334497248017, 19.96957935889597 ], [ -98.803389272060002, 19.969517222634011 ], [ -98.803451970382994, 19.969446554120971 ], [ -98.803504322389003, 19.969387849763997 ], [ -98.803569763032002, 19.969314750802006 ], [ -98.803609060011013, 19.969270967557016 ], [ -98.803687516568004, 19.969183666189025 ], [ -98.805954117782008, 19.966662560984009 ], [ -98.805990532855006, 19.966691820412962 ], [ -98.832632962128997, 19.937049574217006 ], [ -98.880304331510999, 19.883972599656001 ], [ -98.880237213908998, 19.883918694020998 ], [ -98.892484144115002, 19.870271234719002 ], [ -98.898807066789004, 19.863226023651993 ], [ -98.898782096803004, 19.863206193326988 ], [ -98.900336723370003, 19.861453898200008 ], [ -98.901222689201006, 19.860512503717967 ], [ -98.901354831717001, 19.860575931073004 ], [ -98.902192552093013, 19.85965648280197 ], [ -98.902139036066998, 19.859500935503007 ], [ -98.901221580083003, 19.859670130577982 ], [ -98.901160992133001, 19.859376029239016 ], [ -98.901212476433997, 19.859364221260961 ], [ -98.901240081527007, 19.859357619181022 ], [ -98.901265485848995, 19.859351345777995 ], [ -98.901369574886999, 19.859323416511007 ], [ -98.901472597959, 19.859292148758001 ], [ -98.901574435485003, 19.859257578810986 ], [ -98.901674969262004, 19.859219746795002 ], [ -98.901774082602003, 19.859178696624006 ], [ -98.901871660463996, 19.859134475941996 ], [ -98.901967589592005, 19.859087136079008 ], [ -98.902061758640997, 19.859036731980016 ], [ -98.902154058310998, 19.85898332215001 ], [ -98.902244381473011, 19.858926968582004 ], [ -98.902332623288999, 19.858867736684001 ], [ -98.902418681341004, 19.858805695207995 ], [ -98.902502455743999, 19.858740916163004 ], [ -98.902522431262994, 19.858724795170001 ], [ -98.902543951091005, 19.858707154704991 ], [ -98.902563663701002, 19.858690770431988 ], [ -98.902585382778, 19.858672498859029 ], [ -98.902604708363995, 19.858656071692042 ], [ -98.902626861162005, 19.858637078369 ], [ -98.902645323165004, 19.858621140038011 ], [ -98.902673150533005, 19.85859699217502 ], [ -98.902710439158, 19.858564466631019 ], [ -98.903254476456993, 19.85808964765495 ], [ -98.903316507202007, 19.858033671576994 ], [ -98.903376533571006, 19.857975772306002 ], [ -98.903434488995003, 19.857916014055014 ], [ -98.904741749612, 19.856522176887008 ], [ -98.904767118723996, 19.856495129839999 ], [ -98.904779820751003, 19.85648159148904 ], [ -98.904801004331006, 19.856459025826013 ], [ -98.904817977774002, 19.856440960213046 ], [ -98.904838369019998, 19.856419281247987 ], [ -98.904856244734006, 19.856400303342006 ], [ -98.904876338714999, 19.856379006312014 ], [ -98.904894645732, 19.856359641331984 ], [ -98.904914615509, 19.856338564887007 ], [ -98.904933204873998, 19.856318994849012 ], [ -98.905436412175007, 19.855808526024997 ], [ -98.90595852070102, 19.855315344553031 ], [ -98.906498867362004, 19.854840076624992 ], [ -98.907056765931003, 19.854383325684026 ], [ -98.907078128085018, 19.854366479084007 ], [ -98.907101132706998, 19.854348383471013 ], [ -98.907122267755994, 19.854331796187964 ], [ -98.907145509976999, 19.854313591369021 ], [ -98.907166220128005, 19.854297397454008 ], [ -98.907189876809994, 19.854278925814999 ], [ -98.907209589787996, 19.854263550989007 ], [ -98.907234212500001, 19.854244363259991 ], [ -98.907248984712993, 19.854232858266023 ], [ -98.907278496524995, 19.85420988020401 ], [ -98.913501461532007, 19.849364845455998 ], [ -98.914275017193006, 19.848767654363979 ], [ -98.918770345474996, 19.845467995798 ], [ -98.923815643138994, 19.841598442037984 ], [ -98.927134115163994, 19.839014628550014 ], [ -98.927140655282997, 19.839008338558024 ], [ -98.927147197601997, 19.839002050615989 ], [ -98.927153742122002, 19.838995764724018 ], [ -98.92716028884, 19.838989480883981 ], [ -98.927166837757994, 19.838983199095004 ], [ -98.927173388873001, 19.838976919358007 ], [ -98.927179942183997, 19.838970641675008 ], [ -98.927186497693, 19.838964366045008 ], [ -98.927193055396998, 19.838958092470008 ], [ -98.927199615294995, 19.838951820951021 ], [ -98.927206687137001, 19.838945044579017 ], [ -98.927213757969994, 19.838938267266013 ], [ -98.927220827794997, 19.838931489011014 ], [ -98.927227896610006, 19.838924709813995 ], [ -98.927234964416996, 19.838917929675006 ], [ -98.927242031215002, 19.838911148594981 ], [ -98.927248561678994, 19.838904881076981 ], [ -98.927255091928004, 19.838898613357991 ], [ -98.927261621960994, 19.838892345438005 ], [ -98.927268151779018, 19.838886077318005 ], [ -98.927274681380993, 19.838879808995983 ], [ -98.927281210767006, 19.838873540472989 ], [ -98.927287739937, 19.838867271750026 ], [ -98.927294268891998, 19.838861002824995 ], [ -98.927300797631005, 19.8388547337 ], [ -98.927307326155002, 19.838848464373957 ], [ -98.927313854463009, 19.83884219484699 ], [ -98.927320382554996, 19.838835925119046 ], [ -98.927326910431006, 19.838829655189997 ], [ -98.927856023071001, 19.838321431357031 ], [ -98.927862556129995, 19.838315156391015 ], [ -98.927869089403003, 19.838308881623998 ], [ -98.927875622892003, 19.838302607058008 ], [ -98.927882156595004, 19.838296332692988 ], [ -98.927888690513001, 19.838290058527978 ], [ -98.927895224645994, 19.838283784564005 ], [ -98.927901758993997, 19.838277510800992 ], [ -98.927908293556001, 19.838271237237993 ], [ -98.927914828333996, 19.838264963875016 ], [ -98.927921363326007, 19.838258690712994 ], [ -98.927927898533014, 19.838252417751978 ], [ -98.927934433955002, 19.838246144992009 ], [ -98.927940969592001, 19.838239872431991 ], [ -98.927948058984001, 19.838233069584017 ], [ -98.927955149387998, 19.838226267680025 ], [ -98.927962240802003, 19.838219466720034 ], [ -98.927969333228006, 19.838212666703996 ], [ -98.927976426664003, 19.838205867632031 ], [ -98.927983521109994, 19.838199069504956 ], [ -98.927990618932995, 19.838192270248996 ], [ -98.927997717967997, 19.838185472125996 ], [ -98.928004818215996, 19.838178675136991 ], [ -98.928011919677004, 19.838171879282999 ], [ -98.928019022349005, 19.838165084563968 ], [ -98.928069484524997, 19.838091223404003 ], [ -98.928076613605995, 19.838084432220974 ], [ -98.928083744579993, 19.838077642817986 ], [ -98.928090877445996, 19.838070855195991 ], [ -98.928098012204003, 19.838064069354981 ], [ -98.928104867472996, 19.838057552980992 ], [ -98.928111724774993, 19.838051038524984 ], [ -98.928118584111999, 19.838044525987005 ], [ -98.928125445481996, 19.838038015367033 ], [ -98.928132308884003, 19.838031506666042 ], [ -98.928139174319, 19.838024999885029 ], [ -98.928146041784998, 19.838018495023043 ], [ -98.928152911282012, 19.838011992082997 ], [ -98.928159782809004, 19.838005491063001 ], [ -98.928166656366017, 19.837998991966 ], [ -98.928173349554015, 19.837992667653996 ], [ -98.928180045250002, 19.837986345718974 ], [ -98.928186743452002, 19.837980026162999 ], [ -98.928193444160001, 19.837973708985004 ], [ -98.928200147371001, 19.837967394187991 ], [ -98.928206853087019, 19.837961081770988 ], [ -98.928213561305, 19.837954771736008 ], [ -98.928220272025001, 19.837948464082992 ], [ -98.928226985245999, 19.837942158814002 ], [ -98.928233773741994, 19.837935787925996 ], [ -98.928240565080003, 19.837929419750974 ], [ -98.928247359257995, 19.837923054288982 ], [ -98.928254156275997, 19.837916691541974 ], [ -98.928260956130998, 19.837910331511015 ], [ -98.928267758822997, 19.83790397419698 ], [ -98.928274564350005, 19.837897619601002 ], [ -98.928281372711993, 19.837891267724991 ], [ -98.928288183906005, 19.837884918568964 ], [ -98.928294997932994, 19.837878572133985 ], [ -98.928301892503001, 19.837872156706002 ], [ -98.92830879057, 19.837865744645001 ], [ -98.928315692132003, 19.83785933595302 ], [ -98.928322597188, 19.837852930631005 ], [ -98.928329505736002, 19.837846528681997 ], [ -98.928336417774005, 19.837840130108006 ], [ -98.928343333298997, 19.837833734909001 ], [ -98.928350252311006, 19.837827343088019 ], [ -98.928357174807005, 19.837820954646006 ], [ -98.928363966505998, 19.837814693582043 ], [ -98.928370761836007, 19.837808436048 ], [ -98.928377560792995, 19.83780218204301 ], [ -98.928384363377006, 19.837795931570039 ], [ -98.928391169584998, 19.837789684631019 ], [ -98.928397979414001, 19.837783441228027 ], [ -98.928404792864001, 19.837777201363 ], [ -98.928411609931999, 19.837770965036995 ], [ -98.928418430614997, 19.837764732252992 ], [ -98.928425254912995, 19.837758503011027 ], [ -98.928432308660007, 19.837752072091043 ], [ -98.928439366868005, 19.837745645555021 ], [ -98.928446429535015, 19.837739223406984 ], [ -98.928453496656999, 19.837732805649992 ], [ -98.928460568232012, 19.837726392285994 ], [ -98.928467644256003, 19.837719983317982 ], [ -98.928474724726001, 19.837713578749 ], [ -98.928481809638996, 19.837707178580999 ], [ -98.928488898992995, 19.837700782818004 ], [ -98.928495793218005, 19.837694571277048 ], [ -98.928502691762006, 19.837688364031997 ], [ -98.928509594624003, 19.83768216108502 ], [ -98.928516501798995, 19.837675962441004 ], [ -98.928523413285006, 19.837669768100977 ], [ -98.928530329078995, 19.837663578067016 ], [ -98.928537249178007, 19.837657392343999 ], [ -98.928544173578004, 19.837651210932986 ], [ -98.928551102278007, 19.837645033837006 ], [ -98.928558035272999, 19.837638861057975 ], [ -98.928564972561006, 19.837632692600007 ], [ -98.928571914138999, 19.837626528464995 ], [ -98.928578860003, 19.83762036865603 ], [ -98.928585810152001, 19.837614213175023 ], [ -98.928592764580998, 19.837608062026032 ], [ -98.928599723288002, 19.837601915209998 ], [ -98.928606686270001, 19.837595772730008 ], [ -98.928613653523001, 19.83758963459001 ], [ -98.928620625045994, 19.837583500791002 ], [ -98.928627600834005, 19.837577371337005 ], [ -98.928634580883994, 19.837571246230009 ], [ -98.928641565194994, 19.837565125472029 ], [ -98.928648553760993, 19.837559009067018 ], [ -98.928655546581993, 19.837552897016984 ], [ -98.928662543653004, 19.83754678932404 ], [ -98.928669544971001, 19.837540685991996 ], [ -98.928676550534007, 19.837534587022994 ], [ -98.928683560338996, 19.837528492419032 ], [ -98.928690574382003, 19.837522402184 ], [ -98.928697592660001, 19.837516316319022 ], [ -98.928704615171, 19.83751023482797 ], [ -98.928711641910994, 19.83750415771301 ], [ -98.928718672876997, 19.837498084977053 ], [ -98.928725708065997, 19.837492016622011 ], [ -98.928732747474996, 19.837485952652042 ], [ -98.928739791102004, 19.837479893067989 ], [ -98.928746838943013, 19.83747383787297 ], [ -98.928753890994003, 19.83746778706999 ], [ -98.928760947254005, 19.837461740662011 ], [ -98.928768007718006, 19.837455698651002 ], [ -98.928775072383999, 19.837449661040001 ], [ -98.928782141249002, 19.837443627831 ], [ -98.928789214310001, 19.837437599027009 ], [ -98.928796291563003, 19.837431574631019 ], [ -98.928803373006005, 19.837425554645002 ], [ -98.928810458634999, 19.837419539071977 ], [ -98.928817548447995, 19.837413527914013 ], [ -98.928824642441, 19.837407521174022 ], [ -98.928831740611002, 19.837401518854993 ], [ -98.928838842955003, 19.837395520960037 ], [ -98.928845949470997, 19.837389527489993 ], [ -98.928853060155006, 19.837383538447973 ], [ -98.928860175002995, 19.837377553838049 ], [ -98.928867294013997, 19.837371573661997 ], [ -98.928874417182996, 19.837365597921007 ], [ -98.928881544508002, 19.83735962662 ], [ -98.928888675984993, 19.837353659758993 ], [ -98.928895811611994, 19.837347697343038 ], [ -98.928902951384998, 19.837341739374033 ], [ -98.928910095302001, 19.837335785852986 ], [ -98.928917243358995, 19.837329836784988 ], [ -98.928924395552997, 19.837323892169994 ], [ -98.928931759034995, 19.837317780054015 ], [ -98.928939126756021, 19.837311672515 ], [ -98.928946498715007, 19.837305569554992 ], [ -98.928953874908018, 19.837299471178998 ], [ -98.928961255331004, 19.837293377387983 ], [ -98.928968639982003, 19.837287288185003 ], [ -98.928976028856994, 19.837281203571994 ], [ -98.928983421953006, 19.837275123553013 ], [ -98.928990819267, 19.837269048128988 ], [ -98.928997983862999, 19.837263170998995 ], [ -98.929005151865994, 19.837257297589993 ], [ -98.929012323275003, 19.837251427905016 ], [ -98.929019498087001, 19.837245561944986 ], [ -98.929026676299003, 19.837239699712988 ], [ -98.929033857910994, 19.837233841208981 ], [ -98.929041042918996, 19.837227986436982 ], [ -98.929048231322, 19.837222135395983 ], [ -98.929055423117006, 19.837216288090005 ], [ -98.929062618301998, 19.837210444520004 ], [ -98.929069959209002, 19.837204489021005 ], [ -98.929077303362007, 19.837198537108044 ], [ -98.929084650760004, 19.837192588781015 ], [ -98.929092001399994, 19.837186644043008 ], [ -98.929099355280997, 19.837180702895004 ], [ -98.929106712400014, 19.837174765337998 ], [ -98.929114072755993, 19.837168831373997 ], [ -98.929121436345994, 19.837162901005012 ], [ -98.929128803168993, 19.837156974233025 ], [ -98.929136090195996, 19.837151117228007 ], [ -98.929143379834997, 19.837145263135017 ], [ -98.929150672085015, 19.837139411954013 ], [ -98.929157966944999, 19.837133563687981 ], [ -98.929165264413001, 19.837127718335974 ], [ -98.929172564487999, 19.837121875899982 ], [ -98.929179867168003, 19.837116036380976 ], [ -98.929187172452998, 19.83711019978001 ], [ -98.92919448034101, 19.837104366096977 ], [ -98.929201790831002, 19.837098535335006 ], [ -98.929209025546996, 19.837092769676012 ], [ -98.92921626254801, 19.837087006586977 ], [ -98.929223501834997, 19.837081246067992 ], [ -98.929230743405, 19.837075488120011 ], [ -98.929237987258006, 19.837069732744006 ], [ -98.929245233391995, 19.837063979940019 ], [ -98.929252481806998, 19.837058229710003 ], [ -98.929259732502004, 19.837052482055004 ], [ -98.929266985474996, 19.837046736973949 ], [ -98.929274438494005, 19.837040837458996 ], [ -98.929281893354002, 19.837034940029 ], [ -98.929289350055996, 19.837029044682996 ], [ -98.929296808597996, 19.837023151423033 ], [ -98.929304268980005, 19.837017260248004 ], [ -98.929311731200997, 19.837011371159996 ], [ -98.929319195260007, 19.837005484159015 ], [ -98.92932666115702, 19.836999599245985 ], [ -98.929334128891995, 19.836993716419997 ], [ -98.929341598462997, 19.836987835682994 ], [ -98.92934937655501, 19.836981715532001 ], [ -98.929357156351998, 19.836975597323992 ], [ -98.929364937854999, 19.836969481057988 ], [ -98.929372721063004, 19.836963366734999 ], [ -98.929380505975004, 19.836957254355038 ], [ -98.929388292591014, 19.836951143918988 ], [ -98.929396080909001, 19.836945035428005 ], [ -98.929403870930997, 19.836938928881001 ], [ -98.929410945100003, 19.836933385840997 ], [ -98.929418020167006, 19.836927843828995 ], [ -98.929425096133002, 19.836922302844023 ], [ -98.929432172998006, 19.836916762887984 ], [ -98.929439250761007, 19.836911223958985 ], [ -98.929446329422007, 19.836905686057968 ], [ -98.929453408979995, 19.836900149186008 ], [ -98.929460489437005, 19.836894613341993 ], [ -98.929467570791999, 19.836889078525989 ], [ -98.929474653043002, 19.836883544738996 ], [ -98.929481736193011, 19.836878011980982 ], [ -98.929489525688993, 19.836871929306994 ], [ -98.929497316088998, 19.83686584767003 ], [ -98.929505107392998, 19.836859767069967 ], [ -98.929512899599999, 19.836853687507006 ], [ -98.929520692710994, 19.836847608982012 ], [ -98.929528486725999, 19.836841531495008 ], [ -98.929535671663999, 19.836835929931009 ], [ -98.929542856793006, 19.836830328588018 ], [ -98.929550042114997, 19.836824727464979 ], [ -98.929557227627996, 19.836819126563004 ], [ -98.929564413332997, 19.836813525881009 ], [ -98.929571599230002, 19.836807925419993 ], [ -98.929578785318, 19.836802325179011 ], [ -98.929585971598001, 19.836796725159001 ], [ -98.929593158070006, 19.83679112535901 ], [ -98.929600344733004, 19.836785525780027 ], [ -98.929607531588005, 19.836779926422025 ], [ -98.929614718634994, 19.836774327284012 ], [ -98.929621905874001, 19.836768728366998 ], [ -98.934589893365001, 19.832898589560987 ], [ -98.935476755712997, 19.832196778777025 ], [ -98.935517984875005, 19.832126514312019 ], [ -98.938335762175001, 19.82993755139103 ], [ -98.938306250452996, 19.829862572433992 ], [ -98.939778098060998, 19.828697705158987 ], [ -98.939790350828005, 19.828711569281012 ], [ -98.940931685633998, 19.827874820320002 ], [ -98.941057891840003, 19.827802619743 ], [ -98.942018636349005, 19.827074532499019 ], [ -98.942050464038005, 19.827050249760028 ], [ -98.942298937231001, 19.826862270374967 ], [ -98.942418187140007, 19.826771734832995 ], [ -98.942791161526998, 19.826489076114004 ], [ -98.942959327365998, 19.826368373225986 ], [ -98.944020013446007, 19.825615343467014 ], [ -98.944354521942998, 19.825381895930999 ], [ -98.945658954956997, 19.824344641172004 ], [ -98.947213219564006, 19.823178571822989 ], [ -98.947430031945004, 19.823020564912007 ], [ -98.947777051930998, 19.822760317810999 ], [ -98.948000842582005, 19.822705599594002 ], [ -98.956830289403996, 19.815827694248995 ], [ -98.956865952786004, 19.81579990991699 ], [ -98.956901595355006, 19.815772133371006 ], [ -98.956937212751996, 19.815744359602991 ], [ -98.956972800618999, 19.815716583619032 ], [ -98.957008354596994, 19.815688800436998 ], [ -98.957043870324995, 19.815661005086955 ], [ -98.957079343434003, 19.815633192616996 ], [ -98.957114769548994, 19.81560535809302 ], [ -98.957150144284, 19.815577496600049 ], [ -98.957185463239995, 19.815549603244996 ], [ -98.957220722003996, 19.815521673158983 ], [ -98.957255916145002, 19.815493701498017 ], [ -98.957291041214006, 19.815465683445975 ], [ -98.957326092738001, 19.815437614215007 ], [ -98.957361066223001, 19.815409489048029 ], [ -98.957395957147995, 19.815381303222999 ], [ -98.957430760964002, 19.815353052051044 ], [ -98.957465473091005, 19.815324730882022 ], [ -98.957500088919005, 19.815296335103003 ], [ -98.957534603801008, 19.815267860143006 ], [ -98.957569013056002, 19.815239301472982 ], [ -98.957603311965002, 19.815210654610997 ], [ -98.957637495765994, 19.815181915119986 ], [ -98.957671559657015, 19.815153078615023 ], [ -98.957705498793004, 19.815124140759977 ], [ -98.957739308282001, 19.815095097272025 ], [ -98.957772983183006, 19.815065943927987 ], [ -98.957806518507994, 19.815036676557 ], [ -98.957839909217995, 19.815007291054993 ], [ -98.957873150221005, 19.814977783373955 ], [ -98.957906236368004, 19.814948149537027 ], [ -98.957913187014, 19.814941914237991 ], [ -98.957920131079007, 19.814935672375022 ], [ -98.957927068556003, 19.814929423955036 ], [ -98.957933999439021, 19.814923168984013 ], [ -98.957940923720997, 19.814916907468984 ], [ -98.957947841395011, 19.814910639414979 ], [ -98.957954752453006, 19.814904364827996 ], [ -98.957961656890006, 19.814898083716013 ], [ -98.957968554697004, 19.814891796082982 ], [ -98.957975445868996, 19.814885501937994 ], [ -98.957982330399005, 19.814879201284995 ], [ -98.957989208277993, 19.814872894130993 ], [ -98.957996079501996, 19.814866580481986 ], [ -98.958002944062002, 19.814860260344997 ], [ -98.958009801952997, 19.814853933725971 ], [ -98.958016653166013, 19.814847600630955 ], [ -98.958023497696004, 19.814841261066942 ], [ -98.958030335535994, 19.814834915039008 ], [ -98.958037166677997, 19.81482856255499 ], [ -98.958043991116, 19.81482220361999 ], [ -98.958050808842998, 19.814815838240971 ], [ -98.958057619852994, 19.814809466424997 ], [ -98.958064424138001, 19.814803088175985 ], [ -98.958071221691, 19.814796703503021 ], [ -98.958078012507002, 19.814790312411002 ], [ -98.958084796578007, 19.814783914906002 ], [ -98.958091573896994, 19.814777510996002 ], [ -98.958098344457994, 19.814771100685981 ], [ -98.958105108254017, 19.814764683983004 ], [ -98.958111865278994, 19.814758260891985 ], [ -98.958118615524, 19.814751831422019 ], [ -98.958125358985001, 19.814745395577027 ], [ -98.958132095652999, 19.814738953365008 ], [ -98.958138825522994, 19.814732504791014 ], [ -98.958145548586998, 19.814726049863022 ], [ -98.958152264839995, 19.814719588586996 ], [ -98.958158974273005, 19.814713120968012 ], [ -98.958165676880995, 19.814706647013999 ], [ -98.958172372657003, 19.814700166731015 ], [ -98.958179061593995, 19.814693680126005 ], [ -98.958185743686002, 19.814687187204001 ], [ -98.958192418926004, 19.814680687972988 ], [ -98.958199087305999, 19.814674182438992 ], [ -98.958205748821001, 19.814667670607996 ], [ -98.958212403464998, 19.814661152486998 ], [ -98.958219051228994, 19.81465462808201 ], [ -98.958225692108002, 19.814648097400013 ], [ -98.958232326095995, 19.814641560446994 ], [ -98.958238953184008, 19.814635017231033 ], [ -98.958245573368004, 19.814628467755966 ], [ -98.958252186639996, 19.814621912030969 ], [ -98.958258792993021, 19.814615350060993 ], [ -98.958265392422007, 19.814608781853011 ], [ -98.958271984918994, 19.814602207413007 ], [ -98.958278570478001, 19.814595626748975 ], [ -98.958285149092021, 19.814589039865993 ], [ -98.958291720755, 19.814582446770995 ], [ -98.958298285460003, 19.814575847471009 ], [ -98.958304843201006, 19.814569241973036 ], [ -98.958311393971996, 19.814562630282008 ], [ -98.958317937765017, 19.814556012406008 ], [ -98.958324474573999, 19.814549388351008 ], [ -98.958331004393003, 19.814542758123995 ], [ -98.958337527214994, 19.814536121731042 ], [ -98.958344043032994, 19.814529479178983 ], [ -98.958350551842003, 19.81452283047404 ], [ -98.958357053634003, 19.814516175624011 ], [ -98.958363548403, 19.814509514633968 ], [ -98.958370036144004, 19.814502847511982 ], [ -98.958376516848006, 19.814496174263983 ], [ -98.958382990510003, 19.814489494897014 ], [ -98.958389457123999, 19.814482809417019 ], [ -98.958395916681994, 19.81447611783101 ], [ -98.958402369178998, 19.814469420146022 ], [ -98.958408814608006, 19.814462716368013 ], [ -98.958415252961998, 19.814456006504965 ], [ -98.958421684236001, 19.814449290561974 ], [ -98.958428108421998, 19.81444256854596 ], [ -98.958434525515003, 19.814435840465002 ], [ -98.958440935507994, 19.814429106325051 ], [ -98.958447338393995, 19.814422366132028 ], [ -98.958453734168003, 19.814415619892994 ], [ -98.958460122822018, 19.814408867615995 ], [ -98.958466504350994, 19.814402109306048 ], [ -98.958472878747997, 19.814395344970968 ], [ -98.958479246007002, 19.814388574616999 ], [ -98.958485606121002, 19.814381798250992 ], [ -98.958491959084, 19.814375015878998 ], [ -98.95849830489, 19.814368227508986 ], [ -98.958504643533004, 19.814361433147003 ], [ -98.958510975005012, 19.814354632801003 ], [ -98.958517299302002, 19.814347826476002 ], [ -98.958523616414993, 19.814341014179011 ], [ -98.958529926340006, 19.814334195918001 ], [ -98.958536229070006, 19.814327371699999 ], [ -98.958542524598997, 19.814320541530012 ], [ -98.95854881292, 19.814313705416005 ], [ -98.958555094027005, 19.814306863364003 ], [ -98.958561367914001, 19.81430001538196 ], [ -98.958567634575004, 19.814293161476023 ], [ -98.958573894002996, 19.81428630165297 ], [ -98.958580146192006, 19.814279435920007 ], [ -98.958586391135995, 19.814272564284021 ], [ -98.958592628828001, 19.814265686750993 ], [ -98.958598859263006, 19.814258803327988 ], [ -98.958605082435, 19.814251914022989 ], [ -98.958611298335995, 19.814245018842019 ], [ -98.958617506961005, 19.814238117792009 ], [ -98.958623708304003, 19.814231210880013 ], [ -98.958629902357998, 19.814224298113043 ], [ -98.958636089118002, 19.814217379498022 ], [ -98.958642268576995, 19.814210455040978 ], [ -98.958648440727998, 19.814203524748986 ], [ -98.958654605567006, 19.81419658862999 ], [ -98.958660763086002, 19.814189646690011 ], [ -98.958666913279998, 19.814182698935987 ], [ -98.958673056142004, 19.81417574537603 ], [ -98.958679191667002, 19.814168786014985 ], [ -98.958685319848016, 19.814161820861994 ], [ -98.958691440679004, 19.81415484992198 ], [ -98.958697554154, 19.81414787320298 ], [ -98.958703660265996, 19.814140890712036 ], [ -98.958709759011001, 19.814133902456 ], [ -98.958715850380997, 19.81412690844201 ], [ -98.958721934370999, 19.814119908676023 ], [ -98.958728010974994, 19.814112903166038 ], [ -98.958734080186005, 19.81410589191902 ], [ -98.958740141999002, 19.814098874940996 ], [ -98.958746196407006, 19.814091852240011 ], [ -98.958752243405002, 19.814084823821993 ], [ -98.958758282985997, 19.814077789695986 ], [ -98.958764315143995, 19.814070749867032 ], [ -98.958770339873993, 19.814063704341955 ], [ -98.958776357170009, 19.814056653129978 ], [ -98.958782367024, 19.814049596236011 ], [ -98.958788369432, 19.814042533667031 ], [ -98.958816892163995, 19.814008918581006 ], [ -98.958845269459999, 19.813975167672012 ], [ -98.958873505929006, 19.81394128547003 ], [ -98.958901606245007, 19.813907276451008 ], [ -98.958929575143003, 19.813873145035011 ], [ -98.958957417416016, 19.81383889559001 ], [ -98.958985137916017, 19.813804532432993 ], [ -98.959012741549998, 19.813770059830006 ], [ -98.959040233276994, 19.813735482001 ], [ -98.959067618104996, 19.813700803119985 ], [ -98.959094901094005, 19.813666027316 ], [ -98.959122087346998, 19.813631158678007 ], [ -98.959149182014002, 19.813596201254953 ], [ -98.959176190286001, 19.813561159057031 ], [ -98.959203117395006, 19.813526036061017 ], [ -98.959229968610003, 19.813490836208011 ], [ -98.959256749239003, 19.81345556340904 ], [ -98.959283464622004, 19.813420221543986 ], [ -98.959310120134006, 19.813384814468002 ], [ -98.959336721178005, 19.813349346010011 ], [ -98.959363273189993, 19.813313819977004 ], [ -98.959389781629, 19.813278240154009 ], [ -98.959416251983001, 19.813242610310002 ], [ -98.959442689761019, 19.813206934196 ], [ -98.959469100494999, 19.813171215551026 ], [ -98.959495489736, 19.813135458100998 ], [ -98.959521863055997, 19.813099665566011 ], [ -98.959548226040013, 19.813063841655023 ], [ -98.95957458429001, 19.813027990075994 ], [ -98.959600943420014, 19.812992114535021 ], [ -98.959627309056003, 19.812956218735 ], [ -98.961322785415007, 19.810647728515004 ], [ -98.961545476142007, 19.810325558143006 ], [ -98.961553906277999, 19.810313362018011 ], [ -98.961562335283006, 19.810301167065003 ], [ -98.961570762932993, 19.810288973146029 ], [ -98.961579189004993, 19.810276780123992 ], [ -98.961587613275, 19.810264587859997 ], [ -98.961596035520998, 19.810252396216974 ], [ -98.961604455520003, 19.81024020505502 ], [ -98.961612873047997, 19.810228014238021 ], [ -98.961621287881002, 19.810215823627026 ], [ -98.961629699797996, 19.810203633085003 ], [ -98.961638108574007, 19.81019144247503 ], [ -98.961646513987006, 19.810179251659008 ], [ -98.961654915813995, 19.810167060499982 ], [ -98.961663313830002, 19.810154868861986 ], [ -98.961671707814006, 19.810142676606976 ], [ -98.96168009754102, 19.810130483597998 ], [ -98.961688482789, 19.810118289701002 ], [ -98.961696863335007, 19.810106094777005 ], [ -98.961705238953996, 19.810093898692987 ], [ -98.96171360942401, 19.810081701311002 ], [ -98.961721974520003, 19.810069502496013 ], [ -98.961730334020999, 19.810057302114004 ], [ -98.961738687700006, 19.810045100029026 ], [ -98.961747035336003, 19.810032896106971 ], [ -98.961755376704005, 19.810020690213967 ], [ -98.961763711580005, 19.810008482215014 ], [ -98.961772039739003, 19.809996271976988 ], [ -98.961780360958997, 19.809984059366993 ], [ -98.961788675014006, 19.809971844252001 ], [ -98.961796981681005, 19.809959626497992 ], [ -98.961805294751997, 19.809947385314008 ], [ -98.962126783401004, 19.809462486884044 ], [ -98.962134800889004, 19.809450097308975 ], [ -98.962142812425995, 19.809437702450012 ], [ -98.962150818238001, 19.809425302441007 ], [ -98.96215881854701, 19.809412897414997 ], [ -98.962166813577994, 19.809400487506011 ], [ -98.962174803555001, 19.809388072847014 ], [ -98.962182788701995, 19.809375653570989 ], [ -98.962190769246007, 19.80936322981103 ], [ -98.962198745411001, 19.80935080169801 ], [ -98.962206717423001, 19.809338369366007 ], [ -98.962214685505998, 19.80932593294499 ], [ -98.962222649888005, 19.809313492569004 ], [ -98.962230610793995, 19.809301048367992 ], [ -98.962238568450005, 19.809288600474016 ], [ -98.962246523084019, 19.809276149018022 ], [ -98.962254474922005, 19.809263694132003 ], [ -98.962262424190001, 19.809251235946 ], [ -98.962270371116006, 19.809238774591016 ], [ -98.962278315926994, 19.809226310197968 ], [ -98.962286258850995, 19.809213842897996 ], [ -98.962294200114002, 19.809201372821985 ], [ -98.962302139946004, 19.809188900098999 ], [ -98.962310078574021, 19.809176424860024 ], [ -98.962318016224998, 19.809163947235 ], [ -98.962333889969017, 19.809138987573018 ], [ -98.962304395551016, 19.808995574970986 ], [ -98.963536069319005, 19.807112723865004 ], [ -98.964684796949001, 19.80526949012701 ], [ -98.965316886099004, 19.804333798387987 ], [ -98.965335944990997, 19.804299889803989 ], [ -98.965428772235995, 19.804141015631007 ], [ -98.965521511017002, 19.803982550519002 ], [ -98.965614505188015, 19.803823916184012 ], [ -98.965709665214007, 19.803666456733975 ], [ -98.965804983508008, 19.80351114731198 ], [ -98.965891177770999, 19.80335047433999 ], [ -98.965983023194994, 19.803191261046997 ], [ -98.966074149270014, 19.803032487502001 ], [ -98.966165385812999, 19.802873513470015 ], [ -98.966257728117995, 19.802715388763026 ], [ -98.966348263285994, 19.802556562450036 ], [ -98.966438649717006, 19.80239747927801 ], [ -98.966528709741993, 19.802237616331976 ], [ -98.966622199124004, 19.802079799839991 ], [ -98.966713238455995, 19.801921169307001 ], [ -98.966805184186001, 19.801762592103998 ], [ -98.966897481851007, 19.801604146731012 ], [ -98.966990596347003, 19.801446609275999 ], [ -98.967081071940001, 19.801287660023959 ], [ -98.967166822145998, 19.801139773907007 ], [ -98.968534335512004, 19.798781296559994 ], [ -98.968581449978004, 19.798806401591005 ], [ -98.968692744544995, 19.798619776722013 ], [ -98.968783610878006, 19.79846081075296 ], [ -98.968875753983994, 19.798302506957999 ], [ -98.968966836904002, 19.798143653281993 ], [ -98.969057473383003, 19.797984568079016 ], [ -98.969151105358009, 19.797827036842023 ], [ -98.969242532696001, 19.79766836195104 ], [ -98.969334115590996, 19.797509767792 ], [ -98.96942546386002, 19.797351052065967 ], [ -98.969517078115999, 19.797192474312002 ], [ -98.969607789693001, 19.79703342832801 ], [ -98.969698455886999, 19.796874358940009 ], [ -98.969789121797007, 19.796715289407015 ], [ -98.969881041020017, 19.796556869968988 ], [ -98.969973212086018, 19.796398581297009 ], [ -98.970066643894995, 19.796240946532006 ], [ -98.970158420136997, 19.796082453110962 ], [ -98.970253254840003, 19.795925546209986 ], [ -98.970298639343994, 19.795850490821991 ], [ -98.971227707585001, 19.79424579811301 ], [ -98.973983261715006, 19.789486167582034 ], [ -98.973892688774001, 19.789439187525964 ], [ -98.973987296350998, 19.789228189743994 ], [ -98.974026277477009, 19.789145126120022 ], [ -98.974068159032001, 19.789063337211001 ], [ -98.974112894559013, 19.788982913730003 ], [ -98.97483350601, 19.78773815113297 ], [ -98.974945179692, 19.787796075964017 ], [ -98.977486219794997, 19.783447995136008 ], [ -98.978545790322997, 19.78165391100999 ], [ -98.978686388002998, 19.781487775989969 ], [ -98.978803175227, 19.781320194364998 ], [ -98.978904988900993, 19.781144785782011 ], [ -98.978993578924005, 19.780992867597003 ], [ -98.979083427315004, 19.780841729335009 ], [ -98.979187927586011, 19.780670728401034 ], [ -98.979287451868004, 19.780514178645998 ], [ -98.979394354755001, 19.780352914185009 ], [ -98.979469212943997, 19.780244230763014 ], [ -98.979572282068006, 19.78009928840499 ], [ -98.979696046059004, 19.779931974882 ], [ -98.979819358387005, 19.779771767654999 ], [ -98.979942688587997, 19.779617672642004 ], [ -98.980050713127014, 19.779487030381009 ], [ -98.980188153760011, 19.779326705818001 ], [ -98.980330144757019, 19.779167831979994 ], [ -98.980470643047994, 19.779015941097963 ], [ -98.980558949270005, 19.778923970134997 ], [ -98.980710676117994, 19.778769779482005 ], [ -98.980857343802995, 19.778627194835025 ], [ -98.980922569005998, 19.778565225546998 ], [ -98.980992414940999, 19.778500465097991 ], [ -98.981045491103998, 19.778452258397991 ], [ -98.981171211174001, 19.778340799681011 ], [ -98.981311618663, 19.778219261871019 ], [ -98.981460986520005, 19.778094972675024 ], [ -98.981609727011019, 19.777974206365016 ], [ -98.981772781116007, 19.777846656583986 ], [ -98.981948116298, 19.777715522039021 ], [ -98.98198557485, 19.777688019249005 ], [ -98.982035754284993, 19.777651815655005 ], [ -98.982065168842993, 19.777630887791009 ], [ -98.982143153221998, 19.777575876884001 ], [ -98.982218402179001, 19.777523563019976 ], [ -98.982298297981004, 19.777469283816014 ], [ -98.982379208591993, 19.777415301041998 ], [ -98.982461126548998, 19.777361725679018 ], [ -98.982537625589998, 19.777312596532003 ], [ -98.982615108337001, 19.777263585650985 ], [ -98.982696857102994, 19.777213015877994 ], [ -98.982788085018996, 19.777157471174998 ], [ -98.982867959231996, 19.777109901580957 ], [ -98.982930993170001, 19.777072999885032 ], [ -98.983039333653011, 19.777010266765984 ], [ -98.983115210858003, 19.776966364463046 ], [ -98.983161964394995, 19.776941351849011 ], [ -98.983221357153994, 19.776909367618998 ], [ -98.983292499314999, 19.776871994444971 ], [ -98.983335067850007, 19.776849801848989 ], [ -98.983397775368005, 19.776817106335002 ], [ -98.983492246599013, 19.776769495702997 ], [ -98.983583629292994, 19.776724050724983 ], [ -98.983681993944003, 19.776675829159998 ], [ -98.983790006787004, 19.776624302615993 ], [ -98.983882161265001, 19.776581610162001 ], [ -98.983980522626993, 19.77653683201504 ], [ -98.984085452699006, 19.776490789527966 ], [ -98.984121953545994, 19.776475143781035 ], [ -98.984201426248006, 19.776441078514992 ], [ -98.984319572765003, 19.776391831807981 ], [ -98.984438966282994, 19.776343588684998 ], [ -98.984565997472004, 19.776293679000023 ], [ -98.984589038102996, 19.776284992792995 ], [ -98.984842611462, 19.776165616070994 ], [ -98.984843150584993, 19.776166874546991 ], [ -98.984928209005005, 19.776129078627026 ], [ -98.984883002261, 19.776180829226 ], [ -98.984882857772007, 19.776187409317981 ], [ -98.984884422329998, 19.776194246719978 ], [ -98.984893964327995, 19.77619131527802 ], [ -98.985152659890005, 19.776111839963029 ], [ -98.985292206593002, 19.775967309640027 ], [ -98.985294706749997, 19.775966198733006 ], [ -98.985297908573003, 19.775964776097002 ], [ -98.985301110414994, 19.775963353499026 ], [ -98.985304312267004, 19.775961930946011 ], [ -98.985305914970994, 19.775961218911025 ], [ -98.985307517695006, 19.775960506913986 ], [ -98.985309120436, 19.775959794954005 ], [ -98.985310723197003, 19.775959083031008 ], [ -98.985312325975002, 19.775958371146022 ], [ -98.985313928772996, 19.775957659297983 ], [ -98.985315531588995, 19.775956947488009 ], [ -98.985317134422999, 19.775956235715014 ], [ -98.985318737266994, 19.775955523988998 ], [ -98.985321409517994, 19.775954337509962 ], [ -98.985324081830001, 19.775953151154994 ], [ -98.985326754203996, 19.775951964926005 ], [ -98.985329426640007, 19.775950778821986 ], [ -98.985332099138006, 19.775949592841986 ], [ -98.985334771696998, 19.775948406988039 ], [ -98.985337444319015, 19.775947221258022 ], [ -98.985340117001996, 19.775946035653007 ], [ -98.985342789737999, 19.775944850182022 ], [ -98.985344930102997, 19.77594390097299 ], [ -98.985347070529997, 19.775942951890016 ], [ -98.985349211018004, 19.775942002931004 ], [ -98.985351351568994, 19.775941054097004 ], [ -98.985353492181005, 19.775940105388983 ], [ -98.985355632855004, 19.775939156804995 ], [ -98.985357773592, 19.775938208347011 ], [ -98.985359914388994, 19.775937260013009 ], [ -98.985362055240003, 19.775936311814 ], [ -98.985364625534999, 19.775935173624003 ], [ -98.985367195932994, 19.775934035645029 ], [ -98.985369766435994, 19.775932897875013 ], [ -98.985372337041994, 19.775931760315974 ], [ -98.985374907752004, 19.775930622968012 ], [ -98.985377478565994, 19.775929485828971 ], [ -98.985380049484007, 19.77592834890098 ], [ -98.985382620505007, 19.775927212183017 ], [ -98.985385191621006, 19.77592607568501 ], [ -98.985387443655995, 19.775925080464035 ], [ -98.985389695794012, 19.775924085453958 ], [ -98.985391948035996, 19.775923090655031 ], [ -98.985394200380995, 19.775922096066004 ], [ -98.985396452830997, 19.775921101687999 ], [ -98.985398705384, 19.775920107519983 ], [ -98.985400958040003, 19.775919113562995 ], [ -98.985403210800996, 19.775918119816982 ], [ -98.985405463655994, 19.775917126289983 ], [ -98.985407993710993, 19.77591601083402 ], [ -98.985410523911, 19.775914895673989 ], [ -98.985413054256, 19.775913780808999 ], [ -98.985415584747003, 19.775912666240014 ], [ -98.985418115383993, 19.775911551967035 ], [ -98.985420646164997, 19.775910437989008 ], [ -98.985423177092002, 19.775909324308014 ], [ -98.985425708164001, 19.775908210921994 ], [ -98.985428239372013, 19.775907097840005 ], [ -98.985430542862005, 19.775906085234979 ], [ -98.985432846497005, 19.775905072926992 ], [ -98.985435150277993, 19.775904060913991 ], [ -98.985437454203009, 19.775903049198003 ], [ -98.985439758273998, 19.775902037777026 ], [ -98.985442062489, 19.775901026652992 ], [ -98.985444366850018, 19.775900015824977 ], [ -98.985446671356002, 19.775899005293997 ], [ -98.985448975997016, 19.775897995067016 ], [ -98.985451486879995, 19.77589689485799 ], [ -98.985453997950003, 19.775895795030994 ], [ -98.985456509204994, 19.775894695584014 ], [ -98.985459020646999, 19.775893596519992 ], [ -98.985461532276005, 19.77589249783702 ], [ -98.985464044089994, 19.775891399534981 ], [ -98.985466556090998, 19.775890301615 ], [ -98.985469068277993, 19.775889204077018 ], [ -98.985471580641999, 19.775888106929994 ], [ -98.985473916008999, 19.775887087518001 ], [ -98.985476251563014, 19.775886068489037 ], [ -98.985478587301998, 19.775885049842003 ], [ -98.985480923227001, 19.775884031576997 ], [ -98.985483259339006, 19.775883013694006 ], [ -98.985485595636007, 19.775881996192989 ], [ -98.985487932118005, 19.775880979075023 ], [ -98.985490268787004, 19.77587996233903 ], [ -98.985492605632004, 19.775878945993988 ], [ -98.985583760490002, 19.775839671776996 ], [ -98.985675201164995, 19.775800997592004 ], [ -98.985766923249997, 19.775762925302011 ], [ -98.985858922323999, 19.775725456742013 ], [ -98.985951193952999, 19.775688593717998 ], [ -98.986043733688007, 19.77565233800799 ], [ -98.986136537071005, 19.775616691357964 ], [ -98.986229599626995, 19.775581655486004 ], [ -98.986322916863003, 19.775547232091004 ], [ -98.986325316353998, 19.775546356246995 ], [ -98.986327716003998, 19.775545480797007 ], [ -98.986330115813999, 19.775544605739015 ], [ -98.986332515783999, 19.775543731073974 ], [ -98.986334915914, 19.775542856801042 ], [ -98.986337316203006, 19.775541982920998 ], [ -98.986339716651997, 19.775541109434027 ], [ -98.986342117259994, 19.775540236339019 ], [ -98.986344518018001, 19.775539363645994 ], [ -98.986347101110994, 19.775538425135046 ], [ -98.986349684364001, 19.775537487016017 ], [ -98.986352267775004, 19.775536549289995 ], [ -98.986354851345993, 19.775535611956002 ], [ -98.986357435075007, 19.775534675014029 ], [ -98.986360018962998, 19.775533738464997 ], [ -98.986362603008999, 19.775532802308973 ], [ -98.986365187215, 19.775531866544995 ], [ -98.986367771568993, 19.775530931181997 ], [ -98.986370143962006, 19.775530072912009 ], [ -98.986372516478994, 19.77552921494701 ], [ -98.986374889117997, 19.775528357285985 ], [ -98.986377261879994, 19.775527499931002 ], [ -98.986379634765001, 19.775526642880003 ], [ -98.986382007773003, 19.775525786134978 ], [ -98.986384380904013, 19.775524929694015 ], [ -98.986386754156996, 19.775524073559026 ], [ -98.986389127525001, 19.775523217737959 ], [ -98.986391735823005, 19.775522277562015 ], [ -98.986394344244999, 19.775521337691035 ], [ -98.986396952787999, 19.775520398125007 ], [ -98.986399561453993, 19.775519458862977 ], [ -98.986402170242997, 19.775518519907006 ], [ -98.986404779154, 19.775517581254991 ], [ -98.986407388187999, 19.775516642907991 ], [ -98.986409997343003, 19.775515704865992 ], [ -98.986412606612006, 19.775514767137977 ], [ -98.986414930237999, 19.775513932339997 ], [ -98.986417253951004, 19.775513097758989 ], [ -98.986419577749999, 19.775512263396024 ], [ -98.986421901637001, 19.775511429248983 ], [ -98.986424225611003, 19.775510595320025 ], [ -98.986426549672004, 19.775509761608003 ], [ -98.986428873818994, 19.775508928112998 ], [ -98.986431198054007, 19.775508094835995 ], [ -98.986433522366994, 19.77550726178502 ], [ -98.986436176229006, 19.775506310880019 ], [ -98.986438830178002, 19.775505360192007 ], [ -98.986441484213998, 19.775504409721012 ], [ -98.986444138337006, 19.775503459468016 ], [ -98.986446792546005, 19.775502509430972 ], [ -98.986449446842016, 19.775501559611975 ], [ -98.986452101224998, 19.775500610009011 ], [ -98.986454755693998, 19.775499660624028 ], [ -98.986457410241002, 19.775498711464998 ], [ -98.986459621422995, 19.775497921006991 ], [ -98.986461832654996, 19.775497130680009 ], [ -98.986464043940003, 19.775496340481016 ], [ -98.986466255275005, 19.775495550411012 ], [ -98.986468466662998, 19.775494760470998 ], [ -98.986470678101995, 19.775493970659028 ], [ -98.986472889591994, 19.775493180976991 ], [ -98.986475101134005, 19.775492391425011 ], [ -98.986477312718009, 19.775491602009989 ], [ -98.986480074536999, 19.775490616350002 ], [ -98.986482836408996, 19.775489630819024 ], [ -98.986485598331001, 19.775488645417028 ], [ -98.986488360305003, 19.775487660145011 ], [ -98.986491122329994, 19.775486675001002 ], [ -98.986493884406997, 19.775485689987001 ], [ -98.986496646535002, 19.775484705101004 ], [ -98.986499408713996, 19.775483720344955 ], [ -98.986502170936006, 19.775482735727 ], [ -98.986503827812996, 19.775482145180995 ], [ -98.986505484705006, 19.775481554674002 ], [ -98.986507141611995, 19.775480964204984 ], [ -98.986508798534999, 19.775480373776009 ], [ -98.986510455474004, 19.775479783384974 ], [ -98.986512112428002, 19.775479193032005 ], [ -98.986513769397007, 19.775478602719009 ], [ -98.986515426381018, 19.775478012444001 ], [ -98.986517083372007, 19.77547742221703 ], [ -98.986520393752997, 19.775476243101014 ], [ -98.986523704148993, 19.775475064022999 ], [ -98.986527014561005, 19.775473884983995 ], [ -98.98653032498801, 19.775472705984036 ], [ -98.986533635430007, 19.77547152702201 ], [ -98.986536945888005, 19.775470348099013 ], [ -98.986540256360996, 19.775469169213967 ], [ -98.986543566848994, 19.775467990367964 ], [ -98.986546877351003, 19.775466811561994 ], [ -98.988215717969993, 19.774872570639999 ], [ -98.988256881287995, 19.77484045538402 ], [ -98.988349058751993, 19.774795069451006 ], [ -98.988510367565993, 19.774735748845011 ], [ -98.989421317332003, 19.774465103960988 ], [ -98.989953274152001, 19.774361985982001 ], [ -98.989959316666003, 19.774360877929016 ], [ -98.989965351202002, 19.774359770841002 ], [ -98.989971377659998, 19.77435866423901 ], [ -98.989977395943995, 19.77435755764699 ], [ -98.989983405954007, 19.774356450590009 ], [ -98.989989407593001, 19.774355342595015 ], [ -98.989995400762993, 19.774354233192007 ], [ -98.990001385365005, 19.774353121912998 ], [ -98.990007361300016, 19.774352008289995 ], [ -98.990013328467995, 19.774350891859051 ], [ -98.990019286768003, 19.774349772158999 ], [ -98.990025236099996, 19.77434864872799 ], [ -98.990031176361001, 19.774347521107995 ], [ -98.990037107446, 19.774346388845014 ], [ -98.990043029253002, 19.774345251483037 ], [ -98.990048941674999, 19.774344108571015 ], [ -98.990054844604003, 19.774342959660981 ], [ -98.990060737931998, 19.774341804304964 ], [ -98.990066621547001, 19.774340642057993 ], [ -98.990072495337998, 19.774339472478008 ], [ -98.990078359191017, 19.774338295124995 ], [ -98.990084212987995, 19.774337109561014 ], [ -98.990090056612004, 19.774335915351024 ], [ -98.990095889942012, 19.774334712063038 ], [ -98.990101712854994, 19.774333499266032 ], [ -98.990107525226009, 19.774332276530995 ], [ -98.990113326925993, 19.774331043434962 ], [ -98.990119117825998, 19.77432979955401 ], [ -98.990124897792015, 19.774328544468986 ], [ -98.990130666688003, 19.774327277761 ], [ -98.990136424375009, 19.774325999016966 ], [ -98.990313660533999, 19.774279144024 ], [ -98.990319285010003, 19.774277413724985 ], [ -98.990324912484994, 19.774275667633994 ], [ -98.990330543067003, 19.774273906173011 ], [ -98.990336176867999, 19.774272129766004 ], [ -98.990341814003997, 19.774270338836004 ], [ -98.990347454594996, 19.774268533811004 ], [ -98.990353098764999, 19.774266715116013 ], [ -98.990358746639004, 19.774264883178997 ], [ -98.990364398349001, 19.774263038427012 ], [ -98.990370054028006, 19.774261181290999 ], [ -98.990375713812995, 19.774259312200979 ], [ -98.990381377844997, 19.774257431586975 ], [ -98.990387046264999, 19.774255539883018 ], [ -98.990392719221006, 19.774253637521028 ], [ -98.990398396862005, 19.77425172493701 ], [ -98.990404079336997, 19.774249802566981 ], [ -98.990409766802998, 19.774247870846011 ], [ -98.990415459413995, 19.774245930214011 ], [ -98.990421157330999, 19.774243981109993 ], [ -98.99042686071401, 19.774242023973986 ], [ -98.990432569725996, 19.774240059247997 ], [ -98.990438284532004, 19.774238087375981 ], [ -98.990444005300006, 19.774236108802985 ], [ -98.990449732198996, 19.774234123974992 ], [ -98.990455465398, 19.774232133339016 ], [ -98.990461205071, 19.774230137345011 ], [ -98.990466951390005, 19.774228136443014 ], [ -98.990472704531001, 19.774226131085012 ], [ -98.990478464668996, 19.774224121726981 ], [ -98.990484231981, 19.774222108822009 ], [ -98.990490006645999, 19.774220092829005 ], [ -98.990827606316003, 19.774102227922 ], [ -98.990857598888013, 19.774092963223033 ], [ -98.990907648030003, 19.774077080583972 ], [ -98.990957560693005, 19.774060817661994 ], [ -98.990959931614995, 19.774060034580994 ], [ -98.990962302230002, 19.774059250668028 ], [ -98.990964672537999, 19.774058465924977 ], [ -98.990967042538998, 19.774057680350008 ], [ -98.990969412232019, 19.774056893945009 ], [ -98.990971781618001, 19.77405610670797 ], [ -98.990974150694996, 19.77405531864099 ], [ -98.990976519463999, 19.77405452974298 ], [ -98.990978887915006, 19.774053740024041 ], [ -98.990981444178999, 19.774052886704006 ], [ -98.990984000132997, 19.774052032552042 ], [ -98.990986555776004, 19.774051177567006 ], [ -98.990989111108007, 19.774050321750998 ], [ -98.990991666129005, 19.774049465101978 ], [ -98.990994220838999, 19.774048607621999 ], [ -98.990996775238017, 19.77404774930999 ], [ -98.990999329323998, 19.774046890166002 ], [ -98.991001883088998, 19.774046030199962 ], [ -98.991004230806993, 19.774045238819017 ], [ -98.991006578281002, 19.774044446790995 ], [ -98.991008925512006, 19.77404365411601 ], [ -98.991011272498994, 19.774042860794001 ], [ -98.991013619241997, 19.774042066826006 ], [ -98.991015965740999, 19.774041272211999 ], [ -98.991018311996001, 19.77404047695099 ], [ -98.991020658005993, 19.774039681043014 ], [ -98.991023003761995, 19.774038884498985 ], [ -98.991025589835999, 19.774038005576035 ], [ -98.991028175664994, 19.77403712600502 ], [ -98.991030761247004, 19.774036245787006 ], [ -98.991033346582995, 19.774035364920998 ], [ -98.991035931672997, 19.77403448340797 ], [ -98.991038516516994, 19.77403360124698 ], [ -98.991041101114007, 19.77403271843901 ], [ -98.991043685464007, 19.774031834983976 ], [ -98.991046269557998, 19.774030950889991 ], [ -98.991048574152003, 19.774030161829018 ], [ -98.991050878568998, 19.774029372305993 ], [ -98.991053182810006, 19.774028582321954 ], [ -98.991055486874004, 19.774027791875994 ], [ -98.991057790761019, 19.774027000968008 ], [ -98.991060094470996, 19.774026209598009 ], [ -98.991062398004999, 19.774025417766964 ], [ -98.991064701360997, 19.774024625475029 ], [ -98.991067004531004, 19.774023832730009 ], [ -98.991069642648, 19.774022924129024 ], [ -98.991072280587005, 19.774022015066009 ], [ -98.991074918348019, 19.774021105541021 ], [ -98.991077555931994, 19.774020195552975 ], [ -98.991080193336998, 19.774019285102025 ], [ -98.991082830563997, 19.774018374189019 ], [ -98.991085467613004, 19.774017462813994 ], [ -98.991088104482998, 19.774016550976999 ], [ -98.991090741166005, 19.77401563868597 ], [ -98.991092940653999, 19.774014877285008 ], [ -98.991095140035, 19.774014115608011 ], [ -98.991097339310002, 19.774013353655981 ], [ -98.991099538477997, 19.774012591428999 ], [ -98.991101737540006, 19.774011828925993 ], [ -98.991103936494994, 19.774011066146979 ], [ -98.991106135343998, 19.774010303094006 ], [ -98.991108334085993, 19.774009539765004 ], [ -98.991110532712, 19.774008776168973 ], [ -98.991113287287007, 19.774007819130965 ], [ -98.991116041755006, 19.774006861815998 ], [ -98.991118796115998, 19.774005904224975 ], [ -98.991121550369996, 19.774004946358019 ], [ -98.991124304517015, 19.774003988215004 ], [ -98.991127058556003, 19.77400302979601 ], [ -98.991129812489021, 19.774002071101997 ], [ -98.991132566313993, 19.774001112130989 ], [ -98.991135320023005, 19.774000152894004 ], [ -98.991136973343004, 19.77399957682502 ], [ -98.991138626632008, 19.773999000673026 ], [ -98.991140279888, 19.773998424437998 ], [ -98.991141933112004, 19.773997848121002 ], [ -98.99114358630402, 19.773997271721029 ], [ -98.991145239464018, 19.773996695238051 ], [ -98.991146892591004, 19.77399611867197 ], [ -98.991148545686997, 19.773995542023009 ], [ -98.991150198740002, 19.773994965301004 ], [ -98.991153513347001, 19.773993808739014 ], [ -98.991156827919994, 19.773992652093018 ], [ -98.991160142461993, 19.773991495364996 ], [ -98.991163456970995, 19.773990338552998 ], [ -98.991166771447993, 19.773989181657996 ], [ -98.991170085891994, 19.773988024680978 ], [ -98.991173400304007, 19.77398686762001 ], [ -98.991176714682993, 19.773985710475987 ], [ -98.991180029030005, 19.773984553249999 ], [ -98.992250543005994, 19.773599214040978 ], [ -98.99239571951901, 19.773449644680998 ], [ -98.992499791857995, 19.773415831507993 ], [ -98.992574546723006, 19.773405075351004 ], [ -98.992994296698996, 19.773250589840956 ], [ -98.993906468234002, 19.772931396432021 ], [ -98.993915874075995, 19.772931766730984 ], [ -98.993960605406997, 19.772916606562003 ], [ -98.993967197965006, 19.772911332438003 ], [ -98.994121015060003, 19.772859256367017 ], [ -98.994313137977997, 19.772789390622968 ], [ -98.995726138783994, 19.772307398283996 ], [ -98.995751226445009, 19.772298061131988 ], [ -98.995813018651006, 19.772275180033997 ], [ -98.995874852577998, 19.772252400190972 ], [ -98.995936728041997, 19.772229721669 ], [ -98.995969092177006, 19.772217920527996 ], [ -98.998050137169002, 19.771496801022021 ], [ -98.998798281915995, 19.77122609710899 ], [ -98.999880896777995, 19.770845068701977 ], [ -98.999916090777006, 19.770860284294997 ], [ -99.000118205448004, 19.770762359920006 ], [ -99.000166562619, 19.770745493142009 ], [ -99.000292056080994, 19.770794755004033 ], [ -99.000301060463002, 19.770791775220999 ], [ -99.000310063436999, 19.770788791627012 ], [ -99.000319065, 19.770785804221994 ], [ -99.00032806515101, 19.770782813006996 ], [ -99.000337063887997, 19.770779817983016 ], [ -99.000346061209996, 19.770776819149997 ], [ -99.000355057114007, 19.770773816508985 ], [ -99.000364051597998, 19.770770810060984 ], [ -99.000373044661998, 19.770767799805 ], [ -99.000382036302994, 19.770764785743008 ], [ -99.000391026518997, 19.770761767875012 ], [ -99.000400015308003, 19.770758746202002 ], [ -99.000409002669002, 19.770755720724004 ], [ -99.000417988600006, 19.770752691443004 ], [ -99.000426973100005, 19.770749658357975 ], [ -99.000435956165006, 19.77074662147 ], [ -99.000444937794995, 19.770743580779989 ], [ -99.000453917987997, 19.770740536289004 ], [ -99.000462896741993, 19.77073748799598 ], [ -99.000471874054995, 19.770734435903989 ], [ -99.000480849924998, 19.770731380010993 ], [ -99.000489824351007, 19.770728320320003 ], [ -99.000498797331005, 19.770725256830026 ], [ -99.000507768861993, 19.770722189541974 ], [ -99.000516738944, 19.770719118456981 ], [ -99.000525707574013, 19.770716043574964 ], [ -99.000534674750995, 19.770712964896958 ], [ -99.000543640472003, 19.770709882423997 ], [ -99.000552604736995, 19.77070679615602 ], [ -99.000561567543002, 19.770703706094007 ], [ -99.000570528888005, 19.770700612238009 ], [ -99.000579488770001, 19.770697514588999 ], [ -99.000588447189003, 19.770694413148021 ], [ -99.000597404141999, 19.770691307914994 ], [ -99.000606359626005, 19.770688198890994 ], [ -99.000615313642001, 19.770685086076984 ], [ -99.000624266186009, 19.770681969473006 ], [ -99.000633217257004, 19.77067884907899 ], [ -99.000642166852998, 19.770675724896968 ], [ -99.000651114972001, 19.770672596926982 ], [ -99.000660061613004, 19.77066946517003 ], [ -99.000669006773009, 19.770666329626017 ], [ -99.000677950451006, 19.770663190296005 ], [ -99.000686892646002, 19.770660047179991 ], [ -99.000695833354996, 19.770656900279988 ], [ -99.000704772576, 19.770653749595002 ], [ -99.000713710309, 19.770650595127009 ], [ -99.000722646550003, 19.770647436875034 ], [ -99.000731581297998, 19.770644274841999 ], [ -99.000740514552007, 19.770641109027029 ], [ -99.000749446309996, 19.770637939430038 ], [ -99.000758376568996, 19.770634766053035 ], [ -99.000767305329006, 19.770631588896993 ], [ -99.000776232586006, 19.770628407960992 ], [ -99.000785158341003, 19.770625223247016 ], [ -99.000794082588996, 19.770622034754989 ], [ -99.000803005330994, 19.770618842485984 ], [ -99.000811926563998, 19.770615646439982 ], [ -99.000820846286999, 19.770612446617989 ], [ -99.000829764496999, 19.77060924302101 ], [ -99.000838681191993, 19.770606035648978 ], [ -99.000847596371997, 19.770602824502987 ], [ -99.000856510033998, 19.770599609584004 ], [ -99.000865422176005, 19.770596390892006 ], [ -99.000874332796997, 19.770593168428007 ], [ -99.000883241894996, 19.770589942191993 ], [ -99.000892149468001, 19.770586712186002 ], [ -99.000901055515001, 19.770583478409005 ], [ -99.000909960032004, 19.770580240863001 ], [ -99.000918863020004, 19.770576999547959 ], [ -99.000927764476003, 19.770573754464991 ], [ -99.000936664397003, 19.770570505613978 ], [ -99.000945562783997, 19.770567252996013 ], [ -99.000954459631998, 19.770563996612001 ], [ -99.000963354942002, 19.770560736461992 ], [ -99.000972248710994, 19.770557472547008 ], [ -99.000981140937, 19.770554204868006 ], [ -99.000990031618997, 19.770550933426012 ], [ -99.000998920754, 19.770547658220011 ], [ -99.001007808341001, 19.77054437925197 ], [ -99.001016694379004, 19.770541096522003 ], [ -99.001025578865011, 19.770537810030991 ], [ -99.001034461797005, 19.770534519779982 ], [ -99.001043343174999, 19.770531225768973 ], [ -99.001052222995, 19.770527927999002 ], [ -99.001061101256994, 19.770524626469989 ], [ -99.001069977957997, 19.770521321183967 ], [ -99.001078853097994, 19.770518012141046 ], [ -99.001087726673006, 19.77051469934101 ], [ -99.001096598681997, 19.770511382784985 ], [ -99.001105469123999, 19.770508062475002 ], [ -99.001114337996, 19.770504738408956 ], [ -99.001123205297006, 19.770501410590011 ], [ -99.001132071026007, 19.77049807901799 ], [ -99.001140935180004, 19.770494743694027 ], [ -99.001149797756995, 19.770491404618028 ], [ -99.001158658755998, 19.770488061790008 ], [ -99.001167518174995, 19.770484715211978 ], [ -99.001176376013007, 19.770481364884969 ], [ -99.001185232267005, 19.77047801080802 ], [ -99.001194086935001, 19.770474652983005 ], [ -99.001202940016995, 19.770471291410026 ], [ -99.001211791510002, 19.770467926090017 ], [ -99.001220641412004, 19.770464557023018 ], [ -99.001229489722007, 19.770461184210994 ], [ -99.001238336436998, 19.770457807652967 ], [ -99.001247181557005, 19.770454427351979 ], [ -99.001256025079002, 19.770451043306029 ], [ -99.001264867002007, 19.770447655518005 ], [ -99.001273707322994, 19.770444263986978 ], [ -99.001282546042006, 19.770440868713994 ], [ -99.001291383155007, 19.770437469701012 ], [ -99.001300218663005, 19.770434066947001 ], [ -99.001309052561993, 19.770430660452995 ], [ -99.001317884851005, 19.770427250221019 ], [ -99.001326715527995, 19.770423836250014 ], [ -99.001335544591015, 19.770420418541008 ], [ -99.001344372039, 19.770416997096007 ], [ -99.001353197870998, 19.770413571913966 ], [ -99.001362022083001, 19.770410142997019 ], [ -99.001370844674, 19.770406710345004 ], [ -99.001379665643995, 19.770403273958962 ], [ -99.001388484988993, 19.770399833839015 ], [ -99.001397302708, 19.770396389986022 ], [ -99.001406118798997, 19.770392942402001 ], [ -99.001414933261003, 19.770389491085979 ], [ -99.001423746092001, 19.770386036039021 ], [ -99.001432557290002, 19.770382577262001 ], [ -99.001441366853001, 19.770379114756004 ], [ -99.001450174778995, 19.770375648521 ], [ -99.001458981067998, 19.770372178558016 ], [ -99.001467785716002, 19.770368704868005 ], [ -99.001476588722994, 19.770365227450977 ], [ -99.001485390084994, 19.770361746308019 ], [ -99.001494189802997, 19.770358261439998 ], [ -99.001502987874005, 19.770354772847995 ], [ -99.001511784296, 19.770351280532005 ], [ -99.001520579067005, 19.770347784493005 ], [ -99.001529372185999, 19.770344284730974 ], [ -99.00153816365102, 19.770340781247995 ], [ -99.001546953459993, 19.770337274042998 ], [ -99.001555741611, 19.770333763119002 ], [ -99.001564528103003, 19.770330248474007 ], [ -99.001573312933999, 19.770326730111019 ], [ -99.001582096101998, 19.77032320803 ], [ -99.001590877604997, 19.770319682231005 ], [ -99.001599657442, 19.770316152715008 ], [ -99.001608435611004, 19.770312619483985 ], [ -99.001617212110006, 19.77030908253704 ], [ -99.001625986937015, 19.770305541874993 ], [ -99.001634760090994, 19.770301997499004 ], [ -99.001643531570011, 19.770298449409999 ], [ -99.001652301370996, 19.770294897608963 ], [ -99.001661069495015, 19.770291342096037 ], [ -99.001669835936994, 19.770287782871005 ], [ -99.001678600698, 19.770284219936002 ], [ -99.001687363773996, 19.770280653291991 ], [ -99.001696125165012, 19.770277082938037 ], [ -99.001704884869, 19.770273508876993 ], [ -99.001713642883004, 19.770269931106998 ], [ -99.001722399206002, 19.770266349631036 ], [ -99.001731153837, 19.770262764448994 ], [ -99.001739906772997, 19.77025917556103 ], [ -99.001748658013, 19.770255582969043 ], [ -99.001757407555004, 19.770251986672033 ], [ -99.001766155398002, 19.77024838667295 ], [ -99.001774901538994, 19.770244782970995 ], [ -99.001783645977, 19.770241175567001 ], [ -99.001792388709006, 19.770237564461986 ], [ -99.001801129735995, 19.770233949656994 ], [ -99.001809869053005, 19.770230331152021 ], [ -99.001818606661004, 19.770226708948027 ], [ -99.001827342556993, 19.770223083045991 ], [ -99.001836076738996, 19.770219453446 ], [ -99.001844809204997, 19.770215820150007 ], [ -99.001853539954993, 19.77021218315701 ], [ -99.001862268985008, 19.770208542470041 ], [ -99.001870996294997, 19.770204898087997 ], [ -99.001879721883, 19.770201250011016 ], [ -99.001888445746005, 19.77019759824201 ], [ -99.001897167883001, 19.770193942781013 ], [ -99.001905888292995, 19.77019028362799 ], [ -99.001914606973997, 19.770186620783988 ], [ -99.001923323922995, 19.770182954250028 ], [ -99.001932039139007, 19.770179284025993 ], [ -99.001940752620996, 19.77017561011299 ], [ -99.001949464367001, 19.770171932512998 ], [ -99.001958174373996, 19.770168251226011 ], [ -99.001966882641995, 19.770164566250987 ], [ -99.001975589167998, 19.770160877591991 ], [ -99.001984293950997, 19.770157185246983 ], [ -99.001992996987994, 19.770153489217002 ], [ -99.002001698279017, 19.770149789505009 ], [ -99.002010397822005, 19.770146086109001 ], [ -99.002019095614003, 19.770142379031995 ], [ -99.002027791654001, 19.770138668273038 ], [ -99.002036485939996, 19.770134953833018 ], [ -99.002045178470993, 19.77013123571399 ], [ -99.002053869245003, 19.770127513914979 ], [ -99.002062558258999, 19.77012378843801 ], [ -99.002071245512994, 19.770120059283997 ], [ -99.002079931004999, 19.770116326453028 ], [ -99.002088614732017, 19.770112589945008 ], [ -99.002097296694004, 19.770108849762 ], [ -99.002105976888004, 19.770105105904996 ], [ -99.002114655311999, 19.770101358373005 ], [ -99.002123331964995, 19.770097607168999 ], [ -99.002132006845997, 19.770093852291996 ], [ -99.002140679952007, 19.770090093743995 ], [ -99.002149351281005, 19.770086331524009 ], [ -99.002158020832994, 19.770082565635001 ], [ -99.002166688605001, 19.77007879607601 ], [ -99.002175354594996, 19.770075022848022 ], [ -99.002184018801998, 19.770071245952991 ], [ -99.002192681224003, 19.770067465390962 ], [ -99.002201341859006, 19.770063681162021 ], [ -99.002210000706, 19.770059893268002 ], [ -99.002218657762995, 19.770056101708011 ], [ -99.002227313028001, 19.77005230648502 ], [ -99.002235966499001, 19.770048507597973 ], [ -99.002244618174004, 19.770044705048988 ], [ -99.002253268053011, 19.770040898838001 ], [ -99.002261916132994, 19.77003708896601 ], [ -99.002270562411994, 19.770033275433978 ], [ -99.002279206889, 19.770029458241989 ], [ -99.002287849561995, 19.77002563739098 ], [ -99.002296490429003, 19.770021812882995 ], [ -99.002305129489002, 19.770017984716997 ], [ -99.002313766740002, 19.770014152895008 ], [ -99.002322402179004, 19.770010317417011 ], [ -99.002331035805994, 19.770006478283999 ], [ -99.002339667618998, 19.770002635496965 ], [ -99.002348297615995, 19.769998789056999 ], [ -99.002356925794004, 19.769994938964004 ], [ -99.002365552152995, 19.769991085219011 ], [ -99.002374176691006, 19.769987227823009 ], [ -99.002382799406007, 19.769983366775964 ], [ -99.002391420295993, 19.769979502081 ], [ -99.002400039359998, 19.769975633735982 ], [ -99.002408656596003, 19.769971761744006 ], [ -99.002417272000997, 19.769967886103995 ], [ -99.002425885574993, 19.769964006818011 ], [ -99.002434497316003, 19.769960123886008 ], [ -99.002443107221012, 19.769956237309003 ], [ -99.002451715289993, 19.769952347088005 ], [ -99.002460321521013, 19.769948453224011 ], [ -99.002468925911003, 19.769944555717 ], [ -99.002477528458996, 19.769940654568003 ], [ -99.002486129163003, 19.769936749779003 ], [ -99.002494728022, 19.769932841349011 ], [ -99.002503325033999, 19.769928929279949 ], [ -99.002511920198003, 19.76992501357201 ], [ -99.002520513510007, 19.769921094226 ], [ -99.002529104971003, 19.769917171243979 ], [ -99.002537694577001, 19.769913244624014 ], [ -99.002546282327998, 19.769909314370018 ], [ -99.002554868220997, 19.769905380480026 ], [ -99.002563452255004, 19.769901442957021 ], [ -99.002572034427999, 19.769897501801015 ], [ -99.002580614739003, 19.769893557012004 ], [ -99.002589193185997, 19.769889608592006 ], [ -99.002597769765998, 19.769885656540026 ], [ -99.002606344479005, 19.769881700859003 ], [ -99.002614917322006, 19.769877741548992 ], [ -99.002623488295001, 19.769873778610027 ], [ -99.002632057393996, 19.769869812043972 ], [ -99.002640624619019, 19.769865841849992 ], [ -99.002649189967002, 19.769861868031008 ], [ -99.002657753438001, 19.769857890586017 ], [ -99.002666315029003, 19.769853909516968 ], [ -99.002674874738005, 19.769849924825003 ], [ -99.002683432563998, 19.76984593650899 ], [ -99.002691988506001, 19.769841944572004 ], [ -99.002700542561001, 19.769837949013041 ], [ -99.002709094728004, 19.769833949834016 ], [ -99.002717645003997, 19.769829947035007 ], [ -99.002726193388995, 19.769825940616975 ], [ -99.002734739881006, 19.769821930580985 ], [ -99.002743284478001, 19.769817916927991 ], [ -99.002751827176994, 19.769813899658029 ], [ -99.002760367978993, 19.769809878772996 ], [ -99.002768906879993, 19.769805854272999 ], [ -99.002777443878998, 19.769801826158993 ], [ -99.002785978974003, 19.769797794432002 ], [ -99.002794512165011, 19.769793759092 ], [ -99.002803043447997, 19.769789720139997 ], [ -99.002811572821997, 19.769785677578014 ], [ -99.002820100286002, 19.769781631406016 ], [ -99.002828625838006, 19.769777581624986 ], [ -99.002837149475994, 19.769773528235007 ], [ -99.002845671198003, 19.769769471237026 ], [ -99.002854191002996, 19.769765410633013 ], [ -99.002862708889012, 19.769761346422996 ], [ -99.002871224854999, 19.76975727860799 ], [ -99.002879738898002, 19.769753207188003 ], [ -99.002888251016998, 19.769749132164996 ], [ -99.002896761209996, 19.769745053538994 ], [ -99.002905269476003, 19.769740971312004 ], [ -99.002913775812004, 19.769736885482985 ], [ -99.002922280218002, 19.769732796054001 ], [ -99.002930782690996, 19.769728703024967 ], [ -99.002939283228997, 19.769724606398004 ], [ -99.002947781832006, 19.769720506173016 ], [ -99.002956278496995, 19.769716402352 ], [ -99.002964773222999, 19.769712294933974 ], [ -99.002973266007999, 19.769708183919985 ], [ -99.002981756848996, 19.769704069312006 ], [ -99.002990245747, 19.769699951111001 ], [ -99.002998732698003, 19.769695829316003 ], [ -99.003007217700997, 19.769691703930011 ], [ -99.003015700755, 19.769687574952002 ], [ -99.003024181857, 19.769683442384007 ], [ -99.003032661006998, 19.769679306226998 ], [ -99.003041138201993, 19.76967516648001 ], [ -99.003049613439998, 19.769671023145989 ], [ -99.003058086720998, 19.769666876225021 ], [ -99.003066558041994, 19.769662725717001 ], [ -99.003075027400996, 19.769658571624014 ], [ -99.003083494796996, 19.769654413946025 ], [ -99.003091960228005, 19.769650252685015 ], [ -99.003100423692999, 19.769646087840997 ], [ -99.003108885190002, 19.769641919413971 ], [ -99.003117344716003, 19.769637747405984 ], [ -99.003125802271995, 19.769633571817987 ], [ -99.00313425785302, 19.769629392650995 ], [ -99.003142711460001, 19.769625209903982 ], [ -99.003151163091005, 19.769621023580022 ], [ -99.003159612743005, 19.769616833678 ], [ -99.003168060413998, 19.769612640200975 ], [ -99.003176506103998, 19.769608443147014 ], [ -99.003184949811001, 19.769604242520007 ], [ -99.003193391533003, 19.769600038317993 ], [ -99.003201831268001, 19.76959583054402 ], [ -99.003210269014005, 19.769591619197982 ], [ -99.003218704770006, 19.769587404279989 ], [ -99.003227138534001, 19.769583185791998 ], [ -99.003235570304994, 19.769578963734993 ], [ -99.003244000081011, 19.769574738108002 ], [ -99.003252427858996, 19.769570508913993 ], [ -99.003260853640001, 19.769566276153 ], [ -99.003269277418994, 19.769562039826013 ], [ -99.003277699197, 19.76955779993402 ], [ -99.003286118971005, 19.769553556477003 ], [ -99.00329453674, 19.769549309457016 ], [ -99.003302952501997, 19.769545058874016 ], [ -99.003311366255005, 19.769540804727974 ], [ -99.003319777998001, 19.769536547021993 ], [ -99.003328187728002, 19.769532285756018 ], [ -99.003336595445006, 19.76952802093 ], [ -99.003345001147011, 19.769523752546004 ], [ -99.003353404831003, 19.769519480604011 ], [ -99.003361806496997, 19.769515205105979 ], [ -99.003370206141994, 19.769510926050994 ], [ -99.003378603765, 19.769506643442011 ], [ -99.003386999363997, 19.769502357278007 ], [ -99.003395392938003, 19.769498067561045 ], [ -99.003403784485002, 19.769493774290968 ], [ -99.003412174001994, 19.769489477470003 ], [ -99.003420561490003, 19.769485177097998 ], [ -99.003428946944013, 19.769480873175986 ], [ -99.003437330365998, 19.769476565704977 ], [ -99.003445711750999, 19.769472254685983 ], [ -99.003454091099002, 19.769467940118982 ], [ -99.003462468408998, 19.769463622005976 ], [ -99.003470843676993, 19.769459300347009 ], [ -99.003479216903997, 19.769454975144001 ], [ -99.003487588086003, 19.76945064639601 ], [ -99.003495957222995, 19.76944631410603 ], [ -99.003504324312999, 19.769441978274006 ], [ -99.003512689353997, 19.769437638899984 ], [ -99.003521052343999, 19.769433295985991 ], [ -99.003529413281996, 19.769428949532006 ], [ -99.003537772165004, 19.769424599539015 ], [ -99.003546128994003, 19.769420246008995 ], [ -99.003554483764006, 19.769415888941982 ], [ -99.003562836475993, 19.769411528338985 ], [ -99.003571187126994, 19.769407164200004 ], [ -99.003579535716, 19.769402796527974 ], [ -99.003587882241007, 19.769398425321004 ], [ -99.003596226699997, 19.769394050582974 ], [ -99.003604569092005, 19.769389672311998 ], [ -99.003612909414997, 19.769385290511003 ], [ -99.003621247666999, 19.769380905178991 ], [ -99.003629583847001, 19.769376516319024 ], [ -99.003637917953014, 19.769372123931003 ], [ -99.003646249983007, 19.76936772801502 ], [ -99.003654579935997, 19.769363328571988 ], [ -99.003662907809996, 19.769358925603967 ], [ -99.003671233603001, 19.76935451911201 ], [ -99.003679557314001, 19.769350109096006 ], [ -99.003687878940994, 19.769345695556016 ], [ -99.003696198482999, 19.769341278494991 ], [ -99.003704515937002, 19.769336857912993 ], [ -99.003712831301996, 19.769332433810003 ], [ -99.003721144576005, 19.769328006188001 ], [ -99.003729455758005, 19.769323575047046 ], [ -99.003737764845994, 19.769319140388991 ], [ -99.003746071837995, 19.769314702213997 ], [ -99.003754376732999, 19.769310260522992 ], [ -99.003762679529999, 19.769305815317999 ], [ -99.003770980224999, 19.769301366598008 ], [ -99.003779278818996, 19.769296914364983 ], [ -99.003787575307996, 19.769292458619997 ], [ -99.003795869691999, 19.769287999363012 ], [ -99.003804161968006, 19.769283536596028 ], [ -99.003812452136003, 19.769279070319016 ], [ -99.003820740193007, 19.769274600534004 ], [ -99.003829026138021, 19.769270127240009 ], [ -99.003837309969001, 19.769265650440005 ], [ -99.003845591683998, 19.769261170133962 ], [ -99.003853871282999, 19.76925668632299 ], [ -99.003862148761996, 19.769252199006999 ], [ -99.003870424121004, 19.769247708188004 ], [ -99.003878697358005, 19.769243213867004 ], [ -99.003886968470994, 19.769238716044004 ], [ -99.003895237457996, 19.769234214720015 ], [ -99.003903504318998, 19.769229709897008 ], [ -99.003911769050006, 19.769225201575019 ], [ -99.003920031652001, 19.769220689754999 ], [ -99.003928292121003, 19.769216174438 ], [ -99.003936550456004, 19.769211655625007 ], [ -99.003944806655994, 19.769207133316002 ], [ -99.003953060718999, 19.769202607512995 ], [ -99.003961312643995, 19.769198078217016 ], [ -99.003969562427997, 19.769193545428017 ], [ -99.003977810069998, 19.769189009148 ], [ -99.003986055568006, 19.76918446937697 ], [ -99.003994298921995, 19.769179926116003 ], [ -99.004002540127999, 19.769175379366029 ], [ -99.004010779186004, 19.769170829128967 ], [ -99.004019016092997, 19.769166275404007 ], [ -99.004027250849006, 19.76916171819299 ], [ -99.004035483451005, 19.769157157496991 ], [ -99.004043713898, 19.769152593316008 ], [ -99.004051942187999, 19.769148025651994 ], [ -99.004060168319995, 19.769143454505972 ], [ -99.004068392291998, 19.769138879876998 ], [ -99.004076614102004, 19.769134301768997 ], [ -99.004084833747996, 19.769129720180004 ], [ -99.004093051230001, 19.769125135113029 ], [ -99.004101266545007, 19.769120546568022 ], [ -99.004109479690996, 19.769115954545029 ], [ -99.004117690667996, 19.769111359046988 ], [ -99.004125899472996, 19.769106760072983 ], [ -99.004134106105013, 19.769102157624989 ], [ -99.004142310562003, 19.769097551703997 ], [ -99.004150512842017, 19.769092942309999 ], [ -99.004158712944005, 19.769088329445015 ], [ -99.004166910866999, 19.769083713110007 ], [ -99.004175106608002, 19.769079093304008 ], [ -99.004183300166005, 19.769074470030006 ], [ -99.004191491539004, 19.769069843288008 ], [ -99.004199680726003, 19.769065213079987 ], [ -99.004207867725, 19.769060579405 ], [ -99.004216052535, 19.769055942264991 ], [ -99.004224235153004, 19.769051301661012 ], [ -99.004232415578002, 19.769046657594032 ], [ -99.004240593809016, 19.769042010064986 ], [ -99.004248769843997, 19.769037359075007 ], [ -99.004256943680005, 19.769032704623985 ], [ -99.00426511531802, 19.769028046713 ], [ -99.004273284754007, 19.769023385344003 ], [ -99.004281451988007, 19.769018720517963 ], [ -99.004289617016994, 19.769014052234976 ], [ -99.004297779840002, 19.769009380495987 ], [ -99.004305940456007, 19.769004705302038 ], [ -99.004314098863006, 19.769000026655004 ], [ -99.004322255058, 19.768995344553986 ], [ -99.004330409041003, 19.768990659002018 ], [ -99.004338560810993, 19.768985969997992 ], [ -99.004346710364004, 19.768981277545045 ], [ -99.004354857699994, 19.768976581642026 ], [ -99.004363002817001, 19.768971882290998 ], [ -99.004371145712994, 19.768967179492993 ], [ -99.004379286387007, 19.768962473247999 ], [ -99.004387424837006, 19.768957763557999 ], [ -99.004395561061997, 19.768953050423967 ], [ -99.004403695060006, 19.768948333845991 ], [ -99.004411826828004, 19.76894361382497 ], [ -99.004419956367016, 19.768938890362978 ], [ -99.004428083673005, 19.768934163459981 ], [ -99.004436208746014, 19.768929433116984 ], [ -99.004444331583002, 19.768924699336026 ], [ -99.004452452183997, 19.768919962116033 ], [ -99.004460570546001, 19.768915221459988 ], [ -99.004468686668005, 19.768910477367985 ], [ -99.004476800548005, 19.768905729841016 ], [ -99.004484912185006, 19.76890097887901 ], [ -99.004493021575996, 19.768896224484973 ], [ -99.004501128721003, 19.768891466659014 ], [ -99.004509233617995, 19.76888670540103 ], [ -99.004517336264996, 19.768881940713008 ], [ -99.004525436660998, 19.768877172594983 ], [ -99.004533534803002, 19.76887240104999 ], [ -99.004541630690994, 19.768867626077032 ], [ -99.004549724322004, 19.768862847677017 ], [ -99.004557815696018, 19.768858065851973 ], [ -99.004565904809994, 19.768853280602016 ], [ -99.004573991661999, 19.768848491929006 ], [ -99.004582076252007, 19.768843699834004 ], [ -99.004590158577997, 19.768838904316038 ], [ -99.004598238637001, 19.768834105378009 ], [ -99.004606316429005, 19.768829303020016 ], [ -99.004614391950994, 19.768824497243006 ], [ -99.004622465202999, 19.768819688048989 ], [ -99.004630536182006, 19.768814875438007 ], [ -99.004638604887006, 19.768810059410015 ], [ -99.004646671315996, 19.768805239968025 ], [ -99.004654735467994, 19.768800417111965 ], [ -99.004662797340004, 19.768795590843002 ], [ -99.004670856933004, 19.768790761162037 ], [ -99.004678914243001, 19.76878592807002 ], [ -99.005199174080005, 19.768473699995994 ], [ -99.005430763985004, 19.768334713045004 ], [ -99.005363552752996, 19.768244780906954 ], [ -99.005556570715996, 19.768119310816953 ], [ -99.005698504163007, 19.768018856849011 ], [ -99.006587575313006, 19.767627084121994 ], [ -99.006635144628007, 19.767695247536011 ], [ -99.006922477195999, 19.767575434277006 ], [ -99.007170901064995, 19.767473314387974 ], [ -99.007361607044999, 19.767390978113003 ], [ -99.007641421499002, 19.76734734969402 ], [ -99.008091703079998, 19.767352451652997 ], [ -99.008520508383, 19.767411384092998 ], [ -99.008925242399002, 19.767539553755999 ], [ -99.009035434734997, 19.76758636669701 ], [ -99.009130256636993, 19.767624052024985 ], [ -99.009239764767997, 19.767675228201 ], [ -99.009248872206001, 19.767678649236007 ], [ -99.009257953277995, 19.767682085934005 ], [ -99.009267008278002, 19.767685537448987 ], [ -99.009276037497997, 19.767689002949012 ], [ -99.009285041232999, 19.767692481607 ], [ -99.009294019782999, 19.767695972603985 ], [ -99.009302973451, 19.76769947512501 ], [ -99.009311902543004, 19.767702988363993 ], [ -99.009320807368994, 19.767706511518028 ], [ -99.009329688242005, 19.767710043791013 ], [ -99.009338545475998, 19.767713584394997 ], [ -99.009347379389993, 19.767717132542984 ], [ -99.009356190304004, 19.767720687457995 ], [ -99.009364978538002, 19.767724248368012 ], [ -99.009373744417005, 19.767727814502997 ], [ -99.009382488266994, 19.76773138510401 ], [ -99.009391210413, 19.767734959411996 ], [ -99.00939991118301, 19.767738536677005 ], [ -99.009408590904997, 19.767742116151993 ], [ -99.009417249909006, 19.767745697097023 ], [ -99.009425888525001, 19.767749278776009 ], [ -99.009434507080996, 19.767752860458017 ], [ -99.009443105909014, 19.767756441416005 ], [ -99.009451685336998, 19.767760020929032 ], [ -99.009460245694996, 19.767763598282006 ], [ -99.009468787310993, 19.767767172761008 ], [ -99.009477310514995, 19.767770743660023 ], [ -99.009485815632004, 19.767774310276032 ], [ -99.009494302988998, 19.767777871908979 ], [ -99.009502772910011, 19.767781427866979 ], [ -99.009511225718001, 19.767784977459012 ], [ -99.013208570611994, 19.769337611532009 ], [ -99.013232481480003, 19.769347651412001 ], [ -99.013256362907995, 19.769357674638016 ], [ -99.013280216566002, 19.769367677640005 ], [ -99.013304044113994, 19.769377656859977 ], [ -99.013327847198994, 19.76938760875202 ], [ -99.013351627456004, 19.769397529781006 ], [ -99.013375386505004, 19.769407416421995 ], [ -99.013399125947004, 19.769417265161042 ], [ -99.013422847363998, 19.769427072490018 ], [ -99.013446552318996, 19.769436834912998 ], [ -99.013470242352, 19.769446548940014 ], [ -99.013493918978, 19.769456211084979 ], [ -99.013517583687999, 19.769465817873012 ], [ -99.013541237941993, 19.769475365832044 ], [ -99.013564883174993, 19.76948485149504 ], [ -99.013588520788005, 19.76949427140099 ], [ -99.013612152152007, 19.769503622091015 ], [ -99.013635778600005, 19.769512900110982 ], [ -99.013659401431994, 19.769522102010001 ], [ -99.013683021909998, 19.769531224337008 ], [ -99.013706641255993, 19.769540263646018 ], [ -99.013730260649993, 19.76954921649201 ], [ -99.013753881230997, 19.769558079429 ], [ -99.013777504092999, 19.769566849015003 ], [ -99.013801130282999, 19.769575521806011 ], [ -99.013824760801995, 19.769584094359026 ], [ -99.013848396599016, 19.769592563232997 ], [ -99.013872038575997, 19.769600924983006 ], [ -99.013895687577005, 19.769609176166025 ], [ -99.013919344396996, 19.769617313338998 ], [ -99.013943009770003, 19.769625333056982 ], [ -99.014475378349005, 19.769774084023009 ], [ -99.015021645958996, 19.769867312121978 ], [ -99.015575371113997, 19.76990391802601 ], [ -99.016130024367001, 19.769883470083979 ], [ -99.016679065323004, 19.769806209414021 ], [ -99.017019686709006, 19.769716880373018 ], [ -99.017211151195994, 19.769662702180025 ], [ -99.017475604468004, 19.769569456831 ], [ -99.017733562336005, 19.769479858790998 ], [ -99.017847860778019, 19.76941928276403 ], [ -99.017973717711001, 19.769353842250005 ], [ -99.018218703440994, 19.769227727495988 ], [ -99.018363729851998, 19.76915167353399 ], [ -99.018498902687995, 19.769083931757002 ], [ -99.018626128118996, 19.768979396923012 ], [ -99.018639933054004, 19.768967197220004 ], [ -99.018652739244004, 19.768957419938008 ], [ -99.018679352602007, 19.76893590134998 ], [ -99.018692510449995, 19.768923622970973 ], [ -99.018717461902995, 19.768904083117025 ], [ -99.018754272867994, 19.768873900238003 ], [ -99.018793355127997, 19.768843765027011 ], [ -99.018817789704002, 19.768822380625966 ], [ -99.018846323597003, 19.768798940315044 ], [ -99.018880680581006, 19.768771033491998 ], [ -99.018910432151998, 19.768748179928014 ], [ -99.018946301648995, 19.768718509792976 ], [ -99.018979625352003, 19.76869079934001 ], [ -99.019004690304996, 19.768670389327998 ], [ -99.019029013383019, 19.768649377245019 ], [ -99.019052654487993, 19.768629035741974 ], [ -99.019077743707001, 19.768610626869027 ], [ -99.019108217771006, 19.76858525474001 ], [ -99.019141209938994, 19.76855813876897 ], [ -99.019181699518995, 19.768525152512002 ], [ -99.019227958792996, 19.768486236944014 ], [ -99.019252203440018, 19.768467922747028 ], [ -99.019291387270997, 19.768435698672992 ], [ -99.020094673379006, 19.76777735587903 ], [ -99.020914429686997, 19.767107914347992 ], [ -99.022546297546, 19.765773005454985 ], [ -99.025662770775, 19.763227681341 ], [ -99.032017446536003, 19.758032600562004 ], [ -99.032961372404003, 19.75726293874397 ], [ -99.033409288315994, 19.756897342207012 ], [ -99.033852708691995, 19.75652802324797 ], [ -99.036762917768002, 19.754153741517019 ], [ -99.036917208052003, 19.754021349432996 ], [ -99.037087913879006, 19.753889476305993 ], [ -99.038458792534001, 19.752760665533007 ], [ -99.038495124405003, 19.752732411441023 ], [ -99.038531854398997, 19.75270243535401 ], [ -99.038572020995005, 19.752668468416996 ], [ -99.038623307063006, 19.752626222526004 ], [ -99.038657077091997, 19.752597988180963 ], [ -99.038703149159005, 19.752561638208046 ], [ -99.038743146800996, 19.752528308208014 ], [ -99.038788608936997, 19.752491763631014 ], [ -99.038841140482006, 19.752448163262027 ], [ -99.038890696265, 19.752408683967964 ], [ -99.038969771927995, 19.752340711413019 ], [ -99.039013138347002, 19.752303597743037 ], [ -99.039072374596003, 19.75225178460898 ], [ -99.039115787867004, 19.75221278419604 ], [ -99.039156082044002, 19.752176153661999 ], [ -99.039216439731007, 19.752123193023039 ], [ -99.039294001450997, 19.752055304301006 ], [ -99.039364637393007, 19.751992068219003 ], [ -99.039405891447998, 19.75195514810499 ], [ -99.039460124041, 19.751908984161993 ], [ -99.039497188241995, 19.751876640413002 ], [ -99.039548755793007, 19.751831481423 ], [ -99.039704807087006, 19.751693730370008 ], [ -99.039881491325005, 19.751540865971982 ], [ -99.040045862772004, 19.751392755111002 ], [ -99.040188367420996, 19.751246788089016 ], [ -99.040361142131999, 19.75106932333798 ], [ -99.040508836382003, 19.750917085302003 ], [ -99.040681085684, 19.75074207106098 ], [ -99.040843047077004, 19.750576768127001 ], [ -99.041037185993005, 19.750374563717017 ], [ -99.041110728069, 19.750301721519005 ], [ -99.041194785643995, 19.750213581476 ], [ -99.041279610174001, 19.750124795732006 ], [ -99.04134973240501, 19.750053553743033 ], [ -99.041403271530996, 19.749992881061981 ], [ -99.041493259657997, 19.749888223945995 ], [ -99.041574482065997, 19.749792510079988 ], [ -99.041662647688995, 19.749690411739021 ], [ -99.041749928916005, 19.749589200146982 ], [ -99.041840767256005, 19.749483265417982 ], [ -99.041927891775998, 19.749379894222976 ], [ -99.042250017544006, 19.749005898762992 ], [ -99.042580775817996, 19.748621709628001 ], [ -99.043240056330006, 19.747854714382012 ], [ -99.044543254163003, 19.746340236496998 ], [ -99.047158301501, 19.743301607370011 ], [ -99.052390881912999, 19.737220281805993 ], [ -99.052583336165, 19.737055728272999 ], [ -99.055039342705996, 19.734200958690977 ], [ -99.055049057738003, 19.734189665649996 ], [ -99.055058758006993, 19.734178387463004 ], [ -99.055068442326998, 19.734167123214998 ], [ -99.055078109514994, 19.734155871996016 ], [ -99.055087758392006, 19.734144632899998 ], [ -99.055097387784997, 19.734133405027006 ], [ -99.055106996521005, 19.734122187483031 ], [ -99.055116583434, 19.734110979378972 ], [ -99.055126147357996, 19.734099779831002 ], [ -99.055135687131994, 19.734088587963985 ], [ -99.055145201594996, 19.734077402907996 ], [ -99.055154689592015, 19.734066223801005 ], [ -99.055164149966018, 19.734055049787987 ], [ -99.055173581564006, 19.734043880021972 ], [ -99.055182983234005, 19.734032713665009 ], [ -99.055192353823998, 19.734021549886993 ], [ -99.055201692184994, 19.734010387864007 ], [ -99.055210997168004, 19.733999226784992 ], [ -99.055220267623, 19.733988065847996 ], [ -99.055229502402, 19.733976904256998 ], [ -99.055238700356, 19.733965741230005 ], [ -99.055247860335996, 19.733954575993991 ], [ -99.055256981194006, 19.733943407785983 ], [ -99.055266061780003, 19.733932235856003 ], [ -99.055275100941998, 19.733921059461021 ], [ -99.055284097528997, 19.733909877875028 ], [ -99.055293050388002, 19.733898690381029 ], [ -99.055301958366002, 19.733887496273997 ], [ -99.055310820304996, 19.733876294862018 ], [ -99.055319635047994, 19.733865085467009 ], [ -99.055328401436995, 19.733853867421978 ], [ -99.055393199009998, 19.733768614407996 ], [ -99.055455875513999, 19.733681951281017 ], [ -99.055516396738994, 19.733593925343015 ], [ -99.055574729655007, 19.733504584644994 ], [ -99.055630842423994, 19.733413977950981 ], [ -99.055684704422006, 19.733322154719989 ], [ -99.055736286251999, 19.733229165070984 ], [ -99.055785559762001, 19.733135059763026 ], [ -99.055832498062003, 19.733039890163017 ], [ -99.055838557296994, 19.733027168924004 ], [ -99.055844584943998, 19.733014411958006 ], [ -99.055850582190018, 19.733001619889027 ], [ -99.055856550228, 19.732988793343022 ], [ -99.055862490257994, 19.732975932936998 ], [ -99.055868403494003, 19.732963039280989 ], [ -99.055874291158005, 19.732950112977019 ], [ -99.055880154484996, 19.732937154622991 ], [ -99.055885994719006, 19.732924164806985 ], [ -99.055891813113007, 19.732911144112993 ], [ -99.055897610930998, 19.732898093117985 ], [ -99.055903389446996, 19.732885012393979 ], [ -99.055909149944, 19.732871902508016 ], [ -99.055914893712995, 19.732858764022019 ], [ -99.055920622055993, 19.732845597491991 ], [ -99.055926336282994, 19.732832403472006 ], [ -99.055932037711997, 19.732819182511026 ], [ -99.055937727672003, 19.73280593515501 ], [ -99.055943407496002, 19.732792661946984 ], [ -99.055949078531, 19.732779363425028 ], [ -99.055954742126005, 19.732766040128013 ], [ -99.055960399642004, 19.732752692590992 ], [ -99.055966052447005, 19.732739321347992 ], [ -99.055971701914004, 19.732725926930971 ], [ -99.055977349426996, 19.732712509871984 ], [ -99.055982996374993, 19.732699070701013 ], [ -99.055988644153004, 19.732685609948994 ], [ -99.055994294165998, 19.732672128148 ], [ -99.055999947822997, 19.732658625828986 ], [ -99.056005606541021, 19.732645103525961 ], [ -99.056011271740999, 19.732631561771022 ], [ -99.056082199206998, 19.732462012568007 ], [ -99.056437118001, 19.732595135820997 ], [ -99.056366190852017, 19.732764685162 ], [ -99.056360518643004, 19.732778243740015 ], [ -99.056354838843006, 19.732791816490995 ], [ -99.056349150016004, 19.732805402875968 ], [ -99.056343450716994, 19.732819002349007 ], [ -99.056337739499, 19.732832614368 ], [ -99.056332014912002, 19.732846238381018 ], [ -99.056326275499003, 19.732859873835991 ], [ -99.056320519804004, 19.732873520177005 ], [ -99.056314746363014, 19.732887176839981 ], [ -99.056308953710996, 19.732900843259028 ], [ -99.056303140379995, 19.732914518862003 ], [ -99.056297304899019, 19.73292820307099 ], [ -99.056291445794997, 19.732941895300012 ], [ -99.056285561588993, 19.732955594957954 ], [ -99.056279650804996, 19.732969301447014 ], [ -99.056273711960003, 19.732983014160975 ], [ -99.056267743573997, 19.732996732484011 ], [ -99.056261744159997, 19.733010455794972 ], [ -99.056255712234005, 19.73302418346098 ], [ -99.056249646308004, 19.733037914840992 ], [ -99.056243544894002, 19.733051649284995 ], [ -99.056237406505005, 19.733065386132004 ], [ -99.056231229649001, 19.733079124709004 ], [ -99.056225012837999, 19.733092864334996 ], [ -99.056218754582005, 19.73310660431402 ], [ -99.056212453392007, 19.73312034394003 ], [ -99.056206107777996, 19.73313408249599 ], [ -99.056199716251996, 19.733147819248014 ], [ -99.05619327732802, 19.733161553453005 ], [ -99.056186789517994, 19.733175284352999 ], [ -99.056180251331, 19.733189011181967 ], [ -99.056129539271012, 19.733291832704982 ], [ -99.056076304235006, 19.733393504367985 ], [ -99.056020575275994, 19.733493970674033 ], [ -99.055962382808005, 19.733593176784989 ], [ -99.055901758591006, 19.733691068548008 ], [ -99.055838735712996, 19.733787592530017 ], [ -99.055773348569005, 19.733882696044013 ], [ -99.055705632846994, 19.733976327176986 ], [ -99.05563562550401, 19.73406843482401 ], [ -99.055626166172999, 19.734080539649003 ], [ -99.055616678489997, 19.734092604842004 ], [ -99.055607163893001, 19.734104631251022 ], [ -99.055597623804999, 19.734116619736 ], [ -99.055588059639007, 19.734128571161001 ], [ -99.055578472795005, 19.734140486399994 ], [ -99.05556886466502, 19.734152366329976 ], [ -99.055559236624006, 19.734164211839996 ], [ -99.055549590040997, 19.734176023820019 ], [ -99.055539926272004, 19.734187803169011 ], [ -99.055530246664006, 19.734199550787995 ], [ -99.055520552551997, 19.734211267585991 ], [ -99.055510845263001, 19.734222954474983 ], [ -99.055501126113995, 19.734234612370003 ], [ -99.055491396413004, 19.734246242190974 ], [ -99.055481657456994, 19.73425784485898 ], [ -99.055471910538003, 19.734269421302006 ], [ -99.055462156936997, 19.734280972445013 ], [ -99.055452397926999, 19.734292499218988 ], [ -99.055442634775005, 19.734304002554996 ], [ -99.055432868738009, 19.734315483385004 ], [ -99.055423101070005, 19.734326942643996 ], [ -99.055413333011998, 19.734338381264045 ], [ -99.055403565804994, 19.734349800179992 ], [ -99.055393800678999, 19.734361200326006 ], [ -99.055384038859998, 19.734372582634993 ], [ -99.055374281568007, 19.734383948039039 ], [ -99.055364530017997, 19.734395297468993 ], [ -99.055354785419013, 19.734406631856 ], [ -99.055345048975994, 19.734417952126002 ], [ -99.055335321890993, 19.734429259203019 ], [ -99.054445735528006, 19.735463298791025 ], [ -99.057872475514003, 19.732462541070007 ], [ -99.057881276090995, 19.732454833192008 ], [ -99.057890075529002, 19.732447124148027 ], [ -99.057898873826005, 19.732439413937005 ], [ -99.057907670982999, 19.732431702560994 ], [ -99.057916467, 19.732423990018017 ], [ -99.057925261875994, 19.732416276310005 ], [ -99.057934055611, 19.732408561435982 ], [ -99.057942848205997, 19.732400845396992 ], [ -99.05795163965, 19.732393128202023 ], [ -99.057956001478999, 19.732389297743019 ], [ -99.057960362174995, 19.732385466128981 ], [ -99.057964721738003, 19.732381633359008 ], [ -99.057969080167993, 19.732377799434008 ], [ -99.057973437464995, 19.732373964354014 ], [ -99.057977793627998, 19.732370128119992 ], [ -99.057982148657004, 19.732366290731001 ], [ -99.057986502551998, 19.732362452189019 ], [ -99.057990855303004, 19.732358612501002 ], [ -99.057998092410003, 19.732352223062957 ], [ -99.058005325739003, 19.732345829788997 ], [ -99.058012555288002, 19.732339432683016 ], [ -99.058019781054, 19.732333031746002 ], [ -99.058027003034994, 19.732326626980999 ], [ -99.058034221228993, 19.732320218389006 ], [ -99.058041435633001, 19.732313805973021 ], [ -99.058048646245993, 19.732307389733016 ], [ -99.058055853054995, 19.732300969682992 ], [ -99.058061575731003, 19.732295865308 ], [ -99.058067294634, 19.732290757142998 ], [ -99.058073009761998, 19.732285645189986 ], [ -99.058078721111016, 19.732280529453011 ], [ -99.058084428678001, 19.732275409933024 ], [ -99.058090132461004, 19.732270286633995 ], [ -99.058095832457994, 19.732265159557002 ], [ -99.058101528663997, 19.732260028704971 ], [ -99.058107221068994, 19.732254894090016 ], [ -99.058114024755994, 19.732248746758991 ], [ -99.058120822082003, 19.73224259312099 ], [ -99.05812761303801, 19.732236433181988 ], [ -99.058134397619, 19.732230266948022 ], [ -99.058141175817994, 19.732224094424005 ], [ -99.058147947628996, 19.732217915615998 ], [ -99.058154713045994, 19.732211730531013 ], [ -99.058161472061002, 19.732205539174004 ], [ -99.058168224658999, 19.732199341561046 ], [ -99.058174086774002, 19.732193949933009 ], [ -99.058179942511003, 19.732188552095003 ], [ -99.058185791864005, 19.732183148053007 ], [ -99.058191634823999, 19.732177737815014 ], [ -99.058197471385, 19.732172321386994 ], [ -99.05820330153901, 19.732166898776992 ], [ -99.058209125279006, 19.732161469990011 ], [ -99.058214942597004, 19.732156035033 ], [ -99.058220753477997, 19.73215059392302 ], [ -99.058227245994999, 19.732144499219 ], [ -99.058233729500003, 19.732138395920007 ], [ -99.058240203980006, 19.732132284036016 ], [ -99.058246669420996, 19.732126163578993 ], [ -99.058253125812001, 19.732120034563 ], [ -99.058259573140006, 19.732113896998996 ], [ -99.058266011390998, 19.732107750897988 ], [ -99.058272440555001, 19.732101596273008 ], [ -99.058278860607999, 19.732095433145005 ], [ -99.058284648118999, 19.732089860893986 ], [ -99.058290426564994, 19.732084280214998 ], [ -99.058296195932996, 19.732078691120996 ], [ -99.058301956210002, 19.732073093625047 ], [ -99.058307707381005, 19.732067487741002 ], [ -99.058313449433001, 19.732061873481989 ], [ -99.058319182353003, 19.732056250861014 ], [ -99.058324906126003, 19.732050619890998 ], [ -99.058330620730999, 19.73204498059501 ], [ -99.058336811174001, 19.732038851163995 ], [ -99.058342989831019, 19.732032711080986 ], [ -99.058349156684002, 19.732026560365988 ], [ -99.058355311710002, 19.732020399039016 ], [ -99.058361454890999, 19.732014227122011 ], [ -99.058367586204994, 19.732008044633016 ], [ -99.058373705631993, 19.732001851595008 ], [ -99.058379813152001, 19.731995648026992 ], [ -99.058385908736994, 19.731989433957999 ], [ -99.058391518068007, 19.731983693888004 ], [ -99.058397115513003, 19.731977943424994 ], [ -99.058402701050994, 19.731972182590003 ], [ -99.058408274661005, 19.731966411405981 ], [ -99.058413836320995, 19.731960629895024 ], [ -99.058419386010002, 19.731954838077964 ], [ -99.058424923705999, 19.731949035979031 ], [ -99.058430449387998, 19.731943223619002 ], [ -99.058435963026994, 19.731937401029978 ], [ -99.058680205618998, 19.731652870168976 ], [ -99.058894860167996, 19.731347694889983 ], [ -99.059077993155, 19.731024624329997 ], [ -99.059227955051, 19.730686568817003 ], [ -99.059343395170004, 19.730336573649993 ], [ -99.059423273830006, 19.729977791661028 ], [ -99.059466871710001, 19.729613454820004 ], [ -99.059473796324994, 19.729246845108982 ], [ -99.059443985537001, 19.728881264974024 ], [ -99.059442951644002, 19.728873505984968 ], [ -99.059441901702996, 19.728865748928996 ], [ -99.059440835716998, 19.728857993836023 ], [ -99.059439753690995, 19.728850240733998 ], [ -99.059438655628995, 19.72884248965498 ], [ -99.059437541533995, 19.728834740626972 ], [ -99.059436411411994, 19.728826993679981 ], [ -99.059435265266998, 19.728819248845014 ], [ -99.059434103092997, 19.728811506159001 ], [ -99.059432826006002, 19.728803111659992 ], [ -99.059431532795998, 19.728794719374005 ], [ -99.059430223467999, 19.728786329329985 ], [ -99.059428898025999, 19.728777941554004 ], [ -99.059427556474006, 19.728769556075985 ], [ -99.059426198816993, 19.728761172921995 ], [ -99.05942482506002, 19.728752792119973 ], [ -99.059423435206, 19.728744413697992 ], [ -99.059422029252005, 19.728736037693007 ], [ -99.059420719963001, 19.728728321114005 ], [ -99.059419398133997, 19.728720606451976 ], [ -99.059418063768007, 19.728712893725994 ], [ -99.059416716868014, 19.728705182953021 ], [ -99.059415357435995, 19.728697474152998 ], [ -99.059413985475999, 19.728689767342999 ], [ -99.059412600992005, 19.728682062542003 ], [ -99.059411203986997, 19.728674359766963 ], [ -99.059409794453998, 19.728666659047001 ], [ -99.059408219974003, 19.728658131572985 ], [ -99.059406632896014, 19.728649606194011 ], [ -99.059405033222006, 19.728641082925993 ], [ -99.059403420956002, 19.728632561785005 ], [ -99.059401796100005, 19.728624042789001 ], [ -99.059400158659002, 19.728615525954016 ], [ -99.059398508634999, 19.728607011297008 ], [ -99.059396846032001, 19.728598498833975 ], [ -99.059395170843004, 19.728589988592006 ], [ -99.059393663288006, 19.728582383085993 ], [ -99.059392146744003, 19.728574779182967 ], [ -99.059390621212998, 19.72856717689201 ], [ -99.059389086696001, 19.728559576222988 ], [ -99.059387543195996, 19.728551977185013 ], [ -99.059385990714006, 19.728544379787998 ], [ -99.05938442925202, 19.728536784041005 ], [ -99.059382858812995, 19.728529189953996 ], [ -99.059381279389001, 19.728521597545988 ], [ -99.059379452222004, 19.728512862504026 ], [ -99.059377616020001, 19.728504129160992 ], [ -99.059375770787, 19.728495397525009 ], [ -99.059373916524009, 19.72848666760402 ], [ -99.059372053231996, 19.728477939407991 ], [ -99.059370180913021, 19.728469212943008 ], [ -99.059368299569996, 19.728460488220001 ], [ -99.059366409202994, 19.728451765245012 ], [ -99.059364509806002, 19.728443044037025 ], [ -99.059362915462017, 19.728435754393963 ], [ -99.059361315732005, 19.728428465809007 ], [ -99.059359710617997, 19.728421178284972 ], [ -99.059358100121003, 19.728413891827017 ], [ -99.059356484240993, 19.728406606437019 ], [ -99.059354862979006, 19.728399322119003 ], [ -99.059353236335994, 19.728392038877995 ], [ -99.059351604311999, 19.728384756714991 ], [ -99.059349966900001, 19.72837747564504 ], [ -99.059347899974995, 19.728368312924005 ], [ -99.059345827636008, 19.728359151300992 ], [ -99.059343749882004, 19.728349990776991 ], [ -99.059341666714005, 19.728340831356029 ], [ -99.059339578133006, 19.728331673040014 ], [ -99.059337484140002, 19.728322515833 ], [ -99.059335384734993, 19.728313359735981 ], [ -99.059333279919002, 19.728304204753972 ], [ -99.059331169684, 19.728295050897007 ], [ -99.059329898545997, 19.728289547962007 ], [ -99.059328625781021, 19.728284045363004 ], [ -99.059327351391005, 19.728278543102 ], [ -99.059326075374997, 19.728273041179001 ], [ -99.059324797733012, 19.728267539593975 ], [ -99.059323518465007, 19.728262038348014 ], [ -99.059322237572005, 19.728256537441009 ], [ -99.059320955052996, 19.72825103687401 ], [ -99.059319670899001, 19.728245536655002 ], [ -99.059317080696999, 19.72823445338198 ], [ -99.059314488858007, 19.728223370452 ], [ -99.059311895381995, 19.728212287864988 ], [ -99.059309300267998, 19.728201205621986 ], [ -99.059306703516995, 19.728190123722992 ], [ -99.059304105129002, 19.728179042167991 ], [ -99.059301505104997, 19.728167960956959 ], [ -99.059298903443008, 19.728156880090967 ], [ -99.059296300143004, 19.728145799570001 ], [ -99.059277225548996, 19.728064638423007 ], [ -99.058910031577994, 19.726502235304999 ], [ -99.058905346738996, 19.726482298349012 ], [ -99.058900657250007, 19.726462324441034 ], [ -99.058895966972997, 19.726442312769006 ], [ -99.058891279793002, 19.726422262522014 ], [ -99.058886599614993, 19.726402172889006 ], [ -99.058881930368997, 19.726382043064 ], [ -99.058877276006996, 19.726361872246997 ], [ -99.058872640505996, 19.726341659644003 ], [ -99.058868027865003, 19.72632140447401 ], [ -99.058863442108006, 19.726301105964026 ], [ -99.058858887285993, 19.726280763359011 ], [ -99.058854367473998, 19.72626037591801 ], [ -99.058849886772009, 19.726239942919001 ], [ -99.058845449307, 19.726219463663007 ], [ -99.058841059231995, 19.726198937470002 ], [ -99.058836720729005, 19.726178363689986 ], [ -99.058832438004004, 19.726157741695971 ], [ -99.058828215291996, 19.726137070892975 ], [ -99.058824056857006, 19.72611635072003 ], [ -99.058819966988011, 19.726095580646962 ], [ -99.058815950004998, 19.726074760184005 ], [ -99.058812010255011, 19.726053888878006 ], [ -99.058808152111993, 19.726032966320016 ], [ -99.058804379982007, 19.726011992143036 ], [ -99.058800698295997, 19.72599096602799 ], [ -99.058797111515005, 19.72596988770502 ], [ -99.058793624128995, 19.725948756956008 ], [ -99.058790240655, 19.725927573614996 ], [ -99.058786965639001, 19.725906337576994 ], [ -99.058783803653995, 19.725885048793025 ], [ -99.058780759293995, 19.725863707284997 ], [ -99.058748368907999, 19.725495107879002 ], [ -99.058753794455995, 19.72512527021799 ], [ -99.058796984763006, 19.724757665012998 ], [ -99.058877534258997, 19.724395742001001 ], [ -99.058994686795998, 19.724042897575991 ], [ -99.059147342749, 19.72370244290903 ], [ -99.059334069350001, 19.723377572885038 ], [ -99.059553114134999, 19.723071336123027 ], [ -99.059802421396, 19.722786606367048 ], [ -99.059817814636006, 19.722770754251972 ], [ -99.059833272472005, 19.722755009124036 ], [ -99.059848791123997, 19.722739368498999 ], [ -99.059864366870002, 19.72272382986101 ], [ -99.059879996046007, 19.722708390656983 ], [ -99.059895675047002, 19.722693048305004 ], [ -99.059911400323003, 19.722677800194013 ], [ -99.059927168380995, 19.722662643684988 ], [ -99.059942975777005, 19.722647576112958 ], [ -99.059958819120993, 19.722632594791982 ], [ -99.059974695072995, 19.722617697015011 ], [ -99.059990600342005, 19.722602880056005 ], [ -99.060006531682006, 19.722588141172 ], [ -99.060022485893995, 19.722573477602996 ], [ -99.060038459821996, 19.722558886578994 ], [ -99.060054450354002, 19.722544365317994 ], [ -99.060070454416007, 19.722529911024999 ], [ -99.060086468974021, 19.722515520903009 ], [ -99.060102491031998, 19.722501192141987 ], [ -99.060118517628993, 19.722486921934003 ], [ -99.060134545837997, 19.722472707463041 ], [ -99.060150572766005, 19.722458545914009 ], [ -99.060166595547017, 19.722444434473996 ], [ -99.060182611347003, 19.722430370327963 ], [ -99.060198617360001, 19.722416350668002 ], [ -99.060214610803996, 19.722402372686972 ], [ -99.060230588921002, 19.722388433590005 ], [ -99.060246548976011, 19.722374530583995 ], [ -99.060262488256015, 19.722360660888008 ], [ -99.060278404065997, 19.722346821732998 ], [ -99.060294293729015, 19.72233301036 ], [ -99.062439987614994, 19.720468041508013 ], [ -99.062456990522008, 19.720453262458975 ], [ -99.062473979863995, 19.720438492884018 ], [ -99.062490954425996, 19.720423731530012 ], [ -99.062507912995002, 19.720408977147006 ], [ -99.062524854358998, 19.720394228490022 ], [ -99.062541777310003, 19.720379484315995 ], [ -99.062558680638006, 19.720364743388973 ], [ -99.062575563135994, 19.720350004472994 ], [ -99.062592423596996, 19.720335266340992 ], [ -99.062609260814, 19.720320527767029 ], [ -99.062626073578997, 19.720305787534002 ], [ -99.062642860685003, 19.720291044427999 ], [ -99.062659620925004, 19.720276297239998 ], [ -99.062676353087994, 19.720261544769041 ], [ -99.062693055964999, 19.720246785818979 ], [ -99.062709728342995, 19.720232019201006 ], [ -99.062726369010008, 19.720217243732968 ], [ -99.062742976749007, 19.720202458238997 ], [ -99.062759550340999, 19.720187661549996 ], [ -99.062776088567006, 19.720172852505971 ], [ -99.062792590203003, 19.720158029955019 ], [ -99.062809054021002, 19.720143192750999 ], [ -99.062825478790998, 19.720128339759022 ], [ -99.062841863279004, 19.720113469849974 ], [ -99.062858206247, 19.720098581905006 ], [ -99.062874506452005, 19.720083674815985 ], [ -99.062890762649005, 19.720068747480994 ], [ -99.062906973584006, 19.720053798809985 ], [ -99.062923138003001, 19.720038827723997 ], [ -99.062939254642004, 19.720023833152005 ], [ -99.062955322226998, 19.720008814042028 ], [ -99.063018023956005, 19.719949502499986 ], [ -99.063080127763996, 19.719889629497999 ], [ -99.063141628043994, 19.719829200441978 ], [ -99.063202519246005, 19.719768220785994 ], [ -99.063262795873996, 19.71970669603499 ], [ -99.063322452487014, 19.719644631744025 ], [ -99.063381483699999, 19.719582033513987 ], [ -99.063439884185996, 19.719518906997042 ], [ -99.063497648671003, 19.719455257893006 ], [ -99.063512261815006, 19.719438960983979 ], [ -99.063526845441004, 19.719422619597996 ], [ -99.063541400757998, 19.719406234853018 ], [ -99.063555928987995, 19.719389807859045 ], [ -99.063570431363004, 19.719373339724019 ], [ -99.063584909124998, 19.719356831546012 ], [ -99.063599363525, 19.719340284421005 ], [ -99.063613795825006, 19.719323699438981 ], [ -99.063628207294997, 19.719307077685983 ], [ -99.063642599217005, 19.719290420241975 ], [ -99.063656972876998, 19.719273728184998 ], [ -99.063671329574007, 19.719257002587018 ], [ -99.063685670612998, 19.719240244516985 ], [ -99.063699997308007, 19.71922345504202 ], [ -99.063714310980004, 19.719206635225003 ], [ -99.063728612958002, 19.719189786125987 ], [ -99.063742904576998, 19.719172908801006 ], [ -99.063757187180997, 19.719156004308015 ], [ -99.063771462120002, 19.719139073699001 ], [ -99.063785730749998, 19.719122118025975 ], [ -99.063799994432003, 19.719105138340019 ], [ -99.063814254535998, 19.71908813568901 ], [ -99.063828512434995, 19.719071111124016 ], [ -99.063842769508, 19.719054065691001 ], [ -99.063857027140003, 19.719037000438021 ], [ -99.063871286720996, 19.719019916415014 ], [ -99.063885549643004, 19.719002814669985 ], [ -99.063899817307004, 19.718985696250982 ], [ -99.063914091114, 19.718968562209966 ], [ -99.063928372470002, 19.718951413597985 ], [ -99.063942662786005, 19.718934251468998 ], [ -99.065753218397006, 19.716759532099008 ], [ -99.065715639673002, 19.716731688596983 ], [ -99.065779150991006, 19.716655397411998 ], [ -99.065816729844997, 19.716683241001984 ], [ -99.067112731473003, 19.715126434258007 ], [ -99.067134652850996, 19.71510010183799 ], [ -99.067156585868005, 19.715073759750016 ], [ -99.067178532745004, 19.715047409652016 ], [ -99.067200495706004, 19.715021053207 ], [ -99.067222476975999, 19.714994692082008 ], [ -99.067244478782001, 19.714968327948 ], [ -99.067266503349998, 19.714941962479006 ], [ -99.067288552909005, 19.714915597354995 ], [ -99.067310629684997, 19.714889234264 ], [ -99.067332735905012, 19.714862874897022 ], [ -99.067354873796006, 19.714836520952009 ], [ -99.067377045581011, 19.714810174136982 ], [ -99.067399253483998, 19.714783836165008 ], [ -99.067411649082004, 19.714769166543991 ], [ -99.067367093407995, 19.714735072022997 ], [ -99.067431324563998, 19.714659324084987 ], [ -99.067475904294994, 19.714693437004019 ], [ -99.067669144418005, 19.714455227126003 ], [ -99.067700312468006, 19.714479536161026 ], [ -99.067906014236996, 19.714307668113015 ], [ -99.067883856802993, 19.714289985462027 ], [ -99.067925364608996, 19.714243339920984 ], [ -99.067949992432006, 19.714262994052007 ], [ -99.068024558798996, 19.714199571765999 ], [ -99.068157708089998, 19.714093532086004 ], [ -99.068133243828001, 19.714073695633029 ], [ -99.068175136611998, 19.714027359820985 ], [ -99.068199600872006, 19.714047196266989 ], [ -99.068393300712003, 19.71386819507201 ], [ -99.068381179781994, 19.713858190256037 ], [ -99.068423502279003, 19.713812206036025 ], [ -99.068438435675006, 19.713824238858972 ], [ -99.068631407957994, 19.713645559961989 ], [ -99.068673965979002, 19.713599785014978 ], [ -99.068875430567999, 19.713429030159034 ], [ -99.068918065323999, 19.713383305458983 ], [ -99.069119971424996, 19.713212924635048 ], [ -99.069164468227015, 19.713169252811007 ], [ -99.069368002288002, 19.712996709188999 ], [ -99.069415768143998, 19.712955247304986 ], [ -99.069614777362005, 19.712782502283972 ], [ -99.069662260941001, 19.712741285252029 ], [ -99.069861269629001, 19.712568539955015 ], [ -99.069908753080995, 19.712527322857003 ], [ -99.070107810812999, 19.712354628502009 ], [ -99.070155244565001, 19.712313360120014 ], [ -99.070354225724003, 19.712140637248009 ], [ -99.070401708923001, 19.712099420018994 ], [ -99.070600718527004, 19.711926676480001 ], [ -99.070648199096013, 19.71188545659799 ], [ -99.070847205665999, 19.711712710197009 ], [ -99.070894688612995, 19.711671492836 ], [ -99.071093694653996, 19.711498746158984 ], [ -99.071141177474004, 19.71145752873203 ], [ -99.071356659274997, 19.711271364162958 ], [ -99.071356212379996, 19.711270902437004 ], [ -99.071356335885, 19.711270760213981 ], [ -99.071371668409995, 19.711257444410968 ], [ -99.071372208750006, 19.711258002683014 ], [ -99.071437980520002, 19.711200807726005 ], [ -99.071583761823007, 19.711074261514977 ], [ -99.071658406143996, 19.711009466005002 ], [ -99.071742390555997, 19.710936562664997 ], [ -99.071887201126003, 19.710810858443981 ], [ -99.072052088456999, 19.710667726012982 ], [ -99.072139983715005, 19.710591427310991 ], [ -99.072215738840995, 19.71052566692601 ], [ -99.072328866934996, 19.710427464209996 ], [ -99.072411635373015, 19.710355615574993 ], [ -99.072546117483995, 19.710238875733992 ], [ -99.072664941042007, 19.710135728381953 ], [ -99.072795518771997, 19.710022377322986 ], [ -99.072930209758994, 19.709905455388018 ], [ -99.073014386300002, 19.709832383663979 ], [ -99.073101578750993, 19.70975669378501 ], [ -99.073180594749005, 19.709688101610027 ], [ -99.073234610520004, 19.709641211566986 ], [ -99.073280948499004, 19.709600986433014 ], [ -99.073351573652005, 19.709539677993003 ], [ -99.073418571477006, 19.709481518303004 ], [ -99.073494482032004, 19.709415621539996 ], [ -99.073596440089005, 19.70932711321397 ], [ -99.073720208069005, 19.709219671796014 ], [ -99.073839026387006, 19.709116500627029 ], [ -99.073903418686996, 19.709060642119997 ], [ -99.073936262939995, 19.70902905930603 ], [ -99.074043732594006, 19.708937660374975 ], [ -99.074187124071997, 19.708817886965956 ], [ -99.074191363729994, 19.708814382201016 ], [ -99.074331772888002, 19.708699477480998 ], [ -99.074437313036, 19.708614601419995 ], [ -99.074477688697996, 19.708582509448014 ], [ -99.074624570970997, 19.708466865083995 ], [ -99.074657654001001, 19.708440931246002 ], [ -99.074652439887998, 19.708434985160988 ], [ -99.07480173904402, 19.708309547528991 ], [ -99.075176384512005, 19.707983531276014 ], [ -99.075313677398995, 19.707869301820992 ], [ -99.077165616466999, 19.706251904010994 ], [ -99.077392682430002, 19.706486098099997 ], [ -99.077358393501001, 19.706515932541997 ], [ -99.077330560326018, 19.706552421776962 ], [ -99.077284681395, 19.706592563503989 ], [ -99.077239038475, 19.70663294583402 ], [ -99.077193632971003, 19.706673567522003 ], [ -99.077148466284001, 19.706714427317014 ], [ -99.077103539806004, 19.706755523958012 ], [ -99.077058854921006, 19.706796856179988 ], [ -99.077014413007007, 19.706838422708994 ], [ -99.076970215434002, 19.706880222263027 ], [ -99.076926263573, 19.706922253544995 ], [ -99.076785551881002, 19.707044686610018 ], [ -99.075787759606996, 19.708004179659991 ], [ -99.075779119133998, 19.708012488369988 ], [ -99.075770476963001, 19.708020798514003 ], [ -99.075761832989997, 19.708029109994037 ], [ -99.075753187109996, 19.708037422713012 ], [ -99.075744539219002, 19.708045736572977 ], [ -99.075735889211998, 19.70805405147701 ], [ -99.075727236985003, 19.708062367326971 ], [ -99.075718582432998, 19.708070684025 ], [ -99.075709925450994, 19.708079001473983 ], [ -99.075701265934995, 19.708087319575 ], [ -99.075692603779999, 19.708095638231004 ], [ -99.075683938881994, 19.708103957344001 ], [ -99.075675271134003, 19.708112276815012 ], [ -99.075666600434005, 19.708120596545996 ], [ -99.075657926676001, 19.708128916440003 ], [ -99.075649249755003, 19.708137236396013 ], [ -99.075640569566005, 19.708145556317017 ], [ -99.075631886004999, 19.708153876105005 ], [ -99.075623198966994, 19.708162195660019 ], [ -99.075614508347002, 19.70817051488298 ], [ -99.075605814040003, 19.708178833675017 ], [ -99.075597115942003, 19.708187151938013 ], [ -99.075588413947997, 19.708195469571994 ], [ -99.075579707954006, 19.708203786477011 ], [ -99.075570997854001, 19.70821210255502 ], [ -99.075562283544002, 19.708220417703981 ], [ -99.075553564919005, 19.708228731827017 ], [ -99.075544841875001, 19.708237044821015 ], [ -99.075536114306999, 19.708245356587991 ], [ -99.075527382112, 19.708253667026987 ], [ -99.075518645184005, 19.708261976038017 ], [ -99.075451143623994, 19.708325965842008 ], [ -99.075383450158, 19.708389773589008 ], [ -99.075315565332005, 19.708453398761009 ], [ -99.075247489695016, 19.708516840844002 ], [ -99.075179223798003, 19.708580099326017 ], [ -99.075110768192005, 19.708643173693002 ], [ -99.075042123431004, 19.708706063437003 ], [ -99.074973290071, 19.708768768048014 ], [ -99.074904268675994, 19.708831287010973 ], [ -99.074895306925995, 19.708839378449998 ], [ -99.074886343770999, 19.708847465377996 ], [ -99.074877379314998, 19.708855547896029 ], [ -99.074868413659999, 19.708863626103991 ], [ -99.074859446911006, 19.708871700103032 ], [ -99.074850479171005, 19.70887976999602 ], [ -99.074841510542001, 19.708887835882006 ], [ -99.074832541129012, 19.708895897864004 ], [ -99.074823571032994, 19.708903956043013 ], [ -99.074814600357001, 19.708912010518993 ], [ -99.074805629203993, 19.708920061394032 ], [ -99.074796657676004, 19.70892810876996 ], [ -99.074787685876018, 19.708936152747992 ], [ -99.074778713905005, 19.708944193429002 ], [ -99.074769741866007, 19.70895223091399 ], [ -99.074760769861015, 19.708960265306004 ], [ -99.074751797990004, 19.708968296703997 ], [ -99.07474282635701, 19.70897632521098 ], [ -99.074733855061993, 19.708984350927974 ], [ -99.074724884207001, 19.708992373956011 ], [ -99.074715913893996, 19.709000394397002 ], [ -99.074706944222015, 19.709008412351992 ], [ -99.074697975294995, 19.709016427920986 ], [ -99.074689007212015, 19.709024441207028 ], [ -99.074680040074995, 19.709032452310993 ], [ -99.074671073984007, 19.709040461333014 ], [ -99.074662109041, 19.709048468374984 ], [ -99.074653145347014, 19.709056473537998 ], [ -99.074644183, 19.709064476923029 ], [ -99.074635222104007, 19.709072478632002 ], [ -99.074626262757008, 19.709080478764019 ], [ -99.067990671700002, 19.715005277572015 ], [ -99.067986192587, 19.715009276669008 ], [ -99.067981714466995, 19.715013274934037 ], [ -99.067977237367998, 19.715017272398992 ], [ -99.067972761319993, 19.715021269090983 ], [ -99.067968286352993, 19.715025265040982 ], [ -99.067963812495009, 19.715029260276978 ], [ -99.067959339775015, 19.715033254829013 ], [ -99.067954868224007, 19.715037248726993 ], [ -99.067950397868998, 19.715041241998989 ], [ -99.067945928740997, 19.715045234675021 ], [ -99.067941460867004, 19.715049226784025 ], [ -99.067936994278, 19.715053218355024 ], [ -99.067932529003002, 19.715057209417001 ], [ -99.067928065070006, 19.715061200000012 ], [ -99.067923602510007, 19.715065190132986 ], [ -99.067919141348995, 19.715069179844985 ], [ -99.067914681619001, 19.715073169163979 ], [ -99.067910223347994, 19.715077158120021 ], [ -99.067905766565005, 19.715081146741994 ], [ -99.067901311298996, 19.715085135058974 ], [ -99.067896857579001, 19.715089123098991 ], [ -99.067892405435003, 19.715093110893008 ], [ -99.067887954894019, 19.715097098467997 ], [ -99.067883505986998, 19.715101085853004 ], [ -99.067879058743003, 19.715105073077982 ], [ -99.067874613189005, 19.715109060170981 ], [ -99.067870169355999, 19.715113047160013 ], [ -99.067865727273002, 19.715117034074979 ], [ -99.067861286967997, 19.715121020944984 ], [ -99.067856848470001, 19.715125007797013 ], [ -99.067852411809, 19.715128994660983 ], [ -99.067808876566005, 19.715172379309973 ], [ -99.067765587875002, 19.715215785613992 ], [ -99.067722582862004, 19.715259239652987 ], [ -99.067587625342, 19.715384662723039 ], [ -99.067454454084, 19.715511786672998 ], [ -99.067323092991003, 19.715640588689009 ], [ -99.067193565641006, 19.715771045654972 ], [ -99.067065895285012, 19.715903134158985 ], [ -99.067011884915004, 19.715960539102014 ], [ -99.067082578397006, 19.71601291800199 ], [ -99.067062420983007, 19.716034342313019 ], [ -99.067010798330998, 19.716089209422996 ], [ -99.066886910394999, 19.716224489647026 ], [ -99.066796269883, 19.716326186151029 ], [ -99.066725576357001, 19.716273807140002 ], [ -99.066694253655996, 19.716308950408003 ], [ -99.066574237059996, 19.716447325138994 ], [ -99.066532324990007, 19.716491726829997 ], [ -99.066490488152994, 19.716536391915984 ], [ -99.066448695841999, 19.716581287677009 ], [ -99.066444893779007, 19.716585824650025 ], [ -99.066441091889999, 19.716590363353991 ], [ -99.066437290143, 19.716594903765007 ], [ -99.066433488504998, 19.716599445857025 ], [ -99.066429686942001, 19.716603989607002 ], [ -99.066425885423016, 19.716608534988985 ], [ -99.066422083914006, 19.716613081976991 ], [ -99.066418282382998, 19.716617630547997 ], [ -99.066414480795999, 19.716622180677032 ], [ -99.066410679121006, 19.716626732339023 ], [ -99.066406877324994, 19.716631285508011 ], [ -99.066403075375007, 19.716635840159995 ], [ -99.066399273238005, 19.716640396271011 ], [ -99.066395470880011, 19.71664495381399 ], [ -99.066391668269006, 19.71664951276702 ], [ -99.066387865371993, 19.716654073101996 ], [ -99.066384062154995, 19.716658634797003 ], [ -99.066380258584999, 19.716663197825046 ], [ -99.066376454630003, 19.716667762163009 ], [ -99.066372650255005, 19.716672327783975 ], [ -99.066368845428002, 19.716676894665021 ], [ -99.066365040115997, 19.71668146277899 ], [ -99.066361234284003, 19.716686032104025 ], [ -99.066357427900002, 19.716690602611976 ], [ -99.066353620930002, 19.716695174279977 ], [ -99.066349813341006, 19.716699747083009 ], [ -99.066346005100002, 19.716704320995014 ], [ -99.066342196172997, 19.716708895992017 ], [ -99.066338386525999, 19.716713472047982 ], [ -99.066334576127005, 19.71671804913899 ], [ -99.066330764941, 19.716722627240017 ], [ -99.066094445928996, 19.717006500098961 ], [ -99.064279876772005, 19.71918604580803 ], [ -99.064265576094002, 19.719203220425001 ], [ -99.064251263621017, 19.719220406444006 ], [ -99.064236937933998, 19.719237602803968 ], [ -99.064222597609998, 19.719254808443004 ], [ -99.064208241225003, 19.719272022292998 ], [ -99.064193867355002, 19.719289243284965 ], [ -99.064179474569997, 19.719306470344986 ], [ -99.064165061441003, 19.719323702395009 ], [ -99.064150626537995, 19.719340938350985 ], [ -99.064136168429997, 19.719358177126963 ], [ -99.064121685683006, 19.719375417629053 ], [ -99.064107176866003, 19.71939265876 ], [ -99.064092640545994, 19.719409899416 ], [ -99.064078075289004, 19.71942713848502 ], [ -99.064063479664995, 19.719444374852998 ], [ -99.064048852241996, 19.719461607396028 ], [ -99.064034191589002, 19.719478834982009 ], [ -99.064019496276998, 19.719496056475997 ], [ -99.064004764879996, 19.719513270730019 ], [ -99.063989995970005, 19.719530476591995 ], [ -99.063975188125994, 19.719547672899008 ], [ -99.063960339925003, 19.719564858482002 ], [ -99.063945449951007, 19.719582032159995 ], [ -99.063930516788005, 19.71959919274499 ], [ -99.063915539023995, 19.719616339038037 ], [ -99.063900515252996, 19.719633469830981 ], [ -99.063885444069996, 19.719650583905985 ], [ -99.063870324077001, 19.719667680033002 ], [ -99.063855153877995, 19.719684756971979 ], [ -99.063839932085003, 19.719701813473012 ], [ -99.063824657314001, 19.719718848272006 ], [ -99.063764233629001, 19.719785427623009 ], [ -99.063703144662, 19.719851460328009 ], [ -99.063641395925998, 19.719916940426003 ], [ -99.063578992996, 19.719981862004992 ], [ -99.063515941502999, 19.720046219206015 ], [ -99.063452247138997, 19.720110006217979 ], [ -99.063387915652996, 19.720173217284 ], [ -99.063322952852005, 19.720235846696024 ], [ -99.063257364608006, 19.720297888793016 ], [ -99.063240569534003, 19.720313587956014 ], [ -99.063223747641999, 19.720329238715994 ], [ -99.063206900363994, 19.720344842284987 ], [ -99.063190029121998, 19.720360399882004 ], [ -99.063173135325002, 19.720375912730013 ], [ -99.063156220373003, 19.720391382059006 ], [ -99.063139285654998, 19.720406809103014 ], [ -99.06312233254701, 19.720422195102014 ], [ -99.063105362417005, 19.720437541296999 ], [ -99.063088376623995, 19.720452848935999 ], [ -99.063071376514998, 19.720468119271011 ], [ -99.063054363429998, 19.720483353555007 ], [ -99.063037338697995, 19.720498553044006 ], [ -99.063020303640002, 19.720513718999978 ], [ -99.063003259571005, 19.720528852684016 ], [ -99.062986207794012, 19.720543955360981 ], [ -99.062969149607, 19.720559028297 ], [ -99.062952086300996, 19.720574072758996 ], [ -99.062935019158004, 19.720589090015984 ], [ -99.062917949454004, 19.720604081338006 ], [ -99.062900878459018, 19.720619047995012 ], [ -99.062883807437004, 19.720633991258012 ], [ -99.062866737644995, 19.72064891239701 ], [ -99.062849670336007, 19.720663812683007 ], [ -99.062832606756999, 19.720678693385967 ], [ -99.062815548150013, 19.720693555775 ], [ -99.062798495754009, 19.720708401118021 ], [ -99.062781450800998, 19.720723230681006 ], [ -99.062764414520998, 19.720738045730016 ], [ -99.062747388141005, 19.720752847527031 ], [ -99.06273037288301, 19.720767637333008 ], [ -99.060584678389006, 19.72263260960003 ], [ -99.060568817526999, 19.722646395960027 ], [ -99.060552988115006, 19.722660160009006 ], [ -99.060537192785006, 19.722673904462003 ], [ -99.060521434162013, 19.722687632014004 ], [ -99.060505714857001, 19.722701345341985 ], [ -99.060490037473997, 19.722715047104018 ], [ -99.060474404611995, 19.722728739933007 ], [ -99.060458818862998, 19.722742426442998 ], [ -99.060443282815001, 19.722756109221002 ], [ -99.060427799055006, 19.722769790829012 ], [ -99.060412370167995, 19.722783473802998 ], [ -99.060396998738014, 19.722797160648966 ], [ -99.060381687355004, 19.722810853845989 ], [ -99.060366438608, 19.722824555839981 ], [ -99.060351255092016, 19.722838269044992 ], [ -99.060336139407994, 19.722851995842976 ], [ -99.060321094163001, 19.722865738579031 ], [ -99.060306121972999, 19.722879499564947 ], [ -99.060291225463004, 19.722893281072015 ], [ -99.060276407268006, 19.722907085334015 ], [ -99.060261670035004, 19.722920914545039 ], [ -99.060247016423006, 19.722934770856988 ], [ -99.060232449105001, 19.722948656380002 ], [ -99.060217970769003, 19.722962573177995 ], [ -99.060203584118, 19.722976523269988 ], [ -99.060189291872007, 19.722990508629017 ], [ -99.060175096766002, 19.723004531177981 ], [ -99.060161001557006, 19.723018592791998 ], [ -99.060147009017001, 19.723032695293014 ], [ -99.060133121939998, 19.723046840450007 ], [ -99.060119343138993, 19.723061029978993 ], [ -99.059896589478996, 19.723315433892978 ], [ -99.059700875236999, 19.723589054101982 ], [ -99.059534037156993, 19.723879322927004 ], [ -99.059397641032007, 19.724183516444004 ], [ -99.059357829708006, 19.72430342276099 ], [ -99.059378137661, 19.724309886330001 ], [ -99.059351760294021, 19.724391667522987 ], [ -99.059330583570997, 19.724385484327996 ], [ -99.059292967005021, 19.724498780040026 ], [ -99.059220997552998, 19.724822155200986 ], [ -99.059182408257001, 19.725150607277016 ], [ -99.059177561458995, 19.725481053953995 ], [ -99.059206502859993, 19.72581039417301 ], [ -99.059209228000995, 19.725829497356997 ], [ -99.059212068755997, 19.725848622826007 ], [ -99.059215021783004, 19.725867770463022 ], [ -99.059218083719998, 19.725886940204024 ], [ -99.059221251192, 19.725906132043029 ], [ -99.059224520808002, 19.725925346022017 ], [ -99.059227889160013, 19.725944582235982 ], [ -99.059231352826998, 19.725963840829991 ], [ -99.059234908370996, 19.725983121993014 ], [ -99.059238552341, 19.726002425964012 ], [ -99.059242281270002, 19.726021753023002 ], [ -99.059246091676002, 19.726041103494989 ], [ -99.059249980063001, 19.726060477743022 ], [ -99.059253942921003, 19.72607987617301 ], [ -99.059257976723003, 19.726099299223996 ], [ -99.059262077927997, 19.72611874737499 ], [ -99.059266242980001, 19.726138221136004 ], [ -99.059270468307005, 19.72615772105102 ], [ -99.059274750322004, 19.72617724769302 ], [ -99.059279085423, 19.726196801666003 ], [ -99.059283469990007, 19.726216383599979 ], [ -99.059287900387005, 19.726235994148009 ], [ -99.059292372963014, 19.726255633989958 ], [ -99.059296884047995, 19.726275303824998 ], [ -99.059301429955994, 19.726295004373007 ], [ -99.059306006981004, 19.726314736370981 ], [ -99.059310611401997, 19.72633450057301 ], [ -99.059315239476007, 19.726354297745015 ], [ -99.059319887444005, 19.726374128668002 ], [ -99.059324551526004, 19.726393994131001 ], [ -99.059329227922007, 19.726413894932993 ], [ -99.059715500555996, 19.728057458300004 ], [ -99.059718116930995, 19.728068594357019 ], [ -99.059720731661002, 19.728079730760012 ], [ -99.059723344746999, 19.728090867509973 ], [ -99.059725956186, 19.728102004605979 ], [ -99.059728565981004, 19.728113142047007 ], [ -99.059731174130008, 19.728124279833949 ], [ -99.059733780634005, 19.728135417966975 ], [ -99.059736385492997, 19.728146556445004 ], [ -99.059738988715011, 19.728157695258005 ], [ -99.059740298815001, 19.728163306598002 ], [ -99.059741607258005, 19.728168918285043 ], [ -99.059742914042005, 19.728174530318014 ], [ -99.059744219167001, 19.728180142697969 ], [ -99.059745522634003, 19.728185755422974 ], [ -99.059746824442001, 19.728191368492986 ], [ -99.059748124592019, 19.728196981907985 ], [ -99.059749423083005, 19.728202595667014 ], [ -99.059750719923997, 19.728208209760997 ], [ -99.059752881433994, 19.728217585982001 ], [ -99.059755037402013, 19.728226963347975 ], [ -99.059757187827998, 19.728236341854995 ], [ -99.059759332710996, 19.728245721498993 ], [ -99.059761472049999, 19.728255102278961 ], [ -99.059763605843997, 19.728264484191985 ], [ -99.059765734093006, 19.728273867234019 ], [ -99.059767856796995, 19.728283251402011 ], [ -99.059769973962005, 19.728292636683992 ], [ -99.05977167396, 19.728300196016999 ], [ -99.059773368373001, 19.728307756475051 ], [ -99.059775057199005, 19.728315318053003 ], [ -99.059776740439005, 19.728322880747999 ], [ -99.059778418091994, 19.728330444556988 ], [ -99.059780090155996, 19.728338009474999 ], [ -99.059781756630997, 19.728345575498022 ], [ -99.059783417515007, 19.728353142624023 ], [ -99.059785072818002, 19.728360710838977 ], [ -99.059787057186, 19.728369822138024 ], [ -99.059789032127995, 19.72837893527301 ], [ -99.059790997644001, 19.728388050236035 ], [ -99.059792953731019, 19.728397167017025 ], [ -99.059794900387999, 19.728406285607015 ], [ -99.059796837613007, 19.728415405998994 ], [ -99.059798765403997, 19.728424528183005 ], [ -99.059800683757999, 19.728433652150013 ], [ -99.059802592683994, 19.728442777883036 ], [ -99.059804265026003, 19.728450816910005 ], [ -99.059805927865, 19.728458857703977 ], [ -99.059807581197006, 19.728466900255015 ], [ -99.059809225021993, 19.728474944554002 ], [ -99.059810859337006, 19.728482990589999 ], [ -99.059812484140011, 19.728491038354029 ], [ -99.059814099429005, 19.728499087834006 ], [ -99.059815705201004, 19.728507139021985 ], [ -99.059817301465003, 19.728515191897024 ], [ -99.059819086773999, 19.728524261503988 ], [ -99.059820858679004, 19.728533333466991 ], [ -99.059822617178995, 19.728542407769009 ], [ -99.059824362268003, 19.728551484392003 ], [ -99.059826093945006, 19.72856056331797 ], [ -99.059827812205, 19.728569644530012 ], [ -99.059829517045003, 19.728578728008983 ], [ -99.059831208461006, 19.728587813738034 ], [ -99.059832886460995, 19.728596901689986 ], [ -99.059834408884996, 19.728605219114002 ], [ -99.059835917788007, 19.728613538748032 ], [ -99.059837413167003, 19.72862186057101 ], [ -99.059838895018999, 19.728630184562967 ], [ -99.059840363340001, 19.728638510704972 ], [ -99.059841818126003, 19.728646838977014 ], [ -99.059843259374006, 19.728655169359985 ], [ -99.059844687080997, 19.72866350183299 ], [ -99.059846101250997, 19.728671836368004 ], [ -99.059847629841002, 19.728680942899008 ], [ -99.059849140935, 19.728690052047998 ], [ -99.059850634529994, 19.728699163785006 ], [ -99.05985211062, 19.72870827808001 ], [ -99.059853569199007, 19.728717394900986 ], [ -99.059855010264997, 19.728726514220011 ], [ -99.059856433811007, 19.728735636006 ], [ -99.059857839833001, 19.728744760228018 ], [ -99.059859228335, 19.728753886848029 ], [ -99.059860508899007, 19.72876241820499 ], [ -99.059861771811995, 19.728770951920996 ], [ -99.059863017070001, 19.728779487962992 ], [ -99.059864244668006, 19.728788026298989 ], [ -99.059865454600001, 19.728796566895006 ], [ -99.059866646863, 19.728805109719001 ], [ -99.059867821452002, 19.728813654737987 ], [ -99.059868978360996, 19.728822201919986 ], [ -99.059870117597001, 19.728830751221984 ], [ -99.059903067421004, 19.729234813406006 ], [ -99.059895414981, 19.729640013626994 ], [ -99.059847228904999, 19.730042701824985 ], [ -99.059758942955995, 19.730439250538989 ], [ -99.059631352137004, 19.730826087586998 ], [ -99.059465605537994, 19.731199728248008 ], [ -99.059263195995001, 19.731556806653003 ], [ -99.059025946649996, 19.731894106108001 ], [ -99.058755994544001, 19.73220858806901 ], [ -99.058749919283002, 19.73221500376301 ], [ -99.058743830761017, 19.732221408177029 ], [ -99.058737729002004, 19.732227801284012 ], [ -99.058731614028005, 19.732234183061994 ], [ -99.058725485863008, 19.732240553484981 ], [ -99.058719344531994, 19.732246912528016 ], [ -99.058713190057006, 19.732253260168019 ], [ -99.058707022460993, 19.73225959638 ], [ -99.058700841779, 19.732265921130971 ], [ -99.058694214555004, 19.732272677186003 ], [ -99.058687574364001, 19.732279421815004 ], [ -99.058680921228003, 19.732286154996025 ], [ -99.058674255168, 19.732292876706005 ], [ -99.058667576206005, 19.732299586924032 ], [ -99.058660884364997, 19.732306285627008 ], [ -99.058654179667002, 19.732312972792997 ], [ -99.058647462134019, 19.732319648399987 ], [ -99.058640731796999, 19.732326312416998 ], [ -99.058634559539996, 19.732332403346014 ], [ -99.058628377389994, 19.732338485271992 ], [ -99.058622185361003, 19.732344558181016 ], [ -99.058615983468002, 19.732350622058007 ], [ -99.058609771725003, 19.732356676890024 ], [ -99.058603550148007, 19.732362722660977 ], [ -99.058597318750998, 19.732368759358021 ], [ -99.058591077548996, 19.732374786966005 ], [ -99.058584826564996, 19.732380805461979 ], [ -99.058577984527005, 19.732387373700011 ], [ -99.058571132789993, 19.732393932865001 ], [ -99.058564271367004, 19.732400482947007 ], [ -99.058557400271994, 19.732407023930975 ], [ -99.058550519516999, 19.732413555805007 ], [ -99.058543629116997, 19.732420078556029 ], [ -99.058536729085006, 19.732426592171993 ], [ -99.058529819434, 19.732433096638992 ], [ -99.058522900187, 19.732439591936021 ], [ -99.058516747479999, 19.732445353130991 ], [ -99.058510587967021, 19.732451107800983 ], [ -99.058504421654007, 19.732456855937997 ], [ -99.058498248549, 19.732462597536014 ], [ -99.058492068660996, 19.732468332588002 ], [ -99.058485881997015, 19.732474061084982 ], [ -99.058479688564006, 19.732479783020988 ], [ -99.058473488371007, 19.732485498389018 ], [ -99.058467281434005, 19.732491207173005 ], [ -99.058460226793002, 19.732497682017005 ], [ -99.058453165456996, 19.732504150314991 ], [ -99.058446097433006, 19.732510612061006 ], [ -99.058439022729004, 19.732517067248004 ], [ -99.058431941351003, 19.732523515871009 ], [ -99.058424853304999, 19.732529957923028 ], [ -99.058417758599006, 19.732536393398007 ], [ -99.058410657238994, 19.732542822291002 ], [ -99.058403549241007, 19.732549244584018 ], [ -99.058397639280997, 19.73255457544602 ], [ -99.058391725384993, 19.732559902390001 ], [ -99.058385807552995, 19.732565225415986 ], [ -99.058379885790018, 19.732570544520033 ], [ -99.058373960097995, 19.732575859700002 ], [ -99.058368030479997, 19.732581170951992 ], [ -99.058362096939021, 19.732586478275998 ], [ -99.058356159477995, 19.732591781666994 ], [ -99.058350218108998, 19.732597081113987 ], [ -99.058342836224, 19.732603657137997 ], [ -99.058335450453995, 19.732610229250007 ], [ -99.058328060798999, 19.732616797445001 ], [ -99.058320667263004, 19.732623361723011 ], [ -99.058313269848, 19.732629922082019 ], [ -99.058305868554996, 19.732636478519005 ], [ -99.058298463387999, 19.732643031031976 ], [ -99.058291054348999, 19.732649579619999 ], [ -99.058283641448995, 19.732656124270985 ], [ -99.058279200753006, 19.732660041542992 ], [ -99.058274758900012, 19.732663957639001 ], [ -99.058270315890013, 19.732667872557979 ], [ -99.058265871722, 19.732671786298994 ], [ -99.058261426398019, 19.732675698861993 ], [ -99.058256979917999, 19.732679610247992 ], [ -99.058252532281003, 19.732683520454017 ], [ -99.058248083489005, 19.732687429481995 ], [ -99.058243633551001, 19.732691337321995 ], [ -99.058234798027996, 19.732699093223015 ], [ -99.058225961358005, 19.732706847953015 ], [ -99.058217123541993, 19.732714601512015 ], [ -99.058208284578996, 19.732722353899987 ], [ -99.058199444469011, 19.732730105115966 ], [ -99.058190603214001, 19.73273785516 ], [ -99.058181760813, 19.732745604033006 ], [ -99.058172917265011, 19.732753351733038 ], [ -99.058164072582002, 19.732761098251999 ], [ -99.056809329068997, 19.733950317656003 ], [ -99.056807820160998, 19.733948776441014 ], [ -99.054097531747004, 19.736322108204998 ], [ -99.054079451652001, 19.736337940607996 ], [ -99.054061383936002, 19.736353765111986 ], [ -99.054043332313015, 19.736369581403974 ], [ -99.054025298330004, 19.736385391062001 ], [ -99.054007283529998, 19.73640119566398 ], [ -99.053989289456993, 19.736416996777997 ], [ -99.053971317651005, 19.73643279597 ], [ -99.053953369653001, 19.736448594799004 ], [ -99.053935447003994, 19.736464394816995 ], [ -99.053917551244993, 19.736480197569989 ], [ -99.053899680800001, 19.736495588033012 ], [ -99.053881911426998, 19.736511397628988 ], [ -99.053864124654993, 19.73652756303202 ], [ -99.053846358241003, 19.736543386201042 ], [ -99.053828626419005, 19.736559219697984 ], [ -99.053810930742003, 19.736575065019 ], [ -99.053793272760998, 19.736590923648993 ], [ -99.053775654033004, 19.736606797066987 ], [ -99.053758076120999, 19.736622686738993 ], [ -99.053740540592997, 19.736638594116016 ], [ -99.053723049018004, 19.736654520647011 ], [ -99.053705602972997, 19.736670467764011 ], [ -99.053688204042999, 19.736686436883975 ], [ -99.053670853811994, 19.736702429419999 ], [ -99.053653553879002, 19.736718446765998 ], [ -99.053636305845998, 19.736734490300968 ], [ -99.053619111320998, 19.73675056139799 ], [ -99.053601971922006, 19.736766661409003 ], [ -99.053584889274006, 19.736782791673022 ], [ -99.053567865009001, 19.736798953517006 ], [ -99.053550803644015, 19.736815240969996 ], [ -99.053253816747002, 19.737114704089016 ], [ -99.053237721025994, 19.737131850180024 ], [ -99.053221755370004, 19.737148953320979 ], [ -99.053205826665007, 19.737166109654012 ], [ -99.053189933409996, 19.737183317718983 ], [ -99.053174074094997, 19.737200576062005 ], [ -99.053158247186005, 19.737217883244 ], [ -99.053142451143003, 19.737235237825043 ], [ -99.053126684407999, 19.737252638382003 ], [ -99.053110945409003, 19.737270083493009 ], [ -99.053095232562001, 19.737287571745004 ], [ -99.053079544270005, 19.737305101733018 ], [ -99.053063878925997, 19.737322672056017 ], [ -99.053048234906001, 19.737340281322002 ], [ -99.053032610581013, 19.737357928136969 ], [ -99.053017004303996, 19.737375611123021 ], [ -99.053001414424003, 19.737393328896989 ], [ -99.052985839274001, 19.737411080087011 ], [ -99.052970277182993, 19.737428863318005 ], [ -99.052954726463994, 19.737446677225996 ], [ -99.052939185430006, 19.737464520442035 ], [ -99.052923596119996, 19.737482456328991 ], [ -99.052908075019019, 19.737500347654002 ], [ -99.052892558454005, 19.737518264192992 ], [ -99.052877044702996, 19.737536204590008 ], [ -99.052861532036999, 19.73755416749097 ], [ -99.052846018718995, 19.73757215153902 ], [ -99.052830503007002, 19.737590155379007 ], [ -99.052814983152018, 19.737608177656011 ], [ -99.052799457402998, 19.737626217012014 ], [ -99.052783923998007, 19.737644272088001 ], [ -99.052768381175994, 19.737662341523979 ], [ -99.042138529659994, 19.750019278224972 ], [ -99.042124917294998, 19.750035100444979 ], [ -99.042111300960997, 19.750050926180005 ], [ -99.042097679413999, 19.750066755782999 ], [ -99.042084052085997, 19.750082588817026 ], [ -99.042070418411996, 19.750098424845014 ], [ -99.042056777823007, 19.750114263427996 ], [ -99.042043129752017, 19.750130104128029 ], [ -99.042029473632994, 19.750145946503995 ], [ -99.042015808897006, 19.750161790116977 ], [ -99.042002134976997, 19.750177634524995 ], [ -99.041988451304007, 19.750193479287024 ], [ -99.041974757310996, 19.750209323958 ], [ -99.041961052429002, 19.750225168094961 ], [ -99.041947336090999, 19.750241011252996 ], [ -99.041933607729007, 19.750256852985991 ], [ -99.041919866775004, 19.750272692846021 ], [ -99.041906112660996, 19.750288530384971 ], [ -99.041892344822003, 19.750304365153003 ], [ -99.041878562689007, 19.750320196699015 ], [ -99.041864765696999, 19.750336024570007 ], [ -99.041850953278015, 19.750351848313016 ], [ -99.041837124869005, 19.750367667470996 ], [ -99.041823279902005, 19.750383481588997 ], [ -99.041809417813994, 19.750399290206975 ], [ -99.041795538041001, 19.750415092864984 ], [ -99.041781640018996, 19.750430889101008 ], [ -99.041767723185998, 19.750446678452001 ], [ -99.041753786979996, 19.750462460450986 ], [ -99.041739830839006, 19.750478234633018 ], [ -99.041725791906998, 19.750494070798961 ], [ -99.041711856514993, 19.750509757662037 ], [ -99.039662032211993, 19.752507951905006 ], [ -99.039645803059003, 19.752521660074997 ], [ -99.039629633179999, 19.752535290255995 ], [ -99.039613381630005, 19.752548962346999 ], [ -99.039597121230997, 19.752562615788005 ], [ -99.039580852493003, 19.752576251097988 ], [ -99.039564575922995, 19.752589868795006 ], [ -99.039548292030005, 19.752603469398036 ], [ -99.039532001316999, 19.752617053428004 ], [ -99.039515704286003, 19.752630621404997 ], [ -99.039499401439997, 19.752644173850992 ], [ -99.039483093276004, 19.752657711287011 ], [ -99.039466780294021, 19.752671234236999 ], [ -99.039450462990004, 19.752684743222979 ], [ -99.039434141857001, 19.752698238769028 ], [ -99.039417817388994, 19.752711721398043 ], [ -99.039401490079001, 19.752725191635047 ], [ -99.039385160416998, 19.752738650002975 ], [ -99.039368828891995, 19.75275209702799 ], [ -99.039352495990997, 19.752765533235021 ], [ -99.039336162203, 19.752778959147015 ], [ -99.039319828013006, 19.752792375290984 ], [ -99.039303493904995, 19.752805782192016 ], [ -99.039287160363997, 19.752819180372988 ], [ -99.039270827870993, 19.752832570361996 ], [ -99.039254496910004, 19.752845952680993 ], [ -99.039238167961003, 19.752859327856971 ], [ -99.039221841504997, 19.75287269641402 ], [ -99.039205518021006, 19.75288605887501 ], [ -99.039189197987994, 19.752899415766045 ], [ -99.039172881883999, 19.752912767609004 ], [ -99.039156570187998, 19.752926114929004 ], [ -99.019829725806005, 19.768737834745988 ], [ -99.019799428886998, 19.768762615250004 ], [ -99.019769097326005, 19.768787412236001 ], [ -99.019738719234994, 19.768812223551997 ], [ -99.019708288402995, 19.768837042363998 ], [ -99.019677713102993, 19.76886193141199 ], [ -99.019647140938019, 19.768886758372982 ], [ -99.019616497334994, 19.768911572028006 ], [ -99.019585776078998, 19.76893636536898 ], [ -99.019554970976998, 19.768961131326009 ], [ -99.019524075857007, 19.768985862777992 ], [ -99.019493084567998, 19.769010552543996 ], [ -99.019461990997002, 19.769035193374993 ], [ -99.019430789066007, 19.769059777957015 ], [ -99.019399472741, 19.769084298899987 ], [ -99.019368036036994, 19.769108748740983 ], [ -99.019336473025007, 19.769133119932008 ], [ -99.019304777840006, 19.769157404843007 ], [ -99.019272944676004, 19.769181595756997 ], [ -99.019240967811001, 19.769205684864023 ], [ -99.019208841597006, 19.769229664256002 ], [ -99.019176560472999, 19.769253525929997 ], [ -99.019144118975007, 19.769277261778001 ], [ -99.019111511735005, 19.769300863586995 ], [ -99.019078733491995, 19.769324323033977 ], [ -99.019045779101006, 19.769347631686006 ], [ -99.019012643536001, 19.769370780993018 ], [ -99.018979321901014, 19.769393762287958 ], [ -99.018945809434001, 19.769416566784013 ], [ -99.018912101517003, 19.76943918556999 ], [ -99.018878193681999, 19.769461609611028 ], [ -99.018844375187996, 19.769483638517983 ], [ -99.018836486774006, 19.769488728595039 ], [ -99.018828589294998, 19.769493806057998 ], [ -99.01882068277402, 19.769498870896033 ], [ -99.018812767233996, 19.769503923090976 ], [ -99.018804842696994, 19.769508962631974 ], [ -99.018796909184999, 19.769513989502016 ], [ -99.018788966721004, 19.769519003687996 ], [ -99.018781015328003, 19.769524005175999 ], [ -99.018773055029001, 19.76952899395101 ], [ -99.018765085845999, 19.769533969998978 ], [ -99.018757107800994, 19.769538933305014 ], [ -99.018749120918002, 19.769543883856983 ], [ -99.018741125220004, 19.769548821638011 ], [ -99.018733120728001, 19.769553746637005 ], [ -99.018725107467006, 19.769558658838026 ], [ -99.018717085457993, 19.769563558227002 ], [ -99.018709054724994, 19.769568444791016 ], [ -99.018701015290006, 19.769573318514976 ], [ -99.018692967177003, 19.769578179386009 ], [ -99.018684910407003, 19.769583027390009 ], [ -99.018676845005999, 19.769587862512985 ], [ -99.018668770993997, 19.769592684742012 ], [ -99.018660688395997, 19.769597494060978 ], [ -99.018652597233995, 19.769602290458998 ], [ -99.018644497531, 19.769607073921019 ], [ -99.018636389310998, 19.769611844432958 ], [ -99.018628272596004, 19.769616601982012 ], [ -99.018620147410005, 19.769621346555034 ], [ -99.018612013774998, 19.769626078137993 ], [ -99.01860387171601, 19.769630796716985 ], [ -99.018595721254002, 19.76963550227801 ], [ -99.018587562413998, 19.769640194810005 ], [ -99.018579395219007, 19.769644874296997 ], [ -99.018571219692006, 19.769649540728004 ], [ -99.018563035854996, 19.769654194088019 ], [ -99.018554843734009, 19.769658834364009 ], [ -99.018546643350007, 19.769663461543001 ], [ -99.018538434727006, 19.769668075612003 ], [ -99.018530217888994, 19.769672676557995 ], [ -99.018521992857998, 19.769677264367996 ], [ -99.018513759659996, 19.769681839027989 ], [ -99.018505518316005, 19.769686400524996 ], [ -99.018497268849998, 19.769690948847003 ], [ -99.018489011287002, 19.769695483981003 ], [ -99.018480745648006, 19.769700005913027 ], [ -99.018472471959001, 19.769704514631016 ], [ -99.018464190242, 19.769709010121982 ], [ -99.018455900521005, 19.769713492373015 ], [ -99.018447602820004, 19.769717961370993 ], [ -99.018439297162999, 19.769722417104013 ], [ -99.018430983572003, 19.769726859559015 ], [ -99.018422662071998, 19.769731288723026 ], [ -99.018414332687001, 19.769735704583976 ], [ -99.018405995440006, 19.76974010712798 ], [ -99.018397650354004, 19.769744496345012 ], [ -99.018389297453993, 19.769748872219949 ], [ -99.018380936764004, 19.769753234741994 ], [ -99.018372568307001, 19.769757583896997 ], [ -99.018364192107995, 19.769761919674984 ], [ -99.018355808189, 19.769766242061991 ], [ -99.018347416574997, 19.769770551046012 ], [ -99.018339017290003, 19.769774846615014 ], [ -99.018330610358007, 19.769779128756017 ], [ -99.018322195802, 19.769783397456987 ], [ -99.018313773646994, 19.769787652707002 ], [ -99.018305343917007, 19.76979189449299 ], [ -99.018296906635001, 19.769796122801996 ], [ -99.018288461826998, 19.769800337624009 ], [ -99.018280009514001, 19.769804538945028 ], [ -99.018271549722996, 19.769808726754988 ], [ -99.018263082477006, 19.769812901039998 ], [ -99.018254607800003, 19.769817061790022 ], [ -99.018246125716004, 19.769821208991019 ], [ -99.018237636248998, 19.769825342633013 ], [ -99.018229139423994, 19.769829462704006 ], [ -99.018220635264996, 19.76983356919202 ], [ -99.018212123796005, 19.769837662085003 ], [ -99.018203605040995, 19.769841741370954 ], [ -99.018195079025006, 19.769845807039001 ], [ -99.018186545771016, 19.769849859077986 ], [ -99.018178005305003, 19.769853897476004 ], [ -99.018169457650004, 19.769857922220009 ], [ -99.018160902830999, 19.769861933300991 ], [ -99.018152340872007, 19.769865930705997 ], [ -99.018143771797995, 19.769869914424007 ], [ -99.018135195632993, 19.769873884444028 ], [ -99.018126612401005, 19.769877840754003 ], [ -99.018118022126998, 19.769881783343017 ], [ -99.018109424835018, 19.769885712200036 ], [ -99.018100820550998, 19.769889627313002 ], [ -99.018092209296995, 19.769893528672007 ], [ -99.018083591099995, 19.769897416266005 ], [ -99.018074965983004, 19.769901290081982 ], [ -99.018066333971007, 19.769905150111004 ], [ -99.018057695088999, 19.769908996342 ], [ -99.018049049360997, 19.769912828762013 ], [ -99.018040396811998, 19.76991664736201 ], [ -99.018031737466998, 19.769920452130989 ], [ -99.018023071350001, 19.769924243057005 ], [ -99.018014398484993, 19.76992802013001 ], [ -99.018005718899005, 19.769931783339008 ], [ -99.017997032614005, 19.769935532672971 ], [ -99.017988339656995, 19.769939268121998 ], [ -99.017979640052005, 19.76994298967503 ], [ -99.017970933822994, 19.769946697321998 ], [ -99.017962220995003, 19.769950391051985 ], [ -99.017953501593993, 19.769954070853 ], [ -99.017944775643997, 19.769957736717004 ], [ -99.017936043169996, 19.769961388632012 ], [ -99.017927304197016, 19.76996502658897 ], [ -99.017918558749997, 19.769968650576029 ], [ -99.017909806852998, 19.769972260583003 ], [ -99.017901048531996, 19.769975856600009 ], [ -99.017892283812003, 19.769979438616993 ], [ -99.017883512717006, 19.76998300662402 ], [ -99.017874735272002, 19.769986560610025 ], [ -99.017865951502998, 19.769990100564993 ], [ -99.017857161435003, 19.769993626480041 ], [ -99.017848365091993, 19.769997138344042 ], [ -99.017839562500001, 19.770000636146992 ], [ -99.017830753683995, 19.770004119879005 ], [ -99.017821938668021, 19.77000758953103 ], [ -99.017813117478994, 19.770011045092009 ], [ -99.017804290140006, 19.770014486552032 ], [ -99.017795456678002, 19.77001791390202 ], [ -99.017786617117011, 19.770021327131978 ], [ -99.017777771482997, 19.770024726232993 ], [ -99.017768919801, 19.770028111194009 ], [ -99.017760062094993, 19.770031482006001 ], [ -99.017751198392006, 19.770034838659011 ], [ -99.017742328717006, 19.770038181144006 ], [ -99.017733453093996, 19.770041509450994 ], [ -99.01772457154901, 19.770044823570991 ], [ -99.017715684107998, 19.770048123494036 ], [ -99.017706790795017, 19.770051409211003 ], [ -99.017697891636004, 19.770054680713002 ], [ -99.017688986657006, 19.770057937989971 ], [ -99.017680075881998, 19.770061181033 ], [ -99.017671159337993, 19.770064409832965 ], [ -99.017662237048995, 19.770067624380015 ], [ -99.017653309040995, 19.770070824664955 ], [ -99.017644375339998, 19.770074010680013 ], [ -99.017635435970021, 19.770077182415005 ], [ -99.017626490957994, 19.770080339860019 ], [ -99.017617540328999, 19.770083483007983 ], [ -99.017608584107009, 19.770086611850012 ], [ -99.017599622320006, 19.770089726375041 ], [ -99.017590654992006, 19.770092826576001 ], [ -99.017581682149014, 19.770095912442986 ], [ -99.017572703816995, 19.77009898396798 ], [ -99.017563720019993, 19.770102041142003 ], [ -99.017554730785008, 19.770105083956999 ], [ -99.017545736138004, 19.770108112402994 ], [ -99.017536736102997, 19.770111126472006 ], [ -99.017527730707016, 19.770114126155022 ], [ -99.017518719975001, 19.770117111444002 ], [ -99.017509703933001, 19.770120082331005 ], [ -99.017500682606993, 19.770123038805988 ], [ -99.017491656022003, 19.770125980861987 ], [ -99.017482624202998, 19.770128908489994 ], [ -99.017473587178003, 19.770131821682025 ], [ -99.017464544971006, 19.770134720428995 ], [ -99.017455497607997, 19.770137604722994 ], [ -99.017446445114999, 19.770140474557003 ], [ -99.017437387518001, 19.77014332992103 ], [ -99.017428324842996, 19.770146170807003 ], [ -99.017419257114994, 19.770148997209017 ], [ -99.017410184360003, 19.770151809115973 ], [ -99.017401106605007, 19.77015460652304 ], [ -99.017392023873995, 19.770157389418991 ], [ -99.017382936193997, 19.770160157798987 ], [ -99.017373843591002, 19.770162911653024 ], [ -99.017364746091005, 19.770165650974 ], [ -99.017355643719, 19.770168375754015 ], [ -99.017346536502004, 19.770171085984984 ], [ -99.017337424464998, 19.770173781660013 ], [ -99.017328307634003, 19.770176462770017 ], [ -99.017319186036005, 19.770179129309025 ], [ -99.017310059696996, 19.770181781269002 ], [ -99.017300928641006, 19.770184418641023 ], [ -99.017291792896998, 19.770187041419995 ], [ -99.017282652488007, 19.770189649595981 ], [ -99.017273507441999, 19.770192243162988 ], [ -99.017264357784995, 19.770194822113002 ], [ -99.017255203542007, 19.770197386439005 ], [ -99.017246044739011, 19.770199936134006 ], [ -99.017236881404003, 19.770202471190018 ], [ -99.017227713560999, 19.770204991601002 ], [ -99.017218541237995, 19.770207497357983 ], [ -99.017209364459006, 19.770209988454983 ], [ -99.017200183252001, 19.770212464884974 ], [ -99.017190997642999, 19.770214926640978 ], [ -99.017181807656002, 19.770217373714967 ], [ -99.01717261332, 19.77021980610099 ], [ -99.017163414660004, 19.770222223791002 ], [ -99.017154211702007, 19.770224626779992 ], [ -99.017145004472013, 19.770227015059021 ], [ -99.017135792996996, 19.770229388623019 ], [ -99.017126577303003, 19.770231747464006 ], [ -99.017117357415998, 19.770234091575986 ], [ -99.017108133362001, 19.770236420952017 ], [ -99.017098905167998, 19.770238735585007 ], [ -99.017089672859996, 19.770241035468985 ], [ -99.017080436464994, 19.770243320597 ], [ -99.017071196008018, 19.770245590963022 ], [ -99.017061951515998, 19.770247846560999 ], [ -99.017052703014997, 19.770250087383019 ], [ -99.017043450532, 19.770252313424024 ], [ -99.017034194093, 19.770254524677004 ], [ -99.017024933724002, 19.770256721134984 ], [ -99.017015669451993, 19.770258902793987 ], [ -99.017006401302993, 19.770261069644988 ], [ -99.016997129304002, 19.770263221683983 ], [ -99.016987853480998, 19.770265358903991 ], [ -99.016978573860015, 19.770267481299005 ], [ -99.016969290467998, 19.770269588862977 ], [ -99.016960003330993, 19.770271681588987 ], [ -99.016950712476003, 19.770273759473 ], [ -99.016941417929004, 19.770275822507021 ], [ -99.016932119716998, 19.770277870686979 ], [ -99.016922817866003, 19.770279904005999 ], [ -99.016913512402994, 19.770281922459009 ], [ -99.016904203354002, 19.770283926039006 ], [ -99.016894890746002, 19.770285914742001 ], [ -99.016885574604999, 19.770287888560002 ], [ -99.016876254958007, 19.770289847489984 ], [ -99.016866931831004, 19.770291791525004 ], [ -99.016857605251005, 19.770293720659005 ], [ -99.016848275244996, 19.770295634887983 ], [ -99.016838941838003, 19.770297534204996 ], [ -99.016829605059002, 19.770299418606001 ], [ -99.016820264933003, 19.770301288083996 ], [ -99.016810921485998, 19.770303142634965 ], [ -99.016801574745998, 19.770304982254036 ], [ -99.016792224739007, 19.770306806934009 ], [ -99.016782871493007, 19.770308616670999 ], [ -99.016773515032, 19.770310411460002 ], [ -99.016764155385005, 19.770312191296028 ], [ -99.016754792577004, 19.770313956172995 ], [ -99.016745426636007, 19.770315706087008 ], [ -99.016736057588005, 19.77031744103202 ], [ -99.016726685459005, 19.770319161003997 ], [ -99.016717310277002, 19.770320865997014 ], [ -99.016707932068996, 19.770322556006981 ], [ -99.016698550859999, 19.770324231028976 ], [ -99.016689166678006, 19.770325891058992 ], [ -99.016679779550003, 19.770327536090992 ], [ -99.016670389501996, 19.77032916612005 ], [ -99.016660996560006, 19.770330781142988 ], [ -99.016651600751999, 19.770332381155001 ], [ -99.016642202105004, 19.770333966150027 ], [ -99.016632800644999, 19.770335536125003 ], [ -99.016623396398998, 19.770337091074975 ], [ -99.016613989394003, 19.770338630996005 ], [ -99.016604579656004, 19.77034015588201 ], [ -99.016595167212998, 19.77034166573101 ], [ -99.016585752091004, 19.770343160537006 ], [ -99.016576334316994, 19.770344640296013 ], [ -99.016566913917998, 19.770346105004997 ], [ -99.016557490921002, 19.770347554658002 ], [ -99.016548065351998, 19.770348989252 ], [ -99.016538637238995, 19.770350408782992 ], [ -99.016529206608013, 19.770351813247032 ], [ -99.016519773485996, 19.770353202638997 ], [ -99.016510337900996, 19.77035457695499 ], [ -99.016500899877997, 19.77035593619301 ], [ -99.016491459445007, 19.770357280346978 ], [ -99.016482016628999, 19.770358609414998 ], [ -99.016472571456006, 19.770359923392 ], [ -99.016463123953997, 19.77036122227403 ], [ -99.016453674149005, 19.770362506058007 ], [ -99.016444222068998, 19.770363774740016 ], [ -99.016434767739995, 19.770365028317016 ], [ -99.016425311190005, 19.770366266785011 ], [ -99.016415852443998, 19.770367490139989 ], [ -99.016406391531007, 19.770368698379016 ], [ -99.016396928476993, 19.770369891498973 ], [ -99.016387463309002, 19.770371069495994 ], [ -99.016377996052995, 19.770372232366991 ], [ -99.016368526738006, 19.770373380107969 ], [ -99.016359055389998, 19.770374512715996 ], [ -99.016349582036, 19.770375630188003 ], [ -99.016340106702998, 19.770376732521008 ], [ -99.016330629417993, 19.770377819711978 ], [ -99.016321150207006, 19.770378891757012 ], [ -99.016311669098997, 19.770379948653993 ], [ -99.016302186120001, 19.770380990399048 ], [ -99.01629270129601, 19.770382016989998 ], [ -99.016283214655999, 19.770383028423012 ], [ -99.016273726226004, 19.770384024695993 ], [ -99.016264236032995, 19.770385005806006 ], [ -99.016254744103009, 19.770385971750024 ], [ -99.016245250466014, 19.770386922524978 ], [ -99.016235755145999, 19.770387858128018 ], [ -99.016226258171997, 19.77038877855799 ], [ -99.01621675957, 19.770389683811008 ], [ -99.016207259366993, 19.770390573884985 ], [ -99.016197757591002, 19.770391448777001 ], [ -99.016188254268002, 19.770392308484983 ], [ -99.016178749426004, 19.770393153005006 ], [ -99.016169243091994, 19.770393982336987 ], [ -99.016159735292007, 19.770394796478033 ], [ -99.016150226055004, 19.770395595423999 ], [ -99.016140715405996, 19.770396379173967 ], [ -99.016131203373007, 19.770397147726008 ], [ -99.016121689984004, 19.770397901077981 ], [ -99.016112175264993, 19.77039863922602 ], [ -99.016102659243003, 19.770399362170018 ], [ -99.016093141946001, 19.77040006990801 ], [ -99.016083623399993, 19.770400762436029 ], [ -99.016074103633002, 19.770401439752948 ], [ -99.016064582672001, 19.770402101858004 ], [ -99.016055060544005, 19.770402748747973 ], [ -99.016045537276, 19.770403380421989 ], [ -99.016036012895, 19.770403996876976 ], [ -99.016026487427993, 19.770404598111984 ], [ -99.016016960903997, 19.770405184125028 ], [ -99.016007433346999, 19.770405754914989 ], [ -99.015997904787, 19.770406310479988 ], [ -99.015988375250004, 19.770406850818993 ], [ -99.015978844762003, 19.770407375929018 ], [ -99.015969313352002, 19.770407885809004 ], [ -99.015959781047002, 19.770408380459042 ], [ -99.015950247871999, 19.77040885987601 ], [ -99.01594071385702, 19.77040932405901 ], [ -99.015931179028001, 19.770409773006005 ], [ -99.015921643411005, 19.770410206716996 ], [ -99.015912107035007, 19.770410625191019 ], [ -99.015902569926993, 19.770411028425045 ], [ -99.015893032112999, 19.770411416420032 ], [ -99.015883493619995, 19.770411789172986 ], [ -99.015873954477001, 19.770412146684002 ], [ -99.015864414709995, 19.770412488951997 ], [ -99.015854874346019, 19.770412815974996 ], [ -99.015845333412003, 19.770413127754008 ], [ -99.015835791935999, 19.770413424285973 ], [ -99.015826249946002, 19.770413705570991 ], [ -99.015816707466996, 19.770413971608978 ], [ -99.015807164527004, 19.770414222398024 ], [ -99.015797621153993, 19.770414457937971 ], [ -99.015788077373998, 19.770414678228033 ], [ -99.015778533214998, 19.77041488326801 ], [ -99.015768988704011, 19.770415073056004 ], [ -99.015759443869001, 19.770415247592993 ], [ -99.015749898734995, 19.770415406877994 ], [ -99.015740353332006, 19.770415550910993 ], [ -99.015730807685003, 19.770415679689993 ], [ -99.015721261822009, 19.770415793215992 ], [ -99.015711715769996, 19.770415891487982 ], [ -99.015702169557002, 19.770415974506996 ], [ -99.015692623209006, 19.770416042271002 ], [ -99.015683076754001, 19.770416094781009 ], [ -99.015673530219004, 19.770416132036008 ], [ -99.015663983631001, 19.770416154037008 ], [ -99.015654437017005, 19.770416160783029 ], [ -99.015644890405, 19.770416152274997 ], [ -99.015635343821998, 19.770416128511005 ], [ -99.015625797295002, 19.770416089493011 ], [ -99.015616250850996, 19.77041603522099 ], [ -99.015606704516998, 19.770415965693999 ], [ -99.015597158321015, 19.770415880913013 ], [ -99.015587612290005, 19.770415780878036 ], [ -99.015578066450004, 19.770415665590004 ], [ -99.015568520830001, 19.770415535047992 ], [ -99.015558975456003, 19.770415389253998 ], [ -99.015549430356003, 19.770415228205987 ], [ -99.015539885557004, 19.770415051907005 ], [ -99.015530341084997, 19.770414860355963 ], [ -99.015520796969, 19.770414653555022 ], [ -99.015511253235005, 19.770414431502996 ], [ -99.015501709909998, 19.77041419420102 ], [ -99.015492167022003, 19.770413941650002 ], [ -99.015482624597993, 19.770413673850005 ], [ -99.015473082664997, 19.770413390803 ], [ -99.015463541250995, 19.770413092508971 ], [ -99.015454000381993, 19.770412778969003 ], [ -99.015444460085007, 19.770412450184995 ], [ -99.015434920388998, 19.770412106156016 ], [ -99.015425381319005, 19.770411746882992 ], [ -99.015415842904005, 19.770411372369047 ], [ -99.015406305170018, 19.77041098261401 ], [ -99.015396768144996, 19.770410577618026 ], [ -99.015387231855016, 19.770410157383974 ], [ -99.015377696328017, 19.770409721912994 ], [ -99.015368161590999, 19.770409271205018 ], [ -99.015358627672001, 19.770408805261027 ], [ -99.015349094596999, 19.770408324085029 ], [ -99.015339562392995, 19.770407827675001 ], [ -99.015330031087998, 19.770407316035012 ], [ -99.015320500709009, 19.770406789165012 ], [ -99.015310971283014, 19.770406247068006 ], [ -99.015301442837, 19.770405689742972 ], [ -99.015291915399004, 19.77040511719402 ], [ -99.015282388995018, 19.770404529421992 ], [ -99.015272863652996, 19.770403926427985 ], [ -99.015263339398999, 19.770403308215002 ], [ -99.015253816260994, 19.770402674783004 ], [ -99.015244294265997, 19.770402026134992 ], [ -99.015234773442003, 19.770401362271986 ], [ -99.015225253815004, 19.770400683197014 ], [ -99.015215735411999, 19.770399988911972 ], [ -99.015206218260005, 19.770399279416988 ], [ -99.015196702387996, 19.770398554716028 ], [ -99.015187187820999, 19.770397814810988 ], [ -99.015177674586994, 19.770397059702987 ], [ -99.015168162712001, 19.770396289395009 ], [ -99.015158652224997, 19.770395503888974 ], [ -99.015149143152001, 19.770394703187026 ], [ -99.015139635520995, 19.770393887290975 ], [ -99.015130129357004, 19.770393056203993 ], [ -99.015120624689999, 19.770392209929017 ], [ -99.015111121543995, 19.770391348466006 ], [ -99.015101619947998, 19.770390471819972 ], [ -99.015092119928994, 19.770389579992003 ], [ -99.015082621513997, 19.770388672985998 ], [ -99.015073124729, 19.770387750802989 ], [ -99.015063629603006, 19.770386813446006 ], [ -99.015054136160998, 19.770385860917997 ], [ -99.015044644431001, 19.770384893221991 ], [ -99.01503515444, 19.770383910359993 ], [ -99.015025666214996, 19.770382912334991 ], [ -99.015016179783004, 19.770381899149999 ], [ -99.015006695170996, 19.770380870808019 ], [ -99.014997212406996, 19.770379827311995 ], [ -99.014987731516001, 19.77037876866498 ], [ -99.014978252527001, 19.770377694870021 ], [ -99.014968775466016, 19.770376605930007 ], [ -99.014959300360005, 19.77037550184702 ], [ -99.014949827235995, 19.770374382626034 ], [ -99.014940356121997, 19.77037324826901 ], [ -99.014930887043008, 19.770372098780022 ], [ -99.014921420028003, 19.770370934160994 ], [ -99.014911955101994, 19.770369754416997 ], [ -99.014902492293999, 19.770368559549997 ], [ -99.014893031629995, 19.77036734956399 ], [ -99.014883573136018, 19.770366124461983 ], [ -99.014874116841, 19.77036488424902 ], [ -99.014864662771004, 19.77036362892601 ], [ -99.014855210952007, 19.770362358498971 ], [ -99.014845761412005, 19.770361072970005 ], [ -99.014836314177003, 19.770359772344012 ], [ -99.014826869276007, 19.770358456623018 ], [ -99.014817426733003, 19.770357125811987 ], [ -99.014807986576997, 19.770355779914972 ], [ -99.014798548835003, 19.770354418934989 ], [ -99.014789113532004, 19.770353042875989 ], [ -99.014779680697004, 19.770351651742018 ], [ -99.014770250355994, 19.770350245538012 ], [ -99.014760822534996, 19.770348824266009 ], [ -99.014751397262017, 19.770347387932009 ], [ -99.014741974562995, 19.770345936539016 ], [ -99.014732554465994, 19.770344470091018 ], [ -99.014723136997006, 19.770342988593011 ], [ -99.014713722183004, 19.770341492048999 ], [ -99.014704310051002, 19.770339980462012 ], [ -99.014694900628001, 19.770338453838001 ], [ -99.014685493939993, 19.770336912181037 ], [ -99.014676090015001, 19.770335355495007 ], [ -99.014666688877995, 19.77033378378399 ], [ -99.014657290556997, 19.770332197054014 ], [ -99.014647895078994, 19.770330595306962 ], [ -99.014638502471001, 19.770328978550033 ], [ -99.014629112758001, 19.770327346787003 ], [ -99.014619725968998, 19.770325700021992 ], [ -99.014610342129004, 19.770324038259997 ], [ -99.014600961265998, 19.770322361506018 ], [ -99.014591583404993, 19.770320669764033 ], [ -99.014582208575007, 19.770318963040005 ], [ -99.014572836800994, 19.770317241337999 ], [ -99.014563468109998, 19.770315504662999 ], [ -99.014554102529999, 19.770313753020005 ], [ -99.014544740085995, 19.770311986414011 ], [ -99.014535380805, 19.770310204851025 ], [ -99.014526024714002, 19.770308408333975 ], [ -99.014516671839999, 19.770306596870004 ], [ -99.014507322209994, 19.770304770464016 ], [ -99.014497975848997, 19.770302929118991 ], [ -99.014488632785003, 19.770301072843008 ], [ -99.014479293044005, 19.770299201639993 ], [ -99.014469956651993, 19.770297315515993 ], [ -99.014460623637007, 19.770295414476013 ], [ -99.014451294026003, 19.770293498525003 ], [ -99.014441967842998, 19.770291567667986 ], [ -99.014432645116997, 19.770289621912028 ], [ -99.014423325874006, 19.770287661262024 ], [ -99.014414010139006, 19.77028568572301 ], [ -99.014404697941004, 19.770283695301003 ], [ -99.014395389304994, 19.770281690001987 ], [ -99.014386084256998, 19.770279669831989 ], [ -99.014376782826005, 19.770277634794994 ], [ -99.014367485036004, 19.770275584899004 ], [ -99.014358190913995, 19.770273520148002 ], [ -99.014348900486993, 19.770271440548989 ], [ -99.014339613781004, 19.77026934610798 ], [ -99.014330330823995, 19.770267236829987 ], [ -99.014321051639996, 19.77026511272199 ], [ -99.014311776257003, 19.770262973790008 ], [ -99.014302504701007, 19.770260820038999 ], [ -99.014293236998995, 19.77025865147602 ], [ -99.014283973176006, 19.770256468107995 ], [ -99.014274713259994, 19.770254269939009 ], [ -99.014265457277006, 19.770252056977011 ], [ -99.014256205251996, 19.770249829228 ], [ -99.014246957213004, 19.770247586699007 ], [ -99.014237713186006, 19.770245329395024 ], [ -99.014228473196994, 19.770243057322009 ], [ -99.014219237272002, 19.770240770489004 ], [ -99.014210005438002, 19.770238468900054 ], [ -99.014200777721001, 19.770236152563019 ], [ -99.014191554147999, 19.77023382148397 ], [ -99.014182334744007, 19.770231475670005 ], [ -99.014173119535002, 19.770229115127016 ], [ -99.014163908548994, 19.770226739863009 ], [ -99.014154701812004, 19.770224349883993 ], [ -99.014145499348999, 19.770221945196031 ], [ -99.014136301186994, 19.770219525807057 ], [ -99.014127107351996, 19.770217091723993 ], [ -99.014117917869996, 19.770214642953 ], [ -99.014108732766999, 19.770212179501961 ], [ -99.014099552069993, 19.770209701376992 ], [ -99.014090375804997, 19.770207208584981 ], [ -99.014081203998003, 19.770204701135022 ], [ -99.014072036675003, 19.770202179032008 ], [ -99.014062873860993, 19.770199642284012 ], [ -99.014053715585007, 19.770197090897973 ], [ -99.014044561869994, 19.77019452488199 ], [ -99.014035412743993, 19.770191944242001 ], [ -99.014026268232001, 19.770189348987007 ], [ -99.014017128361004, 19.770186739122998 ], [ -99.014007993156994, 19.770184114657987 ], [ -99.013998862644996, 19.770181475598992 ], [ -99.013989736851002, 19.770178821955035 ], [ -99.013980615803007, 19.770176153731985 ], [ -99.013971499525013, 19.770173470937994 ], [ -99.013962388042998, 19.770170773581007 ], [ -99.013923262453019, 19.770159011484033 ], [ -99.013883929954005, 19.770146895949008 ], [ -99.013844728877999, 19.770134539034018 ], [ -99.013805657728994, 19.770121950612982 ], [ -99.013766714824001, 19.770109140482006 ], [ -99.013727898310009, 19.770096118361 ], [ -99.013689206164003, 19.77008289389099 ], [ -99.013650636205, 19.770069476634003 ], [ -99.013612186104012, 19.770055876078022 ], [ -99.013573853384003, 19.770042101632978 ], [ -99.013535635435005, 19.770028162635978 ], [ -99.013497529518006, 19.770014068348011 ], [ -99.013459532773993, 19.769999827959992 ], [ -99.013421642230995, 19.769985450589989 ], [ -99.013383854808012, 19.769970945288978 ], [ -99.013346167330994, 19.769956321037018 ], [ -99.013308576526995, 19.769941586752012 ], [ -99.013271079044998, 19.76992675128599 ], [ -99.013233671453008, 19.769911823428007 ], [ -99.013196350247, 19.769896811910019 ], [ -99.013159111861995, 19.769881725405011 ], [ -99.013121952674993, 19.769866572531026 ], [ -99.013084869009006, 19.769851361851945 ], [ -99.013047857147996, 19.769836101883019 ], [ -99.013010913334995, 19.769820801089004 ], [ -99.012974033784005, 19.769805467891992 ], [ -99.012937297251, 19.769790145108022 ], [ -99.012900514104999, 19.769774763641998 ], [ -99.012863783759997, 19.769759374739049 ], [ -99.012827102361996, 19.769743986676975 ], [ -99.012790466059997, 19.769728607700014 ], [ -99.009569811348001, 19.768376474608012 ], [ -99.009541670537999, 19.768364661472031 ], [ -99.009513570428993, 19.768352875165991 ], [ -99.009485516135996, 19.768341127540999 ], [ -99.009457610823006, 19.768329471330961 ], [ -99.009429663749003, 19.768317836260991 ], [ -99.009401751431, 19.768306263879989 ], [ -99.009373870283994, 19.768294762133998 ], [ -99.009346016793003, 19.768283338947995 ], [ -99.009318187519995, 19.768272002217007 ], [ -99.009290379109999, 19.768260759819011 ], [ -99.009262588295996, 19.768249619609989 ], [ -99.009234811911995, 19.768238589429981 ], [ -99.009207046895995, 19.768227677103972 ], [ -99.009179290299002, 19.768216890447 ], [ -99.009151539290997, 19.768206237261008 ], [ -99.009123791169998, 19.768195725342007 ], [ -99.009096043369993, 19.768185362480004 ], [ -99.009068293463997, 19.768175156459026 ], [ -99.009040539178002, 19.768165115059009 ], [ -99.009012778392005, 19.768155246059965 ], [ -99.008985009149001, 19.768145557236004 ], [ -99.008957229665, 19.768136056366004 ], [ -99.008929438333993, 19.768126751223011 ], [ -99.008901633733004, 19.768117649583985 ], [ -99.008873814634995, 19.768108759222979 ], [ -99.008845980009994, 19.768100087913982 ], [ -99.008818129036996, 19.768091643430004 ], [ -99.008790261106995, 19.768083433540976 ], [ -99.008762375833001, 19.768075466014018 ], [ -99.008734473057004, 19.768067748610004 ], [ -99.008706118879999, 19.768060173138 ], [ -99.008696926943003, 19.768057777299017 ], [ -99.008687727153003, 19.768055408629976 ], [ -99.008678519598007, 19.768053067155009 ], [ -99.008669304368993, 19.768050752896961 ], [ -99.008660081555007, 19.768048465876976 ], [ -99.008650851246003, 19.768046206120029 ], [ -99.008641613532006, 19.768043973645 ], [ -99.008632368503996, 19.768041768475996 ], [ -99.008623116250007, 19.768039590632966 ], [ -99.008613856861999, 19.76803744013797 ], [ -99.008604590429002, 19.768035317012028 ], [ -99.008595317041994, 19.768033221275005 ], [ -99.008586036791002, 19.768031152948979 ], [ -99.008576749765993, 19.768029112052005 ], [ -99.008567456058003, 19.768027098605032 ], [ -99.008558155757996, 19.768025112628042 ], [ -99.008548848955002, 19.768023154139996 ], [ -99.008539535742003, 19.768021223159028 ], [ -99.008530216207006, 19.768019319705008 ], [ -99.008520890442995, 19.76801744379701 ], [ -99.008511558539993, 19.768015595451999 ], [ -99.008502220588994, 19.768013774689013 ], [ -99.008492876679995, 19.768011981524968 ], [ -99.008483526906005, 19.76801021597803 ], [ -99.008474171355999, 19.76800847806501 ], [ -99.008464810123002, 19.768006767801996 ], [ -99.008455443296995, 19.768005085207989 ], [ -99.008446070969001, 19.768003430296982 ], [ -99.008436693231019, 19.768001803086005 ], [ -99.008427310174, 19.768000203591008 ], [ -99.00841792189, 19.767998631828007 ], [ -99.00840852847, 19.767997087811992 ], [ -99.008399130005003, 19.767995571557009 ], [ -99.008389726588007, 19.767994083079014 ], [ -99.008380318309008, 19.767992622392004 ], [ -99.008370905259994, 19.76799118951002 ], [ -99.008361487534003, 19.767989784448037 ], [ -99.008352065221004, 19.767988407218986 ], [ -99.008342638412998, 19.767987057835988 ], [ -99.008333207202995, 19.76798573631304 ], [ -99.008323771682001, 19.767984442661984 ], [ -99.008314331942017, 19.767983176896003 ], [ -99.008304888075997, 19.767981939028004 ], [ -99.008295440173995, 19.767980729068956 ], [ -99.008285988329007, 19.767979547031015 ], [ -99.008276532634, 19.767978392926011 ], [ -99.008267073179994, 19.767977266763996 ], [ -99.008257610059005, 19.767976168557993 ], [ -99.008248143363005, 19.767975098318026 ], [ -99.008238673186, 19.767974056052989 ], [ -99.008229199618995, 19.767973041774994 ], [ -99.008219722752997, 19.767972055491999 ], [ -99.008210242683006, 19.767971097215977 ], [ -99.008200759499005, 19.767970166954036 ], [ -99.008191273294997, 19.767969264717006 ], [ -99.008181784163, 19.767968390512021 ], [ -99.008172292194004, 19.767967544349005 ], [ -99.008162797482996, 19.767966726235006 ], [ -99.00815330012, 19.76796593617901 ], [ -99.008143800198994, 19.767965174187999 ], [ -99.008134297813001, 19.767964440270021 ], [ -99.008124793053, 19.767963734432005 ], [ -99.008115286012, 19.767963056681019 ], [ -99.008105776782998, 19.767962407022992 ], [ -99.008096265459002, 19.767961785463999 ], [ -99.008086752132002, 19.767961192011953 ], [ -99.008077236895005, 19.767960626670046 ], [ -99.008067719840014, 19.767960089446042 ], [ -99.008058201061004, 19.76795958034398 ], [ -99.008048680650006, 19.767959099369996 ], [ -99.008039158699006, 19.767958646526999 ], [ -99.008029635301995, 19.767958221820013 ], [ -99.008020110551001, 19.767957825253983 ], [ -99.008010584538994, 19.76795745683199 ], [ -99.008001057358996, 19.767957116558982 ], [ -99.007991529104004, 19.767956804436011 ], [ -99.007981999864995, 19.767956520466981 ], [ -99.007972469737993, 19.767956264655993 ], [ -99.007962938812994, 19.767956037003994 ], [ -99.007953407184004, 19.767955837514002 ], [ -99.007943874944004, 19.767955666187017 ], [ -99.007934342184996, 19.767955523026007 ], [ -99.007924809000997, 19.767955408032012 ], [ -99.007915275483995, 19.767955321205005 ], [ -99.007905741727996, 19.767955262547016 ], [ -99.007896207824004, 19.767955232058988 ], [ -99.007886673867006, 19.767955229739012 ], [ -99.007877139947993, 19.767955255589978 ], [ -99.007867606161, 19.76795530960996 ], [ -99.007858072597998, 19.767955391797997 ], [ -99.007848539353006, 19.767955502155004 ], [ -99.007839006517997, 19.767955640679006 ], [ -99.007829474185996, 19.767955807368001 ], [ -99.007819942449999, 19.767956002220998 ], [ -99.007810411403, 19.767956225236002 ], [ -99.007800881137996, 19.767956476411015 ], [ -99.007791351747002, 19.767956755742986 ], [ -99.007781823323, 19.767957063230998 ], [ -99.007772295959001, 19.767957398869999 ], [ -99.007762769748993, 19.767957762657009 ], [ -99.007753244784013, 19.767958154589021 ], [ -99.007743721156999, 19.767958574663012 ], [ -99.007734198961998, 19.767959022873011 ], [ -99.007724678290998, 19.767959499216008 ], [ -99.007715159236994, 19.767960003686987 ], [ -99.007705641892017, 19.76796053628102 ], [ -99.007696126349003, 19.767961096992984 ], [ -99.007686612700994, 19.767961685817987 ], [ -99.007677101040997, 19.767962302749016 ], [ -99.007667591461001, 19.767962947779999 ], [ -99.007658084053006, 19.767963620906983 ], [ -99.007648578911002, 19.767964322121045 ], [ -99.007639076128001, 19.767965051416024 ], [ -99.007629575793999, 19.767965808785007 ], [ -99.007620078003995, 19.767966594219985 ], [ -99.007610582850006, 19.767967407714991 ], [ -99.007601090422995, 19.767968249259965 ], [ -99.007591600818003, 19.767969118848004 ], [ -99.007582114125, 19.767970016470958 ], [ -99.007572630438005, 19.767970942119014 ], [ -99.007563149847996, 19.767971895782988 ], [ -99.007553672449006, 19.767972877454998 ], [ -99.007544198331999, 19.767973887123983 ], [ -99.007534727589999, 19.767974924782017 ], [ -99.007525260315006, 19.767975990416975 ], [ -99.007515796598994, 19.767977084019002 ], [ -99.007506336535016, 19.767978205577979 ], [ -99.007496880214006, 19.767979355082975 ], [ -99.007487427729004, 19.767980532521996 ], [ -99.007477979171995, 19.767981737885016 ], [ -99.007468534634995, 19.767982971159043 ], [ -99.007459094208997, 19.767984232332026 ], [ -99.007449657986996, 19.767985521393026 ], [ -99.007440226060993, 19.767986838327012 ], [ -99.007430798521995, 19.767988183123997 ], [ -99.007421375462997, 19.767989555768995 ], [ -99.007411956975005, 19.767990956249992 ], [ -99.007402543148999, 19.767992384552006 ], [ -99.007393134078995, 19.767993840661006 ], [ -99.007383729853998, 19.767995324564005 ], [ -99.007374330567998, 19.767996836245981 ], [ -99.007364936311006, 19.767998375692976 ], [ -99.007355547174996, 19.767999942889006 ], [ -99.007346163251, 19.768001537818002 ], [ -99.007336784630994, 19.768003160466986 ], [ -99.007327411405996, 19.768004810818024 ], [ -99.007318043667993, 19.768006488855026 ], [ -99.007308681506998, 19.768008194562992 ], [ -99.007299325016007, 19.768009927925004 ], [ -99.007289974284006, 19.768011688923018 ], [ -99.007280629403994, 19.768013477541011 ], [ -99.007271290464999, 19.768015293761017 ], [ -99.007261957560004, 19.768017137565995 ], [ -99.007252630779021, 19.768019008936996 ], [ -99.007243310212004, 19.768020907857 ], [ -99.007233995952006, 19.768022834305999 ], [ -99.007224688087007, 19.768024788267006 ], [ -99.007215386710001, 19.768026769719004 ], [ -99.007206091911002, 19.768028778643984 ], [ -99.007196803778996, 19.768030815023 ], [ -99.007187522406994, 19.768032878833996 ], [ -99.007178247883004, 19.768034970059013 ], [ -99.007168980298999, 19.768037088677008 ], [ -99.007159719743996, 19.768039234666983 ], [ -99.007150466309994, 19.76804140800801 ], [ -99.007141220085003, 19.768043608680003 ], [ -99.007131981160995, 19.768045836660001 ], [ -99.007122749627001, 19.768048091927003 ], [ -99.007113525573004, 19.768050374459012 ], [ -99.007104309088007, 19.768052684233989 ], [ -99.007095100263996, 19.768055021229003 ], [ -99.007058395708, 19.76792620328699 ], [ -99.007040404662007, 19.767870429999981 ], [ -99.007031123819004, 19.767872724544002 ], [ -99.007021849972006, 19.767875044302006 ], [ -99.007012583198005, 19.767877389255997 ], [ -99.007003323573002, 19.767879759385995 ], [ -99.006994071174006, 19.767882154673039 ], [ -99.006984826077996, 19.767884575097 ], [ -99.006975588358998, 19.767887020638998 ], [ -99.006966358094999, 19.767889491277014 ], [ -99.006957135361006, 19.767891986990996 ], [ -99.006947920233003, 19.767894507761998 ], [ -99.006938712788013, 19.767897053568007 ], [ -99.006929513100999, 19.767899624387997 ], [ -99.006920321248003, 19.767902220200984 ], [ -99.006911137304996, 19.767904840986034 ], [ -99.006901961346998, 19.767907486721004 ], [ -99.006892793451001, 19.767910157384009 ], [ -99.006883633691004, 19.767912852952975 ], [ -99.006874482143999, 19.767915573406032 ], [ -99.006865338883998, 19.767918318720998 ], [ -99.006856203986999, 19.767921088875006 ], [ -99.006847077529017, 19.767923883845 ], [ -99.006837959584004, 19.767926703608001 ], [ -99.006828850228004, 19.767929548141009 ], [ -99.006819749534998, 19.76793241742001 ], [ -99.006810657580999, 19.76793531142302 ], [ -99.006801574440999, 19.76793823012401 ], [ -99.006792500190002, 19.767941173499008 ], [ -99.006783434900996, 19.767944141525987 ], [ -99.006774378651002, 19.767947134178982 ], [ -99.006765331514003, 19.767950151433006 ], [ -99.006756293563996, 19.767953193262997 ], [ -99.006747264875997, 19.767956259644997 ], [ -99.006738245522996, 19.767959350554008 ], [ -99.006729235582, 19.767962465963002 ], [ -99.006720235125002, 19.767965605846989 ], [ -99.006711244227006, 19.767968770181003 ], [ -99.006702262963003, 19.767971958938023 ], [ -99.006693291405, 19.767975172090996 ], [ -99.006684329628001, 19.767978409615008 ], [ -99.006675377706998, 19.767981671483042 ], [ -99.006666435713996, 19.767984957666989 ], [ -99.006657503723005, 19.767988268141004 ], [ -99.006648581809003, 19.767991602877999 ], [ -99.006639670043995, 19.767994961849006 ], [ -99.006630768502006, 19.767998345028019 ], [ -99.006621877255995, 19.768001752386002 ], [ -99.006612996380994, 19.768005183894953 ], [ -99.006604125948002, 19.768008639527999 ], [ -99.006595266030999, 19.768012119253996 ], [ -99.006586416703001, 19.76801562304701 ], [ -99.006577578036996, 19.768019150877045 ], [ -99.006568750105004, 19.768022702715037 ], [ -99.006559932982015, 19.768026278531011 ], [ -99.006551126738003, 19.768029878295998 ], [ -99.006542331446994, 19.768033501981009 ], [ -99.006533547182002, 19.76803714955598 ], [ -99.006524774013997, 19.768040820988979 ], [ -99.006516012017002, 19.768044516252978 ], [ -99.006507261261007, 19.768048235315007 ], [ -99.006498521820006, 19.768051978145007 ], [ -99.006489793764999, 19.768055744713017 ], [ -99.006481077168999, 19.768059534987025 ], [ -99.006472372103005, 19.768063348935986 ], [ -99.006463678638994, 19.768067186528 ], [ -99.006454996848007, 19.768071047732995 ], [ -99.006446326803001, 19.768074932516996 ], [ -99.006437668573994, 19.768078840850006 ], [ -99.006429022232993, 19.768082772699024 ], [ -99.006420387850994, 19.768086728030987 ], [ -99.006411765500005, 19.768090706814032 ], [ -99.006403155249998, 19.768094709014999 ], [ -99.006394557172001, 19.768098734600954 ], [ -99.006385971338005, 19.768102783540009 ], [ -99.006377397818, 19.768106855795992 ], [ -99.006368836682995, 19.768110951338009 ], [ -99.006360288002995, 19.768115070130975 ], [ -99.006351751848001, 19.768119212141997 ], [ -99.006343228290007, 19.768123377335019 ], [ -99.006334717398005, 19.768127565677982 ], [ -99.006326219243007, 19.768131777135014 ], [ -99.006317733894008, 19.768136011671015 ], [ -99.006309261422004, 19.76814026925198 ], [ -99.006300801896003, 19.768144549843001 ], [ -99.006292355385995, 19.768148853408011 ], [ -99.006283921961995, 19.768153179911007 ], [ -99.006275501692997, 19.768157529318032 ], [ -99.006267094647995, 19.768161901593018 ], [ -99.006258700898002, 19.768166296699 ], [ -99.006250320510006, 19.768170714599009 ], [ -99.006241953555005, 19.768175155259044 ], [ -99.006233600100998, 19.768179618639977 ], [ -99.006225260215999, 19.768184104707 ], [ -99.006216933971004, 19.768188613422009 ], [ -99.006208621433004, 19.768193144749013 ], [ -99.006202829920994, 19.768196322104018 ], [ -99.006198912396997, 19.768198477707006 ], [ -99.006195093019997, 19.768200585515004 ], [ -99.006191311644997, 19.76820267830302 ], [ -99.006187356940003, 19.768204873255034 ], [ -99.006183711169996, 19.76820690229702 ], [ -99.006179621363003, 19.768209184708979 ], [ -99.006176110671007, 19.768211149106996 ], [ -99.006171885970005, 19.768213519262012 ], [ -99.006168509839995, 19.768215418154 ], [ -99.006164150429001, 19.768217876301016 ], [ -99.006160908365004, 19.768219708856016 ], [ -99.006156414407997, 19.768222255208041 ], [ -99.006153305926006, 19.768224020632012 ], [ -99.006148677563004, 19.768226655370977 ], [ -99.006145702200001, 19.768228352899023 ], [ -99.006140939551003, 19.768231076172967 ], [ -99.006138096856006, 19.768232705077992 ], [ -99.006133200017004, 19.768235516999002 ], [ -99.006130489561997, 19.768237076583002 ], [ -99.006125458607002, 19.768239977230987 ], [ -99.006122879973006, 19.768241466833011 ], [ -99.006117714954001, 19.768244456255996 ], [ -99.006115267751014, 19.768245875241988 ], [ -99.006109968695014, 19.768248953452009 ], [ -99.006107652539001, 19.76825030122701 ], [ -99.006102219452004, 19.768253468205003 ], [ -99.006100033988005, 19.768254744200988 ], [ -99.006094466853, 19.768257999894018 ], [ -99.00609241173602, 19.76825920357803 ], [ -99.006086710510999, 19.768262547899987 ], [ -99.006084785422004, 19.768263678771 ], [ -99.006078950043005, 19.768267111603013 ], [ -99.006077154677001, 19.768268169190005 ], [ -99.006071185058005, 19.768271690379983 ], [ -99.006069519131003, 19.768272674246997 ], [ -99.006063415159005, 19.768276283608994 ], [ -99.006061878408005, 19.768277193348982 ], [ -99.006055639950006, 19.768280890666023 ], [ -99.006054232126999, 19.768281725906991 ], [ -99.006047859025998, 19.768285510927004 ], [ -99.006046579908997, 19.768286271323042 ], [ -99.006040071984003, 19.768290143762997 ], [ -99.006038921364009, 19.768290829006006 ], [ -99.006032278410004, 19.768294788548001 ], [ -99.006031256105999, 19.76829539835596 ], [ -99.006024477896005, 19.768299444652015 ], [ -99.006023583740998, 19.768299978776994 ], [ -99.006016670023001, 19.768304111442003 ], [ -99.006015903874001, 19.768304569666974 ], [ -99.006008854374002, 19.768308788286994 ], [ -99.006008216105997, 19.768309170425002 ], [ -99.006001030527003, 19.768313474551015 ], [ -99.006000520036011, 19.76831378044804 ], [ -99.005992815262999, 19.768318399127999 ], [ -99.005985101375998, 19.768323025858997 ], [ -99.005977377973011, 19.768327660029019 ], [ -99.005969656133999, 19.768332294128978 ], [ -99.005352505294994, 19.768702673999027 ], [ -99.004832245014001, 19.769014902510996 ], [ -99.004824178748009, 19.769019741007014 ], [ -99.004816110224994, 19.769024576129024 ], [ -99.004808039446999, 19.769029407878005 ], [ -99.004799966415007, 19.769034236251009 ], [ -99.004791891129997, 19.769039061246993 ], [ -99.004783813594997, 19.769043882867024 ], [ -99.004775733811002, 19.769048701109011 ], [ -99.004767651779005, 19.769053515971027 ], [ -99.004759567502006, 19.769058327453994 ], [ -99.004751480980019, 19.769063135554983 ], [ -99.004743392215019, 19.76906794027499 ], [ -99.004735301208996, 19.769072741612025 ], [ -99.004727207963001, 19.769077539564986 ], [ -99.004719112478995, 19.769082334133994 ], [ -99.004711014758996, 19.769087125317025 ], [ -99.004702914803005, 19.769091913113012 ], [ -99.004694812615, 19.769096697522006 ], [ -99.004686708194001, 19.769101478542993 ], [ -99.004678601544001, 19.769106256174002 ], [ -99.004670492664999, 19.769111030415001 ], [ -99.004662381559001, 19.769115801264981 ], [ -99.004654268227014, 19.769120568722968 ], [ -99.004646152671, 19.769125332787997 ], [ -99.004638034894, 19.769130093457981 ], [ -99.004629914895006, 19.769134850734005 ], [ -99.004621792677995, 19.769139604613997 ], [ -99.004613668242996, 19.769144355096998 ], [ -99.004605541591999, 19.769149102183015 ], [ -99.004597412726994, 19.769153845870004 ], [ -99.004589281649004, 19.769158586157037 ], [ -99.004581148360003, 19.769163323043973 ], [ -99.004573012861002, 19.769168056528979 ], [ -99.004564875154003, 19.769172786611989 ], [ -99.004556735240996, 19.769177513292025 ], [ -99.004548593123005, 19.76918223656801 ], [ -99.004540448802004, 19.769186956439015 ], [ -99.004532302279003, 19.76919167290297 ], [ -99.004524153556005, 19.769196385961013 ], [ -99.004516002635, 19.76920109561101 ], [ -99.004507849517012, 19.769205801852017 ], [ -99.004499694203005, 19.769210504683016 ], [ -99.004491536695994, 19.769215204104007 ], [ -99.004483376997001, 19.769219900113004 ], [ -99.004475215107007, 19.769224592710007 ], [ -99.004467051028016, 19.769229281893981 ], [ -99.004458884762002, 19.769233967662984 ], [ -99.004450716310004, 19.769238650017016 ], [ -99.004442545675019, 19.769243328955017 ], [ -99.004434372855997, 19.769248004475998 ], [ -99.004426197857015, 19.769252676578994 ], [ -99.004418020678003, 19.769257345263014 ], [ -99.004409841322001, 19.769262010528006 ], [ -99.004401659788996, 19.769266672372016 ], [ -99.004393476082001, 19.769271330794037 ], [ -99.004385290201995, 19.769275985793978 ], [ -99.004377102150002, 19.769280637369953 ], [ -99.004368911929021, 19.769285285522006 ], [ -99.004360719538994, 19.769289930249005 ], [ -99.004352524983005, 19.769294571550002 ], [ -99.004344328261993, 19.769299209424034 ], [ -99.004336129378004, 19.769303843870031 ], [ -99.004327928332003, 19.769308474886987 ], [ -99.004319725125001, 19.769313102474015 ], [ -99.004311519761004, 19.769317726630995 ], [ -99.004303312239003, 19.769322347355995 ], [ -99.004295102561002, 19.769326964649014 ], [ -99.00428689073, 19.769331578507988 ], [ -99.004278676747006, 19.769336188933973 ], [ -99.004270460613, 19.769340795923998 ], [ -99.00426224233, 19.769345399477999 ], [ -99.004254021899996, 19.769349999595004 ], [ -99.004245799324011, 19.769354596274024 ], [ -99.004237574604005, 19.769359189515011 ], [ -99.004229347741997, 19.769363779315981 ], [ -99.004221118738002, 19.769368365677039 ], [ -99.004212887595003, 19.769372948596029 ], [ -99.004204654315004, 19.769377528073033 ], [ -99.004196418898005, 19.769382104106029 ], [ -99.004188181347004, 19.769386676695959 ], [ -99.004179941663011, 19.769391245840026 ], [ -99.004171699847006, 19.769395811538995 ], [ -99.004163455902003, 19.769400373791004 ], [ -99.004155209828994, 19.769404932594973 ], [ -99.004146961629004, 19.769409487951016 ], [ -99.004138711303995, 19.769414039856994 ], [ -99.004130458857006, 19.769418588312995 ], [ -99.004122204287, 19.769423133317993 ], [ -99.004113947598, 19.769427674870975 ], [ -99.004105688790006, 19.769432212970958 ], [ -99.00409742786502, 19.769436747615998 ], [ -99.004089164825004, 19.769441278808017 ], [ -99.004080899670996, 19.769445806543025 ], [ -99.004072632405993, 19.769450330822011 ], [ -99.004064363029997, 19.769454851644031 ], [ -99.004056091544996, 19.769459369006981 ], [ -99.004047817953008, 19.769463882911023 ], [ -99.00403954225601, 19.769468393354991 ], [ -99.004031264453999, 19.769472900337991 ], [ -99.004022984551, 19.769477403860005 ], [ -99.004014702546002, 19.769481903919008 ], [ -99.004006418442998, 19.76948640051404 ], [ -99.003998132242003, 19.769490893643997 ], [ -99.003989843946002, 19.769495383310009 ], [ -99.003981553554993, 19.769499869509005 ], [ -99.003973261070996, 19.769504352241022 ], [ -99.003964966496994, 19.769508831504979 ], [ -99.003956669833002, 19.76951330730099 ], [ -99.003948371080995, 19.769517779626995 ], [ -99.003940070244013, 19.769522248482023 ], [ -99.003931767322001, 19.769526713866 ], [ -99.003923462317005, 19.769531175776997 ], [ -99.003915155230004, 19.769535634214982 ], [ -99.003906846063998, 19.769540089178967 ], [ -99.003898534819996, 19.769544540668992 ], [ -99.003890221500001, 19.769548988682011 ], [ -99.003881906104994, 19.769553433218995 ], [ -99.003873588635997, 19.769557874279013 ], [ -99.003865269095996, 19.769562311860025 ], [ -99.003856947486994, 19.769566745961001 ], [ -99.003848623809006, 19.769571176582993 ], [ -99.003840298064006, 19.769575603723961 ], [ -99.003831970253998, 19.769580027382005 ], [ -99.003823640381, 19.769584447558998 ], [ -99.003815308445994, 19.769588864250977 ], [ -99.003806974450995, 19.769593277458981 ], [ -99.003798638397001, 19.769597687181967 ], [ -99.003790300285999, 19.769602093419021 ], [ -99.003781960119994, 19.769606496167981 ], [ -99.003773617901004, 19.769610895430009 ], [ -99.003765273629, 19.769615291202982 ], [ -99.003756927306995, 19.769619683486997 ], [ -99.003748578935998, 19.769624072279985 ], [ -99.003740228519007, 19.769628457582009 ], [ -99.003731876054999, 19.769632839391001 ], [ -99.003723521547997, 19.769637217707999 ], [ -99.003715164997999, 19.769641592531016 ], [ -99.003706806408005, 19.769645963858988 ], [ -99.003698445778994, 19.769650331691011 ], [ -99.003690083112005, 19.76965469602699 ], [ -99.003681718409993, 19.769659056866011 ], [ -99.003673351673996, 19.76966341420599 ], [ -99.003664982904994, 19.769667768048024 ], [ -99.003656612105004, 19.769672118390016 ], [ -99.003648239276004, 19.769676465231004 ], [ -99.003639864419995, 19.769680808571021 ], [ -99.003631487537007, 19.769685148408023 ], [ -99.003623108629995, 19.769689484742003 ], [ -99.003614727701006, 19.769693817572012 ], [ -99.003606344751006, 19.769698146896982 ], [ -99.003597959781004, 19.769702472717 ], [ -99.003589572793004, 19.769706795028988 ], [ -99.003581183790004, 19.769711113834994 ], [ -99.00357279277101, 19.769715429132003 ], [ -99.00356439974, 19.769719740919026 ], [ -99.003556004697998, 19.769724049197031 ], [ -99.003547607645999, 19.769728353965 ], [ -99.003539208587, 19.769732655220011 ], [ -99.003530807519994, 19.769736952963008 ], [ -99.003522404449996, 19.769741247193004 ], [ -99.003513999375997, 19.769745537908026 ], [ -99.003505592300996, 19.76974982510901 ], [ -99.003497183226003, 19.769754108792991 ], [ -99.003488772153005, 19.769758388961005 ], [ -99.003480359083994, 19.769762665611996 ], [ -99.003471944020006, 19.769766938744013 ], [ -99.003463526961994, 19.769771208356996 ], [ -99.003455107912998, 19.769775474450014 ], [ -99.003446686874, 19.769779737021992 ], [ -99.003438263847002, 19.769783996072999 ], [ -99.003429838833995, 19.769788251601007 ], [ -99.003421411835006, 19.769792503604982 ], [ -99.003412982853007, 19.769796752085981 ], [ -99.00340455189, 19.769800997040999 ], [ -99.003396118946014, 19.769805238470994 ], [ -99.003387684024005, 19.769809476373993 ], [ -99.003379247125011, 19.769813710749993 ], [ -99.003370808251006, 19.769817941597008 ], [ -99.003362367403994, 19.769822168914999 ], [ -99.003353924584999, 19.769826392702988 ], [ -99.003345479795996, 19.76983061296102 ], [ -99.003337033037994, 19.769834829686005 ], [ -99.003328584312996, 19.769839042879997 ], [ -99.003320133624001, 19.769843252540007 ], [ -99.00331168097, 19.769847458665986 ], [ -99.003303226355001, 19.769851661256993 ], [ -99.003294769779998, 19.769855860313029 ], [ -99.003286311246001, 19.769860055832044 ], [ -99.003277850754998, 19.769864247813008 ], [ -99.003269388307999, 19.76986843625701 ], [ -99.003260923908002, 19.76987262116101 ], [ -99.003252457556002, 19.76987680252601 ], [ -99.003243989254003, 19.769880980349988 ], [ -99.003235519003013, 19.769885154633002 ], [ -99.003227046804994, 19.769889325373008 ], [ -99.003218572660998, 19.769893492569999 ], [ -99.003210096573994, 19.769897656223986 ], [ -99.003201618545006, 19.769901816333011 ], [ -99.003193138575, 19.769905972896012 ], [ -99.003184656665994, 19.76991012591299 ], [ -99.003176172821, 19.769914275382998 ], [ -99.003167687040005, 19.769918421304975 ], [ -99.003159199324998, 19.769922563678008 ], [ -99.003150709677996, 19.769926702502001 ], [ -99.003142218099995, 19.769930837774996 ], [ -99.003133724594008, 19.769934969496994 ], [ -99.003125229160005, 19.769939097666956 ], [ -99.003116731801015, 19.769943222285022 ], [ -99.003108232518002, 19.769947343348989 ], [ -99.00309973131202, 19.769951460857992 ], [ -99.003091228187003, 19.769955574812993 ], [ -99.003082723142001, 19.769959685211024 ], [ -99.003074216179996, 19.769963792053026 ], [ -99.003065707302994, 19.769967895337015 ], [ -99.003057196510994, 19.769971995062008 ], [ -99.003048683808004, 19.76997609122898 ], [ -99.003040169193, 19.769980183834964 ], [ -99.003031652670018, 19.769984272881 ], [ -99.003023134239996, 19.769988358364994 ], [ -99.003014613904014, 19.769992440287005 ], [ -99.003006091664005, 19.769996518644994 ], [ -99.002997567521007, 19.77000059344001 ], [ -99.002989041478003, 19.77000466466999 ], [ -99.002980513537011, 19.770008732333991 ], [ -99.002971983696995, 19.77001279643201 ], [ -99.002963451962998, 19.770016856962016 ], [ -99.002954918333998, 19.770020913925006 ], [ -99.002946382812993, 19.770024967319014 ], [ -99.002937845400993, 19.770029017144001 ], [ -99.002929306100995, 19.770033063398017 ], [ -99.002920764913, 19.770037106080974 ], [ -99.002912221838997, 19.770041145191996 ], [ -99.002903676881004, 19.770045180731007 ], [ -99.002895130042006, 19.770049212696044 ], [ -99.002886581320993, 19.770053241087016 ], [ -99.002878030722002, 19.770057265902999 ], [ -99.002869478245003, 19.770061287142987 ], [ -99.002860923892996, 19.770065304805989 ], [ -99.002852367665994, 19.770069318891974 ], [ -99.002843809568006, 19.770073329400027 ], [ -99.002835249597993, 19.770077336329006 ], [ -99.002826687760006, 19.770081339678001 ], [ -99.002818124054997, 19.770085339445973 ], [ -99.002809558484003, 19.770089335634008 ], [ -99.002800991049, 19.770093328239025 ], [ -99.002792421750996, 19.770097317261005 ], [ -99.002783850593005, 19.770101302699999 ], [ -99.002775277577001, 19.770105284553992 ], [ -99.002766702702004, 19.770109262823006 ], [ -99.002758125973003, 19.770113237507012 ], [ -99.002749547389001, 19.77011720860299 ], [ -99.002740966953994, 19.770121176111964 ], [ -99.002732384666999, 19.770125140031997 ], [ -99.00272380053201, 19.770129100364013 ], [ -99.002715214549994, 19.770133057106019 ], [ -99.002706626722002, 19.770137010257006 ], [ -99.002698037049996, 19.770140959816004 ], [ -99.002689445536021, 19.770144905783997 ], [ -99.002680852181001, 19.770148848157984 ], [ -99.002672256988006, 19.770152786939001 ], [ -99.002663659958003, 19.770156722125986 ], [ -99.002655061092014, 19.770160653716985 ], [ -99.002646460392, 19.770164581711995 ], [ -99.002637857859995, 19.770168506110995 ], [ -99.002629253498014, 19.770172426912016 ], [ -99.002620647306998, 19.770176344113981 ], [ -99.002612039289005, 19.770180257718007 ], [ -99.002603429445003, 19.770184167722004 ], [ -99.002594817778004, 19.770188074124988 ], [ -99.002586204289003, 19.770191976927002 ], [ -99.002577588978994, 19.770195876125992 ], [ -99.002568971851005, 19.770199771723004 ], [ -99.002560352904993, 19.770203663716014 ], [ -99.002551732144994, 19.770207552104992 ], [ -99.002543109569999, 19.770211436888996 ], [ -99.002534485184, 19.77021531806702 ], [ -99.002525858987994, 19.770219195637999 ], [ -99.002517230983003, 19.770223069600974 ], [ -99.002508601171016, 19.770226939956981 ], [ -99.002499969553995, 19.770230806703012 ], [ -99.002491336133005, 19.770234669839962 ], [ -99.002482700909994, 19.770238529367013 ], [ -99.002474063888002, 19.770242385282028 ], [ -99.002465425066006, 19.770246237584985 ], [ -99.002456784448, 19.770250086276004 ], [ -99.002448142035007, 19.770253931353029 ], [ -99.002439497829002, 19.770257772816027 ], [ -99.002430851829999, 19.770261610664015 ], [ -99.002422204042006, 19.770265444896989 ], [ -99.002413554464994, 19.770269275512025 ], [ -99.002404903102004, 19.770273102511005 ], [ -99.002396249954003, 19.770276925891991 ], [ -99.002387595022, 19.770280745654009 ], [ -99.002378938308993, 19.770284561796998 ], [ -99.002370279815011, 19.770288374318984 ], [ -99.002361619544004, 19.770292183220992 ], [ -99.002352957496001, 19.770295988501008 ], [ -99.002344293673005, 19.770299790157992 ], [ -99.002335628077006, 19.770303588192007 ], [ -99.002326960709993, 19.770307382603004 ], [ -99.002318291573005, 19.770311173388976 ], [ -99.002309620667006, 19.770314960549008 ], [ -99.002300947996005, 19.770318744084001 ], [ -99.002292273558993, 19.770322523990995 ], [ -99.002283597360005, 19.770326300270998 ], [ -99.002274919399014, 19.770330072922999 ], [ -99.002266239679003, 19.770333841945003 ], [ -99.002257558201009, 19.770337607337979 ], [ -99.002248874966, 19.770341369100006 ], [ -99.002240189977002, 19.770345127231007 ], [ -99.002231503234995, 19.770348881730012 ], [ -99.002222814741998, 19.770352632595998 ], [ -99.002214124499005, 19.770356379829007 ], [ -99.002205432509001, 19.770360123427984 ], [ -99.002196738772994, 19.770363863391971 ], [ -99.002188043291994, 19.770367599720007 ], [ -99.002179346068999, 19.770371332410988 ], [ -99.002170647103995, 19.770375061466016 ], [ -99.002161946401003, 19.770378786883008 ], [ -99.002153243959, 19.770382508661012 ], [ -99.002144539782009, 19.77038622680001 ], [ -99.002135833870994, 19.770389941298983 ], [ -99.002127126226995, 19.770393652157008 ], [ -99.002118416852994, 19.770397359373991 ], [ -99.002109705749007, 19.770401062948004 ], [ -99.002100992918002, 19.770404762879991 ], [ -99.002092278361005, 19.770408459167999 ], [ -99.002083562080003, 19.770412151811005 ], [ -99.002074844077001, 19.770415840809996 ], [ -99.002066124354002, 19.770419526163003 ], [ -99.002057402911007, 19.770423207869008 ], [ -99.002048679751994, 19.770426885927996 ], [ -99.002039954875997, 19.77043056033898 ], [ -99.002031228286995, 19.770434231100971 ], [ -99.002022499985998, 19.770437898213995 ], [ -99.002013769974994, 19.770441561676993 ], [ -99.002005038255007, 19.770445221488981 ], [ -99.001996304827998, 19.770448877649979 ], [ -99.001987569695999, 19.770452530157982 ], [ -99.001978832860004, 19.770456179013998 ], [ -99.001970094322004, 19.770459824215983 ], [ -99.001961354084003, 19.770463465763012 ], [ -99.001952612148003, 19.770467103654997 ], [ -99.001943868514999, 19.770470737892005 ], [ -99.001935123186996, 19.770474368472001 ], [ -99.001926376165002, 19.770477995395009 ], [ -99.001917627452002, 19.770481618660011 ], [ -99.001908877049004, 19.770485238266023 ], [ -99.001900124957999, 19.770488854212999 ], [ -99.001891371180008, 19.770492466499984 ], [ -99.001882615718003, 19.770496075126015 ], [ -99.001873858571997, 19.770499680090978 ], [ -99.001865099746013, 19.770503281393029 ], [ -99.001856339238998, 19.77050687903299 ], [ -99.001847577053994, 19.770510473008965 ], [ -99.001838813193999, 19.770514063320991 ], [ -99.001830047658004, 19.770517649967996 ], [ -99.001821280450002, 19.770521232948994 ], [ -99.001812511571003, 19.770524812263993 ], [ -99.001803741022002, 19.770528387911995 ], [ -99.001794968805996, 19.770531959892001 ], [ -99.001786194923994, 19.770535528204007 ], [ -99.001777419377007, 19.77053909284599 ], [ -99.001768642168003, 19.770542653818975 ], [ -99.001759863298005, 19.770546211121019 ], [ -99.001751082769005, 19.770549764752019 ], [ -99.001742300581995, 19.770553314710988 ], [ -99.001733516740003, 19.770556860998031 ], [ -99.001724731243996, 19.770560403611015 ], [ -99.001715944094997, 19.770563942549995 ], [ -99.001707155296003, 19.770567477814012 ], [ -99.001698364849005, 19.770571009402989 ], [ -99.001689572752994, 19.770574537316008 ], [ -99.001680779013, 19.770578061553021 ], [ -99.001671983628995, 19.770581582111038 ], [ -99.001663186602997, 19.770585098992019 ], [ -99.001654387936014, 19.770588612194008 ], [ -99.001645587631003, 19.770592121716014 ], [ -99.001636785689996, 19.77059562755802 ], [ -99.001627982113007, 19.770599129720047 ], [ -99.001619176901997, 19.77060262819899 ], [ -99.001610370060007, 19.770606122996977 ], [ -99.001601561588004, 19.770609614110992 ], [ -99.001592751488005, 19.770613101542004 ], [ -99.001583939761005, 19.770616585288998 ], [ -99.001575126410003, 19.770620065351018 ], [ -99.001566311434999, 19.77062354172703 ], [ -99.001557494839005, 19.770627014416014 ], [ -99.001548676623997, 19.770630483418998 ], [ -99.001539856790018, 19.770633948733995 ], [ -99.001531035339994, 19.770637410360997 ], [ -99.001522212276015, 19.770640868299022 ], [ -99.001513387599005, 19.770644322546985 ], [ -99.001504561310995, 19.770647773104006 ], [ -99.001495733414004, 19.770651219971008 ], [ -99.001486903908997, 19.770654663146015 ], [ -99.001478072797994, 19.770658102628015 ], [ -99.001469240082997, 19.770661538417997 ], [ -99.001460405765997, 19.770664970514034 ], [ -99.001451569847006, 19.770668398914999 ], [ -99.001442732330005, 19.770671823620958 ], [ -99.001433893216003, 19.770675244632002 ], [ -99.001425052505994, 19.770678661946018 ], [ -99.001416210201995, 19.770682075563005 ], [ -99.001407366307006, 19.770685485482016 ], [ -99.001398520820999, 19.770688891703006 ], [ -99.001389673746004, 19.770692294224951 ], [ -99.001380825083999, 19.770695693047003 ], [ -99.001371974836999, 19.770699088168016 ], [ -99.001363123006996, 19.770702479589019 ], [ -99.001354269594998, 19.77070586730801 ], [ -99.001345414602994, 19.770709251323979 ], [ -99.001336558033003, 19.770712631638045 ], [ -99.001327699886005, 19.770716008248005 ], [ -99.001318840164998, 19.770719381153032 ], [ -99.001309978869998, 19.770722750353997 ], [ -99.001301116004001, 19.77072611584801 ], [ -99.001292251568003, 19.770729477636973 ], [ -99.001283385565003, 19.770732835718022 ], [ -99.001274517995, 19.770736190091995 ], [ -99.001265648860993, 19.770739540756985 ], [ -99.001256778164006, 19.770742887713972 ], [ -99.001247905905998, 19.770746230960992 ], [ -99.001239032089018, 19.770749570497003 ], [ -99.001230156714996, 19.770752906322983 ], [ -99.001221279784005, 19.770756238436977 ], [ -99.001212401299995, 19.770759566838993 ], [ -99.001203521262994, 19.770762891528012 ], [ -99.001194639676001, 19.770766212504014 ], [ -99.001185756539996, 19.770769529765015 ], [ -99.001176871856998, 19.77077284331201 ], [ -99.001167985628001, 19.770776153143014 ], [ -99.001159097856004, 19.770779459258026 ], [ -99.001150208542001, 19.770782761657003 ], [ -99.001141317687001, 19.770786060337009 ], [ -99.001132425294003, 19.7707893553 ], [ -99.00112353136501, 19.770792646544958 ], [ -99.001114635899995, 19.770795934070016 ], [ -99.001105738902993, 19.770799217874995 ], [ -99.001096840372995, 19.770802497958986 ], [ -99.001087940315017, 19.770805774322028 ], [ -99.001079038727994, 19.770809046963041 ], [ -99.001070135614, 19.770812315882015 ], [ -99.001061230976006, 19.770815581077997 ], [ -99.001052324816001, 19.770818842550007 ], [ -99.001043417133999, 19.770822100296996 ], [ -99.001034507932999, 19.77082535431899 ], [ -99.001025597213996, 19.770828604615996 ], [ -99.001016684980002, 19.770831851186024 ], [ -99.001007771231002, 19.770835094029998 ], [ -99.000998855969996, 19.770838333144987 ], [ -99.000989939198007, 19.770841568533001 ], [ -99.000981020916996, 19.770844800191988 ], [ -99.000972101130003, 19.770848028121023 ], [ -99.000963179836006, 19.770851252320018 ], [ -99.000954257039993, 19.770854472787995 ], [ -99.000945332740997, 19.770857689525002 ], [ -99.000936406942003, 19.770860902530007 ], [ -99.000927479644005, 19.770864111801995 ], [ -99.000918550850002, 19.770867317341004 ], [ -99.000909620561004, 19.770870519145991 ], [ -99.000900688778003, 19.770873717216993 ], [ -99.000891755504, 19.770876911552985 ], [ -99.000882820740998, 19.770880102151995 ], [ -99.000873884488996, 19.77088328901598 ], [ -99.000864946750994, 19.770886472141985 ], [ -99.000856007528, 19.770889651530993 ], [ -99.000847066822999, 19.770892827181001 ], [ -99.000838124636999, 19.770895999092986 ], [ -99.000829180970996, 19.770899167265011 ], [ -99.000820235828002, 19.770902331696981 ], [ -99.000811289208997, 19.770905492388039 ], [ -99.000802341116, 19.770908649338022 ], [ -99.000793391550999, 19.770911802547005 ], [ -99.000784440515005, 19.770914952012003 ], [ -99.000775488011001, 19.770918097733976 ], [ -99.000766534039002, 19.770921239712962 ], [ -99.000757578602006, 19.770924377946994 ], [ -99.000748621701007, 19.770927512435971 ], [ -99.000739663339019, 19.770930643180023 ], [ -99.000730703516993, 19.770933770177024 ], [ -99.000721742235996, 19.770936893427034 ], [ -99.000712779498002, 19.77094001293003 ], [ -99.000703815305997, 19.770943128685012 ], [ -99.000694849661002, 19.770946240690993 ], [ -99.000685882563999, 19.770949348948001 ], [ -99.000737410805996, 19.770969575926969 ], [ -99.000735233808996, 19.770970337079 ], [ -99.000723665514002, 19.770974380316012 ], [ -99.000712099213004, 19.770978421662019 ], [ -99.000700534988994, 19.770982461326021 ], [ -99.000688972925005, 19.770986499519996 ], [ -99.000677413101002, 19.770990536454011 ], [ -99.000665855598996, 19.770994572337017 ], [ -98.999890467635012, 19.771265333204006 ], [ -98.999878910472006, 19.771269368837991 ], [ -98.999867351651005, 19.771273404890998 ], [ -98.999855791116005, 19.771277441222988 ], [ -98.999844228815007, 19.771281477693982 ], [ -98.999832664690999, 19.771285514164997 ], [ -98.999821098690006, 19.771289550493975 ], [ -98.999809530758, 19.771293586541987 ], [ -98.999797960839999, 19.771297622168021 ], [ -98.999786388882001, 19.771301657232005 ], [ -98.999774814830005, 19.771305691592996 ], [ -98.999763238628006, 19.77130972511198 ], [ -98.999751660222003, 19.771313757647015 ], [ -98.999740079559004, 19.771317789057033 ], [ -98.999728496581994, 19.77132181920301 ], [ -98.99971691124, 19.771325847942002 ], [ -98.999705323475993, 19.771329875133969 ], [ -98.999693733236995, 19.771333900637948 ], [ -98.999682140469005, 19.771337924313006 ], [ -98.999670545116999, 19.771341946017984 ], [ -98.999658947129006, 19.771345965611012 ], [ -98.999647346448995, 19.771349982951016 ], [ -98.999635743024996, 19.771353997897009 ], [ -98.999624136801003, 19.771358010306027 ], [ -98.999612527726001, 19.771362020037948 ], [ -98.999600915745006, 19.771366026948996 ], [ -98.999589300805994, 19.771370030899 ], [ -98.999577682853996, 19.771374031745978 ], [ -98.99956606183602, 19.771378029346 ], [ -98.999554437700994, 19.771382023558999 ], [ -98.999542810394999, 19.771386014241006 ], [ -98.999531179863993, 19.771390001250971 ], [ -98.997738006120017, 19.772015427670993 ], [ -98.994435235674004, 19.77323151340601 ], [ -98.994037577821004, 19.773373356446999 ], [ -98.993585137067001, 19.773528745079012 ], [ -98.993547862412001, 19.773528092151992 ], [ -98.993381090154998, 19.773528998281016 ], [ -98.993213672972004, 19.773579961684018 ], [ -98.993059170321004, 19.773689746803996 ], [ -98.992348893954002, 19.773925058876003 ], [ -98.991484461735013, 19.774173747836013 ], [ -98.991315582865994, 19.774229840292008 ], [ -98.990958851130003, 19.774353081520999 ], [ -98.990957163697999, 19.774348704375001 ], [ -98.990951920960995, 19.774346371197979 ], [ -98.990913961857004, 19.774358797953031 ], [ -98.990915516627993, 19.774369759647961 ], [ -98.990672864071996, 19.774452695562015 ], [ -98.990624949855999, 19.774469544897997 ], [ -98.990621662796002, 19.774463085516995 ], [ -98.990510952614997, 19.77450286534998 ], [ -98.990510830214006, 19.774506892669987 ], [ -98.990420344803994, 19.774541717690994 ], [ -98.990418189785004, 19.774537012111008 ], [ -98.990355781361998, 19.77456072774498 ], [ -98.990233669142, 19.774613934262014 ], [ -98.990090651630993, 19.774656820963976 ], [ -98.990088201483999, 19.774649498870993 ], [ -98.990040546860996, 19.774663789045999 ], [ -98.990040453343994, 19.774672689736999 ], [ -98.989856410947013, 19.774724860984996 ], [ -98.989761183821997, 19.774754008507973 ], [ -98.989288345635003, 19.774827036205 ], [ -98.987082989824998, 19.775593341889003 ], [ -98.987075844217998, 19.775574120935993 ], [ -98.986359212017021, 19.775824354609014 ], [ -98.986366660318012, 19.775843469870019 ], [ -98.986223874836, 19.775893327276997 ], [ -98.986219894870999, 19.775894717025974 ], [ -98.986215914932004, 19.775896106846993 ], [ -98.986211935019995, 19.775897496736988 ], [ -98.986207955135995, 19.775898886697028 ], [ -98.986203975278016, 19.775900276725991 ], [ -98.986199995448004, 19.775901666824996 ], [ -98.986196015645007, 19.775903056993986 ], [ -98.986192035868996, 19.775904447232996 ], [ -98.98618805612, 19.775905837540982 ], [ -98.986186067269003, 19.775906532391005 ], [ -98.986184078437006, 19.775907227320001 ], [ -98.986182089631001, 19.775907922319014 ], [ -98.986180100853005, 19.775908617388037 ], [ -98.986178112101001, 19.775909312526011 ], [ -98.986176123377007, 19.775910007734019 ], [ -98.986174134680994, 19.775910703010954 ], [ -98.986172146011, 19.775911398359003 ], [ -98.986170157369003, 19.775912093775986 ], [ -98.986166843485009, 19.775913252813965 ], [ -98.986163529682003, 19.775914412092995 ], [ -98.986160215971012, 19.775915571604994 ], [ -98.986156902350004, 19.775916731348975 ], [ -98.986153588820002, 19.775917891325022 ], [ -98.986150275379998, 19.775919051534007 ], [ -98.986146962031, 19.775920211975006 ], [ -98.986143648772995, 19.775921372648007 ], [ -98.986140335605995, 19.775922533553995 ], [ -98.986137686356997, 19.775923462060007 ], [ -98.986135037189001, 19.775924390807006 ], [ -98.986132388113006, 19.775925319786982 ], [ -98.986129739127009, 19.775926248997973 ], [ -98.986127090232003, 19.775927178442021 ], [ -98.986124441428004, 19.775928108118002 ], [ -98.986121792715011, 19.775929038026028 ], [ -98.986119144092996, 19.775929968166025 ], [ -98.986116495562001, 19.77593089853902 ], [ -98.986113318126996, 19.775932015077988 ], [ -98.986110140836999, 19.775933132014991 ], [ -98.986106963699001, 19.775934249343006 ], [ -98.986103786713997, 19.775935367059979 ], [ -98.986100609882996, 19.77593648516698 ], [ -98.986097433204009, 19.775937603664001 ], [ -98.986094256678996, 19.775938722551004 ], [ -98.986091080305997, 19.775939841827029 ], [ -98.986087904087, 19.775940961494001 ], [ -98.986085126291002, 19.775941941120006 ], [ -98.986082348639002, 19.775942921143987 ], [ -98.986079571139996, 19.77594390155798 ], [ -98.986076793793998, 19.775944882362008 ], [ -98.986074016602004, 19.775945863554984 ], [ -98.986071239563998, 19.775946845137973 ], [ -98.986068462679, 19.775947827110016 ], [ -98.986065685948006, 19.775948809470979 ], [ -98.986062909371, 19.775949792222004 ], [ -98.986059793682998, 19.775950895551983 ], [ -98.986056678202999, 19.775951999437989 ], [ -98.986053562939006, 19.775953103869984 ], [ -98.986050447889994, 19.775954208847992 ], [ -98.986047333057996, 19.775955314371995 ], [ -98.986044218442004, 19.775956420441993 ], [ -98.986041104042997, 19.775957527057979 ], [ -98.986037989859994, 19.775958634219002 ], [ -98.986034875892997, 19.775959741926989 ], [ -98.986032046494003, 19.775960748996024 ], [ -98.986029217302004, 19.775961756619992 ], [ -98.986026388328, 19.775962764789 ], [ -98.98602355957, 19.775963773504003 ], [ -98.986020731029001, 19.77596478276396 ], [ -98.986017902705996, 19.775965792568996 ], [ -98.986015074600004, 19.775966802919989 ], [ -98.986012246710999, 19.775967813815978 ], [ -98.986009419040002, 19.775968825257994 ], [ -98.986006340963996, 19.775969927001999 ], [ -98.986003263160001, 19.775971029455995 ], [ -98.986000185636001, 19.775972132611006 ], [ -98.985997108391999, 19.77597323646804 ], [ -98.985994031429001, 19.775974341026021 ], [ -98.985990954748004, 19.775975446285013 ], [ -98.985987878347004, 19.775976552245027 ], [ -98.985984802228018, 19.775977658906005 ], [ -98.985981726389994, 19.775978766268992 ], [ -98.985978871810019, 19.775979794741001 ], [ -98.985976017501997, 19.775980823922993 ], [ -98.985973163476004, 19.775981853805952 ], [ -98.985970309733005, 19.775982884389016 ], [ -98.985967456272007, 19.775983915672004 ], [ -98.985964603092995, 19.775984947655008 ], [ -98.985961750197006, 19.775985980338977 ], [ -98.985958897583998, 19.775987013723029 ], [ -98.985956045253999, 19.775988047805999 ], [ -98.985930526985001, 19.775997335960003 ], [ -98.985905032272001, 19.776006681936014 ], [ -98.985879561269996, 19.776016085673007 ], [ -98.985854114125019, 19.776025547116021 ], [ -98.985828690982999, 19.776035066211033 ], [ -98.98580329199001, 19.776044642904019 ], [ -98.985777917291003, 19.776054277139988 ], [ -98.985752567031994, 19.776063968863006 ], [ -98.985727241358006, 19.776073718018004 ], [ -98.985724413534996, 19.776074810729 ], [ -98.985721586002995, 19.776075904142981 ], [ -98.985718758770005, 19.776076998250016 ], [ -98.985715931837007, 19.776078093052011 ], [ -98.985713105203018, 19.776079188546991 ], [ -98.985710278870002, 19.776080284736036 ], [ -98.985707452837005, 19.776081381617995 ], [ -98.985704627104994, 19.776082479194006 ], [ -98.985701801673002, 19.776083577462991 ], [ -98.985698757864, 19.776084761453998 ], [ -98.985695714345994, 19.77608594614701 ], [ -98.985692671129996, 19.776087131533991 ], [ -98.985689628215994, 19.776088317614992 ], [ -98.985686585603005, 19.776089504388032 ], [ -98.985683543291998, 19.776090691855007 ], [ -98.985680501282999, 19.776091880016025 ], [ -98.985677459575996, 19.776093068868988 ], [ -98.985674418171996, 19.77609425841597 ], [ -98.985671624697005, 19.776095351675 ], [ -98.985668831449004, 19.776096445481993 ], [ -98.985666038435994, 19.776097539828001 ], [ -98.985663245658998, 19.776098634712003 ], [ -98.985660453117006, 19.776099730133993 ], [ -98.985657660811, 19.776100826095 ], [ -98.985654868739999, 19.776101922595004 ], [ -98.985652076906007, 19.776103019632956 ], [ -98.985649285308, 19.776104117209016 ], [ -98.985646213435999, 19.776105325638042 ], [ -98.985643141791016, 19.776106534613994 ], [ -98.985640070382999, 19.776107744129007 ], [ -98.985636999210996, 19.776108954182998 ], [ -98.985633928277011, 19.776110164773989 ], [ -98.985630857578002, 19.776111375903998 ], [ -98.985627787116997, 19.776112587571998 ], [ -98.985624716893, 19.77611379977899 ], [ -98.985621646905997, 19.776115012523007 ], [ -98.985618911432994, 19.776116093624971 ], [ -98.985616176120004, 19.77611717512 ], [ -98.985613440975996, 19.776118256997975 ], [ -98.985610706002007, 19.776119339258994 ], [ -98.985607971196998, 19.776120421905024 ], [ -98.985605236561014, 19.776121504933005 ], [ -98.985602502095006, 19.77612258834602 ], [ -98.985599767798021, 19.776123672141011 ], [ -98.985597033670999, 19.776124756320005 ], [ -98.985593907747003, 19.776125996338006 ], [ -98.985590781984001, 19.77612723674801 ], [ -98.985587656391004, 19.776128477542006 ], [ -98.985584530967998, 19.776129718720007 ], [ -98.985581405714996, 19.776130960280984 ], [ -98.985578280631998, 19.776132202224993 ], [ -98.985575155719019, 19.776133444552013 ], [ -98.985572030976002, 19.77613468726399 ], [ -98.985568906403003, 19.776135930358013 ], [ -98.985566302178995, 19.776136966750997 ], [ -98.985563698047997, 19.77613800338198 ], [ -98.98556109401801, 19.776139040240004 ], [ -98.98555849009, 19.77614007732701 ], [ -98.985555886262006, 19.776141114643004 ], [ -98.985553282536998, 19.776142152186036 ], [ -98.985550678913, 19.776143189957011 ], [ -98.98554807539, 19.776144227957026 ], [ -98.985545471969004, 19.776145266184979 ], [ -98.985542216349998, 19.776146564802008 ], [ -98.985538960824002, 19.776147863655972 ], [ -98.985535705399002, 19.776149162738001 ], [ -98.985532450075993, 19.77615046204798 ], [ -98.985529194855005, 19.77615176158702 ], [ -98.985525939734998, 19.776153061353991 ], [ -98.985522684716997, 19.776154361349011 ], [ -98.985519429799993, 19.77615566157198 ], [ -98.985516174986003, 19.776156962023983 ], [ -98.985514221890014, 19.77615774249297 ], [ -98.985512268817004, 19.776158523039001 ], [ -98.985510315773993, 19.776159303654019 ], [ -98.985508362760996, 19.776160084338038 ], [ -98.985506409779006, 19.776160865089977 ], [ -98.985504456827996, 19.776161645910001 ], [ -98.985502503907, 19.776162426799019 ], [ -98.985500551016003, 19.776163207755992 ], [ -98.985498598155999, 19.776163988782045 ], [ -98.985494690538005, 19.776165551708008 ], [ -98.985490782941, 19.776167114711011 ], [ -98.985486875375003, 19.776168677781971 ], [ -98.985482967839005, 19.776170240922003 ], [ -98.985479060334001, 19.776171804131003 ], [ -98.985475152858996, 19.776173367406976 ], [ -98.985471245414999, 19.77617493075202 ], [ -98.985467338001015, 19.776176494165973 ], [ -98.985463430617997, 19.776178057647993 ], [ -98.984938008680999, 19.776388301805977 ], [ -98.984960995460995, 19.776441959745991 ], [ -98.984867724610993, 19.776473086023014 ], [ -98.984829942182998, 19.77648678823499 ], [ -98.984751342455993, 19.776515620316022 ], [ -98.984673875276997, 19.776544825094977 ], [ -98.984550076364002, 19.776593464852006 ], [ -98.984433497823005, 19.776640570543975 ], [ -98.984318201815995, 19.776688629093993 ], [ -98.984204741708993, 19.776737262756008 ], [ -98.984102809058001, 19.776781990011983 ], [ -98.984007167360005, 19.776825530069999 ], [ -98.983917396840994, 19.776867118119998 ], [ -98.983812289344002, 19.776917258713009 ], [ -98.983716076670007, 19.77696442532601 ], [ -98.983626135994996, 19.777009153198986 ], [ -98.983534159594996, 19.777055506530974 ], [ -98.983473237536003, 19.777087271123971 ], [ -98.983431062329998, 19.777109258673025 ], [ -98.983361650632006, 19.777145722797005 ], [ -98.983303224573007, 19.777177186453017 ], [ -98.983260386292997, 19.777200104459002 ], [ -98.983188691227994, 19.777241587009001 ], [ -98.983081031747005, 19.777303925854053 ], [ -98.983019532528999, 19.777339929103974 ], [ -98.982941804462996, 19.777386220571 ], [ -98.982852654016995, 19.77744050042298 ], [ -98.982773002629997, 19.777489772786996 ], [ -98.982697577997996, 19.777537481858015 ], [ -98.982622917930996, 19.777585430010006 ], [ -98.982543102329998, 19.77763763043901 ], [ -98.982464288055994, 19.777690214591967 ], [ -98.982386661141007, 19.777742952407998 ], [ -98.982313480206997, 19.777793828596977 ], [ -98.982236767391001, 19.777847942569998 ], [ -98.982208592470002, 19.777867988471002 ], [ -98.982160141248997, 19.777902945215963 ], [ -98.982124654087002, 19.777929000593971 ], [ -98.981952792613001, 19.778057537231032 ], [ -98.981794186197007, 19.778181607893991 ], [ -98.981648760286006, 19.778299683118018 ], [ -98.981502809790996, 19.778421128837984 ], [ -98.981365736100997, 19.778539781006995 ], [ -98.981242523928998, 19.778649016430997 ], [ -98.981191760467993, 19.778695122658 ], [ -98.981124216992001, 19.778757748360992 ], [ -98.981061385263999, 19.778817443722023 ], [ -98.980918077308004, 19.778956762342059 ], [ -98.980769706138005, 19.77910754302199 ], [ -98.980684363297016, 19.77919642774302 ], [ -98.980547216847995, 19.779344695203985 ], [ -98.980408691266021, 19.779499691821023 ], [ -98.980274685180007, 19.779656010232998 ], [ -98.980169604601002, 19.779783092353043 ], [ -98.980049253678999, 19.779933465169027 ], [ -98.979929102935003, 19.78008956515901 ], [ -98.979808394919999, 19.780252747701986 ], [ -98.979707972466002, 19.780393968434971 ], [ -98.979635622473012, 19.780499010541 ], [ -98.979531463263015, 19.780656136486023 ], [ -98.979434594254002, 19.780808509911033 ], [ -98.979332185721006, 19.780976088411009 ], [ -98.979243746616007, 19.781124856432999 ], [ -98.979155859439004, 19.781275569745965 ], [ -98.979054181541997, 19.781450744877979 ], [ -98.978955729641001, 19.781620632574995 ], [ -98.978853929284, 19.781796539822999 ], [ -98.978750082459001, 19.781976352296045 ], [ -98.978665505755004, 19.782122367354987 ], [ -98.978586475906994, 19.782259074216022 ], [ -98.978488446374996, 19.782428408632981 ], [ -98.978393043406996, 19.782593567192013 ], [ -98.978301877147999, 19.782750923308971 ], [ -98.978214274888003, 19.78290275989799 ], [ -98.978123401884005, 19.783060371324986 ], [ -98.978032095163996, 19.783217917216017 ], [ -98.977948601045995, 19.783362738510998 ], [ -98.977906630397001, 19.783435829512001 ], [ -98.977896562452003, 19.783452776215999 ], [ -98.977866989841004, 19.783503603004977 ], [ -98.977767632349, 19.783675863442006 ], [ -98.977676499607, 19.78383337207303 ], [ -98.977562377113998, 19.784030050894003 ], [ -98.977462680632996, 19.784201977350037 ], [ -98.977361433599995, 19.784377396640991 ], [ -98.977260790437995, 19.784551228412987 ], [ -98.977158885847999, 19.784726948919005 ], [ -98.977064789178996, 19.784889790428018 ], [ -98.976964130205005, 19.785063497727993 ], [ -98.976881861531993, 19.78520529677597 ], [ -98.976777372762996, 19.785386430631984 ], [ -98.976682654868, 19.785549113217012 ], [ -98.976579603372997, 19.785727524326997 ], [ -98.976507072676995, 19.785852817453012 ], [ -98.976410718882008, 19.786019257242984 ], [ -98.976309209240995, 19.78619453061199 ], [ -98.976221204856017, 19.78634587450502 ], [ -98.976130709762998, 19.786502807417033 ], [ -98.976034433161999, 19.78666843194301 ], [ -98.975933122125994, 19.786843520012987 ], [ -98.975837098319005, 19.787010076099001 ], [ -98.975725764236003, 19.787202697826043 ], [ -98.975632517063005, 19.787364329427007 ], [ -98.975526819487996, 19.787547425024027 ], [ -98.975430470873007, 19.787713684936016 ], [ -98.975377503306021, 19.787804594294997 ], [ -98.975312102030998, 19.787918028018016 ], [ -98.975223412578998, 19.788070288732026 ], [ -98.975129849983006, 19.788232310452031 ], [ -98.975031152699998, 19.788402630848012 ], [ -98.974929370032001, 19.78857910562899 ], [ -98.974826600306997, 19.788756667316964 ], [ -98.974732474156994, 19.788919797151994 ], [ -98.974645365434995, 19.789069108054008 ], [ -98.974574088720004, 19.789192838794026 ], [ -98.974456033630005, 19.789397207903995 ], [ -98.974408932692995, 19.789477837745014 ], [ -98.974382046637999, 19.789524665388026 ], [ -98.974316695005996, 19.789637290271031 ], [ -98.974246653644002, 19.789757982714029 ], [ -98.974189575728005, 19.789856443304 ], [ -98.974119960981994, 19.789976461431991 ], [ -98.974023145521002, 19.790143624452991 ], [ -98.973969291711001, 19.790237631756977 ], [ -98.973889993222016, 19.790373956320028 ], [ -98.973794997504001, 19.790538106984013 ], [ -98.973727281866005, 19.790655627718017 ], [ -98.973651064357014, 19.790787447494996 ], [ -98.973602970936994, 19.790870582343004 ], [ -98.973572976046, 19.790922127718986 ], [ -98.973526152221993, 19.791002964168005 ], [ -98.973461106320002, 19.791114662241025 ], [ -98.973383747339, 19.79124922056101 ], [ -98.973333940776001, 19.791334486265992 ], [ -98.973261504723993, 19.791460188001015 ], [ -98.973192654448013, 19.791578634348991 ], [ -98.973137074622016, 19.791675522880013 ], [ -98.973061676512003, 19.791805608945005 ], [ -98.973050836709007, 19.791824663113978 ], [ -98.972933845030994, 19.792025094548976 ], [ -98.972817445955002, 19.792226272402022 ], [ -98.972741714340003, 19.792357074777041 ], [ -98.972634333974995, 19.792542483013971 ], [ -98.972590699072001, 19.792617797937016 ], [ -98.972416301989995, 19.792918582334011 ], [ -98.972308161547005, 19.793105131471975 ], [ -98.972197767246001, 19.793295675636024 ], [ -98.972097226732998, 19.793469418800022 ], [ -98.971985750553998, 19.793662153238994 ], [ -98.971881642835996, 19.793841873819989 ], [ -98.971791157105002, 19.793998660589018 ], [ -98.971673895433995, 19.794201549207006 ], [ -98.971560006185001, 19.794398034738006 ], [ -98.971440234956006, 19.794604699405014 ], [ -98.971323963852001, 19.794806094282013 ], [ -98.971200650239993, 19.795019326209999 ], [ -98.971097312154001, 19.795197647969985 ], [ -98.970997209575998, 19.795371069146999 ], [ -98.970874675770006, 19.795582743327003 ], [ -98.970755223748, 19.795788734222008 ], [ -98.970620118200003, 19.796022301452027 ], [ -98.970500918933993, 19.796227950117004 ], [ -98.970354572698, 19.796480495364012 ], [ -98.970237610175005, 19.796682665264999 ], [ -98.970119481788998, 19.796885813238028 ], [ -98.970004164246006, 19.797084909358027 ], [ -98.969861873780005, 19.797330533926992 ], [ -98.969744875262009, 19.79753227120699 ], [ -98.969622590558998, 19.797743609463986 ], [ -98.969510345800003, 19.797936743437003 ], [ -98.969328545546006, 19.798250836835972 ], [ -98.969187002232005, 19.798495037558983 ], [ -98.969074492502003, 19.798688872573045 ], [ -98.968939477369005, 19.798921206315018 ], [ -98.968802245297994, 19.79915898712402 ], [ -98.968662490103, 19.799399395710985 ], [ -98.968553681737006, 19.799588233001014 ], [ -98.968447437134003, 19.799770692430002 ], [ -98.968348803359007, 19.799941637277986 ], [ -98.968233797175003, 19.800139272066001 ], [ -98.968122757638, 19.800332080933003 ], [ -98.968013313595009, 19.800521088665981 ], [ -98.967900375279996, 19.800716493126011 ], [ -98.967772531956996, 19.800937337766978 ], [ -98.967674128035995, 19.801108078276009 ], [ -98.967559912181997, 19.801305403817025 ], [ -98.967443045818996, 19.80150673037701 ], [ -98.967311261302996, 19.801734436871016 ], [ -98.967201757420995, 19.801923258556002 ], [ -98.967074767943998, 19.80214270875204 ], [ -98.966978693938998, 19.802308173919002 ], [ -98.966865111623008, 19.802504757752985 ], [ -98.966747644107997, 19.802707234764011 ], [ -98.966641436236998, 19.802890982278004 ], [ -98.966529808724005, 19.803083753957011 ], [ -98.966385333801995, 19.803333975349975 ], [ -98.966265537688002, 19.803540703506993 ], [ -98.966146395712016, 19.803746616161011 ], [ -98.966025482590993, 19.803954851120995 ], [ -98.965909302648996, 19.804155181978018 ], [ -98.965811054377994, 19.804325165975008 ], [ -98.965704123590001, 19.804509836898031 ], [ -98.965606577331016, 19.804677727719987 ], [ -98.965498494399995, 19.804864567013009 ], [ -98.965392934837993, 19.805046728505015 ], [ -98.965286241144995, 19.805229892657991 ], [ -98.96509792023501, 19.805555267229973 ], [ -98.965081237508997, 19.805584860180968 ], [ -98.965008053163004, 19.805710542844952 ], [ -98.964944146950998, 19.805820723812008 ], [ -98.964873200705995, 19.80594430012399 ], [ -98.964792781746993, 19.806082992223985 ], [ -98.964713424799001, 19.806220084787 ], [ -98.964616899421003, 19.806387141836002 ], [ -98.964509004598014, 19.806573387642018 ], [ -98.964412337778001, 19.806740537961993 ], [ -98.964306500621007, 19.806921503383002 ], [ -98.964204798072004, 19.807095751409953 ], [ -98.964162088327001, 19.807168161342986 ], [ -98.964113736076001, 19.807249371914974 ], [ -98.964067627675007, 19.807324677889994 ], [ -98.963979392019993, 19.807466923781 ], [ -98.963959906729002, 19.807496847915992 ], [ -98.963914854107998, 19.807565586434979 ], [ -98.963850774513006, 19.807661584553017 ], [ -98.963785278410995, 19.807757754511016 ], [ -98.963710099714007, 19.807864935087029 ], [ -98.963642132241006, 19.807961099446015 ], [ -98.963570516247003, 19.808060344467968 ], [ -98.963546285994994, 19.808091227031994 ], [ -98.962901264274009, 19.808973463645007 ], [ -98.962585491916997, 19.809403425661021 ], [ -98.961743399276003, 19.810550021852979 ], [ -98.960869291387993, 19.811740188342977 ], [ -98.960433307117, 19.812333806856991 ], [ -98.959677305821003, 19.813362481880016 ], [ -98.959543569958996, 19.81354192630701 ], [ -98.959421507429994, 19.813702812447008 ], [ -98.959321596614004, 19.813831872609974 ], [ -98.959201435935, 19.813983163201993 ], [ -98.959011314627006, 19.814212764992018 ], [ -98.958840915080998, 19.814407366981001 ], [ -98.958726027772997, 19.814532908711957 ], [ -98.958522847504014, 19.814744669060016 ], [ -98.958312317479994, 19.814951373845989 ], [ -98.958169698820001, 19.815084631690983 ], [ -98.958035425956993, 19.815205431499979 ], [ -98.957793205087995, 19.815413634927005 ], [ -98.957529073496005, 19.815630143250978 ], [ -98.957172970418995, 19.815911742605003 ], [ -98.957077708363002, 19.815986075867979 ], [ -98.957048025207001, 19.816009210597009 ], [ -98.957012345370003, 19.816037007772024 ], [ -98.942037161314005, 19.827701678829001 ], [ -98.941895672664998, 19.827811874865017 ], [ -98.941778292324003, 19.827903294352005 ], [ -98.941575855300002, 19.828060958219016 ], [ -98.938863034478999, 19.830173729791003 ], [ -98.934827965305999, 19.833172353530021 ], [ -98.934750792721246, 19.833083612583284 ] ] ] } }
]
}
