{
"type": "FeatureCollection",
"name": "pks",
"crs": { "type": "name", "properties": { "name": "urn:ogc:def:crs:OGC:1.3:CRS84" } },
"features": [
{ "type": "Feature", "properties": { "PKs": "55+561" }, "geometry": { "type": "Point", "coordinates": [ -100.805032220873997, 25.6337771010298, 0.0 ] } },
{ "type": "Feature", "properties": { "PKs": "55+500" }, "geometry": { "type": "Point", "coordinates": [ -100.805606604245995, 25.6335988938486, 0.0 ] } },
{ "type": "Feature", "properties": { "PKs": "55+400" }, "geometry": { "type": "Point", "coordinates": [ -100.806548701129998, 25.633306594578499, 0.0 ] } },
{ "type": "Feature", "properties": { "PKs": "55+300" }, "geometry": { "type": "Point", "coordinates": [ -100.807490590224006, 25.633043664826101, 0.0 ] } },
{ "type": "Feature", "properties": { "PKs": "55+200" }, "geometry": { "type": "Point", "coordinates": [ -100.808463307365002, 25.632887259933899, 0.0 ] } },
{ "type": "Feature", "properties": { "PKs": "55+100" }, "geometry": { "type": "Point", "coordinates": [ -100.809446986612002, 25.632747182045801, 0.0 ] } },
{ "type": "Feature", "properties": { "PKs": "55+000" }, "geometry": { "type": "Point", "coordinates": [ -100.810427994929995, 25.632611063608401, 0.0 ] } },
{ "type": "Feature", "properties": { "PKs": "54+900" }, "geometry": { "type": "Point", "coordinates": [ -100.811382623781, 25.632641883419598, 0.0 ] } },
{ "type": "Feature", "properties": { "PKs": "54+800" }, "geometry": { "type": "Point", "coordinates": [ -100.812290691040005, 25.632961072757801, 0.0 ] } },
{ "type": "Feature", "properties": { "PKs": "54+700" }, "geometry": { "type": "Point", "coordinates": [ -100.813216657371996, 25.633314774035998, 0.0 ] } },
{ "type": "Feature", "properties": { "PKs": "54+600" }, "geometry": { "type": "Point", "coordinates": [ -100.814196041927005, 25.633542794244001, 0.0 ] } },
{ "type": "Feature", "properties": { "PKs": "54+500" }, "geometry": { "type": "Point", "coordinates": [ -100.815203585334999, 25.633620360137201, 0.0 ] } },
{ "type": "Feature", "properties": { "PKs": "54+400" }, "geometry": { "type": "Point", "coordinates": [ -100.816210307873007, 25.633546812162201, 0.0 ] } },
{ "type": "Feature", "properties": { "PKs": "54+300" }, "geometry": { "type": "Point", "coordinates": [ -100.817195416765998, 25.633391963511102, 0.0 ] } },
{ "type": "Feature", "properties": { "PKs": "54+200" }, "geometry": { "type": "Point", "coordinates": [ -100.818168847706005, 25.633139821770499, 0.0 ] } },
{ "type": "Feature", "properties": { "PKs": "54+100" }, "geometry": { "type": "Point", "coordinates": [ -100.819072401477996, 25.632734351279101, 0.0 ] } },
{ "type": "Feature", "properties": { "PKs": "54+000" }, "geometry": { "type": "Point", "coordinates": [ -100.819941363447001, 25.632293479167501, 0.0 ] } },
{ "type": "Feature", "properties": { "PKs": "53+900" }, "geometry": { "type": "Point", "coordinates": [ -100.820812217105996, 25.631865011359299, 0.0 ] } },
{ "type": "Feature", "properties": { "PKs": "53+800" }, "geometry": { "type": "Point", "coordinates": [ -100.821715978827996, 25.631511532718498, 0.0 ] } },
{ "type": "Feature", "properties": { "PKs": "53+700" }, "geometry": { "type": "Point", "coordinates": [ -100.822657047007993, 25.631250031212101, 0.0 ] } },
{ "type": "Feature", "properties": { "PKs": "53+600" }, "geometry": { "type": "Point", "coordinates": [ -100.823626317541994, 25.631075136895401, 0.0 ] } },
{ "type": "Feature", "properties": { "PKs": "53+500" }, "geometry": { "type": "Point", "coordinates": [ -100.824607645531003, 25.6309222631123, 0.0 ] } },
{ "type": "Feature", "properties": { "PKs": "53+400" }, "geometry": { "type": "Point", "coordinates": [ -100.825588978639999, 25.630769382426401, 0.0 ] } },
{ "type": "Feature", "properties": { "PKs": "53+300" }, "geometry": { "type": "Point", "coordinates": [ -100.826570308821999, 25.630616495277302, 0.0 ] } },
{ "type": "Feature", "properties": { "PKs": "53+200" }, "geometry": { "type": "Point", "coordinates": [ -100.827551636078994, 25.630463601665099, 0.0 ] } },
{ "type": "Feature", "properties": { "PKs": "53+100" }, "geometry": { "type": "Point", "coordinates": [ -100.828534649283, 25.630308065131899, 0.0 ] } },
{ "type": "Feature", "properties": { "PKs": "53+000" }, "geometry": { "type": "Point", "coordinates": [ -100.829505623802007, 25.630027002792101, 0.0 ] } },
{ "type": "Feature", "properties": { "PKs": "52+900" }, "geometry": { "type": "Point", "coordinates": [ -100.830335892456006, 25.629489607350099, 0.0 ] } },
{ "type": "Feature", "properties": { "PKs": "52+800" }, "geometry": { "type": "Point", "coordinates": [ -100.831051738401001, 25.628858335049401, 0.0 ] } },
{ "type": "Feature", "properties": { "PKs": "52+700" }, "geometry": { "type": "Point", "coordinates": [ -100.831762546931003, 25.628226235242501, 0.0 ] } },
{ "type": "Feature", "properties": { "PKs": "52+600" }, "geometry": { "type": "Point", "coordinates": [ -100.832473347963997, 25.627594132333002, 0.0 ] } },
{ "type": "Feature", "properties": { "PKs": "52+500" }, "geometry": { "type": "Point", "coordinates": [ -100.833184141499999, 25.626962026321099, 0.0 ] } },
{ "type": "Feature", "properties": { "PKs": "52+400" }, "geometry": { "type": "Point", "coordinates": [ -100.833894927537997, 25.626329917207201, 0.0 ] } },
{ "type": "Feature", "properties": { "PKs": "52+300" }, "geometry": { "type": "Point", "coordinates": [ -100.834605706079003, 25.625697804991599, 0.0 ] } },
{ "type": "Feature", "properties": { "PKs": "52+200" }, "geometry": { "type": "Point", "coordinates": [ -100.835316477123001, 25.625065689674599, 0.0 ] } },
{ "type": "Feature", "properties": { "PKs": "52+100" }, "geometry": { "type": "Point", "coordinates": [ -100.836027240671001, 25.6244335712564, 0.0 ] } },
{ "type": "Feature", "properties": { "PKs": "52+000" }, "geometry": { "type": "Point", "coordinates": [ -100.836737996721993, 25.6238014497373, 0.0 ] } },
{ "type": "Feature", "properties": { "PKs": "51+900" }, "geometry": { "type": "Point", "coordinates": [ -100.837448745277996, 25.623169325117701, 0.0 ] } },
{ "type": "Feature", "properties": { "PKs": "51+800" }, "geometry": { "type": "Point", "coordinates": [ -100.838159486337005, 25.6225371973979, 0.0 ] } },
{ "type": "Feature", "properties": { "PKs": "51+700" }, "geometry": { "type": "Point", "coordinates": [ -100.838870219900997, 25.621905066578101, 0.0 ] } },
{ "type": "Feature", "properties": { "PKs": "51+600" }, "geometry": { "type": "Point", "coordinates": [ -100.839580945969004, 25.621272932658599, 0.0 ] } },
{ "type": "Feature", "properties": { "PKs": "51+500" }, "geometry": { "type": "Point", "coordinates": [ -100.840291664543003, 25.620640795639702, 0.0 ] } },
{ "type": "Feature", "properties": { "PKs": "51+400" }, "geometry": { "type": "Point", "coordinates": [ -100.841002537353006, 25.6200105385543, 0.0 ] } },
{ "type": "Feature", "properties": { "PKs": "51+300" }, "geometry": { "type": "Point", "coordinates": [ -100.841753404344004, 25.619438185225398, 0.0 ] } },
{ "type": "Feature", "properties": { "PKs": "51+200" }, "geometry": { "type": "Point", "coordinates": [ -100.842589741023005, 25.618976223735501, 0.0 ] } },
{ "type": "Feature", "properties": { "PKs": "51+100" }, "geometry": { "type": "Point", "coordinates": [ -100.843494275528002, 25.618635907059598, 0.0 ] } },
{ "type": "Feature", "properties": { "PKs": "51+000" }, "geometry": { "type": "Point", "coordinates": [ -100.844446604382995, 25.618423808716202, 0.0 ] } },
{ "type": "Feature", "properties": { "PKs": "50+900" }, "geometry": { "type": "Point", "coordinates": [ -100.845427756023994, 25.618279694038801, 0.0 ] } },
{ "type": "Feature", "properties": { "PKs": "50+800" }, "geometry": { "type": "Point", "coordinates": [ -100.846410895112001, 25.618137306812201, 0.0 ] } },
{ "type": "Feature", "properties": { "PKs": "50+700" }, "geometry": { "type": "Point", "coordinates": [ -100.847394031435002, 25.617994913093099, 0.0 ] } },
{ "type": "Feature", "properties": { "PKs": "50+600" }, "geometry": { "type": "Point", "coordinates": [ -100.848377164992002, 25.617852512881601, 0.0 ] } },
{ "type": "Feature", "properties": { "PKs": "50+500" }, "geometry": { "type": "Point", "coordinates": [ -100.849360295783001, 25.6177101061778, 0.0 ] } },
{ "type": "Feature", "properties": { "PKs": "50+400" }, "geometry": { "type": "Point", "coordinates": [ -100.850343423807004, 25.617567692981901, 0.0 ] } },
{ "type": "Feature", "properties": { "PKs": "50+300" }, "geometry": { "type": "Point", "coordinates": [ -100.851326549065007, 25.617425273294, 0.0 ] } },
{ "type": "Feature", "properties": { "PKs": "50+200" }, "geometry": { "type": "Point", "coordinates": [ -100.852309671556, 25.6172828471143, 0.0 ] } },
{ "type": "Feature", "properties": { "PKs": "50+100" }, "geometry": { "type": "Point", "coordinates": [ -100.853292791279003, 25.6171404144429, 0.0 ] } },
{ "type": "Feature", "properties": { "PKs": "50+000" }, "geometry": { "type": "Point", "coordinates": [ -100.854275908234001, 25.616997975279801, 0.0 ] } },
{ "type": "Feature", "properties": { "PKs": "49+900" }, "geometry": { "type": "Point", "coordinates": [ -100.855259022422004, 25.616855529625301, 0.0 ] } },
{ "type": "Feature", "properties": { "PKs": "49+800" }, "geometry": { "type": "Point", "coordinates": [ -100.856242133839999, 25.616713077479499, 0.0 ] } },
{ "type": "Feature", "properties": { "PKs": "49+700" }, "geometry": { "type": "Point", "coordinates": [ -100.857225242490998, 25.616570618842498, 0.0 ] } },
{ "type": "Feature", "properties": { "PKs": "49+600" }, "geometry": { "type": "Point", "coordinates": [ -100.858208348372003, 25.616428153714399, 0.0 ] } },
{ "type": "Feature", "properties": { "PKs": "49+500" }, "geometry": { "type": "Point", "coordinates": [ -100.859191451483994, 25.616285682095398, 0.0 ] } },
{ "type": "Feature", "properties": { "PKs": "49+400" }, "geometry": { "type": "Point", "coordinates": [ -100.860174551826006, 25.616143203985601, 0.0 ] } },
{ "type": "Feature", "properties": { "PKs": "49+300" }, "geometry": { "type": "Point", "coordinates": [ -100.861157649399004, 25.616000719385099, 0.0 ] } },
{ "type": "Feature", "properties": { "PKs": "49+200" }, "geometry": { "type": "Point", "coordinates": [ -100.862140744201, 25.615858228294002, 0.0 ] } },
{ "type": "Feature", "properties": { "PKs": "49+100" }, "geometry": { "type": "Point", "coordinates": [ -100.863123836232006, 25.615715730712601, 0.0 ] } },
{ "type": "Feature", "properties": { "PKs": "49+000" }, "geometry": { "type": "Point", "coordinates": [ -100.864106925493004, 25.615573226640901, 0.0 ] } },
{ "type": "Feature", "properties": { "PKs": "48+900" }, "geometry": { "type": "Point", "coordinates": [ -100.865090011982005, 25.6154307160791, 0.0 ] } },
{ "type": "Feature", "properties": { "PKs": "48+800" }, "geometry": { "type": "Point", "coordinates": [ -100.866073095700003, 25.615288199027201, 0.0 ] } },
{ "type": "Feature", "properties": { "PKs": "48+700" }, "geometry": { "type": "Point", "coordinates": [ -100.867056176646003, 25.6151456754855, 0.0 ] } },
{ "type": "Feature", "properties": { "PKs": "48+600" }, "geometry": { "type": "Point", "coordinates": [ -100.868039254820005, 25.615003145454001, 0.0 ] } },
{ "type": "Feature", "properties": { "PKs": "48+500" }, "geometry": { "type": "Point", "coordinates": [ -100.869022330221995, 25.614860608932901, 0.0 ] } },
{ "type": "Feature", "properties": { "PKs": "48+400" }, "geometry": { "type": "Point", "coordinates": [ -100.870005402849998, 25.6147180659223, 0.0 ] } },
{ "type": "Feature", "properties": { "PKs": "48+300" }, "geometry": { "type": "Point", "coordinates": [ -100.870988472706003, 25.614575516422398, 0.0 ] } },
{ "type": "Feature", "properties": { "PKs": "48+200" }, "geometry": { "type": "Point", "coordinates": [ -100.871971539788007, 25.614432960433302, 0.0 ] } },
{ "type": "Feature", "properties": { "PKs": "48+100" }, "geometry": { "type": "Point", "coordinates": [ -100.872954604097004, 25.614290397955099, 0.0 ] } },
{ "type": "Feature", "properties": { "PKs": "48+000" }, "geometry": { "type": "Point", "coordinates": [ -100.873937712271001, 25.6141478086594, 0.0 ] } },
{ "type": "Feature", "properties": { "PKs": "47+900" }, "geometry": { "type": "Point", "coordinates": [ -100.874921117390997, 25.6139874254606, 0.0 ] } },
{ "type": "Feature", "properties": { "PKs": "47+800" }, "geometry": { "type": "Point", "coordinates": [ -100.875897505146, 25.6138110065795, 0.0 ] } },
{ "type": "Feature", "properties": { "PKs": "47+700" }, "geometry": { "type": "Point", "coordinates": [ -100.876873855965997, 25.613634580088601, 0.0 ] } },
{ "type": "Feature", "properties": { "PKs": "47+600" }, "geometry": { "type": "Point", "coordinates": [ -100.877850203489004, 25.613458147227799, 0.0 ] } },
{ "type": "Feature", "properties": { "PKs": "47+500" }, "geometry": { "type": "Point", "coordinates": [ -100.878826547714993, 25.613281707997299, 0.0 ] } },
{ "type": "Feature", "properties": { "PKs": "47+400" }, "geometry": { "type": "Point", "coordinates": [ -100.879802888642004, 25.613105262397202, 0.0 ] } },
{ "type": "Feature", "properties": { "PKs": "47+300" }, "geometry": { "type": "Point", "coordinates": [ -100.880779226271002, 25.6129288104277, 0.0 ] } },
{ "type": "Feature", "properties": { "PKs": "47+200" }, "geometry": { "type": "Point", "coordinates": [ -100.881755560600993, 25.612752352089, 0.0 ] } },
{ "type": "Feature", "properties": { "PKs": "47+100" }, "geometry": { "type": "Point", "coordinates": [ -100.882731891633, 25.612575887381102, 0.0 ] } },
{ "type": "Feature", "properties": { "PKs": "47+000" }, "geometry": { "type": "Point", "coordinates": [ -100.883708219365005, 25.612399416304399, 0.0 ] } },
{ "type": "Feature", "properties": { "PKs": "46+900" }, "geometry": { "type": "Point", "coordinates": [ -100.884684543798002, 25.612222938858899, 0.0 ] } },
{ "type": "Feature", "properties": { "PKs": "46+800" }, "geometry": { "type": "Point", "coordinates": [ -100.885660864930998, 25.612046455044698, 0.0 ] } },
{ "type": "Feature", "properties": { "PKs": "46+700" }, "geometry": { "type": "Point", "coordinates": [ -100.886637182764005, 25.611869964862102, 0.0 ] } },
{ "type": "Feature", "properties": { "PKs": "46+600" }, "geometry": { "type": "Point", "coordinates": [ -100.887613497296002, 25.611693468311302, 0.0 ] } },
{ "type": "Feature", "properties": { "PKs": "46+500" }, "geometry": { "type": "Point", "coordinates": [ -100.888589808527996, 25.611516965392301, 0.0 ] } },
{ "type": "Feature", "properties": { "PKs": "46+400" }, "geometry": { "type": "Point", "coordinates": [ -100.889566116458994, 25.6113404561053, 0.0 ] } },
{ "type": "Feature", "properties": { "PKs": "46+300" }, "geometry": { "type": "Point", "coordinates": [ -100.890542421088, 25.611163940450499, 0.0 ] } },
{ "type": "Feature", "properties": { "PKs": "46+200" }, "geometry": { "type": "Point", "coordinates": [ -100.891518722417004, 25.610987418428099, 0.0 ] } },
{ "type": "Feature", "properties": { "PKs": "46+100" }, "geometry": { "type": "Point", "coordinates": [ -100.892495020442993, 25.610810890038199, 0.0 ] } },
{ "type": "Feature", "properties": { "PKs": "46+000" }, "geometry": { "type": "Point", "coordinates": [ -100.893469044851003, 25.6106498250744, 0.0 ] } },
{ "type": "Feature", "properties": { "PKs": "45+900" }, "geometry": { "type": "Point", "coordinates": [ -100.89444988244, 25.610566311976701, 0.0 ] } },
{ "type": "Feature", "properties": { "PKs": "45+800" }, "geometry": { "type": "Point", "coordinates": [ -100.895435014575995, 25.6105719933276, 0.0 ] } },
{ "type": "Feature", "properties": { "PKs": "45+700" }, "geometry": { "type": "Point", "coordinates": [ -100.896418400261993, 25.610661245316599, 0.0 ] } },
{ "type": "Feature", "properties": { "PKs": "45+600" }, "geometry": { "type": "Point", "coordinates": [ -100.897405861888998, 25.610775533959099, 0.0 ] } },
{ "type": "Feature", "properties": { "PKs": "45+500" }, "geometry": { "type": "Point", "coordinates": [ -100.898393366956, 25.610889831538099, 0.0 ] } },
{ "type": "Feature", "properties": { "PKs": "45+400" }, "geometry": { "type": "Point", "coordinates": [ -100.899380873449005, 25.611004122332201, 0.0 ] } },
{ "type": "Feature", "properties": { "PKs": "45+300" }, "geometry": { "type": "Point", "coordinates": [ -100.900368381367002, 25.611118406341198, 0.0 ] } },
{ "type": "Feature", "properties": { "PKs": "45+200" }, "geometry": { "type": "Point", "coordinates": [ -100.901355890711997, 25.611232683564999, 0.0 ] } },
{ "type": "Feature", "properties": { "PKs": "45+100" }, "geometry": { "type": "Point", "coordinates": [ -100.902343401482, 25.611346954003501, 0.0 ] } },
{ "type": "Feature", "properties": { "PKs": "45+000" }, "geometry": { "type": "Point", "coordinates": [ -100.903330913676996, 25.611461217656601, 0.0 ] } },
{ "type": "Feature", "properties": { "PKs": "44+900" }, "geometry": { "type": "Point", "coordinates": [ -100.904318427296005, 25.611575474524201, 0.0 ] } },
{ "type": "Feature", "properties": { "PKs": "44+800" }, "geometry": { "type": "Point", "coordinates": [ -100.905308328711001, 25.6116853748367, 0.0 ] } },
{ "type": "Feature", "properties": { "PKs": "44+700" }, "geometry": { "type": "Point", "coordinates": [ -100.906302874616998, 25.611768813928599, 0.0 ] } },
{ "type": "Feature", "properties": { "PKs": "44+600" }, "geometry": { "type": "Point", "coordinates": [ -100.907299935569995, 25.611822147358701, 0.0 ] } },
{ "type": "Feature", "properties": { "PKs": "44+500" }, "geometry": { "type": "Point", "coordinates": [ -100.908298403074994, 25.611845315876, 0.0 ] } },
{ "type": "Feature", "properties": { "PKs": "44+400" }, "geometry": { "type": "Point", "coordinates": [ -100.909297167069994, 25.611838293765999, 0.0 ] } },
{ "type": "Feature", "properties": { "PKs": "44+300" }, "geometry": { "type": "Point", "coordinates": [ -100.910293687581998, 25.611804976732, 0.0 ] } },
{ "type": "Feature", "properties": { "PKs": "44+200" }, "geometry": { "type": "Point", "coordinates": [ -100.911288575214996, 25.611767477393599, 0.0 ] } },
{ "type": "Feature", "properties": { "PKs": "44+100" }, "geometry": { "type": "Point", "coordinates": [ -100.912289774968002, 25.6116916419932, 0.0 ] } },
{ "type": "Feature", "properties": { "PKs": "44+000" }, "geometry": { "type": "Point", "coordinates": [ -100.913276454116996, 25.611507762626001, 0.0 ] } },
{ "type": "Feature", "properties": { "PKs": "43+900" }, "geometry": { "type": "Point", "coordinates": [ -100.914230145703996, 25.611213776718699, 0.0 ] } },
{ "type": "Feature", "properties": { "PKs": "43+800" }, "geometry": { "type": "Point", "coordinates": [ -100.915135965540998, 25.610814272728501, 0.0 ] } },
{ "type": "Feature", "properties": { "PKs": "43+700" }, "geometry": { "type": "Point", "coordinates": [ -100.915979671949998, 25.610315689473602, 0.0 ] } },
{ "type": "Feature", "properties": { "PKs": "43+600" }, "geometry": { "type": "Point", "coordinates": [ -100.916767618009004, 25.6097598446257, 0.0 ] } },
{ "type": "Feature", "properties": { "PKs": "43+500" }, "geometry": { "type": "Point", "coordinates": [ -100.917549838742005, 25.609201542572201, 0.0 ] } },
{ "type": "Feature", "properties": { "PKs": "43+400" }, "geometry": { "type": "Point", "coordinates": [ -100.918332052088999, 25.608643236706701, 0.0 ] } },
{ "type": "Feature", "properties": { "PKs": "43+300" }, "geometry": { "type": "Point", "coordinates": [ -100.919114258052005, 25.608084927029399, 0.0 ] } },
{ "type": "Feature", "properties": { "PKs": "43+200" }, "geometry": { "type": "Point", "coordinates": [ -100.919896456629999, 25.607526613540699, 0.0 ] } },
{ "type": "Feature", "properties": { "PKs": "43+100" }, "geometry": { "type": "Point", "coordinates": [ -100.920678651455006, 25.6069682922993, 0.0 ] } },
{ "type": "Feature", "properties": { "PKs": "43+000" }, "geometry": { "type": "Point", "coordinates": [ -100.921458604642993, 25.606405156996701, 0.0 ] } },
{ "type": "Feature", "properties": { "PKs": "42+900" }, "geometry": { "type": "Point", "coordinates": [ -100.922221920452003, 25.605819799190702, 0.0 ] } },
{ "type": "Feature", "properties": { "PKs": "42+800" }, "geometry": { "type": "Point", "coordinates": [ -100.922951667901998, 25.6051987044575, 0.0 ] } },
{ "type": "Feature", "properties": { "PKs": "42+700" }, "geometry": { "type": "Point", "coordinates": [ -100.923642247038998, 25.604541823530301, 0.0 ] } },
{ "type": "Feature", "properties": { "PKs": "42+600" }, "geometry": { "type": "Point", "coordinates": [ -100.924291634211997, 25.603851543639301, 0.0 ] } },
{ "type": "Feature", "properties": { "PKs": "42+500" }, "geometry": { "type": "Point", "coordinates": [ -100.924906274826, 25.603138129769899, 0.0 ] } },
{ "type": "Feature", "properties": { "PKs": "42+400" }, "geometry": { "type": "Point", "coordinates": [ -100.925506302059006, 25.6024173871611, 0.0 ] } },
{ "type": "Feature", "properties": { "PKs": "42+300" }, "geometry": { "type": "Point", "coordinates": [ -100.926105306899998, 25.6016964820063, 0.0 ] } },
{ "type": "Feature", "properties": { "PKs": "42+200" }, "geometry": { "type": "Point", "coordinates": [ -100.926704304682005, 25.600975574743, 0.0 ] } },
{ "type": "Feature", "properties": { "PKs": "42+100" }, "geometry": { "type": "Point", "coordinates": [ -100.927303295404997, 25.600254665371299, 0.0 ] } },
{ "type": "Feature", "properties": { "PKs": "42+000" }, "geometry": { "type": "Point", "coordinates": [ -100.927902279071006, 25.5995337538914, 0.0 ] } },
{ "type": "Feature", "properties": { "PKs": "41+900" }, "geometry": { "type": "Point", "coordinates": [ -100.928501255678995, 25.598812840303701, 0.0 ] } },
{ "type": "Feature", "properties": { "PKs": "41+800" }, "geometry": { "type": "Point", "coordinates": [ -100.929100225229007, 25.598091924608301, 0.0 ] } },
{ "type": "Feature", "properties": { "PKs": "38+000" }, "geometry": { "type": "Point", "coordinates": [ -100.941991026872998, 25.567095438113, 0.0 ] } },
{ "type": "Feature", "properties": { "PKs": "37+900" }, "geometry": { "type": "Point", "coordinates": [ -100.942469931915994, 25.566304219313, 0.0 ] } },
{ "type": "Feature", "properties": { "PKs": "37+800" }, "geometry": { "type": "Point", "coordinates": [ -100.942948830917999, 25.5655129992311, 0.0 ] } },
{ "type": "Feature", "properties": { "PKs": "37+700" }, "geometry": { "type": "Point", "coordinates": [ -100.943427723876994, 25.564721777867302, 0.0 ] } },
{ "type": "Feature", "properties": { "PKs": "37+600" }, "geometry": { "type": "Point", "coordinates": [ -100.943906610796006, 25.563930555222001, 0.0 ] } },
{ "type": "Feature", "properties": { "PKs": "37+500" }, "geometry": { "type": "Point", "coordinates": [ -100.944385491675007, 25.563139331295201, 0.0 ] } },
{ "type": "Feature", "properties": { "PKs": "37+400" }, "geometry": { "type": "Point", "coordinates": [ -100.944864366513002, 25.562348106087001, 0.0 ] } },
{ "type": "Feature", "properties": { "PKs": "37+300" }, "geometry": { "type": "Point", "coordinates": [ -100.945343235311, 25.561556879597799, 0.0 ] } },
{ "type": "Feature", "properties": { "PKs": "37+200" }, "geometry": { "type": "Point", "coordinates": [ -100.945822098069996, 25.560765651827602, 0.0 ] } },
{ "type": "Feature", "properties": { "PKs": "37+100" }, "geometry": { "type": "Point", "coordinates": [ -100.946300954790004, 25.559974422776602, 0.0 ] } },
{ "type": "Feature", "properties": { "PKs": "36+900" }, "geometry": { "type": "Point", "coordinates": [ -100.947258650113, 25.5583919608329, 0.0 ] } },
{ "type": "Feature", "properties": { "PKs": "36+800" }, "geometry": { "type": "Point", "coordinates": [ -100.947737488716996, 25.557600727940599, 0.0 ] } },
{ "type": "Feature", "properties": { "PKs": "36+700" }, "geometry": { "type": "Point", "coordinates": [ -100.948216321282999, 25.5568094937681, 0.0 ] } },
{ "type": "Feature", "properties": { "PKs": "36+600" }, "geometry": { "type": "Point", "coordinates": [ -100.948695147812003, 25.556018258315699, 0.0 ] } },
{ "type": "Feature", "properties": { "PKs": "36+500" }, "geometry": { "type": "Point", "coordinates": [ -100.949169248529998, 25.555221976955998, 0.0 ] } },
{ "type": "Feature", "properties": { "PKs": "36+400" }, "geometry": { "type": "Point", "coordinates": [ -100.949602146413, 25.554403826141101, 0.0 ] } },
{ "type": "Feature", "properties": { "PKs": "36+300" }, "geometry": { "type": "Point", "coordinates": [ -100.949984290413994, 25.5535651317944, 0.0 ] } },
{ "type": "Feature", "properties": { "PKs": "36+200" }, "geometry": { "type": "Point", "coordinates": [ -100.950314502325995, 25.5527084821566, 0.0 ] } },
{ "type": "Feature", "properties": { "PKs": "36+100" }, "geometry": { "type": "Point", "coordinates": [ -100.950591764269006, 25.551836520820199, 0.0 ] } },
{ "type": "Feature", "properties": { "PKs": "36+000" }, "geometry": { "type": "Point", "coordinates": [ -100.950816150345005, 25.550952976896099, 0.0 ] } },
{ "type": "Feature", "properties": { "PKs": "35+900" }, "geometry": { "type": "Point", "coordinates": [ -100.951020427640998, 25.550069583922301, 0.0 ] } },
{ "type": "Feature", "properties": { "PKs": "35+800" }, "geometry": { "type": "Point", "coordinates": [ -100.951224700042005, 25.5491861972253, 0.0 ] } },
{ "type": "Feature", "properties": { "PKs": "35+700" }, "geometry": { "type": "Point", "coordinates": [ -100.951428969887004, 25.548302810318301, 0.0 ] } },
{ "type": "Feature", "properties": { "PKs": "35+600" }, "geometry": { "type": "Point", "coordinates": [ -100.951633255646001, 25.547419528125001, 0.0 ] } },
{ "type": "Feature", "properties": { "PKs": "35+500" }, "geometry": { "type": "Point", "coordinates": [ -100.951860579311003, 25.546544521541101, 0.0 ] } },
{ "type": "Feature", "properties": { "PKs": "35+400" }, "geometry": { "type": "Point", "coordinates": [ -100.952098693908994, 25.545665608970101, 0.0 ] } },
{ "type": "Feature", "properties": { "PKs": "35+300" }, "geometry": { "type": "Point", "coordinates": [ -100.952304897264, 25.5447814176616, 0.0 ] } },
{ "type": "Feature", "properties": { "PKs": "35+200" }, "geometry": { "type": "Point", "coordinates": [ -100.952509203906999, 25.543898039165001, 0.0 ] } },
{ "type": "Feature", "properties": { "PKs": "35+100" }, "geometry": { "type": "Point", "coordinates": [ -100.952713489231996, 25.543014555054398, 0.0 ] } },
{ "type": "Feature", "properties": { "PKs": "35+000" }, "geometry": { "type": "Point", "coordinates": [ -100.952894351788999, 25.542123448586, 0.0 ] } },
{ "type": "Feature", "properties": { "PKs": "34+900" }, "geometry": { "type": "Point", "coordinates": [ -100.953063797412, 25.541236253666899, 0.0 ] } },
{ "type": "Feature", "properties": { "PKs": "34+800" }, "geometry": { "type": "Point", "coordinates": [ -100.953261333181004, 25.540352644942399, 0.0 ] } },
{ "type": "Feature", "properties": { "PKs": "34+700" }, "geometry": { "type": "Point", "coordinates": [ -100.953460505387, 25.539468303215902, 0.0 ] } },
{ "type": "Feature", "properties": { "PKs": "34+600" }, "geometry": { "type": "Point", "coordinates": [ -100.953659686335001, 25.538584002250101, 0.0 ] } },
{ "type": "Feature", "properties": { "PKs": "34+500" }, "geometry": { "type": "Point", "coordinates": [ -100.953864314699999, 25.5377015461588, 0.0 ] } },
{ "type": "Feature", "properties": { "PKs": "34+400" }, "geometry": { "type": "Point", "coordinates": [ -100.954072914394004, 25.5368189960828, 0.0 ] } },
{ "type": "Feature", "properties": { "PKs": "34+300" }, "geometry": { "type": "Point", "coordinates": [ -100.954282796032999, 25.535937846379898, 0.0 ] } },
{ "type": "Feature", "properties": { "PKs": "34+200" }, "geometry": { "type": "Point", "coordinates": [ -100.954550996278996, 25.5350796952713, 0.0 ] } },
{ "type": "Feature", "properties": { "PKs": "34+100" }, "geometry": { "type": "Point", "coordinates": [ -100.954900031302998, 25.534237367215201, 0.0 ] } },
{ "type": "Feature", "properties": { "PKs": "34+000" }, "geometry": { "type": "Point", "coordinates": [ -100.955255633815995, 25.5333943844415, 0.0 ] } },
{ "type": "Feature", "properties": { "PKs": "33+900" }, "geometry": { "type": "Point", "coordinates": [ -100.955611231712993, 25.532551401005001, 0.0 ] } },
{ "type": "Feature", "properties": { "PKs": "33+800" }, "geometry": { "type": "Point", "coordinates": [ -100.955966824992998, 25.531708416905701, 0.0 ] } },
{ "type": "Feature", "properties": { "PKs": "33+700" }, "geometry": { "type": "Point", "coordinates": [ -100.956322413658, 25.530865432143798, 0.0 ] } },
{ "type": "Feature", "properties": { "PKs": "33+600" }, "geometry": { "type": "Point", "coordinates": [ -100.956677997705995, 25.5300224467193, 0.0 ] } },
{ "type": "Feature", "properties": { "PKs": "33+500" }, "geometry": { "type": "Point", "coordinates": [ -100.957033577139995, 25.529179460632299, 0.0 ] } },
{ "type": "Feature", "properties": { "PKs": "33+400" }, "geometry": { "type": "Point", "coordinates": [ -100.957389151957997, 25.528336473883002, 0.0 ] } },
{ "type": "Feature", "properties": { "PKs": "33+300" }, "geometry": { "type": "Point", "coordinates": [ -100.957744722162005, 25.5274934864714, 0.0 ] } },
{ "type": "Feature", "properties": { "PKs": "33+200" }, "geometry": { "type": "Point", "coordinates": [ -100.958100287750995, 25.526650498397601, 0.0 ] } },
{ "type": "Feature", "properties": { "PKs": "33+100" }, "geometry": { "type": "Point", "coordinates": [ -100.958455848726004, 25.525807509661799, 0.0 ] } },
{ "type": "Feature", "properties": { "PKs": "33+000" }, "geometry": { "type": "Point", "coordinates": [ -100.958811446667994, 25.524964618503901, 0.0 ] } },
{ "type": "Feature", "properties": { "PKs": "32+900" }, "geometry": { "type": "Point", "coordinates": [ -100.959170851164998, 25.524123667080101, 0.0 ] } },
{ "type": "Feature", "properties": { "PKs": "32+800" }, "geometry": { "type": "Point", "coordinates": [ -100.959536800212007, 25.523285610587099, 0.0 ] } },
{ "type": "Feature", "properties": { "PKs": "32+700" }, "geometry": { "type": "Point", "coordinates": [ -100.959925700415994, 25.522458149439601, 0.0 ] } },
{ "type": "Feature", "properties": { "PKs": "32+600" }, "geometry": { "type": "Point", "coordinates": [ -100.960344743974005, 25.521642726784201, 0.0 ] } },
{ "type": "Feature", "properties": { "PKs": "32+500" }, "geometry": { "type": "Point", "coordinates": [ -100.960780003647002, 25.520831272384399, 0.0 ] } },
{ "type": "Feature", "properties": { "PKs": "32+400" }, "geometry": { "type": "Point", "coordinates": [ -100.961215427902005, 25.520019726030299, 0.0 ] } },
{ "type": "Feature", "properties": { "PKs": "32+300" }, "geometry": { "type": "Point", "coordinates": [ -100.961650846593002, 25.5192081786427, 0.0 ] } },
{ "type": "Feature", "properties": { "PKs": "32+200" }, "geometry": { "type": "Point", "coordinates": [ -100.962086259721005, 25.518396630221599, 0.0 ] } },
{ "type": "Feature", "properties": { "PKs": "32+100" }, "geometry": { "type": "Point", "coordinates": [ -100.962521667287007, 25.517585080767201, 0.0 ] } },
{ "type": "Feature", "properties": { "PKs": "32+000" }, "geometry": { "type": "Point", "coordinates": [ -100.962957069289004, 25.5167735302796, 0.0 ] } },
{ "type": "Feature", "properties": { "PKs": "31+900" }, "geometry": { "type": "Point", "coordinates": [ -100.963392465729996, 25.515961978758899, 0.0 ] } },
{ "type": "Feature", "properties": { "PKs": "31+800" }, "geometry": { "type": "Point", "coordinates": [ -100.963827856608006, 25.515150426205398, 0.0 ] } },
{ "type": "Feature", "properties": { "PKs": "31+700" }, "geometry": { "type": "Point", "coordinates": [ -100.964263241924996, 25.514338872619099, 0.0 ] } },
{ "type": "Feature", "properties": { "PKs": "31+600" }, "geometry": { "type": "Point", "coordinates": [ -100.964698621680995, 25.5135273180003, 0.0 ] } },
{ "type": "Feature", "properties": { "PKs": "31+500" }, "geometry": { "type": "Point", "coordinates": [ -100.965133995876002, 25.5127157623489, 0.0 ] } },
{ "type": "Feature", "properties": { "PKs": "31+400" }, "geometry": { "type": "Point", "coordinates": [ -100.965569364510998, 25.511904205665299, 0.0 ] } },
{ "type": "Feature", "properties": { "PKs": "31+300" }, "geometry": { "type": "Point", "coordinates": [ -100.966004727585997, 25.5110926479495, 0.0 ] } },
{ "type": "Feature", "properties": { "PKs": "31+200" }, "geometry": { "type": "Point", "coordinates": [ -100.966440085100004, 25.510281089201602, 0.0 ] } },
{ "type": "Feature", "properties": { "PKs": "31+100" }, "geometry": { "type": "Point", "coordinates": [ -100.966875437056004, 25.509469529421899, 0.0 ] } },
{ "type": "Feature", "properties": { "PKs": "31+000" }, "geometry": { "type": "Point", "coordinates": [ -100.967310356023006, 25.508657409388, 0.0 ] } },
{ "type": "Feature", "properties": { "PKs": "30+900" }, "geometry": { "type": "Point", "coordinates": [ -100.967738991602999, 25.507842375297798, 0.0 ] } },
{ "type": "Feature", "properties": { "PKs": "30+800" }, "geometry": { "type": "Point", "coordinates": [ -100.968169224950003, 25.507029604154202, 0.0 ] } },
{ "type": "Feature", "properties": { "PKs": "30+700" }, "geometry": { "type": "Point", "coordinates": [ -100.968606389716996, 25.506218958511798, 0.0 ] } },
{ "type": "Feature", "properties": { "PKs": "30+600" }, "geometry": { "type": "Point", "coordinates": [ -100.969043660872998, 25.505408256047399, 0.0 ] } },
{ "type": "Feature", "properties": { "PKs": "30+500" }, "geometry": { "type": "Point", "coordinates": [ -100.969480926450998, 25.504597552541799, 0.0 ] } },
{ "type": "Feature", "properties": { "PKs": "30+400" }, "geometry": { "type": "Point", "coordinates": [ -100.969918186450002, 25.503786847995102, 0.0 ] } },
{ "type": "Feature", "properties": { "PKs": "30+300" }, "geometry": { "type": "Point", "coordinates": [ -100.970355424510998, 25.502976254645802, 0.0 ] } },
{ "type": "Feature", "properties": { "PKs": "30+200" }, "geometry": { "type": "Point", "coordinates": [ -100.970830432645002, 25.502196987247999, 0.0 ] } },
{ "type": "Feature", "properties": { "PKs": "30+100" }, "geometry": { "type": "Point", "coordinates": [ -100.971436623158993, 25.501502935814699, 0.0 ] } },
{ "type": "Feature", "properties": { "PKs": "30+000" }, "geometry": { "type": "Point", "coordinates": [ -100.972166984949993, 25.5009155554709, 0.0 ] } },
{ "type": "Feature", "properties": { "PKs": "29+900" }, "geometry": { "type": "Point", "coordinates": [ -100.972999096234005, 25.5004528770253, 0.0 ] } },
{ "type": "Feature", "properties": { "PKs": "29+800" }, "geometry": { "type": "Point", "coordinates": [ -100.973907412800003, 25.500129103053901, 0.0 ] } },
{ "type": "Feature", "properties": { "PKs": "29+700" }, "geometry": { "type": "Point", "coordinates": [ -100.974868080999002, 25.499927346545, 0.0 ] } },
{ "type": "Feature", "properties": { "PKs": "29+600" }, "geometry": { "type": "Point", "coordinates": [ -100.975842009445003, 25.499744435408399, 0.0 ] } },
{ "type": "Feature", "properties": { "PKs": "29+500" }, "geometry": { "type": "Point", "coordinates": [ -100.976815934490006, 25.4995615179688, 0.0 ] } },
{ "type": "Feature", "properties": { "PKs": "29+400" }, "geometry": { "type": "Point", "coordinates": [ -100.977789856133995, 25.4993785942263, 0.0 ] } },
{ "type": "Feature", "properties": { "PKs": "29+300" }, "geometry": { "type": "Point", "coordinates": [ -100.978766129506994, 25.499171402222601, 0.0 ] } },
{ "type": "Feature", "properties": { "PKs": "29+200" }, "geometry": { "type": "Point", "coordinates": [ -100.979706214813007, 25.4988345484159, 0.0 ] } },
{ "type": "Feature", "properties": { "PKs": "29+100" }, "geometry": { "type": "Point", "coordinates": [ -100.980567079283006, 25.498353947534198, 0.0 ] } },
{ "type": "Feature", "properties": { "PKs": "29+000" }, "geometry": { "type": "Point", "coordinates": [ -100.981322292954999, 25.497744355641601, 0.0 ] } },
{ "type": "Feature", "properties": { "PKs": "28+900" }, "geometry": { "type": "Point", "coordinates": [ -100.981948670687004, 25.4970244889053, 0.0 ] } },
{ "type": "Feature", "properties": { "PKs": "28+800" }, "geometry": { "type": "Point", "coordinates": [ -100.982427057075995, 25.4962168559784, 0.0 ] } },
{ "type": "Feature", "properties": { "PKs": "28+700" }, "geometry": { "type": "Point", "coordinates": [ -100.982792298038007, 25.4953730785125, 0.0 ] } },
{ "type": "Feature", "properties": { "PKs": "28+600" }, "geometry": { "type": "Point", "coordinates": [ -100.983146832518997, 25.494529774099298, 0.0 ] } },
{ "type": "Feature", "properties": { "PKs": "28+500" }, "geometry": { "type": "Point", "coordinates": [ -100.983501362411005, 25.493686469033101, 0.0 ] } },
{ "type": "Feature", "properties": { "PKs": "28+400" }, "geometry": { "type": "Point", "coordinates": [ -100.983855887714, 25.492843163314099, 0.0 ] } },
{ "type": "Feature", "properties": { "PKs": "28+300" }, "geometry": { "type": "Point", "coordinates": [ -100.984210408429007, 25.491999856942201, 0.0 ] } },
{ "type": "Feature", "properties": { "PKs": "28+200" }, "geometry": { "type": "Point", "coordinates": [ -100.984564924555002, 25.491156549917701, 0.0 ] } },
{ "type": "Feature", "properties": { "PKs": "28+100" }, "geometry": { "type": "Point", "coordinates": [ -100.984919436092994, 25.4903132422406, 0.0 ] } },
{ "type": "Feature", "properties": { "PKs": "28+000" }, "geometry": { "type": "Point", "coordinates": [ -100.985273943042998, 25.489469933911, 0.0 ] } },
{ "type": "Feature", "properties": { "PKs": "27+900" }, "geometry": { "type": "Point", "coordinates": [ -100.985628445407002, 25.488626624929001, 0.0 ] } },
{ "type": "Feature", "properties": { "PKs": "27+800" }, "geometry": { "type": "Point", "coordinates": [ -100.985982943183004, 25.487783315294699, 0.0 ] } },
{ "type": "Feature", "properties": { "PKs": "27+700" }, "geometry": { "type": "Point", "coordinates": [ -100.986337436371997, 25.4869400050083, 0.0 ] } },
{ "type": "Feature", "properties": { "PKs": "27+600" }, "geometry": { "type": "Point", "coordinates": [ -100.986691924975005, 25.486096694069801, 0.0 ] } },
{ "type": "Feature", "properties": { "PKs": "27+500" }, "geometry": { "type": "Point", "coordinates": [ -100.987046408991006, 25.4852533824792, 0.0 ] } },
{ "type": "Feature", "properties": { "PKs": "27+400" }, "geometry": { "type": "Point", "coordinates": [ -100.987400888422002, 25.484410070236802, 0.0 ] } },
{ "type": "Feature", "properties": { "PKs": "27+300" }, "geometry": { "type": "Point", "coordinates": [ -100.987755363267993, 25.483566757342601, 0.0 ] } },
{ "type": "Feature", "properties": { "PKs": "27+200" }, "geometry": { "type": "Point", "coordinates": [ -100.988109833528, 25.4827234437968, 0.0 ] } },
{ "type": "Feature", "properties": { "PKs": "27+100" }, "geometry": { "type": "Point", "coordinates": [ -100.988464299203002, 25.4818801295993, 0.0 ] } },
{ "type": "Feature", "properties": { "PKs": "27+000" }, "geometry": { "type": "Point", "coordinates": [ -100.988819297495994, 25.481037579808699, 0.0 ] } },
{ "type": "Feature", "properties": { "PKs": "26+900" }, "geometry": { "type": "Point", "coordinates": [ -100.989188162871002, 25.4802007797845, 0.0 ] } },
{ "type": "Feature", "properties": { "PKs": "26+800" }, "geometry": { "type": "Point", "coordinates": [ -100.989561458634995, 25.479364189455001, 0.0 ] } },
{ "type": "Feature", "properties": { "PKs": "26+700" }, "geometry": { "type": "Point", "coordinates": [ -100.989930454231995, 25.4785246461112, 0.0 ] } },
{ "type": "Feature", "properties": { "PKs": "26+600" }, "geometry": { "type": "Point", "coordinates": [ -100.990285867346003, 25.477681060964098, 0.0 ] } },
{ "type": "Feature", "properties": { "PKs": "26+500" }, "geometry": { "type": "Point", "coordinates": [ -100.990640070457999, 25.476837661497498, 0.0 ] } },
{ "type": "Feature", "properties": { "PKs": "26+400" }, "geometry": { "type": "Point", "coordinates": [ -100.990994268991003, 25.475994261381, 0.0 ] } },
{ "type": "Feature", "properties": { "PKs": "26+300" }, "geometry": { "type": "Point", "coordinates": [ -100.991348462944998, 25.475150860614601, 0.0 ] } },
{ "type": "Feature", "properties": { "PKs": "26+200" }, "geometry": { "type": "Point", "coordinates": [ -100.991702652319006, 25.474307459198599, 0.0 ] } },
{ "type": "Feature", "properties": { "PKs": "26+100" }, "geometry": { "type": "Point", "coordinates": [ -100.992056837115001, 25.473464057132901, 0.0 ] } },
{ "type": "Feature", "properties": { "PKs": "26+000" }, "geometry": { "type": "Point", "coordinates": [ -100.992411017332003, 25.4726206544176, 0.0 ] } },
{ "type": "Feature", "properties": { "PKs": "25+900" }, "geometry": { "type": "Point", "coordinates": [ -100.992765192971007, 25.471777251052998, 0.0 ] } },
{ "type": "Feature", "properties": { "PKs": "25+800" }, "geometry": { "type": "Point", "coordinates": [ -100.993119364033006, 25.470933847038999, 0.0 ] } },
{ "type": "Feature", "properties": { "PKs": "25+700" }, "geometry": { "type": "Point", "coordinates": [ -100.993473530516994, 25.470090442375799, 0.0 ] } },
{ "type": "Feature", "properties": { "PKs": "25+600" }, "geometry": { "type": "Point", "coordinates": [ -100.993827692422997, 25.469247037063401, 0.0 ] } },
{ "type": "Feature", "properties": { "PKs": "25+500" }, "geometry": { "type": "Point", "coordinates": [ -100.994181849753005, 25.468403631102099, 0.0 ] } },
{ "type": "Feature", "properties": { "PKs": "25+400" }, "geometry": { "type": "Point", "coordinates": [ -100.994536002505995, 25.467560224491798, 0.0 ] } },
{ "type": "Feature", "properties": { "PKs": "25+300" }, "geometry": { "type": "Point", "coordinates": [ -100.994890150683005, 25.466716817232601, 0.0 ] } },
{ "type": "Feature", "properties": { "PKs": "25+200" }, "geometry": { "type": "Point", "coordinates": [ -100.995244294284007, 25.465873409324701, 0.0 ] } },
{ "type": "Feature", "properties": { "PKs": "25+100" }, "geometry": { "type": "Point", "coordinates": [ -100.995598435706995, 25.465029988583801, 0.0 ] } },
{ "type": "Feature", "properties": { "PKs": "25+000" }, "geometry": { "type": "Point", "coordinates": [ -100.995941923163002, 25.464180283047, 0.0 ] } },
{ "type": "Feature", "properties": { "PKs": "24+900" }, "geometry": { "type": "Point", "coordinates": [ -100.996266001186996, 25.4633266954547, 0.0 ] } },
{ "type": "Feature", "properties": { "PKs": "24+800" }, "geometry": { "type": "Point", "coordinates": [ -100.996605280745001, 25.462481281447499, 0.0 ] } },
{ "type": "Feature", "properties": { "PKs": "24+700" }, "geometry": { "type": "Point", "coordinates": [ -100.996959171727994, 25.461637805373201, 0.0 ] } },
{ "type": "Feature", "properties": { "PKs": "24+600" }, "geometry": { "type": "Point", "coordinates": [ -100.997313065819995, 25.460794316751802, 0.0 ] } },
{ "type": "Feature", "properties": { "PKs": "24+500" }, "geometry": { "type": "Point", "coordinates": [ -100.997666955341003, 25.459950827483201, 0.0 ] } },
{ "type": "Feature", "properties": { "PKs": "24+400" }, "geometry": { "type": "Point", "coordinates": [ -100.998020840291005, 25.459107337567598, 0.0 ] } },
{ "type": "Feature", "properties": { "PKs": "24+300" }, "geometry": { "type": "Point", "coordinates": [ -100.998374720670995, 25.458263847005099, 0.0 ] } },
{ "type": "Feature", "properties": { "PKs": "24+200" }, "geometry": { "type": "Point", "coordinates": [ -100.998728596481001, 25.457420355795701, 0.0 ] } },
{ "type": "Feature", "properties": { "PKs": "24+100" }, "geometry": { "type": "Point", "coordinates": [ -100.999082467720996, 25.4565768639395, 0.0 ] } },
{ "type": "Feature", "properties": { "PKs": "24+000" }, "geometry": { "type": "Point", "coordinates": [ -100.999436334392001, 25.4557333714367, 0.0 ] } },
{ "type": "Feature", "properties": { "PKs": "23+900" }, "geometry": { "type": "Point", "coordinates": [ -100.999790196494004, 25.4548898782874, 0.0 ] } },
{ "type": "Feature", "properties": { "PKs": "23+800" }, "geometry": { "type": "Point", "coordinates": [ -101.000144054027004, 25.454046384491601, 0.0 ] } },
{ "type": "Feature", "properties": { "PKs": "23+700" }, "geometry": { "type": "Point", "coordinates": [ -101.000497906991001, 25.453202890049401, 0.0 ] } },
{ "type": "Feature", "properties": { "PKs": "23+600" }, "geometry": { "type": "Point", "coordinates": [ -101.000851755387998, 25.452359394961, 0.0 ] } },
{ "type": "Feature", "properties": { "PKs": "23+500" }, "geometry": { "type": "Point", "coordinates": [ -101.001205599215993, 25.4515158992265, 0.0 ] } },
{ "type": "Feature", "properties": { "PKs": "23+400" }, "geometry": { "type": "Point", "coordinates": [ -101.001559438477003, 25.4506724028459, 0.0 ] } },
{ "type": "Feature", "properties": { "PKs": "23+300" }, "geometry": { "type": "Point", "coordinates": [ -101.001913273170999, 25.449828905819299, 0.0 ] } },
{ "type": "Feature", "properties": { "PKs": "23+200" }, "geometry": { "type": "Point", "coordinates": [ -101.002267103297996, 25.4489854081469, 0.0 ] } },
{ "type": "Feature", "properties": { "PKs": "23+100" }, "geometry": { "type": "Point", "coordinates": [ -101.002620928857993, 25.448141909828799, 0.0 ] } },
{ "type": "Feature", "properties": { "PKs": "23+000" }, "geometry": { "type": "Point", "coordinates": [ -101.002974749852001, 25.447298410864999, 0.0 ] } },
{ "type": "Feature", "properties": { "PKs": "22+900" }, "geometry": { "type": "Point", "coordinates": [ -101.003328566280999, 25.4464549112556, 0.0 ] } },
{ "type": "Feature", "properties": { "PKs": "22+800" }, "geometry": { "type": "Point", "coordinates": [ -101.003682378142997, 25.445611411000801, 0.0 ] } },
{ "type": "Feature", "properties": { "PKs": "22+700" }, "geometry": { "type": "Point", "coordinates": [ -101.00403618544, 25.444767910100602, 0.0 ] } },
{ "type": "Feature", "properties": { "PKs": "22+600" }, "geometry": { "type": "Point", "coordinates": [ -101.004389988171994, 25.443924408555201, 0.0 ] } },
{ "type": "Feature", "properties": { "PKs": "22+500" }, "geometry": { "type": "Point", "coordinates": [ -101.004743786339006, 25.4430809063646, 0.0 ] } },
{ "type": "Feature", "properties": { "PKs": "22+400" }, "geometry": { "type": "Point", "coordinates": [ -101.005097875857004, 25.442237635669901, 0.0 ] } },
{ "type": "Feature", "properties": { "PKs": "22+300" }, "geometry": { "type": "Point", "coordinates": [ -101.005453490044999, 25.441394841172301, 0.0 ] } },
{ "type": "Feature", "properties": { "PKs": "22+200" }, "geometry": { "type": "Point", "coordinates": [ -101.005809276907996, 25.4405521906973, 0.0 ] } },
{ "type": "Feature", "properties": { "PKs": "22+100" }, "geometry": { "type": "Point", "coordinates": [ -101.006180818144998, 25.4397183503654, 0.0 ] } },
{ "type": "Feature", "properties": { "PKs": "22+000" }, "geometry": { "type": "Point", "coordinates": [ -101.006570930118002, 25.438888357743402, 0.0 ] } },
{ "type": "Feature", "properties": { "PKs": "21+900" }, "geometry": { "type": "Point", "coordinates": [ -101.006961251861, 25.4380586161762, 0.0 ] } },
{ "type": "Feature", "properties": { "PKs": "21+800" }, "geometry": { "type": "Point", "coordinates": [ -101.007410565702997, 25.437271648633502, 0.0 ] } },
{ "type": "Feature", "properties": { "PKs": "21+700" }, "geometry": { "type": "Point", "coordinates": [ -101.008017082777997, 25.4365813453912, 0.0 ] } },
{ "type": "Feature", "properties": { "PKs": "21+600" }, "geometry": { "type": "Point", "coordinates": [ -101.008740171976996, 25.435970026267199, 0.0 ] } },
{ "type": "Feature", "properties": { "PKs": "21+500" }, "geometry": { "type": "Point", "coordinates": [ -101.009475559197995, 25.4353627440493, 0.0 ] } },
{ "type": "Feature", "properties": { "PKs": "21+400" }, "geometry": { "type": "Point", "coordinates": [ -101.010210521594999, 25.434754415139199, 0.0 ] } },
{ "type": "Feature", "properties": { "PKs": "21+300" }, "geometry": { "type": "Point", "coordinates": [ -101.010940990009999, 25.4341417648263, 0.0 ] } },
{ "type": "Feature", "properties": { "PKs": "21+200" }, "geometry": { "type": "Point", "coordinates": [ -101.011660745238999, 25.433509491728199, 0.0 ] } },
{ "type": "Feature", "properties": { "PKs": "21+100" }, "geometry": { "type": "Point", "coordinates": [ -101.012295227486007, 25.432804491560699, 0.0 ] } },
{ "type": "Feature", "properties": { "PKs": "21+000" }, "geometry": { "type": "Point", "coordinates": [ -101.012900417612002, 25.4320884716177, 0.0 ] } },
{ "type": "Feature", "properties": { "PKs": "20+900" }, "geometry": { "type": "Point", "coordinates": [ -101.013505600705997, 25.43137244955, 0.0 ] } },
{ "type": "Feature", "properties": { "PKs": "20+800" }, "geometry": { "type": "Point", "coordinates": [ -101.014110776766998, 25.430656425357601, 0.0 ] } },
{ "type": "Feature", "properties": { "PKs": "20+700" }, "geometry": { "type": "Point", "coordinates": [ -101.014715945798002, 25.429940399040799, 0.0 ] } },
{ "type": "Feature", "properties": { "PKs": "20+600" }, "geometry": { "type": "Point", "coordinates": [ -101.015321107797007, 25.429224370599901, 0.0 ] } },
{ "type": "Feature", "properties": { "PKs": "20+500" }, "geometry": { "type": "Point", "coordinates": [ -101.015923945335999, 25.428500351835702, 0.0 ] } },
{ "type": "Feature", "properties": { "PKs": "20+400" }, "geometry": { "type": "Point", "coordinates": [ -101.016294052936999, 25.4276264627443, 0.0 ] } },
{ "type": "Feature", "properties": { "PKs": "20+300" }, "geometry": { "type": "Point", "coordinates": [ -101.016258493932995, 25.4267076835281, 0.0 ] } },
{ "type": "Feature", "properties": { "PKs": "20+200" }, "geometry": { "type": "Point", "coordinates": [ -101.016173501717006, 25.425808390836099, 0.0 ] } },
{ "type": "Feature", "properties": { "PKs": "20+100" }, "geometry": { "type": "Point", "coordinates": [ -101.016088511253002, 25.4249090979147, 0.0 ] } },
{ "type": "Feature", "properties": { "PKs": "20+000" }, "geometry": { "type": "Point", "coordinates": [ -101.015999848115001, 25.424007883163299, 0.0 ] } },
{ "type": "Feature", "properties": { "PKs": "19+900" }, "geometry": { "type": "Point", "coordinates": [ -101.015843005262994, 25.423110427130599, 0.0 ] } },
{ "type": "Feature", "properties": { "PKs": "19+800" }, "geometry": { "type": "Point", "coordinates": [ -101.015670315, 25.422224699560399, 0.0 ] } },
{ "type": "Feature", "properties": { "PKs": "19+700" }, "geometry": { "type": "Point", "coordinates": [ -101.015585377747996, 25.421334044654699, 0.0 ] } },
{ "type": "Feature", "properties": { "PKs": "19+600" }, "geometry": { "type": "Point", "coordinates": [ -101.015530402953999, 25.420432826861799, 0.0 ] } },
{ "type": "Feature", "properties": { "PKs": "19+500" }, "geometry": { "type": "Point", "coordinates": [ -101.015475429473, 25.4195316088948, 0.0 ] } },
{ "type": "Feature", "properties": { "PKs": "19+400" }, "geometry": { "type": "Point", "coordinates": [ -101.015423474216007, 25.418633128482501, 0.0 ] } },
{ "type": "Feature", "properties": { "PKs": "19+300" }, "geometry": { "type": "Point", "coordinates": [ -101.015597647716007, 25.417794149590001, 0.0 ] } },
{ "type": "Feature", "properties": { "PKs": "19+200" }, "geometry": { "type": "Point", "coordinates": [ -101.016078280718006, 25.417014683150601, 0.0 ] } },
{ "type": "Feature", "properties": { "PKs": "19+100" }, "geometry": { "type": "Point", "coordinates": [ -101.016577461553993, 25.4162341928294, 0.0 ] } },
{ "type": "Feature", "properties": { "PKs": "19+000" }, "geometry": { "type": "Point", "coordinates": [ -101.017076640602994, 25.415453689367201, 0.0 ] } },
{ "type": "Feature", "properties": { "PKs": "18+900" }, "geometry": { "type": "Point", "coordinates": [ -101.017568780990004, 25.414667456379501, 0.0 ] } },
{ "type": "Feature", "properties": { "PKs": "18+800" }, "geometry": { "type": "Point", "coordinates": [ -101.018046731736007, 25.413875543497301, 0.0 ] } },
{ "type": "Feature", "properties": { "PKs": "18+700" }, "geometry": { "type": "Point", "coordinates": [ -101.01852379828, 25.413083763851599, 0.0 ] } },
{ "type": "Feature", "properties": { "PKs": "18+600" }, "geometry": { "type": "Point", "coordinates": [ -101.019007725286002, 25.412297332612098, 0.0 ] } },
{ "type": "Feature", "properties": { "PKs": "18+500" }, "geometry": { "type": "Point", "coordinates": [ -101.019504027531994, 25.4115157694517, 0.0 ] } },
{ "type": "Feature", "properties": { "PKs": "18+400" }, "geometry": { "type": "Point", "coordinates": [ -101.020000955192998, 25.410734107222002, 0.0 ] } },
{ "type": "Feature", "properties": { "PKs": "18+300" }, "geometry": { "type": "Point", "coordinates": [ -101.020497876692005, 25.409952443625301, 0.0 ] } },
{ "type": "Feature", "properties": { "PKs": "18+200" }, "geometry": { "type": "Point", "coordinates": [ -101.020994792026997, 25.4091707786617, 0.0 ] } },
{ "type": "Feature", "properties": { "PKs": "18+100" }, "geometry": { "type": "Point", "coordinates": [ -101.021507718706999, 25.408405721783598, 0.0 ] } },
{ "type": "Feature", "properties": { "PKs": "18+000" }, "geometry": { "type": "Point", "coordinates": [ -101.022108655536996, 25.407701792406002, 0.0 ] } },
{ "type": "Feature", "properties": { "PKs": "17+900" }, "geometry": { "type": "Point", "coordinates": [ -101.022801525177996, 25.407071399626901, 0.0 ] } },
{ "type": "Feature", "properties": { "PKs": "17+800" }, "geometry": { "type": "Point", "coordinates": [ -101.023575539046007, 25.406524357920699, 0.0 ] } },
{ "type": "Feature", "properties": { "PKs": "17+700" }, "geometry": { "type": "Point", "coordinates": [ -101.024407516758004, 25.406035880848499, 0.0 ] } },
{ "type": "Feature", "properties": { "PKs": "17+600" }, "geometry": { "type": "Point", "coordinates": [ -101.025245069308994, 25.405550088086901, 0.0 ] } },
{ "type": "Feature", "properties": { "PKs": "17+500" }, "geometry": { "type": "Point", "coordinates": [ -101.026063848850001, 25.405017828943201, 0.0 ] } },
{ "type": "Feature", "properties": { "PKs": "17+400" }, "geometry": { "type": "Point", "coordinates": [ -101.026761636301003, 25.4043554764629, 0.0 ] } },
{ "type": "Feature", "properties": { "PKs": "17+300" }, "geometry": { "type": "Point", "coordinates": [ -101.027391217412998, 25.4036566475638, 0.0 ] } },
{ "type": "Feature", "properties": { "PKs": "17+200" }, "geometry": { "type": "Point", "coordinates": [ -101.028020365855994, 25.402957981665899, 0.0 ] } },
{ "type": "Feature", "properties": { "PKs": "17+100" }, "geometry": { "type": "Point", "coordinates": [ -101.028643165445999, 25.402245289077101, 0.0 ] } },
{ "type": "Feature", "properties": { "PKs": "17+000" }, "geometry": { "type": "Point", "coordinates": [ -101.029083158253002, 25.401408837343698, 0.0 ] } },
{ "type": "Feature", "properties": { "PKs": "16+900" }, "geometry": { "type": "Point", "coordinates": [ -101.029243298159997, 25.400502005398799, 0.0 ] } },
{ "type": "Feature", "properties": { "PKs": "16+800" }, "geometry": { "type": "Point", "coordinates": [ -101.029336685619, 25.3996034043133, 0.0 ] } },
{ "type": "Feature", "properties": { "PKs": "16+700" }, "geometry": { "type": "Point", "coordinates": [ -101.029430072184994, 25.3987048031508, 0.0 ] } },
{ "type": "Feature", "properties": { "PKs": "16+600" }, "geometry": { "type": "Point", "coordinates": [ -101.029529210497998, 25.397811684399301, 0.0 ] } },
{ "type": "Feature", "properties": { "PKs": "16+500" }, "geometry": { "type": "Point", "coordinates": [ -101.029872951887, 25.3970185993306, 0.0 ] } },
{ "type": "Feature", "properties": { "PKs": "16+400" }, "geometry": { "type": "Point", "coordinates": [ -101.030489377411996, 25.3963194621751, 0.0 ] } },
{ "type": "Feature", "properties": { "PKs": "16+300" }, "geometry": { "type": "Point", "coordinates": [ -101.031115749855005, 25.395611561050501, 0.0 ] } },
{ "type": "Feature", "properties": { "PKs": "16+200" }, "geometry": { "type": "Point", "coordinates": [ -101.031548637525006, 25.394772479008601, 0.0 ] } },
{ "type": "Feature", "properties": { "PKs": "16+100" }, "geometry": { "type": "Point", "coordinates": [ -101.031844383559999, 25.393910650272598, 0.0 ] } },
{ "type": "Feature", "properties": { "PKs": "16+000" }, "geometry": { "type": "Point", "coordinates": [ -101.032141921274004, 25.393052527191301, 0.0 ] } },
{ "type": "Feature", "properties": { "PKs": "15+900" }, "geometry": { "type": "Point", "coordinates": [ -101.032610830707, 25.392302419080298, 0.0 ] } },
{ "type": "Feature", "properties": { "PKs": "15+800" }, "geometry": { "type": "Point", "coordinates": [ -101.033329865363001, 25.3916982868516, 0.0 ] } },
{ "type": "Feature", "properties": { "PKs": "15+700" }, "geometry": { "type": "Point", "coordinates": [ -101.034076964096997, 25.391103204090999, 0.0 ] } },
{ "type": "Feature", "properties": { "PKs": "15+600" }, "geometry": { "type": "Point", "coordinates": [ -101.034824055431997, 25.390508117939099, 0.0 ] } },
{ "type": "Feature", "properties": { "PKs": "15+500" }, "geometry": { "type": "Point", "coordinates": [ -101.035571139368002, 25.3899130283963, 0.0 ] } },
{ "type": "Feature", "properties": { "PKs": "15+400" }, "geometry": { "type": "Point", "coordinates": [ -101.036305216296, 25.389285968743302, 0.0 ] } },
{ "type": "Feature", "properties": { "PKs": "15+300" }, "geometry": { "type": "Point", "coordinates": [ -101.036762465514997, 25.388450949370998, 0.0 ] } },
{ "type": "Feature", "properties": { "PKs": "15+200" }, "geometry": { "type": "Point", "coordinates": [ -101.037020214324997, 25.387574762002998, 0.0 ] } },
{ "type": "Feature", "properties": { "PKs": "15+100" }, "geometry": { "type": "Point", "coordinates": [ -101.037071760548997, 25.386646205737701, 0.0 ] } },
{ "type": "Feature", "properties": { "PKs": "260+000" }, "geometry": { "type": "Point", "coordinates": [ -100.506521194490006, 26.858951207259, 0.0 ] } },
{ "type": "Feature", "properties": { "PKs": "259+900" }, "geometry": { "type": "Point", "coordinates": [ -100.506446546487993, 26.8580510658383, 0.0 ] } },
{ "type": "Feature", "properties": { "PKs": "259+800" }, "geometry": { "type": "Point", "coordinates": [ -100.506371900036001, 26.8571509242182, 0.0 ] } },
{ "type": "Feature", "properties": { "PKs": "259+700" }, "geometry": { "type": "Point", "coordinates": [ -100.506297255134001, 26.8562507823987, 0.0 ] } },
{ "type": "Feature", "properties": { "PKs": "259+600" }, "geometry": { "type": "Point", "coordinates": [ -100.506222611781993, 26.8553506403798, 0.0 ] } },
{ "type": "Feature", "properties": { "PKs": "259+500" }, "geometry": { "type": "Point", "coordinates": [ -100.506147969980006, 26.854450498161501, 0.0 ] } },
{ "type": "Feature", "properties": { "PKs": "259+400" }, "geometry": { "type": "Point", "coordinates": [ -100.506073329727002, 26.853550355743799, 0.0 ] } },
{ "type": "Feature", "properties": { "PKs": "259+300" }, "geometry": { "type": "Point", "coordinates": [ -100.505998691022995, 26.852650213126701, 0.0 ] } },
{ "type": "Feature", "properties": { "PKs": "259+200" }, "geometry": { "type": "Point", "coordinates": [ -100.505924053868995, 26.851750070310199, 0.0 ] } },
{ "type": "Feature", "properties": { "PKs": "259+100" }, "geometry": { "type": "Point", "coordinates": [ -100.505849418264006, 26.850849927294401, 0.0 ] } },
{ "type": "Feature", "properties": { "PKs": "259+000" }, "geometry": { "type": "Point", "coordinates": [ -100.505774784208, 26.8499497840792, 0.0 ] } },
{ "type": "Feature", "properties": { "PKs": "258+900" }, "geometry": { "type": "Point", "coordinates": [ -100.505700151702001, 26.849049640664699, 0.0 ] } },
{ "type": "Feature", "properties": { "PKs": "258+800" }, "geometry": { "type": "Point", "coordinates": [ -100.505625520744005, 26.848149497050802, 0.0 ] } },
{ "type": "Feature", "properties": { "PKs": "258+700" }, "geometry": { "type": "Point", "coordinates": [ -100.505550891336, 26.847249353237501, 0.0 ] } },
{ "type": "Feature", "properties": { "PKs": "258+600" }, "geometry": { "type": "Point", "coordinates": [ -100.505476263475998, 26.846349209225, 0.0 ] } },
{ "type": "Feature", "properties": { "PKs": "258+500" }, "geometry": { "type": "Point", "coordinates": [ -100.505401637164994, 26.845449065013099, 0.0 ] } },
{ "type": "Feature", "properties": { "PKs": "258+400" }, "geometry": { "type": "Point", "coordinates": [ -100.505327012403001, 26.844548920601799, 0.0 ] } },
{ "type": "Feature", "properties": { "PKs": "258+300" }, "geometry": { "type": "Point", "coordinates": [ -100.505252389188996, 26.843648775991301, 0.0 ] } },
{ "type": "Feature", "properties": { "PKs": "258+200" }, "geometry": { "type": "Point", "coordinates": [ -100.505177767524003, 26.8427486311815, 0.0 ] } },
{ "type": "Feature", "properties": { "PKs": "258+100" }, "geometry": { "type": "Point", "coordinates": [ -100.505103147406999, 26.841848486172399, 0.0 ] } },
{ "type": "Feature", "properties": { "PKs": "258+000" }, "geometry": { "type": "Point", "coordinates": [ -100.505028528839006, 26.840948340964001, 0.0 ] } },
{ "type": "Feature", "properties": { "PKs": "257+900" }, "geometry": { "type": "Point", "coordinates": [ -100.504953911818006, 26.8400481955563, 0.0 ] } },
{ "type": "Feature", "properties": { "PKs": "257+800" }, "geometry": { "type": "Point", "coordinates": [ -100.504879296346004, 26.839148049949301, 0.0 ] } },
{ "type": "Feature", "properties": { "PKs": "257+700" }, "geometry": { "type": "Point", "coordinates": [ -100.504804682422005, 26.838247904143099, 0.0 ] } },
{ "type": "Feature", "properties": { "PKs": "257+600" }, "geometry": { "type": "Point", "coordinates": [ -100.504730070045994, 26.8373477581376, 0.0 ] } },
{ "type": "Feature", "properties": { "PKs": "257+500" }, "geometry": { "type": "Point", "coordinates": [ -100.504655459218, 26.836447611932801, 0.0 ] } },
{ "type": "Feature", "properties": { "PKs": "257+400" }, "geometry": { "type": "Point", "coordinates": [ -100.504580849937994, 26.835547465528801, 0.0 ] } },
{ "type": "Feature", "properties": { "PKs": "257+300" }, "geometry": { "type": "Point", "coordinates": [ -100.504506242204997, 26.834647318925601, 0.0 ] } },
{ "type": "Feature", "properties": { "PKs": "257+200" }, "geometry": { "type": "Point", "coordinates": [ -100.504431636020001, 26.8337471721231, 0.0 ] } },
{ "type": "Feature", "properties": { "PKs": "257+100" }, "geometry": { "type": "Point", "coordinates": [ -100.504357031382, 26.832847025121499, 0.0 ] } },
{ "type": "Feature", "properties": { "PKs": "257+000" }, "geometry": { "type": "Point", "coordinates": [ -100.504282428292001, 26.831946877920601, 0.0 ] } },
{ "type": "Feature", "properties": { "PKs": "256+900" }, "geometry": { "type": "Point", "coordinates": [ -100.504207826750005, 26.831046730520502, 0.0 ] } },
{ "type": "Feature", "properties": { "PKs": "256+800" }, "geometry": { "type": "Point", "coordinates": [ -100.504133226754007, 26.830146582921198, 0.0 ] } },
{ "type": "Feature", "properties": { "PKs": "256+700" }, "geometry": { "type": "Point", "coordinates": [ -100.504058628305998, 26.829246435122698, 0.0 ] } },
{ "type": "Feature", "properties": { "PKs": "256+600" }, "geometry": { "type": "Point", "coordinates": [ -100.503984031404997, 26.828346287125001, 0.0 ] } },
{ "type": "Feature", "properties": { "PKs": "256+500" }, "geometry": { "type": "Point", "coordinates": [ -100.503909436049994, 26.827446138928099, 0.0 ] } },
{ "type": "Feature", "properties": { "PKs": "256+400" }, "geometry": { "type": "Point", "coordinates": [ -100.503834842242995, 26.8265459905321, 0.0 ] } },
{ "type": "Feature", "properties": { "PKs": "256+300" }, "geometry": { "type": "Point", "coordinates": [ -100.503760249981994, 26.8256458419369, 0.0 ] } },
{ "type": "Feature", "properties": { "PKs": "256+200" }, "geometry": { "type": "Point", "coordinates": [ -100.503685659268996, 26.8247456931425, 0.0 ] } },
{ "type": "Feature", "properties": { "PKs": "256+100" }, "geometry": { "type": "Point", "coordinates": [ -100.503611070101996, 26.823845544148998, 0.0 ] } },
{ "type": "Feature", "properties": { "PKs": "256+000" }, "geometry": { "type": "Point", "coordinates": [ -100.503536482480996, 26.822945394956399, 0.0 ] } },
{ "type": "Feature", "properties": { "PKs": "255+900" }, "geometry": { "type": "Point", "coordinates": [ -100.503461896407003, 26.822045245564599, 0.0 ] } },
{ "type": "Feature", "properties": { "PKs": "255+800" }, "geometry": { "type": "Point", "coordinates": [ -100.503387311878996, 26.821145095973701, 0.0 ] } },
{ "type": "Feature", "properties": { "PKs": "255+700" }, "geometry": { "type": "Point", "coordinates": [ -100.503312728897995, 26.8202449461836, 0.0 ] } },
{ "type": "Feature", "properties": { "PKs": "255+600" }, "geometry": { "type": "Point", "coordinates": [ -100.503238147462, 26.8193447961945, 0.0 ] } },
{ "type": "Feature", "properties": { "PKs": "255+500" }, "geometry": { "type": "Point", "coordinates": [ -100.503163567572997, 26.818444646006299, 0.0 ] } },
{ "type": "Feature", "properties": { "PKs": "255+400" }, "geometry": { "type": "Point", "coordinates": [ -100.503088989229994, 26.8175444956189, 0.0 ] } },
{ "type": "Feature", "properties": { "PKs": "255+300" }, "geometry": { "type": "Point", "coordinates": [ -100.503014412433004, 26.8166443450325, 0.0 ] } },
{ "type": "Feature", "properties": { "PKs": "255+200" }, "geometry": { "type": "Point", "coordinates": [ -100.502939837181998, 26.815744194246999, 0.0 ] } },
{ "type": "Feature", "properties": { "PKs": "255+100" }, "geometry": { "type": "Point", "coordinates": [ -100.502865263475996, 26.814844043262401, 0.0 ] } },
{ "type": "Feature", "properties": { "PKs": "255+000" }, "geometry": { "type": "Point", "coordinates": [ -100.502790691315994, 26.813943892078701, 0.0 ] } },
{ "type": "Feature", "properties": { "PKs": "254+900" }, "geometry": { "type": "Point", "coordinates": [ -100.502716120702004, 26.813043740695999, 0.0 ] } },
{ "type": "Feature", "properties": { "PKs": "254+800" }, "geometry": { "type": "Point", "coordinates": [ -100.502641551633005, 26.8121435891142, 0.0 ] } },
{ "type": "Feature", "properties": { "PKs": "254+700" }, "geometry": { "type": "Point", "coordinates": [ -100.502566984110004, 26.811243437333399, 0.0 ] } },
{ "type": "Feature", "properties": { "PKs": "254+600" }, "geometry": { "type": "Point", "coordinates": [ -100.502492418131993, 26.8103432853535, 0.0 ] } },
{ "type": "Feature", "properties": { "PKs": "254+500" }, "geometry": { "type": "Point", "coordinates": [ -100.502417853699001, 26.8094431331746, 0.0 ] } },
{ "type": "Feature", "properties": { "PKs": "254+400" }, "geometry": { "type": "Point", "coordinates": [ -100.502343290810998, 26.808542980796702, 0.0 ] } },
{ "type": "Feature", "properties": { "PKs": "254+300" }, "geometry": { "type": "Point", "coordinates": [ -100.502268729468, 26.807642828219699, 0.0 ] } },
{ "type": "Feature", "properties": { "PKs": "254+200" }, "geometry": { "type": "Point", "coordinates": [ -100.502194169671, 26.8067426754438, 0.0 ] } },
{ "type": "Feature", "properties": { "PKs": "254+100" }, "geometry": { "type": "Point", "coordinates": [ -100.502119611417996, 26.805842522468801, 0.0 ] } },
{ "type": "Feature", "properties": { "PKs": "254+000" }, "geometry": { "type": "Point", "coordinates": [ -100.502045054709995, 26.804942369294899, 0.0 ] } },
{ "type": "Feature", "properties": { "PKs": "253+900" }, "geometry": { "type": "Point", "coordinates": [ -100.501970499546005, 26.8040422159219, 0.0 ] } },
{ "type": "Feature", "properties": { "PKs": "253+800" }, "geometry": { "type": "Point", "coordinates": [ -100.501895945927998, 26.803142062349998, 0.0 ] } },
{ "type": "Feature", "properties": { "PKs": "253+700" }, "geometry": { "type": "Point", "coordinates": [ -100.501821393853007, 26.802241908579099, 0.0 ] } },
{ "type": "Feature", "properties": { "PKs": "253+600" }, "geometry": { "type": "Point", "coordinates": [ -100.501746843324, 26.8013417546093, 0.0 ] } },
{ "type": "Feature", "properties": { "PKs": "253+500" }, "geometry": { "type": "Point", "coordinates": [ -100.501672294337993, 26.8004416004405, 0.0 ] } },
{ "type": "Feature", "properties": { "PKs": "253+400" }, "geometry": { "type": "Point", "coordinates": [ -100.501597746897005, 26.799541446072698, 0.0 ] } },
{ "type": "Feature", "properties": { "PKs": "253+300" }, "geometry": { "type": "Point", "coordinates": [ -100.501523201, 26.798641291506001, 0.0 ] } },
{ "type": "Feature", "properties": { "PKs": "253+200" }, "geometry": { "type": "Point", "coordinates": [ -100.501448656647, 26.797741136740299, 0.0 ] } },
{ "type": "Feature", "properties": { "PKs": "253+100" }, "geometry": { "type": "Point", "coordinates": [ -100.501374113837997, 26.796840981775802, 0.0 ] } },
{ "type": "Feature", "properties": { "PKs": "253+000" }, "geometry": { "type": "Point", "coordinates": [ -100.501299572573004, 26.795940826612199, 0.0 ] } },
{ "type": "Feature", "properties": { "PKs": "252+900" }, "geometry": { "type": "Point", "coordinates": [ -100.501225032852005, 26.795040671249801, 0.0 ] } },
{ "type": "Feature", "properties": { "PKs": "252+800" }, "geometry": { "type": "Point", "coordinates": [ -100.501150494673993, 26.7941405156885, 0.0 ] } },
{ "type": "Feature", "properties": { "PKs": "252+700" }, "geometry": { "type": "Point", "coordinates": [ -100.501075958040005, 26.793240359928301, 0.0 ] } },
{ "type": "Feature", "properties": { "PKs": "252+600" }, "geometry": { "type": "Point", "coordinates": [ -100.501001422949997, 26.7923402039692, 0.0 ] } },
{ "type": "Feature", "properties": { "PKs": "252+500" }, "geometry": { "type": "Point", "coordinates": [ -100.500926889403004, 26.7914400478112, 0.0 ] } },
{ "type": "Feature", "properties": { "PKs": "252+400" }, "geometry": { "type": "Point", "coordinates": [ -100.500852357400007, 26.790539891454301, 0.0 ] } },
{ "type": "Feature", "properties": { "PKs": "252+300" }, "geometry": { "type": "Point", "coordinates": [ -100.500777826939995, 26.7896397348985, 0.0 ] } },
{ "type": "Feature", "properties": { "PKs": "252+200" }, "geometry": { "type": "Point", "coordinates": [ -100.500703298022998, 26.7887395781439, 0.0 ] } },
{ "type": "Feature", "properties": { "PKs": "252+100" }, "geometry": { "type": "Point", "coordinates": [ -100.500628770649001, 26.787839421190402, 0.0 ] } },
{ "type": "Feature", "properties": { "PKs": "252+000" }, "geometry": { "type": "Point", "coordinates": [ -100.500554244818005, 26.7869392640381, 0.0 ] } },
{ "type": "Feature", "properties": { "PKs": "251+900" }, "geometry": { "type": "Point", "coordinates": [ -100.500479720529995, 26.786039106686999, 0.0 ] } },
{ "type": "Feature", "properties": { "PKs": "251+800" }, "geometry": { "type": "Point", "coordinates": [ -100.500405197785, 26.785138949137, 0.0 ] } },
{ "type": "Feature", "properties": { "PKs": "251+700" }, "geometry": { "type": "Point", "coordinates": [ -100.500330676583005, 26.784238791388098, 0.0 ] } },
{ "type": "Feature", "properties": { "PKs": "251+600" }, "geometry": { "type": "Point", "coordinates": [ -100.500256156923001, 26.783338633440501, 0.0 ] } },
{ "type": "Feature", "properties": { "PKs": "251+500" }, "geometry": { "type": "Point", "coordinates": [ -100.500181638805998, 26.7824384752941, 0.0 ] } },
{ "type": "Feature", "properties": { "PKs": "251+400" }, "geometry": { "type": "Point", "coordinates": [ -100.500107122231, 26.781538316948801, 0.0 ] } },
{ "type": "Feature", "properties": { "PKs": "251+300" }, "geometry": { "type": "Point", "coordinates": [ -100.500032607199003, 26.780638158404699, 0.0 ] } },
{ "type": "Feature", "properties": { "PKs": "251+200" }, "geometry": { "type": "Point", "coordinates": [ -100.499958093708997, 26.779737999661901, 0.0 ] } },
{ "type": "Feature", "properties": { "PKs": "251+100" }, "geometry": { "type": "Point", "coordinates": [ -100.499883581762006, 26.7788378407202, 0.0 ] } },
{ "type": "Feature", "properties": { "PKs": "251+000" }, "geometry": { "type": "Point", "coordinates": [ -100.499809071355998, 26.7779376815798, 0.0 ] } },
{ "type": "Feature", "properties": { "PKs": "250+900" }, "geometry": { "type": "Point", "coordinates": [ -100.499734562493003, 26.7770375222407, 0.0 ] } },
{ "type": "Feature", "properties": { "PKs": "250+800" }, "geometry": { "type": "Point", "coordinates": [ -100.499660055171006, 26.776137362702698, 0.0 ] } },
{ "type": "Feature", "properties": { "PKs": "250+700" }, "geometry": { "type": "Point", "coordinates": [ -100.499585549391995, 26.775237202966, 0.0 ] } },
{ "type": "Feature", "properties": { "PKs": "250+600" }, "geometry": { "type": "Point", "coordinates": [ -100.499511045153994, 26.774337043030599, 0.0 ] } },
{ "type": "Feature", "properties": { "PKs": "250+500" }, "geometry": { "type": "Point", "coordinates": [ -100.499436542458, 26.773436882896402, 0.0 ] } },
{ "type": "Feature", "properties": { "PKs": "250+400" }, "geometry": { "type": "Point", "coordinates": [ -100.499362041303996, 26.772536722563501, 0.0 ] } },
{ "type": "Feature", "properties": { "PKs": "250+300" }, "geometry": { "type": "Point", "coordinates": [ -100.499287541691004, 26.771636562031901, 0.0 ] } },
{ "type": "Feature", "properties": { "PKs": "250+200" }, "geometry": { "type": "Point", "coordinates": [ -100.499213043618994, 26.770736401301502, 0.0 ] } },
{ "type": "Feature", "properties": { "PKs": "250+100" }, "geometry": { "type": "Point", "coordinates": [ -100.499138547089004, 26.769836240372499, 0.0 ] } },
{ "type": "Feature", "properties": { "PKs": "250+000" }, "geometry": { "type": "Point", "coordinates": [ -100.499064052099996, 26.7689360792447, 0.0 ] } },
{ "type": "Feature", "properties": { "PKs": "249+900" }, "geometry": { "type": "Point", "coordinates": [ -100.498989472188001, 26.7680357586664, 0.0 ] } },
{ "type": "Feature", "properties": { "PKs": "249+800" }, "geometry": { "type": "Point", "coordinates": [ -100.498905256051003, 26.767132247859799, 0.0 ] } },
{ "type": "Feature", "properties": { "PKs": "249+700" }, "geometry": { "type": "Point", "coordinates": [ -100.498786135046004, 26.7662280243438, 0.0 ] } },
{ "type": "Feature", "properties": { "PKs": "249+600" }, "geometry": { "type": "Point", "coordinates": [ -100.498623242684999, 26.7653291426838, 0.0 ] } },
{ "type": "Feature", "properties": { "PKs": "249+500" }, "geometry": { "type": "Point", "coordinates": [ -100.498416829630003, 26.764437494109199, 0.0 ] } },
{ "type": "Feature", "properties": { "PKs": "249+400" }, "geometry": { "type": "Point", "coordinates": [ -100.498170273534001, 26.763555887982999, 0.0 ] } },
{ "type": "Feature", "properties": { "PKs": "249+300" }, "geometry": { "type": "Point", "coordinates": [ -100.497905308534996, 26.762683797013501, 0.0 ] } },
{ "type": "Feature", "properties": { "PKs": "249+200" }, "geometry": { "type": "Point", "coordinates": [ -100.497640826120005, 26.761814149158901, 0.0 ] } },
{ "type": "Feature", "properties": { "PKs": "249+100" }, "geometry": { "type": "Point", "coordinates": [ -100.497396433613005, 26.760945008946301, 0.0 ] } },
{ "type": "Feature", "properties": { "PKs": "249+000" }, "geometry": { "type": "Point", "coordinates": [ -100.497192125462007, 26.760069569660399, 0.0 ] } },
{ "type": "Feature", "properties": { "PKs": "248+900" }, "geometry": { "type": "Point", "coordinates": [ -100.497030552783997, 26.759186963106799, 0.0 ] } },
{ "type": "Feature", "properties": { "PKs": "248+800" }, "geometry": { "type": "Point", "coordinates": [ -100.496912022188994, 26.758298869561798, 0.0 ] } },
{ "type": "Feature", "properties": { "PKs": "248+700" }, "geometry": { "type": "Point", "coordinates": [ -100.496835403364003, 26.7574059388682, 0.0 ] } },
{ "type": "Feature", "properties": { "PKs": "248+600" }, "geometry": { "type": "Point", "coordinates": [ -100.496783135003, 26.756506519525502, 0.0 ] } },
{ "type": "Feature", "properties": { "PKs": "248+500" }, "geometry": { "type": "Point", "coordinates": [ -100.496733826783995, 26.755604961779699, 0.0 ] } },
{ "type": "Feature", "properties": { "PKs": "248+400" }, "geometry": { "type": "Point", "coordinates": [ -100.496684519710996, 26.754703403873499, 0.0 ] } },
{ "type": "Feature", "properties": { "PKs": "248+300" }, "geometry": { "type": "Point", "coordinates": [ -100.496635213784003, 26.753801845806901, 0.0 ] } },
{ "type": "Feature", "properties": { "PKs": "248+200" }, "geometry": { "type": "Point", "coordinates": [ -100.496585909003997, 26.752900287580001, 0.0 ] } },
{ "type": "Feature", "properties": { "PKs": "248+100" }, "geometry": { "type": "Point", "coordinates": [ -100.496536605369997, 26.7519987291926, 0.0 ] } },
{ "type": "Feature", "properties": { "PKs": "248+000" }, "geometry": { "type": "Point", "coordinates": [ -100.496487302882002, 26.751097170644801, 0.0 ] } },
{ "type": "Feature", "properties": { "PKs": "247+900" }, "geometry": { "type": "Point", "coordinates": [ -100.49643800154, 26.750195611937901, 0.0 ] } },
{ "type": "Feature", "properties": { "PKs": "247+800" }, "geometry": { "type": "Point", "coordinates": [ -100.496393706679001, 26.749296567445501, 0.0 ] } },
{ "type": "Feature", "properties": { "PKs": "247+700" }, "geometry": { "type": "Point", "coordinates": [ -100.496378047497004, 26.7484015473554, 0.0 ] } },
{ "type": "Feature", "properties": { "PKs": "247+600" }, "geometry": { "type": "Point", "coordinates": [ -100.496405275925, 26.7475074346874, 0.0 ] } },
{ "type": "Feature", "properties": { "PKs": "247+500" }, "geometry": { "type": "Point", "coordinates": [ -100.496474299427007, 26.746613739589399, 0.0 ] } },
{ "type": "Feature", "properties": { "PKs": "247+400" }, "geometry": { "type": "Point", "coordinates": [ -100.496566556630995, 26.745716594365199, 0.0 ] } },
{ "type": "Feature", "properties": { "PKs": "247+300" }, "geometry": { "type": "Point", "coordinates": [ -100.496661046564, 26.7448174677975, 0.0 ] } },
{ "type": "Feature", "properties": { "PKs": "247+200" }, "geometry": { "type": "Point", "coordinates": [ -100.496742767254005, 26.743912843099601, 0.0 ] } },
{ "type": "Feature", "properties": { "PKs": "247+100" }, "geometry": { "type": "Point", "coordinates": [ -100.496786808083996, 26.7430030195423, 0.0 ] } },
{ "type": "Feature", "properties": { "PKs": "247+000" }, "geometry": { "type": "Point", "coordinates": [ -100.496786608186, 26.742092319208499, 0.0 ] } },
{ "type": "Feature", "properties": { "PKs": "246+900" }, "geometry": { "type": "Point", "coordinates": [ -100.496742876084994, 26.7411831723294, 0.0 ] } },
{ "type": "Feature", "properties": { "PKs": "246+800" }, "geometry": { "type": "Point", "coordinates": [ -100.496671055624006, 26.740280199929298, 0.0 ] } },
{ "type": "Feature", "properties": { "PKs": "246+700" }, "geometry": { "type": "Point", "coordinates": [ -100.496594776796996, 26.7393801560866, 0.0 ] } },
{ "type": "Feature", "properties": { "PKs": "246+600" }, "geometry": { "type": "Point", "coordinates": [ -100.496518499537999, 26.7384801120423, 0.0 ] } },
{ "type": "Feature", "properties": { "PKs": "246+500" }, "geometry": { "type": "Point", "coordinates": [ -100.496442223844994, 26.7375800677965, 0.0 ] } },
{ "type": "Feature", "properties": { "PKs": "246+400" }, "geometry": { "type": "Point", "coordinates": [ -100.496365949717998, 26.736680023349098, 0.0 ] } },
{ "type": "Feature", "properties": { "PKs": "246+300" }, "geometry": { "type": "Point", "coordinates": [ -100.496289677158003, 26.735779978700101, 0.0 ] } },
{ "type": "Feature", "properties": { "PKs": "246+200" }, "geometry": { "type": "Point", "coordinates": [ -100.496213406164998, 26.734879933849701, 0.0 ] } },
{ "type": "Feature", "properties": { "PKs": "246+100" }, "geometry": { "type": "Point", "coordinates": [ -100.496137136738, 26.733979888797599, 0.0 ] } },
{ "type": "Feature", "properties": { "PKs": "246+000" }, "geometry": { "type": "Point", "coordinates": [ -100.496060868876995, 26.7330798435441, 0.0 ] } },
{ "type": "Feature", "properties": { "PKs": "245+900" }, "geometry": { "type": "Point", "coordinates": [ -100.495984602581999, 26.732179798089, 0.0 ] } },
{ "type": "Feature", "properties": { "PKs": "245+800" }, "geometry": { "type": "Point", "coordinates": [ -100.495908337854004, 26.7312797524324, 0.0 ] } },
{ "type": "Feature", "properties": { "PKs": "245+700" }, "geometry": { "type": "Point", "coordinates": [ -100.495832074690995, 26.730379706574301, 0.0 ] } },
{ "type": "Feature", "properties": { "PKs": "245+600" }, "geometry": { "type": "Point", "coordinates": [ -100.495755813095002, 26.729479660514698, 0.0 ] } },
{ "type": "Feature", "properties": { "PKs": "245+500" }, "geometry": { "type": "Point", "coordinates": [ -100.495679553063994, 26.728579614253601, 0.0 ] } },
{ "type": "Feature", "properties": { "PKs": "245+400" }, "geometry": { "type": "Point", "coordinates": [ -100.495603294598993, 26.727679567791, 0.0 ] } },
{ "type": "Feature", "properties": { "PKs": "245+300" }, "geometry": { "type": "Point", "coordinates": [ -100.495527037699006, 26.726779521127, 0.0 ] } },
{ "type": "Feature", "properties": { "PKs": "245+200" }, "geometry": { "type": "Point", "coordinates": [ -100.495450782364998, 26.7258794742615, 0.0 ] } },
{ "type": "Feature", "properties": { "PKs": "245+100" }, "geometry": { "type": "Point", "coordinates": [ -100.495374528596997, 26.724979427194501, 0.0 ] } },
{ "type": "Feature", "properties": { "PKs": "245+000" }, "geometry": { "type": "Point", "coordinates": [ -100.495298276393996, 26.724079379926099, 0.0 ] } },
{ "type": "Feature", "properties": { "PKs": "244+900" }, "geometry": { "type": "Point", "coordinates": [ -100.495222025755993, 26.723179332456201, 0.0 ] } },
{ "type": "Feature", "properties": { "PKs": "244+800" }, "geometry": { "type": "Point", "coordinates": [ -100.495145776683998, 26.7222792847849, 0.0 ] } },
{ "type": "Feature", "properties": { "PKs": "244+700" }, "geometry": { "type": "Point", "coordinates": [ -100.495069529176007, 26.721379236912099, 0.0 ] } },
{ "type": "Feature", "properties": { "PKs": "244+600" }, "geometry": { "type": "Point", "coordinates": [ -100.494993283233995, 26.720479188837999, 0.0 ] } },
{ "type": "Feature", "properties": { "PKs": "244+500" }, "geometry": { "type": "Point", "coordinates": [ -100.494917038856002, 26.719579140562399, 0.0 ] } },
{ "type": "Feature", "properties": { "PKs": "244+400" }, "geometry": { "type": "Point", "coordinates": [ -100.494840796042993, 26.718679092085399, 0.0 ] } },
{ "type": "Feature", "properties": { "PKs": "244+300" }, "geometry": { "type": "Point", "coordinates": [ -100.494764554794997, 26.717779043406999, 0.0 ] } },
{ "type": "Feature", "properties": { "PKs": "244+200" }, "geometry": { "type": "Point", "coordinates": [ -100.494688315112001, 26.7168789945272, 0.0 ] } },
{ "type": "Feature", "properties": { "PKs": "244+100" }, "geometry": { "type": "Point", "coordinates": [ -100.494612076992993, 26.715978945446, 0.0 ] } },
{ "type": "Feature", "properties": { "PKs": "244+000" }, "geometry": { "type": "Point", "coordinates": [ -100.494535840438999, 26.715078896163401, 0.0 ] } },
{ "type": "Feature", "properties": { "PKs": "243+900" }, "geometry": { "type": "Point", "coordinates": [ -100.494459605448995, 26.714178846679498, 0.0 ] } },
{ "type": "Feature", "properties": { "PKs": "243+800" }, "geometry": { "type": "Point", "coordinates": [ -100.494383372022995, 26.713278796994199, 0.0 ] } },
{ "type": "Feature", "properties": { "PKs": "243+700" }, "geometry": { "type": "Point", "coordinates": [ -100.494307140160998, 26.7123787471076, 0.0 ] } },
{ "type": "Feature", "properties": { "PKs": "243+600" }, "geometry": { "type": "Point", "coordinates": [ -100.494230909864001, 26.711478697019601, 0.0 ] } },
{ "type": "Feature", "properties": { "PKs": "243+500" }, "geometry": { "type": "Point", "coordinates": [ -100.494154681130993, 26.710578646730301, 0.0 ] } },
{ "type": "Feature", "properties": { "PKs": "243+400" }, "geometry": { "type": "Point", "coordinates": [ -100.494078453960995, 26.709678596239598, 0.0 ] } },
{ "type": "Feature", "properties": { "PKs": "243+300" }, "geometry": { "type": "Point", "coordinates": [ -100.494002228355995, 26.708778545547599, 0.0 ] } },
{ "type": "Feature", "properties": { "PKs": "243+200" }, "geometry": { "type": "Point", "coordinates": [ -100.493926004314005, 26.707878494654299, 0.0 ] } },
{ "type": "Feature", "properties": { "PKs": "243+100" }, "geometry": { "type": "Point", "coordinates": [ -100.493849781836005, 26.706978443559699, 0.0 ] } },
{ "type": "Feature", "properties": { "PKs": "243+000" }, "geometry": { "type": "Point", "coordinates": [ -100.493773560920999, 26.706078392263802, 0.0 ] } },
{ "type": "Feature", "properties": { "PKs": "242+900" }, "geometry": { "type": "Point", "coordinates": [ -100.493697341569998, 26.705178340766501, 0.0 ] } },
{ "type": "Feature", "properties": { "PKs": "242+800" }, "geometry": { "type": "Point", "coordinates": [ -100.493621123782006, 26.704278289068, 0.0 ] } },
{ "type": "Feature", "properties": { "PKs": "242+700" }, "geometry": { "type": "Point", "coordinates": [ -100.493544907558004, 26.703378237168302, 0.0 ] } },
{ "type": "Feature", "properties": { "PKs": "242+600" }, "geometry": { "type": "Point", "coordinates": [ -100.493468692896997, 26.7024781850672, 0.0 ] } },
{ "type": "Feature", "properties": { "PKs": "242+500" }, "geometry": { "type": "Point", "coordinates": [ -100.493392479798004, 26.701578132764901, 0.0 ] } },
{ "type": "Feature", "properties": { "PKs": "242+400" }, "geometry": { "type": "Point", "coordinates": [ -100.493316268263001, 26.700678080261302, 0.0 ] } },
{ "type": "Feature", "properties": { "PKs": "242+300" }, "geometry": { "type": "Point", "coordinates": [ -100.493240058290993, 26.699778027556501, 0.0 ] } },
{ "type": "Feature", "properties": { "PKs": "242+200" }, "geometry": { "type": "Point", "coordinates": [ -100.493163849881995, 26.698877974650401, 0.0 ] } },
{ "type": "Feature", "properties": { "PKs": "242+100" }, "geometry": { "type": "Point", "coordinates": [ -100.493087643034997, 26.697977921543099, 0.0 ] } },
{ "type": "Feature", "properties": { "PKs": "242+000" }, "geometry": { "type": "Point", "coordinates": [ -100.493011437752003, 26.697077868234501, 0.0 ] } },
{ "type": "Feature", "properties": { "PKs": "241+900" }, "geometry": { "type": "Point", "coordinates": [ -100.49293523403, 26.696177814724798, 0.0 ] } },
{ "type": "Feature", "properties": { "PKs": "241+800" }, "geometry": { "type": "Point", "coordinates": [ -100.492859031872001, 26.695277761013799, 0.0 ] } },
{ "type": "Feature", "properties": { "PKs": "241+700" }, "geometry": { "type": "Point", "coordinates": [ -100.492782831274994, 26.694377707101602, 0.0 ] } },
{ "type": "Feature", "properties": { "PKs": "241+600" }, "geometry": { "type": "Point", "coordinates": [ -100.492706632240996, 26.6934776529883, 0.0 ] } },
{ "type": "Feature", "properties": { "PKs": "241+500" }, "geometry": { "type": "Point", "coordinates": [ -100.492630434768998, 26.692577598673701, 0.0 ] } },
{ "type": "Feature", "properties": { "PKs": "241+400" }, "geometry": { "type": "Point", "coordinates": [ -100.492554238859995, 26.691677544158001, 0.0 ] } },
{ "type": "Feature", "properties": { "PKs": "241+300" }, "geometry": { "type": "Point", "coordinates": [ -100.492478044511998, 26.690777489441, 0.0 ] } },
{ "type": "Feature", "properties": { "PKs": "241+200" }, "geometry": { "type": "Point", "coordinates": [ -100.492401851726001, 26.689877434523002, 0.0 ] } },
{ "type": "Feature", "properties": { "PKs": "241+100" }, "geometry": { "type": "Point", "coordinates": [ -100.492325660502004, 26.688977379403699, 0.0 ] } },
{ "type": "Feature", "properties": { "PKs": "241+000" }, "geometry": { "type": "Point", "coordinates": [ -100.492249470839994, 26.688077324083299, 0.0 ] } },
{ "type": "Feature", "properties": { "PKs": "240+900" }, "geometry": { "type": "Point", "coordinates": [ -100.492173282739998, 26.687177268561801, 0.0 ] } },
{ "type": "Feature", "properties": { "PKs": "240+800" }, "geometry": { "type": "Point", "coordinates": [ -100.492097096200993, 26.686277212839101, 0.0 ] } },
{ "type": "Feature", "properties": { "PKs": "240+700" }, "geometry": { "type": "Point", "coordinates": [ -100.492020911224003, 26.685377156915301, 0.0 ] } },
{ "type": "Feature", "properties": { "PKs": "240+600" }, "geometry": { "type": "Point", "coordinates": [ -100.491944727808004, 26.684477100790399, 0.0 ] } },
{ "type": "Feature", "properties": { "PKs": "240+500" }, "geometry": { "type": "Point", "coordinates": [ -100.491868545952997, 26.6835770444643, 0.0 ] } },
{ "type": "Feature", "properties": { "PKs": "240+400" }, "geometry": { "type": "Point", "coordinates": [ -100.491792365660004, 26.682676987937199, 0.0 ] } },
{ "type": "Feature", "properties": { "PKs": "240+300" }, "geometry": { "type": "Point", "coordinates": [ -100.491716186928002, 26.681776931208901, 0.0 ] } },
{ "type": "Feature", "properties": { "PKs": "240+200" }, "geometry": { "type": "Point", "coordinates": [ -100.491640009757006, 26.680876874279601, 0.0 ] } },
{ "type": "Feature", "properties": { "PKs": "240+100" }, "geometry": { "type": "Point", "coordinates": [ -100.491563834147001, 26.6799768171492, 0.0 ] } },
{ "type": "Feature", "properties": { "PKs": "240+000" }, "geometry": { "type": "Point", "coordinates": [ -100.491487660096993, 26.679076759817701, 0.0 ] } },
{ "type": "Feature", "properties": { "PKs": "239+900" }, "geometry": { "type": "Point", "coordinates": [ -100.491411487609, 26.6781767022851, 0.0 ] } },
{ "type": "Feature", "properties": { "PKs": "239+800" }, "geometry": { "type": "Point", "coordinates": [ -100.491335316681003, 26.677276644551501, 0.0 ] } },
{ "type": "Feature", "properties": { "PKs": "239+700" }, "geometry": { "type": "Point", "coordinates": [ -100.491259147313997, 26.676376586616801, 0.0 ] } },
{ "type": "Feature", "properties": { "PKs": "239+600" }, "geometry": { "type": "Point", "coordinates": [ -100.491182979507002, 26.675476528480999, 0.0 ] } },
{ "type": "Feature", "properties": { "PKs": "239+500" }, "geometry": { "type": "Point", "coordinates": [ -100.491106813260998, 26.674576470144299, 0.0 ] } },
{ "type": "Feature", "properties": { "PKs": "239+400" }, "geometry": { "type": "Point", "coordinates": [ -100.491030648575006, 26.6736764116065, 0.0 ] } },
{ "type": "Feature", "properties": { "PKs": "239+300" }, "geometry": { "type": "Point", "coordinates": [ -100.490954485450004, 26.6727763528677, 0.0 ] } },
{ "type": "Feature", "properties": { "PKs": "239+200" }, "geometry": { "type": "Point", "coordinates": [ -100.490878323884004, 26.671876293927799, 0.0 ] } },
{ "type": "Feature", "properties": { "PKs": "239+100" }, "geometry": { "type": "Point", "coordinates": [ -100.490802163878996, 26.670976234786998, 0.0 ] } },
{ "type": "Feature", "properties": { "PKs": "239+000" }, "geometry": { "type": "Point", "coordinates": [ -100.490726005433004, 26.6700761754451, 0.0 ] } },
{ "type": "Feature", "properties": { "PKs": "238+900" }, "geometry": { "type": "Point", "coordinates": [ -100.490649848548003, 26.6691761159023, 0.0 ] } },
{ "type": "Feature", "properties": { "PKs": "238+800" }, "geometry": { "type": "Point", "coordinates": [ -100.490573693222004, 26.668276056158401, 0.0 ] } },
{ "type": "Feature", "properties": { "PKs": "238+700" }, "geometry": { "type": "Point", "coordinates": [ -100.490497539456001, 26.6673759962136, 0.0 ] } },
{ "type": "Feature", "properties": { "PKs": "238+600" }, "geometry": { "type": "Point", "coordinates": [ -100.490421387249995, 26.666475936067801, 0.0 ] } },
{ "type": "Feature", "properties": { "PKs": "238+500" }, "geometry": { "type": "Point", "coordinates": [ -100.490345236603005, 26.6655758757211, 0.0 ] } },
{ "type": "Feature", "properties": { "PKs": "238+400" }, "geometry": { "type": "Point", "coordinates": [ -100.490269087515003, 26.6646758151734, 0.0 ] } },
{ "type": "Feature", "properties": { "PKs": "238+300" }, "geometry": { "type": "Point", "coordinates": [ -100.490192939986997, 26.663775754424702, 0.0 ] } },
{ "type": "Feature", "properties": { "PKs": "238+200" }, "geometry": { "type": "Point", "coordinates": [ -100.490116794019002, 26.6628756934752, 0.0 ] } },
{ "type": "Feature", "properties": { "PKs": "238+100" }, "geometry": { "type": "Point", "coordinates": [ -100.490040649609, 26.661975632324602, 0.0 ] } },
{ "type": "Feature", "properties": { "PKs": "238+000" }, "geometry": { "type": "Point", "coordinates": [ -100.489964506758, 26.6610755709732, 0.0 ] } },
{ "type": "Feature", "properties": { "PKs": "237+900" }, "geometry": { "type": "Point", "coordinates": [ -100.489888365466996, 26.6601755094208, 0.0 ] } },
{ "type": "Feature", "properties": { "PKs": "237+800" }, "geometry": { "type": "Point", "coordinates": [ -100.489812225733999, 26.6592754476675, 0.0 ] } },
{ "type": "Feature", "properties": { "PKs": "237+700" }, "geometry": { "type": "Point", "coordinates": [ -100.489736087560004, 26.658375385713398, 0.0 ] } },
{ "type": "Feature", "properties": { "PKs": "237+600" }, "geometry": { "type": "Point", "coordinates": [ -100.489659950944997, 26.657475323558302, 0.0 ] } },
{ "type": "Feature", "properties": { "PKs": "237+500" }, "geometry": { "type": "Point", "coordinates": [ -100.489583815889006, 26.656575261202299, 0.0 ] } },
{ "type": "Feature", "properties": { "PKs": "237+400" }, "geometry": { "type": "Point", "coordinates": [ -100.489507682390993, 26.655675198645501, 0.0 ] } },
{ "type": "Feature", "properties": { "PKs": "237+300" }, "geometry": { "type": "Point", "coordinates": [ -100.489431550451002, 26.6547751358878, 0.0 ] } },
{ "type": "Feature", "properties": { "PKs": "237+200" }, "geometry": { "type": "Point", "coordinates": [ -100.489355420069998, 26.6538750729292, 0.0 ] } },
{ "type": "Feature", "properties": { "PKs": "237+100" }, "geometry": { "type": "Point", "coordinates": [ -100.489279291247001, 26.652975009769701, 0.0 ] } },
{ "type": "Feature", "properties": { "PKs": "237+000" }, "geometry": { "type": "Point", "coordinates": [ -100.489203163983007, 26.6520749464094, 0.0 ] } },
{ "type": "Feature", "properties": { "PKs": "236+900" }, "geometry": { "type": "Point", "coordinates": [ -100.489127038275996, 26.651174882848299, 0.0 ] } },
{ "type": "Feature", "properties": { "PKs": "236+800" }, "geometry": { "type": "Point", "coordinates": [ -100.489050914128001, 26.650274819086299, 0.0 ] } },
{ "type": "Feature", "properties": { "PKs": "236+700" }, "geometry": { "type": "Point", "coordinates": [ -100.488974791537004, 26.6493747551235, 0.0 ] } },
{ "type": "Feature", "properties": { "PKs": "236+600" }, "geometry": { "type": "Point", "coordinates": [ -100.488898670504, 26.648474690959901, 0.0 ] } },
{ "type": "Feature", "properties": { "PKs": "236+500" }, "geometry": { "type": "Point", "coordinates": [ -100.488822551029003, 26.6475746265955, 0.0 ] } },
{ "type": "Feature", "properties": { "PKs": "236+400" }, "geometry": { "type": "Point", "coordinates": [ -100.488746433111999, 26.646674562030299, 0.0 ] } },
{ "type": "Feature", "properties": { "PKs": "236+300" }, "geometry": { "type": "Point", "coordinates": [ -100.488670316752007, 26.645774497264199, 0.0 ] } },
{ "type": "Feature", "properties": { "PKs": "236+200" }, "geometry": { "type": "Point", "coordinates": [ -100.488594201949994, 26.644874432297399, 0.0 ] } },
{ "type": "Feature", "properties": { "PKs": "236+100" }, "geometry": { "type": "Point", "coordinates": [ -100.488518088705007, 26.6439743671298, 0.0 ] } },
{ "type": "Feature", "properties": { "PKs": "236+000" }, "geometry": { "type": "Point", "coordinates": [ -100.488441977017004, 26.643074301761398, 0.0 ] } },
{ "type": "Feature", "properties": { "PKs": "235+900" }, "geometry": { "type": "Point", "coordinates": [ -100.488365866886994, 26.6421742361923, 0.0 ] } },
{ "type": "Feature", "properties": { "PKs": "235+800" }, "geometry": { "type": "Point", "coordinates": [ -100.488289758313996, 26.641274170422399, 0.0 ] } },
{ "type": "Feature", "properties": { "PKs": "235+700" }, "geometry": { "type": "Point", "coordinates": [ -100.488213651297002, 26.640374104451698, 0.0 ] } },
{ "type": "Feature", "properties": { "PKs": "235+600" }, "geometry": { "type": "Point", "coordinates": [ -100.488137545838001, 26.639474038280301, 0.0 ] } },
{ "type": "Feature", "properties": { "PKs": "235+500" }, "geometry": { "type": "Point", "coordinates": [ -100.488061441935002, 26.638573971908201, 0.0 ] } },
{ "type": "Feature", "properties": { "PKs": "235+400" }, "geometry": { "type": "Point", "coordinates": [ -100.487985339589997, 26.637673905335301, 0.0 ] } },
{ "type": "Feature", "properties": { "PKs": "235+300" }, "geometry": { "type": "Point", "coordinates": [ -100.4879092388, 26.636773838561702, 0.0 ] } },
{ "type": "Feature", "properties": { "PKs": "235+200" }, "geometry": { "type": "Point", "coordinates": [ -100.487833139567996, 26.635873771587399, 0.0 ] } },
{ "type": "Feature", "properties": { "PKs": "235+100" }, "geometry": { "type": "Point", "coordinates": [ -100.487757041891996, 26.634973704412399, 0.0 ] } },
{ "type": "Feature", "properties": { "PKs": "235+000" }, "geometry": { "type": "Point", "coordinates": [ -100.487680945771999, 26.6340736370366, 0.0 ] } },
{ "type": "Feature", "properties": { "PKs": "234+900" }, "geometry": { "type": "Point", "coordinates": [ -100.487604851208999, 26.633173569460201, 0.0 ] } },
{ "type": "Feature", "properties": { "PKs": "234+800" }, "geometry": { "type": "Point", "coordinates": [ -100.487528758202004, 26.632273501683098, 0.0 ] } },
{ "type": "Feature", "properties": { "PKs": "234+700" }, "geometry": { "type": "Point", "coordinates": [ -100.487452666750997, 26.631373433705399, 0.0 ] } },
{ "type": "Feature", "properties": { "PKs": "234+600" }, "geometry": { "type": "Point", "coordinates": [ -100.487376576855993, 26.6304733655269, 0.0 ] } },
{ "type": "Feature", "properties": { "PKs": "234+500" }, "geometry": { "type": "Point", "coordinates": [ -100.487300488516993, 26.6295732971478, 0.0 ] } },
{ "type": "Feature", "properties": { "PKs": "234+400" }, "geometry": { "type": "Point", "coordinates": [ -100.487224401733997, 26.6286732285681, 0.0 ] } },
{ "type": "Feature", "properties": { "PKs": "234+300" }, "geometry": { "type": "Point", "coordinates": [ -100.487148316505994, 26.627773159787701, 0.0 ] } },
{ "type": "Feature", "properties": { "PKs": "234+200" }, "geometry": { "type": "Point", "coordinates": [ -100.487072232835004, 26.626873090806601, 0.0 ] } },
{ "type": "Feature", "properties": { "PKs": "234+100" }, "geometry": { "type": "Point", "coordinates": [ -100.486996150718994, 26.625973021625001, 0.0 ] } },
{ "type": "Feature", "properties": { "PKs": "234+000" }, "geometry": { "type": "Point", "coordinates": [ -100.486920070158007, 26.6250729522427, 0.0 ] } },
{ "type": "Feature", "properties": { "PKs": "233+900" }, "geometry": { "type": "Point", "coordinates": [ -100.486843991152995, 26.624172882659799, 0.0 ] } },
{ "type": "Feature", "properties": { "PKs": "233+800" }, "geometry": { "type": "Point", "coordinates": [ -100.486767913703005, 26.623272812876198, 0.0 ] } },
{ "type": "Feature", "properties": { "PKs": "233+700" }, "geometry": { "type": "Point", "coordinates": [ -100.486691837807996, 26.6223727428921, 0.0 ] } },
{ "type": "Feature", "properties": { "PKs": "233+600" }, "geometry": { "type": "Point", "coordinates": [ -100.486615763469004, 26.621472672707402, 0.0 ] } },
{ "type": "Feature", "properties": { "PKs": "233+500" }, "geometry": { "type": "Point", "coordinates": [ -100.486539690685007, 26.620572602322099, 0.0 ] } },
{ "type": "Feature", "properties": { "PKs": "233+400" }, "geometry": { "type": "Point", "coordinates": [ -100.486463619454995, 26.6196725317362, 0.0 ] } },
{ "type": "Feature", "properties": { "PKs": "233+300" }, "geometry": { "type": "Point", "coordinates": [ -100.486387549781, 26.6187724609497, 0.0 ] } },
{ "type": "Feature", "properties": { "PKs": "233+200" }, "geometry": { "type": "Point", "coordinates": [ -100.486311481661005, 26.617872389962699, 0.0 ] } },
{ "type": "Feature", "properties": { "PKs": "233+100" }, "geometry": { "type": "Point", "coordinates": [ -100.486235415096004, 26.616972318775101, 0.0 ] } },
{ "type": "Feature", "properties": { "PKs": "233+000" }, "geometry": { "type": "Point", "coordinates": [ -100.486159350085003, 26.616072247386999, 0.0 ] } },
{ "type": "Feature", "properties": { "PKs": "232+900" }, "geometry": { "type": "Point", "coordinates": [ -100.486083286628997, 26.615172175798399, 0.0 ] } },
{ "type": "Feature", "properties": { "PKs": "232+800" }, "geometry": { "type": "Point", "coordinates": [ -100.486007224727999, 26.6142721040091, 0.0 ] } },
{ "type": "Feature", "properties": { "PKs": "232+700" }, "geometry": { "type": "Point", "coordinates": [ -100.485931164381, 26.613372032019399, 0.0 ] } },
{ "type": "Feature", "properties": { "PKs": "232+600" }, "geometry": { "type": "Point", "coordinates": [ -100.485855105588001, 26.6124719598292, 0.0 ] } },
{ "type": "Feature", "properties": { "PKs": "232+500" }, "geometry": { "type": "Point", "coordinates": [ -100.485779048349002, 26.611571887438402, 0.0 ] } },
{ "type": "Feature", "properties": { "PKs": "232+400" }, "geometry": { "type": "Point", "coordinates": [ -100.485702992664002, 26.610671814847201, 0.0 ] } },
{ "type": "Feature", "properties": { "PKs": "232+300" }, "geometry": { "type": "Point", "coordinates": [ -100.485626938533997, 26.609771742055401, 0.0 ] } },
{ "type": "Feature", "properties": { "PKs": "232+200" }, "geometry": { "type": "Point", "coordinates": [ -100.485550885956997, 26.608871669063198, 0.0 ] } },
{ "type": "Feature", "properties": { "PKs": "232+100" }, "geometry": { "type": "Point", "coordinates": [ -100.485474834933996, 26.607971595870399, 0.0 ] } },
{ "type": "Feature", "properties": { "PKs": "232+000" }, "geometry": { "type": "Point", "coordinates": [ -100.485398785464994, 26.607071522477199, 0.0 ] } },
{ "type": "Feature", "properties": { "PKs": "231+900" }, "geometry": { "type": "Point", "coordinates": [ -100.485322737548998, 26.6061714488836, 0.0 ] } },
{ "type": "Feature", "properties": { "PKs": "231+800" }, "geometry": { "type": "Point", "coordinates": [ -100.485246691187001, 26.605271375089401, 0.0 ] } },
{ "type": "Feature", "properties": { "PKs": "231+700" }, "geometry": { "type": "Point", "coordinates": [ -100.485170646377995, 26.604371301094901, 0.0 ] } },
{ "type": "Feature", "properties": { "PKs": "231+600" }, "geometry": { "type": "Point", "coordinates": [ -100.485094603123002, 26.603471226899799, 0.0 ] } },
{ "type": "Feature", "properties": { "PKs": "231+500" }, "geometry": { "type": "Point", "coordinates": [ -100.485018561421001, 26.6025711525044, 0.0 ] } },
{ "type": "Feature", "properties": { "PKs": "231+400" }, "geometry": { "type": "Point", "coordinates": [ -100.484942521272004, 26.601671077908499, 0.0 ] } },
{ "type": "Feature", "properties": { "PKs": "231+300" }, "geometry": { "type": "Point", "coordinates": [ -100.484866482675997, 26.6007710031122, 0.0 ] } },
{ "type": "Feature", "properties": { "PKs": "231+200" }, "geometry": { "type": "Point", "coordinates": [ -100.484790445634005, 26.5998709281155, 0.0 ] } },
{ "type": "Feature", "properties": { "PKs": "231+100" }, "geometry": { "type": "Point", "coordinates": [ -100.484714410143994, 26.598970852918399, 0.0 ] } },
{ "type": "Feature", "properties": { "PKs": "231+000" }, "geometry": { "type": "Point", "coordinates": [ -100.484638376207002, 26.5980707775208, 0.0 ] } },
{ "type": "Feature", "properties": { "PKs": "230+900" }, "geometry": { "type": "Point", "coordinates": [ -100.484562343822006, 26.597170701922899, 0.0 ] } },
{ "type": "Feature", "properties": { "PKs": "230+800" }, "geometry": { "type": "Point", "coordinates": [ -100.484486312990995, 26.5962706261246, 0.0 ] } },
{ "type": "Feature", "properties": { "PKs": "230+700" }, "geometry": { "type": "Point", "coordinates": [ -100.484410283711995, 26.595370550125999, 0.0 ] } },
{ "type": "Feature", "properties": { "PKs": "230+600" }, "geometry": { "type": "Point", "coordinates": [ -100.484334255985004, 26.594470473926901, 0.0 ] } },
{ "type": "Feature", "properties": { "PKs": "230+500" }, "geometry": { "type": "Point", "coordinates": [ -100.484258229811005, 26.5935703975275, 0.0 ] } },
{ "type": "Feature", "properties": { "PKs": "230+400" }, "geometry": { "type": "Point", "coordinates": [ -100.484182205189001, 26.592670320927802, 0.0 ] } },
{ "type": "Feature", "properties": { "PKs": "230+300" }, "geometry": { "type": "Point", "coordinates": [ -100.484106182119007, 26.591770244127702, 0.0 ] } },
{ "type": "Feature", "properties": { "PKs": "230+200" }, "geometry": { "type": "Point", "coordinates": [ -100.484030160602003, 26.5908701671272, 0.0 ] } },
{ "type": "Feature", "properties": { "PKs": "230+100" }, "geometry": { "type": "Point", "coordinates": [ -100.483954140636001, 26.589970089926499, 0.0 ] } },
{ "type": "Feature", "properties": { "PKs": "230+000" }, "geometry": { "type": "Point", "coordinates": [ -100.483878122221995, 26.589070012525401, 0.0 ] } },
{ "type": "Feature", "properties": { "PKs": "229+900" }, "geometry": { "type": "Point", "coordinates": [ -100.483802105359999, 26.588169934924, 0.0 ] } },
{ "type": "Feature", "properties": { "PKs": "229+800" }, "geometry": { "type": "Point", "coordinates": [ -100.483726090049998, 26.587269857122301, 0.0 ] } },
{ "type": "Feature", "properties": { "PKs": "229+700" }, "geometry": { "type": "Point", "coordinates": [ -100.483650076291994, 26.5863697791203, 0.0 ] } },
{ "type": "Feature", "properties": { "PKs": "229+600" }, "geometry": { "type": "Point", "coordinates": [ -100.483574064085005, 26.585469700918001, 0.0 ] } },
{ "type": "Feature", "properties": { "PKs": "229+500" }, "geometry": { "type": "Point", "coordinates": [ -100.483498053429997, 26.584569622515399, 0.0 ] } },
{ "type": "Feature", "properties": { "PKs": "229+400" }, "geometry": { "type": "Point", "coordinates": [ -100.483422044326005, 26.583669543912499, 0.0 ] } },
{ "type": "Feature", "properties": { "PKs": "229+300" }, "geometry": { "type": "Point", "coordinates": [ -100.483346036773, 26.582769465109401, 0.0 ] } },
{ "type": "Feature", "properties": { "PKs": "229+200" }, "geometry": { "type": "Point", "coordinates": [ -100.483270030772005, 26.581869386106, 0.0 ] } },
{ "type": "Feature", "properties": { "PKs": "229+100" }, "geometry": { "type": "Point", "coordinates": [ -100.483194026321002, 26.580969306902301, 0.0 ] } },
{ "type": "Feature", "properties": { "PKs": "229+000" }, "geometry": { "type": "Point", "coordinates": [ -100.483118023421994, 26.580069227498399, 0.0 ] } },
{ "type": "Feature", "properties": { "PKs": "228+900" }, "geometry": { "type": "Point", "coordinates": [ -100.483042022074002, 26.579169147894302, 0.0 ] } },
{ "type": "Feature", "properties": { "PKs": "228+800" }, "geometry": { "type": "Point", "coordinates": [ -100.482966022276003, 26.578269068089899, 0.0 ] } },
{ "type": "Feature", "properties": { "PKs": "228+700" }, "geometry": { "type": "Point", "coordinates": [ -100.482890024029999, 26.577368988085301, 0.0 ] } },
{ "type": "Feature", "properties": { "PKs": "228+600" }, "geometry": { "type": "Point", "coordinates": [ -100.482809900413997, 26.5764669195305, 0.0 ] } },
{ "type": "Feature", "properties": { "PKs": "228+500" }, "geometry": { "type": "Point", "coordinates": [ -100.482703885747, 26.575562353115, 0.0 ] } },
{ "type": "Feature", "properties": { "PKs": "228+400" }, "geometry": { "type": "Point", "coordinates": [ -100.482555357893006, 26.574661472780601, 0.0 ] } },
{ "type": "Feature", "properties": { "PKs": "228+300" }, "geometry": { "type": "Point", "coordinates": [ -100.482363272205006, 26.573767274873902, 0.0 ] } },
{ "type": "Feature", "properties": { "PKs": "228+200" }, "geometry": { "type": "Point", "coordinates": [ -100.482127995284998, 26.5728814613379, 0.0 ] } },
{ "type": "Feature", "properties": { "PKs": "228+100" }, "geometry": { "type": "Point", "coordinates": [ -100.481849975908005, 26.5720057181206, 0.0 ] } },
{ "type": "Feature", "properties": { "PKs": "228+000" }, "geometry": { "type": "Point", "coordinates": [ -100.481529744164007, 26.571141711966899, 0.0 ] } },
{ "type": "Feature", "properties": { "PKs": "227+900" }, "geometry": { "type": "Point", "coordinates": [ -100.481167910441002, 26.570291087248499, 0.0 ] } },
{ "type": "Feature", "properties": { "PKs": "227+800" }, "geometry": { "type": "Point", "coordinates": [ -100.480765585013998, 26.569455708851301, 0.0 ] } },
{ "type": "Feature", "properties": { "PKs": "227+700" }, "geometry": { "type": "Point", "coordinates": [ -100.480335399444002, 26.568636015929201, 0.0 ] } },
{ "type": "Feature", "properties": { "PKs": "227+600" }, "geometry": { "type": "Point", "coordinates": [ -100.479899100563003, 26.5678228814267, 0.0 ] } },
{ "type": "Feature", "properties": { "PKs": "227+500" }, "geometry": { "type": "Point", "coordinates": [ -100.479462818974, 26.567009921137199, 0.0 ] } },
{ "type": "Feature", "properties": { "PKs": "227+400" }, "geometry": { "type": "Point", "coordinates": [ -100.479026543773003, 26.566196959164099, 0.0 ] } },
{ "type": "Feature", "properties": { "PKs": "227+300" }, "geometry": { "type": "Point", "coordinates": [ -100.478590274959998, 26.565383995507499, 0.0 ] } },
{ "type": "Feature", "properties": { "PKs": "227+200" }, "geometry": { "type": "Point", "coordinates": [ -100.478154012534006, 26.564571030167599, 0.0 ] } },
{ "type": "Feature", "properties": { "PKs": "227+100" }, "geometry": { "type": "Point", "coordinates": [ -100.477717756496006, 26.563758063144501, 0.0 ] } },
{ "type": "Feature", "properties": { "PKs": "227+000" }, "geometry": { "type": "Point", "coordinates": [ -100.477281506843994, 26.562945094438401, 0.0 ] } },
{ "type": "Feature", "properties": { "PKs": "226+900" }, "geometry": { "type": "Point", "coordinates": [ -100.476845263578994, 26.562132124049501, 0.0 ] } },
{ "type": "Feature", "properties": { "PKs": "226+800" }, "geometry": { "type": "Point", "coordinates": [ -100.476409026699997, 26.561319151977798, 0.0 ] } },
{ "type": "Feature", "properties": { "PKs": "226+700" }, "geometry": { "type": "Point", "coordinates": [ -100.475972796207003, 26.560506178223498, 0.0 ] } },
{ "type": "Feature", "properties": { "PKs": "226+600" }, "geometry": { "type": "Point", "coordinates": [ -100.475536572099003, 26.559693202786701, 0.0 ] } },
{ "type": "Feature", "properties": { "PKs": "226+500" }, "geometry": { "type": "Point", "coordinates": [ -100.475100354375002, 26.5588802256677, 0.0 ] } },
{ "type": "Feature", "properties": { "PKs": "226+400" }, "geometry": { "type": "Point", "coordinates": [ -100.474664143037003, 26.5580672468665, 0.0 ] } },
{ "type": "Feature", "properties": { "PKs": "226+300" }, "geometry": { "type": "Point", "coordinates": [ -100.474227938083004, 26.5572542663832, 0.0 ] } },
{ "type": "Feature", "properties": { "PKs": "226+200" }, "geometry": { "type": "Point", "coordinates": [ -100.473791739511995, 26.556441284218099, 0.0 ] } },
{ "type": "Feature", "properties": { "PKs": "226+100" }, "geometry": { "type": "Point", "coordinates": [ -100.473355547324999, 26.5556283003712, 0.0 ] } },
{ "type": "Feature", "properties": { "PKs": "226+000" }, "geometry": { "type": "Point", "coordinates": [ -100.472919361522003, 26.554815314842799, 0.0 ] } },
{ "type": "Feature", "properties": { "PKs": "225+900" }, "geometry": { "type": "Point", "coordinates": [ -100.472483182101001, 26.554002327632901, 0.0 ] } },
{ "type": "Feature", "properties": { "PKs": "225+800" }, "geometry": { "type": "Point", "coordinates": [ -100.472047009061995, 26.553189338741699, 0.0 ] } },
{ "type": "Feature", "properties": { "PKs": "225+700" }, "geometry": { "type": "Point", "coordinates": [ -100.471610842405994, 26.5523763481693, 0.0 ] } },
{ "type": "Feature", "properties": { "PKs": "225+600" }, "geometry": { "type": "Point", "coordinates": [ -100.471174682130993, 26.551563355915899, 0.0 ] } },
{ "type": "Feature", "properties": { "PKs": "225+500" }, "geometry": { "type": "Point", "coordinates": [ -100.470738528238002, 26.550750361981599, 0.0 ] } },
{ "type": "Feature", "properties": { "PKs": "225+400" }, "geometry": { "type": "Point", "coordinates": [ -100.470302380725002, 26.549937366366599, 0.0 ] } },
{ "type": "Feature", "properties": { "PKs": "225+300" }, "geometry": { "type": "Point", "coordinates": [ -100.469866239593998, 26.549124369070999, 0.0 ] } },
{ "type": "Feature", "properties": { "PKs": "225+200" }, "geometry": { "type": "Point", "coordinates": [ -100.469430104842004, 26.5483113700949, 0.0 ] } },
{ "type": "Feature", "properties": { "PKs": "225+100" }, "geometry": { "type": "Point", "coordinates": [ -100.468993976470003, 26.5474983694386, 0.0 ] } },
{ "type": "Feature", "properties": { "PKs": "225+000" }, "geometry": { "type": "Point", "coordinates": [ -100.468557854477993, 26.5466853671021, 0.0 ] } },
{ "type": "Feature", "properties": { "PKs": "224+900" }, "geometry": { "type": "Point", "coordinates": [ -100.468121738864994, 26.5458723630855, 0.0 ] } },
{ "type": "Feature", "properties": { "PKs": "224+800" }, "geometry": { "type": "Point", "coordinates": [ -100.467685629631006, 26.5450593573891, 0.0 ] } },
{ "type": "Feature", "properties": { "PKs": "224+700" }, "geometry": { "type": "Point", "coordinates": [ -100.467249526776001, 26.544246350012902, 0.0 ] } },
{ "type": "Feature", "properties": { "PKs": "224+600" }, "geometry": { "type": "Point", "coordinates": [ -100.466813430298004, 26.543433340957201, 0.0 ] } },
{ "type": "Feature", "properties": { "PKs": "224+500" }, "geometry": { "type": "Point", "coordinates": [ -100.466377340197994, 26.542620330222, 0.0 ] } },
{ "type": "Feature", "properties": { "PKs": "224+400" }, "geometry": { "type": "Point", "coordinates": [ -100.465941256475006, 26.5418073178075, 0.0 ] } },
{ "type": "Feature", "properties": { "PKs": "224+300" }, "geometry": { "type": "Point", "coordinates": [ -100.465505179130005, 26.540994303713799, 0.0 ] } },
{ "type": "Feature", "properties": { "PKs": "224+200" }, "geometry": { "type": "Point", "coordinates": [ -100.465069108161003, 26.540181287941099, 0.0 ] } },
{ "type": "Feature", "properties": { "PKs": "224+100" }, "geometry": { "type": "Point", "coordinates": [ -100.464633043568, 26.539368270489501, 0.0 ] } },
{ "type": "Feature", "properties": { "PKs": "224+000" }, "geometry": { "type": "Point", "coordinates": [ -100.464196985350995, 26.538555251359199, 0.0 ] } },
{ "type": "Feature", "properties": { "PKs": "223+900" }, "geometry": { "type": "Point", "coordinates": [ -100.463760933510002, 26.5377422305503, 0.0 ] } },
{ "type": "Feature", "properties": { "PKs": "223+800" }, "geometry": { "type": "Point", "coordinates": [ -100.463324888043999, 26.536929208063, 0.0 ] } },
{ "type": "Feature", "properties": { "PKs": "223+700" }, "geometry": { "type": "Point", "coordinates": [ -100.462888848953, 26.536116183897299, 0.0 ] } },
{ "type": "Feature", "properties": { "PKs": "223+600" }, "geometry": { "type": "Point", "coordinates": [ -100.462452816235995, 26.535303158053502, 0.0 ] } },
{ "type": "Feature", "properties": { "PKs": "223+500" }, "geometry": { "type": "Point", "coordinates": [ -100.462016789892999, 26.534490130531701, 0.0 ] } },
{ "type": "Feature", "properties": { "PKs": "223+400" }, "geometry": { "type": "Point", "coordinates": [ -100.461580769923998, 26.533677101332, 0.0 ] } },
{ "type": "Feature", "properties": { "PKs": "223+300" }, "geometry": { "type": "Point", "coordinates": [ -100.461144756329006, 26.532864070454501, 0.0 ] } },
{ "type": "Feature", "properties": { "PKs": "223+200" }, "geometry": { "type": "Point", "coordinates": [ -100.460708749106004, 26.5320510378995, 0.0 ] } },
{ "type": "Feature", "properties": { "PKs": "223+100" }, "geometry": { "type": "Point", "coordinates": [ -100.460272748256003, 26.531238003666999, 0.0 ] } },
{ "type": "Feature", "properties": { "PKs": "223+000" }, "geometry": { "type": "Point", "coordinates": [ -100.459835389863997, 26.530424739348899, 0.0 ] } },
{ "type": "Feature", "properties": { "PKs": "222+900" }, "geometry": { "type": "Point", "coordinates": [ -100.459391899484004, 26.529613525675, 0.0 ] } },
{ "type": "Feature", "properties": { "PKs": "222+800" }, "geometry": { "type": "Point", "coordinates": [ -100.458945626944001, 26.528804942837098, 0.0 ] } },
{ "type": "Feature", "properties": { "PKs": "222+700" }, "geometry": { "type": "Point", "coordinates": [ -100.458499375372995, 26.527996425866402, 0.0 ] } },
{ "type": "Feature", "properties": { "PKs": "222+600" }, "geometry": { "type": "Point", "coordinates": [ -100.458053130275999, 26.527187907151799, 0.0 ] } },
{ "type": "Feature", "properties": { "PKs": "222+500" }, "geometry": { "type": "Point", "coordinates": [ -100.457606891653001, 26.526379386693399, 0.0 ] } },
{ "type": "Feature", "properties": { "PKs": "222+400" }, "geometry": { "type": "Point", "coordinates": [ -100.457160659503003, 26.525570864491499, 0.0 ] } },
{ "type": "Feature", "properties": { "PKs": "222+300" }, "geometry": { "type": "Point", "coordinates": [ -100.456714433825994, 26.524762340546101, 0.0 ] } },
{ "type": "Feature", "properties": { "PKs": "222+200" }, "geometry": { "type": "Point", "coordinates": [ -100.456268214622995, 26.523953814857499, 0.0 ] } },
{ "type": "Feature", "properties": { "PKs": "222+100" }, "geometry": { "type": "Point", "coordinates": [ -100.455822001890994, 26.523145287425699, 0.0 ] } },
{ "type": "Feature", "properties": { "PKs": "222+000" }, "geometry": { "type": "Point", "coordinates": [ -100.455373814846993, 26.522336620587598, 0.0 ] } },
{ "type": "Feature", "properties": { "PKs": "221+900" }, "geometry": { "type": "Point", "coordinates": [ -100.454919253222997, 26.5215303510148, 0.0 ] } },
{ "type": "Feature", "properties": { "PKs": "221+800" }, "geometry": { "type": "Point", "coordinates": [ -100.454458192489, 26.5207270746515, 0.0 ] } },
{ "type": "Feature", "properties": { "PKs": "221+700" }, "geometry": { "type": "Point", "coordinates": [ -100.453990720171007, 26.5199268914821, 0.0 ] } },
{ "type": "Feature", "properties": { "PKs": "221+600" }, "geometry": { "type": "Point", "coordinates": [ -100.453520881242, 26.519129241406699, 0.0 ] } },
{ "type": "Feature", "properties": { "PKs": "221+500" }, "geometry": { "type": "Point", "coordinates": [ -100.453051059076003, 26.518331618312001, 0.0 ] } },
{ "type": "Feature", "properties": { "PKs": "221+400" }, "geometry": { "type": "Point", "coordinates": [ -100.452581243607995, 26.517533993315801, 0.0 ] } },
{ "type": "Feature", "properties": { "PKs": "221+300" }, "geometry": { "type": "Point", "coordinates": [ -100.452111434835004, 26.516736366418002, 0.0 ] } },
{ "type": "Feature", "properties": { "PKs": "221+200" }, "geometry": { "type": "Point", "coordinates": [ -100.451641632760001, 26.515938737619098, 0.0 ] } },
{ "type": "Feature", "properties": { "PKs": "221+100" }, "geometry": { "type": "Point", "coordinates": [ -100.451171837378993, 26.515141106919, 0.0 ] } },
{ "type": "Feature", "properties": { "PKs": "221+000" }, "geometry": { "type": "Point", "coordinates": [ -100.450702048695007, 26.514343474317901, 0.0 ] } },
{ "type": "Feature", "properties": { "PKs": "220+900" }, "geometry": { "type": "Point", "coordinates": [ -100.450232266705001, 26.5135458398161, 0.0 ] } },
{ "type": "Feature", "properties": { "PKs": "220+800" }, "geometry": { "type": "Point", "coordinates": [ -100.449762491409999, 26.5127482034137, 0.0 ] } },
{ "type": "Feature", "properties": { "PKs": "220+700" }, "geometry": { "type": "Point", "coordinates": [ -100.44929272281, 26.511950565110698, 0.0 ] } },
{ "type": "Feature", "properties": { "PKs": "220+600" }, "geometry": { "type": "Point", "coordinates": [ -100.448822960903001, 26.511152924907499, 0.0 ] } },
{ "type": "Feature", "properties": { "PKs": "220+500" }, "geometry": { "type": "Point", "coordinates": [ -100.448353205689997, 26.510355282804198, 0.0 ] } },
{ "type": "Feature", "properties": { "PKs": "220+400" }, "geometry": { "type": "Point", "coordinates": [ -100.447883457169993, 26.5095576388008, 0.0 ] } },
{ "type": "Feature", "properties": { "PKs": "220+300" }, "geometry": { "type": "Point", "coordinates": [ -100.447413715343004, 26.508759992897701, 0.0 ] } },
{ "type": "Feature", "properties": { "PKs": "220+200" }, "geometry": { "type": "Point", "coordinates": [ -100.446945498377005, 26.5079627184844, 0.0 ] } },
{ "type": "Feature", "properties": { "PKs": "220+100" }, "geometry": { "type": "Point", "coordinates": [ -100.446488240267001, 26.5071622784128, 0.0 ] } },
{ "type": "Feature", "properties": { "PKs": "220+000" }, "geometry": { "type": "Point", "coordinates": [ -100.446043763535997, 26.506355791262699, 0.0 ] } },
{ "type": "Feature", "properties": { "PKs": "219+900" }, "geometry": { "type": "Point", "coordinates": [ -100.445604596747998, 26.505544384090499, 0.0 ] } },
{ "type": "Feature", "properties": { "PKs": "219+800" }, "geometry": { "type": "Point", "coordinates": [ -100.445164966479993, 26.5047325240775, 0.0 ] } },
{ "type": "Feature", "properties": { "PKs": "219+700" }, "geometry": { "type": "Point", "coordinates": [ -100.444716357651998, 26.503922159859101, 0.0 ] } },
{ "type": "Feature", "properties": { "PKs": "219+600" }, "geometry": { "type": "Point", "coordinates": [ -100.444254687905001, 26.5031176757183, 0.0 ] } },
{ "type": "Feature", "properties": { "PKs": "219+500" }, "geometry": { "type": "Point", "coordinates": [ -100.443784158702996, 26.5023194210826, 0.0 ] } },
{ "type": "Feature", "properties": { "PKs": "219+400" }, "geometry": { "type": "Point", "coordinates": [ -100.443313219911005, 26.501522358546499, 0.0 ] } },
{ "type": "Feature", "properties": { "PKs": "219+300" }, "geometry": { "type": "Point", "coordinates": [ -100.442842287819005, 26.500725294103599, 0.0 ] } },
{ "type": "Feature", "properties": { "PKs": "219+200" }, "geometry": { "type": "Point", "coordinates": [ -100.442371362426996, 26.499928227753902, 0.0 ] } },
{ "type": "Feature", "properties": { "PKs": "219+100" }, "geometry": { "type": "Point", "coordinates": [ -100.441902089169005, 26.499131307819699, 0.0 ] } },
{ "type": "Feature", "properties": { "PKs": "219+000" }, "geometry": { "type": "Point", "coordinates": [ -100.441439029633997, 26.498332051250198, 0.0 ] } },
{ "type": "Feature", "properties": { "PKs": "218+900" }, "geometry": { "type": "Point", "coordinates": [ -100.440982448642998, 26.497529784063001, 0.0 ] } },
{ "type": "Feature", "properties": { "PKs": "218+800" }, "geometry": { "type": "Point", "coordinates": [ -100.440531992211007, 26.496724352520999, 0.0 ] } },
{ "type": "Feature", "properties": { "PKs": "218+700" }, "geometry": { "type": "Point", "coordinates": [ -100.440082865758995, 26.4959170855218, 0.0 ] } },
{ "type": "Feature", "properties": { "PKs": "218+600" }, "geometry": { "type": "Point", "coordinates": [ -100.439629658870999, 26.495110271938, 0.0 ] } },
{ "type": "Feature", "properties": { "PKs": "218+500" }, "geometry": { "type": "Point", "coordinates": [ -100.439169940197004, 26.4943064136374, 0.0 ] } },
{ "type": "Feature", "properties": { "PKs": "218+400" }, "geometry": { "type": "Point", "coordinates": [ -100.438704232377006, 26.4935057890319, 0.0 ] } },
{ "type": "Feature", "properties": { "PKs": "218+300" }, "geometry": { "type": "Point", "coordinates": [ -100.438237356957003, 26.4927068077162, 0.0 ] } },
{ "type": "Feature", "properties": { "PKs": "218+200" }, "geometry": { "type": "Point", "coordinates": [ -100.437770488197003, 26.491907824522801, 0.0 ] } },
{ "type": "Feature", "properties": { "PKs": "218+100" }, "geometry": { "type": "Point", "coordinates": [ -100.437303626095996, 26.491108839451801, 0.0 ] } },
{ "type": "Feature", "properties": { "PKs": "218+000" }, "geometry": { "type": "Point", "coordinates": [ -100.436836770655006, 26.4903098525036, 0.0 ] } },
{ "type": "Feature", "properties": { "PKs": "217+900" }, "geometry": { "type": "Point", "coordinates": [ -100.436369921872, 26.489510863678099, 0.0 ] } },
{ "type": "Feature", "properties": { "PKs": "217+800" }, "geometry": { "type": "Point", "coordinates": [ -100.435903638957996, 26.488712087580101, 0.0 ] } },
{ "type": "Feature", "properties": { "PKs": "217+700" }, "geometry": { "type": "Point", "coordinates": [ -100.435442754326004, 26.487911830022401, 0.0 ] } },
{ "type": "Feature", "properties": { "PKs": "217+600" }, "geometry": { "type": "Point", "coordinates": [ -100.434988355653005, 26.487108575844498, 0.0 ] } },
{ "type": "Feature", "properties": { "PKs": "217+500" }, "geometry": { "type": "Point", "coordinates": [ -100.434538368399998, 26.486302249673599, 0.0 ] } },
{ "type": "Feature", "properties": { "PKs": "217+400" }, "geometry": { "type": "Point", "coordinates": [ -100.434088501206006, 26.4854954170107, 0.0 ] } },
{ "type": "Feature", "properties": { "PKs": "217+300" }, "geometry": { "type": "Point", "coordinates": [ -100.433638640506004, 26.484688582585701, 0.0 ] } },
{ "type": "Feature", "properties": { "PKs": "217+200" }, "geometry": { "type": "Point", "coordinates": [ -100.433188786298999, 26.483881746398801, 0.0 ] } },
{ "type": "Feature", "properties": { "PKs": "217+100" }, "geometry": { "type": "Point", "coordinates": [ -100.432738938585004, 26.483074908450298, 0.0 ] } },
{ "type": "Feature", "properties": { "PKs": "217+000" }, "geometry": { "type": "Point", "coordinates": [ -100.432289097365, 26.482268068740101, 0.0 ] } },
{ "type": "Feature", "properties": { "PKs": "216+900" }, "geometry": { "type": "Point", "coordinates": [ -100.431839262636004, 26.4814612272686, 0.0 ] } },
{ "type": "Feature", "properties": { "PKs": "216+800" }, "geometry": { "type": "Point", "coordinates": [ -100.431389434400003, 26.480654384035699, 0.0 ] } },
{ "type": "Feature", "properties": { "PKs": "216+700" }, "geometry": { "type": "Point", "coordinates": [ -100.430939612656005, 26.479847539041799, 0.0 ] } },
{ "type": "Feature", "properties": { "PKs": "216+600" }, "geometry": { "type": "Point", "coordinates": [ -100.430489797402998, 26.479040692286901, 0.0 ] } },
{ "type": "Feature", "properties": { "PKs": "216+500" }, "geometry": { "type": "Point", "coordinates": [ -100.430039988640999, 26.4782338437712, 0.0 ] } },
{ "type": "Feature", "properties": { "PKs": "216+400" }, "geometry": { "type": "Point", "coordinates": [ -100.429590186368998, 26.477426993494799, 0.0 ] } },
{ "type": "Feature", "properties": { "PKs": "216+300" }, "geometry": { "type": "Point", "coordinates": [ -100.429140390588003, 26.4766201414579, 0.0 ] } },
{ "type": "Feature", "properties": { "PKs": "216+200" }, "geometry": { "type": "Point", "coordinates": [ -100.428690601297006, 26.4758132876606, 0.0 ] } },
{ "type": "Feature", "properties": { "PKs": "216+100" }, "geometry": { "type": "Point", "coordinates": [ -100.428240818494999, 26.4750064321031, 0.0 ] } },
{ "type": "Feature", "properties": { "PKs": "216+000" }, "geometry": { "type": "Point", "coordinates": [ -100.427791042183003, 26.474199574785601, 0.0 ] } },
{ "type": "Feature", "properties": { "PKs": "215+900" }, "geometry": { "type": "Point", "coordinates": [ -100.427341272359001, 26.473392715708101, 0.0 ] } },
{ "type": "Feature", "properties": { "PKs": "215+800" }, "geometry": { "type": "Point", "coordinates": [ -100.426891509024003, 26.4725858548709, 0.0 ] } },
{ "type": "Feature", "properties": { "PKs": "215+700" }, "geometry": { "type": "Point", "coordinates": [ -100.426441752176999, 26.4717789922741, 0.0 ] } },
{ "type": "Feature", "properties": { "PKs": "215+600" }, "geometry": { "type": "Point", "coordinates": [ -100.425992001816994, 26.470972127917801, 0.0 ] } },
{ "type": "Feature", "properties": { "PKs": "215+500" }, "geometry": { "type": "Point", "coordinates": [ -100.425542257944997, 26.470165261802201, 0.0 ] } },
{ "type": "Feature", "properties": { "PKs": "215+400" }, "geometry": { "type": "Point", "coordinates": [ -100.42509252056, 26.4693583939275, 0.0 ] } },
{ "type": "Feature", "properties": { "PKs": "260" }, "geometry": { "type": "Point", "coordinates": [ -100.508460263885993, 26.858640809563699, 0.0 ] } },
{ "type": "Feature", "properties": { "PKs": "259" }, "geometry": { "type": "Point", "coordinates": [ -100.507695640525, 26.849640607815498, 0.0 ] } },
{ "type": "Feature", "properties": { "PKs": "258" }, "geometry": { "type": "Point", "coordinates": [ -100.505894384718005, 26.8408000683506, 0.0 ] } },
{ "type": "Feature", "properties": { "PKs": "257" }, "geometry": { "type": "Point", "coordinates": [ -100.505148217498999, 26.831798612513801, 0.0 ] } },
{ "type": "Feature", "properties": { "PKs": "256" }, "geometry": { "type": "Point", "coordinates": [ -100.504402205046006, 26.822797136752701, 0.0 ] } },
{ "type": "Feature", "properties": { "PKs": "255" }, "geometry": { "type": "Point", "coordinates": [ -100.503656347271004, 26.813795641074702, 0.0 ] } },
{ "type": "Feature", "properties": { "PKs": "254" }, "geometry": { "type": "Point", "coordinates": [ -100.502910519813, 26.8047926252328, 0.0 ] } },
{ "type": "Feature", "properties": { "PKs": "253" }, "geometry": { "type": "Point", "coordinates": [ -100.502165095397999, 26.795792589997099, 0.0 ] } },
{ "type": "Feature", "properties": { "PKs": "252" }, "geometry": { "type": "Point", "coordinates": [ -100.501419701123993, 26.7867910346123, 0.0 ] } },
{ "type": "Feature", "properties": { "PKs": "251" }, "geometry": { "type": "Point", "coordinates": [ -100.500674709562006, 26.777792459868301, 0.0 ] } },
{ "type": "Feature", "properties": { "PKs": "250" }, "geometry": { "type": "Point", "coordinates": [ -100.499929375460994, 26.7687878641871, 0.0 ] } },
{ "type": "Feature", "properties": { "PKs": "249" }, "geometry": { "type": "Point", "coordinates": [ -100.498033884915003, 26.759836566020098, 0.0 ] } },
{ "type": "Feature", "properties": { "PKs": "248" }, "geometry": { "type": "Point", "coordinates": [ -100.497356361805998, 26.750968490426601, 0.0 ] } },
{ "type": "Feature", "properties": { "PKs": "247" }, "geometry": { "type": "Point", "coordinates": [ -100.497659156092993, 26.7419847817422, 0.0 ] } },
{ "type": "Feature", "properties": { "PKs": "246" }, "geometry": { "type": "Point", "coordinates": [ -100.496925624420001, 26.732930236088801, 0.0 ] } },
{ "type": "Feature", "properties": { "PKs": "245" }, "geometry": { "type": "Point", "coordinates": [ -100.496162965709999, 26.723929779741699, 0.0 ] } },
{ "type": "Feature", "properties": { "PKs": "244" }, "geometry": { "type": "Point", "coordinates": [ -100.495400336488999, 26.714927803165299, 0.0 ] } },
{ "type": "Feature", "properties": { "PKs": "243" }, "geometry": { "type": "Point", "coordinates": [ -100.494638117877003, 26.705928806610501, 0.0 ] } },
{ "type": "Feature", "properties": { "PKs": "242" }, "geometry": { "type": "Point", "coordinates": [ -100.493875928573004, 26.696928289841502, 0.0 ] } },
{ "type": "Feature", "properties": { "PKs": "241" }, "geometry": { "type": "Point", "coordinates": [ -100.493114149543004, 26.6879307531294, 0.0 ] } },
{ "type": "Feature", "properties": { "PKs": "240" }, "geometry": { "type": "Point", "coordinates": [ -100.492352018743006, 26.678927195934602, 0.0 ] } },
{ "type": "Feature", "properties": { "PKs": "239" }, "geometry": { "type": "Point", "coordinates": [ -100.491590298036002, 26.669926618811701, 0.0 ] } },
{ "type": "Feature", "properties": { "PKs": "238" }, "geometry": { "type": "Point", "coordinates": [ -100.490828733349005, 26.660926021585901, 0.0 ] } },
{ "type": "Feature", "properties": { "PKs": "237" }, "geometry": { "type": "Point", "coordinates": [ -100.490067324592005, 26.651925404264802, 0.0 ] } },
{ "type": "Feature", "properties": { "PKs": "236" }, "geometry": { "type": "Point", "coordinates": [ -100.489306071675998, 26.642924766855899, 0.0 ] } },
{ "type": "Feature", "properties": { "PKs": "235" }, "geometry": { "type": "Point", "coordinates": [ -100.488544974511001, 26.633924109366699, 0.0 ] } },
{ "type": "Feature", "properties": { "PKs": "234" }, "geometry": { "type": "Point", "coordinates": [ -100.487783906196, 26.624921931690199, 0.0 ] } },
{ "type": "Feature", "properties": { "PKs": "233" }, "geometry": { "type": "Point", "coordinates": [ -100.487023247075001, 26.615922734177701, 0.0 ] } },
{ "type": "Feature", "properties": { "PKs": "232" }, "geometry": { "type": "Point", "coordinates": [ -100.486262616624998, 26.606922016492899, 0.0 ] } },
{ "type": "Feature", "properties": { "PKs": "231" }, "geometry": { "type": "Point", "coordinates": [ -100.485502395034999, 26.597924279007302, 0.0 ] } },
{ "type": "Feature", "properties": { "PKs": "230" }, "geometry": { "type": "Point", "coordinates": [ -100.484741821816996, 26.588920520980601, 0.0 ] } },
{ "type": "Feature", "properties": { "PKs": "229" }, "geometry": { "type": "Point", "coordinates": [ -100.483981657279998, 26.579919743167999, 0.0 ] } },
{ "type": "Feature", "properties": { "PKs": "228" }, "geometry": { "type": "Point", "coordinates": [ -100.482318564845002, 26.5707921251248, 0.0 ] } },
{ "type": "Feature", "properties": { "PKs": "227" }, "geometry": { "type": "Point", "coordinates": [ -100.478280679956995, 26.562611731608001, 0.0 ] } },
{ "type": "Feature", "properties": { "PKs": "226" }, "geometry": { "type": "Point", "coordinates": [ -100.473918479524002, 26.554481984659201, 0.0 ] } },
{ "type": "Feature", "properties": { "PKs": "225" }, "geometry": { "type": "Point", "coordinates": [ -100.469556917380999, 26.5463520695459, 0.0 ] } },
{ "type": "Feature", "properties": { "PKs": "224" }, "geometry": { "type": "Point", "coordinates": [ -100.465196719933999, 26.538223341438901, 0.0 ] } },
{ "type": "Feature", "properties": { "PKs": "223" }, "geometry": { "type": "Point", "coordinates": [ -100.460832862865999, 26.5300879394863, 0.0 ] } },
{ "type": "Feature", "properties": { "PKs": "222" }, "geometry": { "type": "Point", "coordinates": [ -100.456366531632995, 26.521988792150601, 0.0 ] } },
{ "type": "Feature", "properties": { "PKs": "221" }, "geometry": { "type": "Point", "coordinates": [ -100.451684582466996, 26.513973848972999, 0.0 ] } },
{ "type": "Feature", "properties": { "PKs": "220" }, "geometry": { "type": "Point", "coordinates": [ -100.447040780530997, 26.5060183831899, 0.0 ] } },
{ "type": "Feature", "properties": { "PKs": "219" }, "geometry": { "type": "Point", "coordinates": [ -100.442427167359995, 26.4979742718129, 0.0 ] } },
{ "type": "Feature", "properties": { "PKs": "218" }, "geometry": { "type": "Point", "coordinates": [ -100.437821969851996, 26.489945716743499, 0.0 ] } },
{ "type": "Feature", "properties": { "PKs": "217" }, "geometry": { "type": "Point", "coordinates": [ -100.433281752317001, 26.481920870396301, 0.0 ] } },
{ "type": "Feature", "properties": { "PKs": "216" }, "geometry": { "type": "Point", "coordinates": [ -100.428783644139003, 26.473852409608799, 0.0 ] } },
{ "type": "Feature", "properties": { "PKs": "215" }, "geometry": { "type": "Point", "coordinates": [ -100.425783856701997, 26.468470809775301, 0.0 ] } },
{ "type": "Feature", "properties": { "PKs": "159+454" }, "geometry": { "type": "Point", "coordinates": [ -100.287906798719007, 25.985702927718599, 0.0 ] } },
{ "type": "Feature", "properties": { "PKs": "215+333" }, "geometry": { "type": "Point", "coordinates": [ -100.425292332433003, 26.4685216390825, 0.0 ] } },
{ "type": "Feature", "properties": { "PKs": "214+279" }, "geometry": { "type": "Point", "coordinates": [ -100.420562509275001, 26.460019448854901, 0.0 ] } },
{ "type": "Feature", "properties": { "PKs": "214+154" }, "geometry": { "type": "Point", "coordinates": [ -100.420020219384, 26.459021428147601, 0.0 ] } },
{ "type": "Feature", "properties": { "PKs": "214+128" }, "geometry": { "type": "Point", "coordinates": [ -100.419913563365, 26.458813386620498, 0.0 ] } },
{ "type": "Feature", "properties": { "PKs": "214+102" }, "geometry": { "type": "Point", "coordinates": [ -100.419809241126998, 26.458604388637699, 0.0 ] } },
{ "type": "Feature", "properties": { "PKs": "213+977" }, "geometry": { "type": "Point", "coordinates": [ -100.419325688065001, 26.4575821926014, 0.0 ] } },
{ "type": "Feature", "properties": { "PKs": "207+965" }, "geometry": { "type": "Point", "coordinates": [ -100.396083880942001, 26.407513702234102, 0.0 ] } },
{ "type": "Feature", "properties": { "PKs": "207+835" }, "geometry": { "type": "Point", "coordinates": [ -100.395620237095997, 26.4064566642387, 0.0 ] } },
{ "type": "Feature", "properties": { "PKs": "207+728" }, "geometry": { "type": "Point", "coordinates": [ -100.395326303307002, 26.405591171988199, 0.0 ] } },
{ "type": "Feature", "properties": { "PKs": "207+621" }, "geometry": { "type": "Point", "coordinates": [ -100.395114110639994, 26.404706510922601, 0.0 ] } },
{ "type": "Feature", "properties": { "PKs": "207+491" }, "geometry": { "type": "Point", "coordinates": [ -100.394938733521997, 26.403580974012499, 0.0 ] } },
{ "type": "Feature", "properties": { "PKs": "186+757" }, "geometry": { "type": "Point", "coordinates": [ -100.368970674405006, 26.2178725147464, 0.0 ] } },
{ "type": "Feature", "properties": { "PKs": "186+667" }, "geometry": { "type": "Point", "coordinates": [ -100.368839918763996, 26.2170410718205, 0.0 ] } },
{ "type": "Feature", "properties": { "PKs": "186+533" }, "geometry": { "type": "Point", "coordinates": [ -100.368519376641004, 26.215779026879702, 0.0 ] } },
{ "type": "Feature", "properties": { "PKs": "186+398" }, "geometry": { "type": "Point", "coordinates": [ -100.368042892662999, 26.2145577029038, 0.0 ] } },
{ "type": "Feature", "properties": { "PKs": "186+308" }, "geometry": { "type": "Point", "coordinates": [ -100.367665530674003, 26.213789982539598, 0.0 ] } },
{ "type": "Feature", "properties": { "PKs": "184+571" }, "geometry": { "type": "Point", "coordinates": [ -100.360461607087998, 26.199518019069099, 0.0 ] } },
{ "type": "Feature", "properties": { "PKs": "184+476" }, "geometry": { "type": "Point", "coordinates": [ -100.360010464151003, 26.198697803780298, 0.0 ] } },
{ "type": "Feature", "properties": { "PKs": "184+360" }, "geometry": { "type": "Point", "coordinates": [ -100.359247475236998, 26.197728033505001, 0.0 ] } },
{ "type": "Feature", "properties": { "PKs": "184+244" }, "geometry": { "type": "Point", "coordinates": [ -100.358288391196993, 26.196912182907798, 0.0 ] } },
{ "type": "Feature", "properties": { "PKs": "184+149" }, "geometry": { "type": "Point", "coordinates": [ -100.357455900294994, 26.1963881787959, 0.0 ] } },
{ "type": "Feature", "properties": { "PKs": "184+096" }, "geometry": { "type": "Point", "coordinates": [ -100.357018346925997, 26.196125599729399, 0.0 ] } },
{ "type": "Feature", "properties": { "PKs": "184+001" }, "geometry": { "type": "Point", "coordinates": [ -100.356293812730996, 26.195661150088299, 0.0 ] } },
{ "type": "Feature", "properties": { "PKs": "183+912" }, "geometry": { "type": "Point", "coordinates": [ -100.355723493092995, 26.195182532548301, 0.0 ] } },
{ "type": "Feature", "properties": { "PKs": "183+822" }, "geometry": { "type": "Point", "coordinates": [ -100.355235698013004, 26.194634679336499, 0.0 ] } },
{ "type": "Feature", "properties": { "PKs": "183+727" }, "geometry": { "type": "Point", "coordinates": [ -100.354764137909001, 26.193954833389199, 0.0 ] } },
{ "type": "Feature", "properties": { "PKs": "182+655" }, "geometry": { "type": "Point", "coordinates": [ -100.349243532974995, 26.185654213270698, 0.0 ] } },
{ "type": "Feature", "properties": { "PKs": "182+525" }, "geometry": { "type": "Point", "coordinates": [ -100.348621141164998, 26.184670648688702, 0.0 ] } },
{ "type": "Feature", "properties": { "PKs": "182+500" }, "geometry": { "type": "Point", "coordinates": [ -100.348515335892003, 26.184481015678202, 0.0 ] } },
{ "type": "Feature", "properties": { "PKs": "182+474" }, "geometry": { "type": "Point", "coordinates": [ -100.348414175629003, 26.184289330389699, 0.0 ] } },
{ "type": "Feature", "properties": { "PKs": "182+344" }, "geometry": { "type": "Point", "coordinates": [ -100.347926744744001, 26.183245547323502, 0.0 ] } },
{ "type": "Feature", "properties": { "PKs": "180+968" }, "geometry": { "type": "Point", "coordinates": [ -100.342776131784007, 26.171723606796299, 0.0 ] } },
{ "type": "Feature", "properties": { "PKs": "180+863" }, "geometry": { "type": "Point", "coordinates": [ -100.342407728705993, 26.1708639554396, 0.0 ] } },
{ "type": "Feature", "properties": { "PKs": "180+852" }, "geometry": { "type": "Point", "coordinates": [ -100.342374009498002, 26.1707774858649, 0.0 ] } },
{ "type": "Feature", "properties": { "PKs": "180+842" }, "geometry": { "type": "Point", "coordinates": [ -100.342341001489999, 26.170690793146299, 0.0 ] } },
{ "type": "Feature", "properties": { "PKs": "180+737" }, "geometry": { "type": "Point", "coordinates": [ -100.342033735167007, 26.1698117671997, 0.0 ] } },
{ "type": "Feature", "properties": { "PKs": "179+717" }, "geometry": { "type": "Point", "coordinates": [ -100.339057748862004, 26.161009230253299, 0.0 ] } },
{ "type": "Feature", "properties": { "PKs": "179+602" }, "geometry": { "type": "Point", "coordinates": [ -100.338774908774994, 26.160065048128899, 0.0 ] } },
{ "type": "Feature", "properties": { "PKs": "179+542" }, "geometry": { "type": "Point", "coordinates": [ -100.338691142044993, 26.159593524742199, 0.0 ] } },
{ "type": "Feature", "properties": { "PKs": "179+483" }, "geometry": { "type": "Point", "coordinates": [ -100.338652582673006, 26.159117249615399, 0.0 ] } },
{ "type": "Feature", "properties": { "PKs": "179+368" }, "geometry": { "type": "Point", "coordinates": [ -100.338674309580995, 26.1581392182797, 0.0 ] } },
{ "type": "Feature", "properties": { "PKs": "179+197" }, "geometry": { "type": "Point", "coordinates": [ -100.338744924785004, 26.156602161218, 0.0 ] } },
{ "type": "Feature", "properties": { "PKs": "179+102" }, "geometry": { "type": "Point", "coordinates": [ -100.338752891455002, 26.155686143363901, 0.0 ] } },
{ "type": "Feature", "properties": { "PKs": "178+969" }, "geometry": { "type": "Point", "coordinates": [ -100.338505224738995, 26.154339812161499, 0.0 ] } },
{ "type": "Feature", "properties": { "PKs": "178+836" }, "geometry": { "type": "Point", "coordinates": [ -100.337926567677002, 26.1530789229808, 0.0 ] } },
{ "type": "Feature", "properties": { "PKs": "178+741" }, "geometry": { "type": "Point", "coordinates": [ -100.337391495654003, 26.152300342554799, 0.0 ] } },
{ "type": "Feature", "properties": { "PKs": "177+944" }, "geometry": { "type": "Point", "coordinates": [ -100.333039090680998, 26.146272083254299, 0.0 ] } },
{ "type": "Feature", "properties": { "PKs": "177+849" }, "geometry": { "type": "Point", "coordinates": [ -100.332560175045998, 26.145576483903501, 0.0 ] } },
{ "type": "Feature", "properties": { "PKs": "177+817" }, "geometry": { "type": "Point", "coordinates": [ -100.332421566449995, 26.145346151281601, 0.0 ] } },
{ "type": "Feature", "properties": { "PKs": "177+785" }, "geometry": { "type": "Point", "coordinates": [ -100.332292193284005, 26.145111483103801, 0.0 ] } },
{ "type": "Feature", "properties": { "PKs": "177+690" }, "geometry": { "type": "Point", "coordinates": [ -100.331928555355006, 26.1443610969006, 0.0 ] } },
{ "type": "Feature", "properties": { "PKs": "175+825" }, "geometry": { "type": "Point", "coordinates": [ -100.324681226120006, 26.128846570920899, 0.0 ] } },
{ "type": "Feature", "properties": { "PKs": "175+730" }, "geometry": { "type": "Point", "coordinates": [ -100.324362906667005, 26.1280997560436, 0.0 ] } },
{ "type": "Feature", "properties": { "PKs": "175+672" }, "geometry": { "type": "Point", "coordinates": [ -100.324235791996003, 26.127665885180299, 0.0 ] } },
{ "type": "Feature", "properties": { "PKs": "175+615" }, "geometry": { "type": "Point", "coordinates": [ -100.324155151580001, 26.1272230403771, 0.0 ] } },
{ "type": "Feature", "properties": { "PKs": "175+520" }, "geometry": { "type": "Point", "coordinates": [ -100.324094382550001, 26.126424594507199, 0.0 ] } },
{ "type": "Feature", "properties": { "PKs": "173+600" }, "geometry": { "type": "Point", "coordinates": [ -100.323146442627007, 26.109112771614701, 0.0 ] } },
{ "type": "Feature", "properties": { "PKs": "173+470" }, "geometry": { "type": "Point", "coordinates": [ -100.323051764735993, 26.107903241851599, 0.0 ] } },
{ "type": "Feature", "properties": { "PKs": "173+359" }, "geometry": { "type": "Point", "coordinates": [ -100.322869214362001, 26.106849664285701, 0.0 ] } },
{ "type": "Feature", "properties": { "PKs": "173+249" }, "geometry": { "type": "Point", "coordinates": [ -100.322579872429998, 26.105815765495301, 0.0 ] } },
{ "type": "Feature", "properties": { "PKs": "173+119" }, "geometry": { "type": "Point", "coordinates": [ -100.322148707346003, 26.104667343446302, 0.0 ] } },
{ "type": "Feature", "properties": { "PKs": "168+813" }, "geometry": { "type": "Point", "coordinates": [ -100.307699949701998, 26.068048322494899, 0.0 ] } },
{ "type": "Feature", "properties": { "PKs": "168+753" }, "geometry": { "type": "Point", "coordinates": [ -100.307494309103006, 26.067533086174102, 0.0 ] } },
{ "type": "Feature", "properties": { "PKs": "168+462" }, "geometry": { "type": "Point", "coordinates": [ -100.306358940549003, 26.065058014357898, 0.0 ] } },
{ "type": "Feature", "properties": { "PKs": "168+172" }, "geometry": { "type": "Point", "coordinates": [ -100.305006509456007, 26.0626735995756, 0.0 ] } },
{ "type": "Feature", "properties": { "PKs": "168+112" }, "geometry": { "type": "Point", "coordinates": [ -100.304706074730007, 26.0621978551195, 0.0 ] } },
{ "type": "Feature", "properties": { "PKs": "167+803" }, "geometry": { "type": "Point", "coordinates": [ -100.303173385926996, 26.0597810346949, 0.0 ] } },
{ "type": "Feature", "properties": { "PKs": "167+683" }, "geometry": { "type": "Point", "coordinates": [ -100.302624554369999, 26.058866988526699, 0.0 ] } },
{ "type": "Feature", "properties": { "PKs": "167+416" }, "geometry": { "type": "Point", "coordinates": [ -100.301855843422004, 26.056763324043001, 0.0 ] } },
{ "type": "Feature", "properties": { "PKs": "167+148" }, "geometry": { "type": "Point", "coordinates": [ -100.301730118267997, 26.054550948786801, 0.0 ] } },
{ "type": "Feature", "properties": { "PKs": "167+028" }, "geometry": { "type": "Point", "coordinates": [ -100.301866708560993, 26.053518397564499, 0.0 ] } },
{ "type": "Feature", "properties": { "PKs": "166+550" }, "geometry": { "type": "Point", "coordinates": [ -100.302509145982, 26.049241470761501, 0.0 ] } },
{ "type": "Feature", "properties": { "PKs": "166+435" }, "geometry": { "type": "Point", "coordinates": [ -100.302640441375999, 26.048164362966201, 0.0 ] } },
{ "type": "Feature", "properties": { "PKs": "166+363" }, "geometry": { "type": "Point", "coordinates": [ -100.302660014745996, 26.0474562559364, 0.0 ] } },
{ "type": "Feature", "properties": { "PKs": "166+291" }, "geometry": { "type": "Point", "coordinates": [ -100.302617451787, 26.046748972378801, 0.0 ] } },
{ "type": "Feature", "properties": { "PKs": "166+176" }, "geometry": { "type": "Point", "coordinates": [ -100.302459273376002, 26.045674735004599, 0.0 ] } },
{ "type": "Feature", "properties": { "PKs": "165+723" }, "geometry": { "type": "Point", "coordinates": [ -100.301783158621006, 26.041634996382601, 0.0 ] } },
{ "type": "Feature", "properties": { "PKs": "165+598" }, "geometry": { "type": "Point", "coordinates": [ -100.301626674713006, 26.040553477288501, 0.0 ] } },
{ "type": "Feature", "properties": { "PKs": "165+504" }, "geometry": { "type": "Point", "coordinates": [ -100.301580568817997, 26.039758209484301, 0.0 ] } },
{ "type": "Feature", "properties": { "PKs": "165+409" }, "geometry": { "type": "Point", "coordinates": [ -100.301603885209005, 26.038962130251601, 0.0 ] } },
{ "type": "Feature", "properties": { "PKs": "165+284" }, "geometry": { "type": "Point", "coordinates": [ -100.301721580595, 26.037876546625199, 0.0 ] } },
{ "type": "Feature", "properties": { "PKs": "165+095" }, "geometry": { "type": "Point", "coordinates": [ -100.301932131206996, 26.0361803689784, 0.0 ] } },
{ "type": "Feature", "properties": { "PKs": "164+970" }, "geometry": { "type": "Point", "coordinates": [ -100.302048692238998, 26.0350175644705, 0.0 ] } },
{ "type": "Feature", "properties": { "PKs": "164+805" }, "geometry": { "type": "Point", "coordinates": [ -100.302012793328004, 26.033421328801001, 0.0 ] } },
{ "type": "Feature", "properties": { "PKs": "164+639" }, "geometry": { "type": "Point", "coordinates": [ -100.301723894915995, 26.0318462414292, 0.0 ] } },
{ "type": "Feature", "properties": { "PKs": "164+514" }, "geometry": { "type": "Point", "coordinates": [ -100.301379991730997, 26.0307207137744, 0.0 ] } },
{ "type": "Feature", "properties": { "PKs": "159+351" }, "geometry": { "type": "Point", "coordinates": [ -100.287846123517994, 25.985823000723101, 0.0 ] } },
{ "type": "Feature", "properties": { "PKs": "215+300" }, "geometry": { "type": "Point", "coordinates": [ -100.424637431278995, 26.468554204919801, 0.0 ] } },
{ "type": "Feature", "properties": { "PKs": "215+200" }, "geometry": { "type": "Point", "coordinates": [ -100.424188367734004, 26.4677470354235, 0.0 ] } },
{ "type": "Feature", "properties": { "PKs": "215+100" }, "geometry": { "type": "Point", "coordinates": [ -100.423739310669006, 26.466939864173, 0.0 ] } },
{ "type": "Feature", "properties": { "PKs": "215+000" }, "geometry": { "type": "Point", "coordinates": [ -100.423290260082993, 26.466132691168301, 0.0 ] } },
{ "type": "Feature", "properties": { "PKs": "214+900" }, "geometry": { "type": "Point", "coordinates": [ -100.422841215976007, 26.4653255164095, 0.0 ] } },
{ "type": "Feature", "properties": { "PKs": "214+800" }, "geometry": { "type": "Point", "coordinates": [ -100.422392178346996, 26.464518339896902, 0.0 ] } },
{ "type": "Feature", "properties": { "PKs": "214+700" }, "geometry": { "type": "Point", "coordinates": [ -100.421943147196004, 26.463711161630499, 0.0 ] } },
{ "type": "Feature", "properties": { "PKs": "214+600" }, "geometry": { "type": "Point", "coordinates": [ -100.421494122523001, 26.462903981610602, 0.0 ] } },
{ "type": "Feature", "properties": { "PKs": "214+500" }, "geometry": { "type": "Point", "coordinates": [ -100.421045104327007, 26.462096799837202, 0.0 ] } },
{ "type": "Feature", "properties": { "PKs": "214+400" }, "geometry": { "type": "Point", "coordinates": [ -100.420596092606999, 26.461289616310498, 0.0 ] } },
{ "type": "Feature", "properties": { "PKs": "214+300" }, "geometry": { "type": "Point", "coordinates": [ -100.420147087364001, 26.460482431030801, 0.0 ] } },
{ "type": "Feature", "properties": { "PKs": "214+200" }, "geometry": { "type": "Point", "coordinates": [ -100.419701287372007, 26.459675782394701, 0.0 ] } },
{ "type": "Feature", "properties": { "PKs": "214+100" }, "geometry": { "type": "Point", "coordinates": [ -100.419279066119998, 26.458864057332502, 0.0 ] } },
{ "type": "Feature", "properties": { "PKs": "214+000" }, "geometry": { "type": "Point", "coordinates": [ -100.418885353692005, 26.458038233948699, 0.0 ] } },
{ "type": "Feature", "properties": { "PKs": "213+900" }, "geometry": { "type": "Point", "coordinates": [ -100.418498556005005, 26.457205523871199, 0.0 ] } },
{ "type": "Feature", "properties": { "PKs": "213+800" }, "geometry": { "type": "Point", "coordinates": [ -100.418111758229998, 26.4563726596135, 0.0 ] } },
{ "type": "Feature", "properties": { "PKs": "213+700" }, "geometry": { "type": "Point", "coordinates": [ -100.417724966270001, 26.455539793989601, 0.0 ] } },
{ "type": "Feature", "properties": { "PKs": "213+600" }, "geometry": { "type": "Point", "coordinates": [ -100.417338180124005, 26.454706926999901, 0.0 ] } },
{ "type": "Feature", "properties": { "PKs": "213+500" }, "geometry": { "type": "Point", "coordinates": [ -100.416951399793007, 26.4538740586442, 0.0 ] } },
{ "type": "Feature", "properties": { "PKs": "213+400" }, "geometry": { "type": "Point", "coordinates": [ -100.416564625274006, 26.453041188922899, 0.0 ] } },
{ "type": "Feature", "properties": { "PKs": "213+300" }, "geometry": { "type": "Point", "coordinates": [ -100.416177856569007, 26.452208317836, 0.0 ] } },
{ "type": "Feature", "properties": { "PKs": "213+200" }, "geometry": { "type": "Point", "coordinates": [ -100.415791093677001, 26.451375445383501, 0.0 ] } },
{ "type": "Feature", "properties": { "PKs": "213+100" }, "geometry": { "type": "Point", "coordinates": [ -100.415404336597007, 26.450542571565801, 0.0 ] } },
{ "type": "Feature", "properties": { "PKs": "213+000" }, "geometry": { "type": "Point", "coordinates": [ -100.415017585328997, 26.449709696382701, 0.0 ] } },
{ "type": "Feature", "properties": { "PKs": "212+900" }, "geometry": { "type": "Point", "coordinates": [ -100.414630839873993, 26.448876819834499, 0.0 ] } },
{ "type": "Feature", "properties": { "PKs": "212+800" }, "geometry": { "type": "Point", "coordinates": [ -100.414244100228998, 26.448043941921298, 0.0 ] } },
{ "type": "Feature", "properties": { "PKs": "212+700" }, "geometry": { "type": "Point", "coordinates": [ -100.413857366396002, 26.447211062643198, 0.0 ] } },
{ "type": "Feature", "properties": { "PKs": "212+600" }, "geometry": { "type": "Point", "coordinates": [ -100.413470638373994, 26.446378182000199, 0.0 ] } },
{ "type": "Feature", "properties": { "PKs": "212+500" }, "geometry": { "type": "Point", "coordinates": [ -100.413083916161995, 26.445545299992599, 0.0 ] } },
{ "type": "Feature", "properties": { "PKs": "212+400" }, "geometry": { "type": "Point", "coordinates": [ -100.412697199760004, 26.444712416620501, 0.0 ] } },
{ "type": "Feature", "properties": { "PKs": "212+300" }, "geometry": { "type": "Point", "coordinates": [ -100.412310489167993, 26.443879531883798, 0.0 ] } },
{ "type": "Feature", "properties": { "PKs": "212+200" }, "geometry": { "type": "Point", "coordinates": [ -100.411923784386005, 26.4430466457829, 0.0 ] } },
{ "type": "Feature", "properties": { "PKs": "212+100" }, "geometry": { "type": "Point", "coordinates": [ -100.411537085411993, 26.442213758317699, 0.0 ] } },
{ "type": "Feature", "properties": { "PKs": "212+000" }, "geometry": { "type": "Point", "coordinates": [ -100.411150392248004, 26.441380869488501, 0.0 ] } },
{ "type": "Feature", "properties": { "PKs": "211+900" }, "geometry": { "type": "Point", "coordinates": [ -100.410763704890996, 26.4405479792952, 0.0 ] } },
{ "type": "Feature", "properties": { "PKs": "211+800" }, "geometry": { "type": "Point", "coordinates": [ -100.410377023343003, 26.439715087738101, 0.0 ] } },
{ "type": "Feature", "properties": { "PKs": "211+700" }, "geometry": { "type": "Point", "coordinates": [ -100.409990347602999, 26.4388821948173, 0.0 ] } },
{ "type": "Feature", "properties": { "PKs": "211+600" }, "geometry": { "type": "Point", "coordinates": [ -100.409603677668997, 26.4380493005328, 0.0 ] } },
{ "type": "Feature", "properties": { "PKs": "211+500" }, "geometry": { "type": "Point", "coordinates": [ -100.409217013543, 26.437216404884701, 0.0 ] } },
{ "type": "Feature", "properties": { "PKs": "211+400" }, "geometry": { "type": "Point", "coordinates": [ -100.408830355223998, 26.436383507873298, 0.0 ] } },
{ "type": "Feature", "properties": { "PKs": "211+300" }, "geometry": { "type": "Point", "coordinates": [ -100.408443702710997, 26.435550609498598, 0.0 ] } },
{ "type": "Feature", "properties": { "PKs": "211+200" }, "geometry": { "type": "Point", "coordinates": [ -100.408057056003003, 26.434717709760701, 0.0 ] } },
{ "type": "Feature", "properties": { "PKs": "211+100" }, "geometry": { "type": "Point", "coordinates": [ -100.407670415102004, 26.433884808659801, 0.0 ] } },
{ "type": "Feature", "properties": { "PKs": "211+000" }, "geometry": { "type": "Point", "coordinates": [ -100.407283780005997, 26.4330519061959, 0.0 ] } },
{ "type": "Feature", "properties": { "PKs": "210+900" }, "geometry": { "type": "Point", "coordinates": [ -100.406897150714002, 26.432219002369202, 0.0 ] } },
{ "type": "Feature", "properties": { "PKs": "210+800" }, "geometry": { "type": "Point", "coordinates": [ -100.406510527226999, 26.431386097179701, 0.0 ] } },
{ "type": "Feature", "properties": { "PKs": "210+700" }, "geometry": { "type": "Point", "coordinates": [ -100.406123909545002, 26.430553190627698, 0.0 ] } },
{ "type": "Feature", "properties": { "PKs": "210+600" }, "geometry": { "type": "Point", "coordinates": [ -100.405737297665993, 26.429720282713198, 0.0 ] } },
{ "type": "Feature", "properties": { "PKs": "210+500" }, "geometry": { "type": "Point", "coordinates": [ -100.405350691590996, 26.4288873734363, 0.0 ] } },
{ "type": "Feature", "properties": { "PKs": "210+400" }, "geometry": { "type": "Point", "coordinates": [ -100.404964091319997, 26.428054462797199, 0.0 ] } },
{ "type": "Feature", "properties": { "PKs": "210+300" }, "geometry": { "type": "Point", "coordinates": [ -100.404577496851005, 26.427221550795998, 0.0 ] } },
{ "type": "Feature", "properties": { "PKs": "210+200" }, "geometry": { "type": "Point", "coordinates": [ -100.404190908184006, 26.426388637432702, 0.0 ] } },
{ "type": "Feature", "properties": { "PKs": "210+100" }, "geometry": { "type": "Point", "coordinates": [ -100.403804325319996, 26.4255557227075, 0.0 ] } },
{ "type": "Feature", "properties": { "PKs": "210+000" }, "geometry": { "type": "Point", "coordinates": [ -100.403417748257993, 26.424722806620601, 0.0 ] } },
{ "type": "Feature", "properties": { "PKs": "209+900" }, "geometry": { "type": "Point", "coordinates": [ -100.403031176997004, 26.423889889171999, 0.0 ] } },
{ "type": "Feature", "properties": { "PKs": "209+800" }, "geometry": { "type": "Point", "coordinates": [ -100.402644611537994, 26.423056970361799, 0.0 ] } },
{ "type": "Feature", "properties": { "PKs": "209+700" }, "geometry": { "type": "Point", "coordinates": [ -100.402258051879002, 26.422224050190199, 0.0 ] } },
{ "type": "Feature", "properties": { "PKs": "209+600" }, "geometry": { "type": "Point", "coordinates": [ -100.40187149802, 26.421391128657199, 0.0 ] } },
{ "type": "Feature", "properties": { "PKs": "209+500" }, "geometry": { "type": "Point", "coordinates": [ -100.401484949961997, 26.420558205763101, 0.0 ] } },
{ "type": "Feature", "properties": { "PKs": "209+400" }, "geometry": { "type": "Point", "coordinates": [ -100.401098407703998, 26.419725281507901, 0.0 ] } },
{ "type": "Feature", "properties": { "PKs": "209+300" }, "geometry": { "type": "Point", "coordinates": [ -100.400711871244994, 26.4188923558916, 0.0 ] } },
{ "type": "Feature", "properties": { "PKs": "209+200" }, "geometry": { "type": "Point", "coordinates": [ -100.400325340584999, 26.418059428914599, 0.0 ] } },
{ "type": "Feature", "properties": { "PKs": "209+100" }, "geometry": { "type": "Point", "coordinates": [ -100.399938815723999, 26.4172265005767, 0.0 ] } },
{ "type": "Feature", "properties": { "PKs": "209+000" }, "geometry": { "type": "Point", "coordinates": [ -100.399552296661, 26.416393570878299, 0.0 ] } },
{ "type": "Feature", "properties": { "PKs": "208+900" }, "geometry": { "type": "Point", "coordinates": [ -100.399165783396001, 26.415560639819301, 0.0 ] } },
{ "type": "Feature", "properties": { "PKs": "208+800" }, "geometry": { "type": "Point", "coordinates": [ -100.398779275929002, 26.414727707400001, 0.0 ] } },
{ "type": "Feature", "properties": { "PKs": "208+700" }, "geometry": { "type": "Point", "coordinates": [ -100.398392774260003, 26.413894773620299, 0.0 ] } },
{ "type": "Feature", "properties": { "PKs": "208+600" }, "geometry": { "type": "Point", "coordinates": [ -100.398006278387001, 26.413061838480498, 0.0 ] } },
{ "type": "Feature", "properties": { "PKs": "208+500" }, "geometry": { "type": "Point", "coordinates": [ -100.397619788311005, 26.412228901980701, 0.0 ] } },
{ "type": "Feature", "properties": { "PKs": "208+400" }, "geometry": { "type": "Point", "coordinates": [ -100.397233304032, 26.411395964120899, 0.0 ] } },
{ "type": "Feature", "properties": { "PKs": "208+300" }, "geometry": { "type": "Point", "coordinates": [ -100.396846825547996, 26.4105630249013, 0.0 ] } },
{ "type": "Feature", "properties": { "PKs": "208+200" }, "geometry": { "type": "Point", "coordinates": [ -100.396460352860004, 26.409730084322, 0.0 ] } },
{ "type": "Feature", "properties": { "PKs": "208+100" }, "geometry": { "type": "Point", "coordinates": [ -100.396073885967994, 26.408897142383001, 0.0 ] } },
{ "type": "Feature", "properties": { "PKs": "208+000" }, "geometry": { "type": "Point", "coordinates": [ -100.395687424870005, 26.408064199084698, 0.0 ] } },
{ "type": "Feature", "properties": { "PKs": "207+900" }, "geometry": { "type": "Point", "coordinates": [ -100.395304649885006, 26.407232454301599, 0.0 ] } },
{ "type": "Feature", "properties": { "PKs": "207+800" }, "geometry": { "type": "Point", "coordinates": [ -100.394962634612, 26.406396802101899, 0.0 ] } },
{ "type": "Feature", "properties": { "PKs": "207+700" }, "geometry": { "type": "Point", "coordinates": [ -100.394692728276993, 26.405542391747201, 0.0 ] } },
{ "type": "Feature", "properties": { "PKs": "207+600" }, "geometry": { "type": "Point", "coordinates": [ -100.394497962597001, 26.4046712986081, 0.0 ] } },
{ "type": "Feature", "properties": { "PKs": "207+500" }, "geometry": { "type": "Point", "coordinates": [ -100.394360882814993, 26.4037835008344, 0.0 ] } },
{ "type": "Feature", "properties": { "PKs": "207+400" }, "geometry": { "type": "Point", "coordinates": [ -100.394235412327006, 26.402887915771299, 0.0 ] } },
{ "type": "Feature", "properties": { "PKs": "207+300" }, "geometry": { "type": "Point", "coordinates": [ -100.394109944418005, 26.401992294771599, 0.0 ] } },
{ "type": "Feature", "properties": { "PKs": "207+200" }, "geometry": { "type": "Point", "coordinates": [ -100.393984478779004, 26.401096673476101, 0.0 ] } },
{ "type": "Feature", "properties": { "PKs": "207+100" }, "geometry": { "type": "Point", "coordinates": [ -100.393859015412005, 26.4002010518848, 0.0 ] } },
{ "type": "Feature", "properties": { "PKs": "207+000" }, "geometry": { "type": "Point", "coordinates": [ -100.393733554315006, 26.3993054299976, 0.0 ] } },
{ "type": "Feature", "properties": { "PKs": "206+900" }, "geometry": { "type": "Point", "coordinates": [ -100.393608095489, 26.398409807814701, 0.0 ] } },
{ "type": "Feature", "properties": { "PKs": "206+800" }, "geometry": { "type": "Point", "coordinates": [ -100.393482638934003, 26.397514185335901, 0.0 ] } },
{ "type": "Feature", "properties": { "PKs": "206+700" }, "geometry": { "type": "Point", "coordinates": [ -100.39335718465, 26.396618562561301, 0.0 ] } },
{ "type": "Feature", "properties": { "PKs": "206+600" }, "geometry": { "type": "Point", "coordinates": [ -100.393231732635002, 26.395722939491002, 0.0 ] } },
{ "type": "Feature", "properties": { "PKs": "206+500" }, "geometry": { "type": "Point", "coordinates": [ -100.393106282890997, 26.394827316124999, 0.0 ] } },
{ "type": "Feature", "properties": { "PKs": "206+400" }, "geometry": { "type": "Point", "coordinates": [ -100.392980835418001, 26.393931692463202, 0.0 ] } },
{ "type": "Feature", "properties": { "PKs": "206+300" }, "geometry": { "type": "Point", "coordinates": [ -100.392855390213995, 26.393036068505701, 0.0 ] } },
{ "type": "Feature", "properties": { "PKs": "206+200" }, "geometry": { "type": "Point", "coordinates": [ -100.392729947278994, 26.392140444252501, 0.0 ] } },
{ "type": "Feature", "properties": { "PKs": "206+100" }, "geometry": { "type": "Point", "coordinates": [ -100.392604506615001, 26.391244819703601, 0.0 ] } },
{ "type": "Feature", "properties": { "PKs": "206+000" }, "geometry": { "type": "Point", "coordinates": [ -100.392479068219998, 26.390349194858999, 0.0 ] } },
{ "type": "Feature", "properties": { "PKs": "205+900" }, "geometry": { "type": "Point", "coordinates": [ -100.392353632094, 26.3894535697188, 0.0 ] } },
{ "type": "Feature", "properties": { "PKs": "205+800" }, "geometry": { "type": "Point", "coordinates": [ -100.392228198238001, 26.388557944283001, 0.0 ] } },
{ "type": "Feature", "properties": { "PKs": "205+700" }, "geometry": { "type": "Point", "coordinates": [ -100.392102766651007, 26.387662318551499, 0.0 ] } },
{ "type": "Feature", "properties": { "PKs": "205+600" }, "geometry": { "type": "Point", "coordinates": [ -100.391977337333003, 26.3867666925244, 0.0 ] } },
{ "type": "Feature", "properties": { "PKs": "205+500" }, "geometry": { "type": "Point", "coordinates": [ -100.391851910282995, 26.385871066201702, 0.0 ] } },
{ "type": "Feature", "properties": { "PKs": "205+400" }, "geometry": { "type": "Point", "coordinates": [ -100.391726485503, 26.384975439583499, 0.0 ] } },
{ "type": "Feature", "properties": { "PKs": "205+300" }, "geometry": { "type": "Point", "coordinates": [ -100.391601062990006, 26.3840798126697, 0.0 ] } },
{ "type": "Feature", "properties": { "PKs": "205+200" }, "geometry": { "type": "Point", "coordinates": [ -100.391475642746997, 26.383184185460301, 0.0 ] } },
{ "type": "Feature", "properties": { "PKs": "205+100" }, "geometry": { "type": "Point", "coordinates": [ -100.391350224771003, 26.382288557955501, 0.0 ] } },
{ "type": "Feature", "properties": { "PKs": "205+000" }, "geometry": { "type": "Point", "coordinates": [ -100.391224809063999, 26.381392930155101, 0.0 ] } },
{ "type": "Feature", "properties": { "PKs": "204+900" }, "geometry": { "type": "Point", "coordinates": [ -100.391099395623996, 26.380497302059201, 0.0 ] } },
{ "type": "Feature", "properties": { "PKs": "204+800" }, "geometry": { "type": "Point", "coordinates": [ -100.390973984452998, 26.3796016736678, 0.0 ] } },
{ "type": "Feature", "properties": { "PKs": "204+700" }, "geometry": { "type": "Point", "coordinates": [ -100.390848575549001, 26.378706044981001, 0.0 ] } },
{ "type": "Feature", "properties": { "PKs": "204+600" }, "geometry": { "type": "Point", "coordinates": [ -100.390723168912999, 26.377810415998699, 0.0 ] } },
{ "type": "Feature", "properties": { "PKs": "204+500" }, "geometry": { "type": "Point", "coordinates": [ -100.390597764543998, 26.376914786720899, 0.0 ] } },
{ "type": "Feature", "properties": { "PKs": "204+400" }, "geometry": { "type": "Point", "coordinates": [ -100.390472362441997, 26.376019157147802, 0.0 ] } },
{ "type": "Feature", "properties": { "PKs": "204+300" }, "geometry": { "type": "Point", "coordinates": [ -100.390346962608007, 26.3751235272792, 0.0 ] } },
{ "type": "Feature", "properties": { "PKs": "204+200" }, "geometry": { "type": "Point", "coordinates": [ -100.390221565039994, 26.374227897115301, 0.0 ] } },
{ "type": "Feature", "properties": { "PKs": "204+100" }, "geometry": { "type": "Point", "coordinates": [ -100.390096169740005, 26.373332266656, 0.0 ] } },
{ "type": "Feature", "properties": { "PKs": "204+000" }, "geometry": { "type": "Point", "coordinates": [ -100.389970776705994, 26.372436635901298, 0.0 ] } },
{ "type": "Feature", "properties": { "PKs": "203+900" }, "geometry": { "type": "Point", "coordinates": [ -100.389845385938997, 26.371541004851299, 0.0 ] } },
{ "type": "Feature", "properties": { "PKs": "203+800" }, "geometry": { "type": "Point", "coordinates": [ -100.389719997437993, 26.370645373506001, 0.0 ] } },
{ "type": "Feature", "properties": { "PKs": "203+700" }, "geometry": { "type": "Point", "coordinates": [ -100.389594611202995, 26.369749741865299, 0.0 ] } },
{ "type": "Feature", "properties": { "PKs": "203+600" }, "geometry": { "type": "Point", "coordinates": [ -100.389469227234997, 26.368854109929401, 0.0 ] } },
{ "type": "Feature", "properties": { "PKs": "203+500" }, "geometry": { "type": "Point", "coordinates": [ -100.389343845533006, 26.367958477698199, 0.0 ] } },
{ "type": "Feature", "properties": { "PKs": "203+400" }, "geometry": { "type": "Point", "coordinates": [ -100.389218466095997, 26.367062845171699, 0.0 ] } },
{ "type": "Feature", "properties": { "PKs": "203+300" }, "geometry": { "type": "Point", "coordinates": [ -100.389093088924994, 26.3661672123499, 0.0 ] } },
{ "type": "Feature", "properties": { "PKs": "203+200" }, "geometry": { "type": "Point", "coordinates": [ -100.388967714019998, 26.365271579232999, 0.0 ] } },
{ "type": "Feature", "properties": { "PKs": "203+100" }, "geometry": { "type": "Point", "coordinates": [ -100.388842341380993, 26.3643759458208, 0.0 ] } },
{ "type": "Feature", "properties": { "PKs": "203+000" }, "geometry": { "type": "Point", "coordinates": [ -100.388716971006005, 26.363480312113399, 0.0 ] } },
{ "type": "Feature", "properties": { "PKs": "202+900" }, "geometry": { "type": "Point", "coordinates": [ -100.388591602896994, 26.3625846781108, 0.0 ] } },
{ "type": "Feature", "properties": { "PKs": "202+800" }, "geometry": { "type": "Point", "coordinates": [ -100.388466237052995, 26.361689043813101, 0.0 ] } },
{ "type": "Feature", "properties": { "PKs": "202+700" }, "geometry": { "type": "Point", "coordinates": [ -100.388340873473993, 26.3607934092202, 0.0 ] } },
{ "type": "Feature", "properties": { "PKs": "202+600" }, "geometry": { "type": "Point", "coordinates": [ -100.388215512158993, 26.3598977743322, 0.0 ] } },
{ "type": "Feature", "properties": { "PKs": "202+500" }, "geometry": { "type": "Point", "coordinates": [ -100.388090153109005, 26.359002139148998, 0.0 ] } },
{ "type": "Feature", "properties": { "PKs": "202+400" }, "geometry": { "type": "Point", "coordinates": [ -100.387964796323999, 26.358106503670701, 0.0 ] } },
{ "type": "Feature", "properties": { "PKs": "202+300" }, "geometry": { "type": "Point", "coordinates": [ -100.387839441802996, 26.3572108678974, 0.0 ] } },
{ "type": "Feature", "properties": { "PKs": "202+200" }, "geometry": { "type": "Point", "coordinates": [ -100.387714089545995, 26.356315231828901, 0.0 ] } },
{ "type": "Feature", "properties": { "PKs": "202+100" }, "geometry": { "type": "Point", "coordinates": [ -100.387588739552996, 26.355419595465499, 0.0 ] } },
{ "type": "Feature", "properties": { "PKs": "202+000" }, "geometry": { "type": "Point", "coordinates": [ -100.387463391823999, 26.354523958806901, 0.0 ] } },
{ "type": "Feature", "properties": { "PKs": "201+900" }, "geometry": { "type": "Point", "coordinates": [ -100.387338046359005, 26.3536283218533, 0.0 ] } },
{ "type": "Feature", "properties": { "PKs": "201+800" }, "geometry": { "type": "Point", "coordinates": [ -100.387212703157999, 26.352732684604799, 0.0 ] } },
{ "type": "Feature", "properties": { "PKs": "201+700" }, "geometry": { "type": "Point", "coordinates": [ -100.387087362220001, 26.351837047061199, 0.0 ] } },
{ "type": "Feature", "properties": { "PKs": "201+600" }, "geometry": { "type": "Point", "coordinates": [ -100.386962023544996, 26.3509414092226, 0.0 ] } },
{ "type": "Feature", "properties": { "PKs": "201+500" }, "geometry": { "type": "Point", "coordinates": [ -100.386836687133993, 26.3500457710891, 0.0 ] } },
{ "type": "Feature", "properties": { "PKs": "201+400" }, "geometry": { "type": "Point", "coordinates": [ -100.386711352985003, 26.349150132660601, 0.0 ] } },
{ "type": "Feature", "properties": { "PKs": "201+300" }, "geometry": { "type": "Point", "coordinates": [ -100.386586021100001, 26.348254493937201, 0.0 ] } },
{ "type": "Feature", "properties": { "PKs": "201+200" }, "geometry": { "type": "Point", "coordinates": [ -100.386460691476998, 26.347358854918799, 0.0 ] } },
{ "type": "Feature", "properties": { "PKs": "201+100" }, "geometry": { "type": "Point", "coordinates": [ -100.386335364117002, 26.346463215605599, 0.0 ] } },
{ "type": "Feature", "properties": { "PKs": "201+000" }, "geometry": { "type": "Point", "coordinates": [ -100.38621003902, 26.3455675759974, 0.0 ] } },
{ "type": "Feature", "properties": { "PKs": "200+900" }, "geometry": { "type": "Point", "coordinates": [ -100.386084716184996, 26.3446719360944, 0.0 ] } },
{ "type": "Feature", "properties": { "PKs": "200+800" }, "geometry": { "type": "Point", "coordinates": [ -100.385959395612005, 26.3437762958966, 0.0 ] } },
{ "type": "Feature", "properties": { "PKs": "200+700" }, "geometry": { "type": "Point", "coordinates": [ -100.385834077300999, 26.3428806554038, 0.0 ] } },
{ "type": "Feature", "properties": { "PKs": "200+600" }, "geometry": { "type": "Point", "coordinates": [ -100.385708761252005, 26.341985014616299, 0.0 ] } },
{ "type": "Feature", "properties": { "PKs": "200+500" }, "geometry": { "type": "Point", "coordinates": [ -100.385583447466004, 26.341089373534, 0.0 ] } },
{ "type": "Feature", "properties": { "PKs": "200+400" }, "geometry": { "type": "Point", "coordinates": [ -100.385458135939999, 26.340193732156798, 0.0 ] } },
{ "type": "Feature", "properties": { "PKs": "200+300" }, "geometry": { "type": "Point", "coordinates": [ -100.385332826676006, 26.339298090484899, 0.0 ] } },
{ "type": "Feature", "properties": { "PKs": "200+200" }, "geometry": { "type": "Point", "coordinates": [ -100.385207519673997, 26.338402448518199, 0.0 ] } },
{ "type": "Feature", "properties": { "PKs": "200+100" }, "geometry": { "type": "Point", "coordinates": [ -100.385082214933007, 26.337506806256801, 0.0 ] } },
{ "type": "Feature", "properties": { "PKs": "200+000" }, "geometry": { "type": "Point", "coordinates": [ -100.384956912453006, 26.336611163700599, 0.0 ] } },
{ "type": "Feature", "properties": { "PKs": "199+900" }, "geometry": { "type": "Point", "coordinates": [ -100.384831612233995, 26.3357155208497, 0.0 ] } },
{ "type": "Feature", "properties": { "PKs": "199+800" }, "geometry": { "type": "Point", "coordinates": [ -100.384706314276002, 26.334819877704099, 0.0 ] } },
{ "type": "Feature", "properties": { "PKs": "199+700" }, "geometry": { "type": "Point", "coordinates": [ -100.384581018578004, 26.333924234263801, 0.0 ] } },
{ "type": "Feature", "properties": { "PKs": "199+600" }, "geometry": { "type": "Point", "coordinates": [ -100.384455725140995, 26.333028590528901, 0.0 ] } },
{ "type": "Feature", "properties": { "PKs": "199+500" }, "geometry": { "type": "Point", "coordinates": [ -100.384330433965005, 26.3321329464992, 0.0 ] } },
{ "type": "Feature", "properties": { "PKs": "199+400" }, "geometry": { "type": "Point", "coordinates": [ -100.384205145048995, 26.331237302175001, 0.0 ] } },
{ "type": "Feature", "properties": { "PKs": "199+300" }, "geometry": { "type": "Point", "coordinates": [ -100.384079858391999, 26.330341657556101, 0.0 ] } },
{ "type": "Feature", "properties": { "PKs": "199+200" }, "geometry": { "type": "Point", "coordinates": [ -100.383954573995993, 26.329446012642599, 0.0 ] } },
{ "type": "Feature", "properties": { "PKs": "199+100" }, "geometry": { "type": "Point", "coordinates": [ -100.383829291859996, 26.328550367434602, 0.0 ] } },
{ "type": "Feature", "properties": { "PKs": "199+000" }, "geometry": { "type": "Point", "coordinates": [ -100.383704011982999, 26.3276547219319, 0.0 ] } },
{ "type": "Feature", "properties": { "PKs": "198+900" }, "geometry": { "type": "Point", "coordinates": [ -100.383578734367006, 26.326759076134699, 0.0 ] } },
{ "type": "Feature", "properties": { "PKs": "198+800" }, "geometry": { "type": "Point", "coordinates": [ -100.383453459009004, 26.325863430042901, 0.0 ] } },
{ "type": "Feature", "properties": { "PKs": "198+700" }, "geometry": { "type": "Point", "coordinates": [ -100.383328185910997, 26.3249677836566, 0.0 ] } },
{ "type": "Feature", "properties": { "PKs": "198+600" }, "geometry": { "type": "Point", "coordinates": [ -100.383202915072005, 26.324072136975801, 0.0 ] } },
{ "type": "Feature", "properties": { "PKs": "198+500" }, "geometry": { "type": "Point", "coordinates": [ -100.383077646491998, 26.323176490000499, 0.0 ] } },
{ "type": "Feature", "properties": { "PKs": "198+400" }, "geometry": { "type": "Point", "coordinates": [ -100.382952380169996, 26.322280842730699, 0.0 ] } },
{ "type": "Feature", "properties": { "PKs": "198+300" }, "geometry": { "type": "Point", "coordinates": [ -100.382827116108004, 26.321385195166499, 0.0 ] } },
{ "type": "Feature", "properties": { "PKs": "198+200" }, "geometry": { "type": "Point", "coordinates": [ -100.382701854304003, 26.320489547307801, 0.0 ] } },
{ "type": "Feature", "properties": { "PKs": "198+100" }, "geometry": { "type": "Point", "coordinates": [ -100.382576594758007, 26.319593899154601, 0.0 ] } },
{ "type": "Feature", "properties": { "PKs": "198+000" }, "geometry": { "type": "Point", "coordinates": [ -100.382451337470997, 26.318698250707001, 0.0 ] } },
{ "type": "Feature", "properties": { "PKs": "197+900" }, "geometry": { "type": "Point", "coordinates": [ -100.382326082442006, 26.317802601964999, 0.0 ] } },
{ "type": "Feature", "properties": { "PKs": "197+800" }, "geometry": { "type": "Point", "coordinates": [ -100.382200829672001, 26.316906952928701, 0.0 ] } },
{ "type": "Feature", "properties": { "PKs": "197+700" }, "geometry": { "type": "Point", "coordinates": [ -100.382075579158993, 26.3160113035979, 0.0 ] } },
{ "type": "Feature", "properties": { "PKs": "197+600" }, "geometry": { "type": "Point", "coordinates": [ -100.381950330902995, 26.3151156539728, 0.0 ] } },
{ "type": "Feature", "properties": { "PKs": "197+500" }, "geometry": { "type": "Point", "coordinates": [ -100.381825084905998, 26.3142200040534, 0.0 ] } },
{ "type": "Feature", "properties": { "PKs": "197+400" }, "geometry": { "type": "Point", "coordinates": [ -100.381699841165002, 26.313324353839601, 0.0 ] } },
{ "type": "Feature", "properties": { "PKs": "197+300" }, "geometry": { "type": "Point", "coordinates": [ -100.381574599683006, 26.312428703331499, 0.0 ] } },
{ "type": "Feature", "properties": { "PKs": "197+200" }, "geometry": { "type": "Point", "coordinates": [ -100.381449360456998, 26.3115330525291, 0.0 ] } },
{ "type": "Feature", "properties": { "PKs": "197+100" }, "geometry": { "type": "Point", "coordinates": [ -100.381324123488, 26.310637401432398, 0.0 ] } },
{ "type": "Feature", "properties": { "PKs": "197+000" }, "geometry": { "type": "Point", "coordinates": [ -100.381198888777007, 26.3097417500415, 0.0 ] } },
{ "type": "Feature", "properties": { "PKs": "196+900" }, "geometry": { "type": "Point", "coordinates": [ -100.381073656322002, 26.308846098356302, 0.0 ] } },
{ "type": "Feature", "properties": { "PKs": "196+800" }, "geometry": { "type": "Point", "coordinates": [ -100.380948426123993, 26.3079504463769, 0.0 ] } },
{ "type": "Feature", "properties": { "PKs": "196+700" }, "geometry": { "type": "Point", "coordinates": [ -100.380823198182, 26.307054794103198, 0.0 ] } },
{ "type": "Feature", "properties": { "PKs": "196+600" }, "geometry": { "type": "Point", "coordinates": [ -100.380697972495994, 26.306159141535399, 0.0 ] } },
{ "type": "Feature", "properties": { "PKs": "196+500" }, "geometry": { "type": "Point", "coordinates": [ -100.380572749066999, 26.3052634886734, 0.0 ] } },
{ "type": "Feature", "properties": { "PKs": "196+400" }, "geometry": { "type": "Point", "coordinates": [ -100.380447527894006, 26.304367835517201, 0.0 ] } },
{ "type": "Feature", "properties": { "PKs": "196+300" }, "geometry": { "type": "Point", "coordinates": [ -100.380322308977, 26.303472182066798, 0.0 ] } },
{ "type": "Feature", "properties": { "PKs": "196+200" }, "geometry": { "type": "Point", "coordinates": [ -100.380197092315996, 26.302576528322302, 0.0 ] } },
{ "type": "Feature", "properties": { "PKs": "196+100" }, "geometry": { "type": "Point", "coordinates": [ -100.380071877909998, 26.301680874283701, 0.0 ] } },
{ "type": "Feature", "properties": { "PKs": "196+000" }, "geometry": { "type": "Point", "coordinates": [ -100.379946665760002, 26.3007852199509, 0.0 ] } },
{ "type": "Feature", "properties": { "PKs": "195+900" }, "geometry": { "type": "Point", "coordinates": [ -100.379821455864999, 26.299889565324101, 0.0 ] } },
{ "type": "Feature", "properties": { "PKs": "195+800" }, "geometry": { "type": "Point", "coordinates": [ -100.379696248225002, 26.298993910403201, 0.0 ] } },
{ "type": "Feature", "properties": { "PKs": "195+700" }, "geometry": { "type": "Point", "coordinates": [ -100.379571042840993, 26.298098255188201, 0.0 ] } },
{ "type": "Feature", "properties": { "PKs": "195+600" }, "geometry": { "type": "Point", "coordinates": [ -100.379445839710996, 26.2972025996791, 0.0 ] } },
{ "type": "Feature", "properties": { "PKs": "195+500" }, "geometry": { "type": "Point", "coordinates": [ -100.379320638837001, 26.2963069438761, 0.0 ] } },
{ "type": "Feature", "properties": { "PKs": "195+400" }, "geometry": { "type": "Point", "coordinates": [ -100.379195440215994, 26.295411287779, 0.0 ] } },
{ "type": "Feature", "properties": { "PKs": "195+300" }, "geometry": { "type": "Point", "coordinates": [ -100.379070243851004, 26.294515631387899, 0.0 ] } },
{ "type": "Feature", "properties": { "PKs": "195+200" }, "geometry": { "type": "Point", "coordinates": [ -100.378945049739997, 26.2936199747028, 0.0 ] } },
{ "type": "Feature", "properties": { "PKs": "195+100" }, "geometry": { "type": "Point", "coordinates": [ -100.378819857883002, 26.292724317723799, 0.0 ] } },
{ "type": "Feature", "properties": { "PKs": "195+000" }, "geometry": { "type": "Point", "coordinates": [ -100.378694668280005, 26.2918286604508, 0.0 ] } },
{ "type": "Feature", "properties": { "PKs": "194+900" }, "geometry": { "type": "Point", "coordinates": [ -100.378569480932001, 26.2909330028839, 0.0 ] } },
{ "type": "Feature", "properties": { "PKs": "194+800" }, "geometry": { "type": "Point", "coordinates": [ -100.378444295836999, 26.290037345022998, 0.0 ] } },
{ "type": "Feature", "properties": { "PKs": "194+700" }, "geometry": { "type": "Point", "coordinates": [ -100.378319112995996, 26.289141686868302, 0.0 ] } },
{ "type": "Feature", "properties": { "PKs": "194+600" }, "geometry": { "type": "Point", "coordinates": [ -100.378193932407996, 26.2882460284196, 0.0 ] } },
{ "type": "Feature", "properties": { "PKs": "194+500" }, "geometry": { "type": "Point", "coordinates": [ -100.378068754073993, 26.2873503696771, 0.0 ] } },
{ "type": "Feature", "properties": { "PKs": "194+400" }, "geometry": { "type": "Point", "coordinates": [ -100.377943577992994, 26.286454710640701, 0.0 ] } },
{ "type": "Feature", "properties": { "PKs": "194+300" }, "geometry": { "type": "Point", "coordinates": [ -100.377818404164998, 26.2855590513104, 0.0 ] } },
{ "type": "Feature", "properties": { "PKs": "194+200" }, "geometry": { "type": "Point", "coordinates": [ -100.377693232590005, 26.284663391686401, 0.0 ] } },
{ "type": "Feature", "properties": { "PKs": "194+100" }, "geometry": { "type": "Point", "coordinates": [ -100.377568063268001, 26.283767731768499, 0.0 ] } },
{ "type": "Feature", "properties": { "PKs": "194+000" }, "geometry": { "type": "Point", "coordinates": [ -100.377442896199, 26.282872071556799, 0.0 ] } },
{ "type": "Feature", "properties": { "PKs": "193+900" }, "geometry": { "type": "Point", "coordinates": [ -100.377317731382007, 26.2819764110513, 0.0 ] } },
{ "type": "Feature", "properties": { "PKs": "193+800" }, "geometry": { "type": "Point", "coordinates": [ -100.377192568818003, 26.281080750252102, 0.0 ] } },
{ "type": "Feature", "properties": { "PKs": "193+700" }, "geometry": { "type": "Point", "coordinates": [ -100.377067408505994, 26.280185089159101, 0.0 ] } },
{ "type": "Feature", "properties": { "PKs": "193+600" }, "geometry": { "type": "Point", "coordinates": [ -100.376942250447001, 26.279289427772401, 0.0 ] } },
{ "type": "Feature", "properties": { "PKs": "193+500" }, "geometry": { "type": "Point", "coordinates": [ -100.376817094638994, 26.278393766091899, 0.0 ] } },
{ "type": "Feature", "properties": { "PKs": "193+400" }, "geometry": { "type": "Point", "coordinates": [ -100.376691941082996, 26.2774981041178, 0.0 ] } },
{ "type": "Feature", "properties": { "PKs": "193+300" }, "geometry": { "type": "Point", "coordinates": [ -100.376566789779005, 26.276602441849899, 0.0 ] } },
{ "type": "Feature", "properties": { "PKs": "193+200" }, "geometry": { "type": "Point", "coordinates": [ -100.376441640726995, 26.275706779288399, 0.0 ] } },
{ "type": "Feature", "properties": { "PKs": "193+100" }, "geometry": { "type": "Point", "coordinates": [ -100.376316493925998, 26.274811116433298, 0.0 ] } },
{ "type": "Feature", "properties": { "PKs": "193+000" }, "geometry": { "type": "Point", "coordinates": [ -100.376191349376001, 26.273915453284399, 0.0 ] } },
{ "type": "Feature", "properties": { "PKs": "192+900" }, "geometry": { "type": "Point", "coordinates": [ -100.376066207077997, 26.273019789841999, 0.0 ] } },
{ "type": "Feature", "properties": { "PKs": "192+800" }, "geometry": { "type": "Point", "coordinates": [ -100.375941067029999, 26.272124126105901, 0.0 ] } },
{ "type": "Feature", "properties": { "PKs": "192+700" }, "geometry": { "type": "Point", "coordinates": [ -100.375815929233994, 26.271228462076301, 0.0 ] } },
{ "type": "Feature", "properties": { "PKs": "192+600" }, "geometry": { "type": "Point", "coordinates": [ -100.375690793687994, 26.270332797752999, 0.0 ] } },
{ "type": "Feature", "properties": { "PKs": "192+500" }, "geometry": { "type": "Point", "coordinates": [ -100.375565660392994, 26.269437133136201, 0.0 ] } },
{ "type": "Feature", "properties": { "PKs": "192+400" }, "geometry": { "type": "Point", "coordinates": [ -100.375440529347998, 26.268541468225902, 0.0 ] } },
{ "type": "Feature", "properties": { "PKs": "192+300" }, "geometry": { "type": "Point", "coordinates": [ -100.375315400554001, 26.267645803021999, 0.0 ] } },
{ "type": "Feature", "properties": { "PKs": "192+200" }, "geometry": { "type": "Point", "coordinates": [ -100.375190274009995, 26.2667501375246, 0.0 ] } },
{ "type": "Feature", "properties": { "PKs": "192+100" }, "geometry": { "type": "Point", "coordinates": [ -100.375065149715994, 26.2658544717337, 0.0 ] } },
{ "type": "Feature", "properties": { "PKs": "192+000" }, "geometry": { "type": "Point", "coordinates": [ -100.374940027671997, 26.2649588056493, 0.0 ] } },
{ "type": "Feature", "properties": { "PKs": "191+900" }, "geometry": { "type": "Point", "coordinates": [ -100.374814907878005, 26.2640631392714, 0.0 ] } },
{ "type": "Feature", "properties": { "PKs": "191+800" }, "geometry": { "type": "Point", "coordinates": [ -100.374689790332994, 26.263167472600099, 0.0 ] } },
{ "type": "Feature", "properties": { "PKs": "191+700" }, "geometry": { "type": "Point", "coordinates": [ -100.374564675038002, 26.262271805635301, 0.0 ] } },
{ "type": "Feature", "properties": { "PKs": "191+600" }, "geometry": { "type": "Point", "coordinates": [ -100.374439561992006, 26.261376138377098, 0.0 ] } },
{ "type": "Feature", "properties": { "PKs": "191+500" }, "geometry": { "type": "Point", "coordinates": [ -100.374314451196, 26.260480470825499, 0.0 ] } },
{ "type": "Feature", "properties": { "PKs": "191+400" }, "geometry": { "type": "Point", "coordinates": [ -100.374189342647995, 26.259584802980498, 0.0 ] } },
{ "type": "Feature", "properties": { "PKs": "191+300" }, "geometry": { "type": "Point", "coordinates": [ -100.374064236349994, 26.258689134842101, 0.0 ] } },
{ "type": "Feature", "properties": { "PKs": "191+200" }, "geometry": { "type": "Point", "coordinates": [ -100.373939132299995, 26.257793466410401, 0.0 ] } },
{ "type": "Feature", "properties": { "PKs": "191+100" }, "geometry": { "type": "Point", "coordinates": [ -100.373814030499005, 26.256897797685301, 0.0 ] } },
{ "type": "Feature", "properties": { "PKs": "191+000" }, "geometry": { "type": "Point", "coordinates": [ -100.373688930946997, 26.2560021286668, 0.0 ] } },
{ "type": "Feature", "properties": { "PKs": "190+900" }, "geometry": { "type": "Point", "coordinates": [ -100.373563833643004, 26.255106459355101, 0.0 ] } },
{ "type": "Feature", "properties": { "PKs": "190+800" }, "geometry": { "type": "Point", "coordinates": [ -100.373438738586998, 26.2542107897501, 0.0 ] } },
{ "type": "Feature", "properties": { "PKs": "190+700" }, "geometry": { "type": "Point", "coordinates": [ -100.373313645779007, 26.253315119851699, 0.0 ] } },
{ "type": "Feature", "properties": { "PKs": "190+600" }, "geometry": { "type": "Point", "coordinates": [ -100.373188555219997, 26.252419449660099, 0.0 ] } },
{ "type": "Feature", "properties": { "PKs": "190+500" }, "geometry": { "type": "Point", "coordinates": [ -100.373063466907993, 26.251523779175301, 0.0 ] } },
{ "type": "Feature", "properties": { "PKs": "190+400" }, "geometry": { "type": "Point", "coordinates": [ -100.372938380844005, 26.250628108397201, 0.0 ] } },
{ "type": "Feature", "properties": { "PKs": "190+300" }, "geometry": { "type": "Point", "coordinates": [ -100.372813297026994, 26.2497324373259, 0.0 ] } },
{ "type": "Feature", "properties": { "PKs": "190+200" }, "geometry": { "type": "Point", "coordinates": [ -100.372688215457998, 26.2488367659614, 0.0 ] } },
{ "type": "Feature", "properties": { "PKs": "190+100" }, "geometry": { "type": "Point", "coordinates": [ -100.372563136135994, 26.247941094303599, 0.0 ] } },
{ "type": "Feature", "properties": { "PKs": "190+000" }, "geometry": { "type": "Point", "coordinates": [ -100.372438059060997, 26.247045422352699, 0.0 ] } },
{ "type": "Feature", "properties": { "PKs": "189+900" }, "geometry": { "type": "Point", "coordinates": [ -100.372312984234, 26.2461497501087, 0.0 ] } },
{ "type": "Feature", "properties": { "PKs": "189+800" }, "geometry": { "type": "Point", "coordinates": [ -100.372187911653, 26.245254077571499, 0.0 ] } },
{ "type": "Feature", "properties": { "PKs": "189+700" }, "geometry": { "type": "Point", "coordinates": [ -100.372062841319007, 26.244358404741199, 0.0 ] } },
{ "type": "Feature", "properties": { "PKs": "189+600" }, "geometry": { "type": "Point", "coordinates": [ -100.371937773230997, 26.243462731617701, 0.0 ] } },
{ "type": "Feature", "properties": { "PKs": "189+500" }, "geometry": { "type": "Point", "coordinates": [ -100.371812707390006, 26.2425670582012, 0.0 ] } },
{ "type": "Feature", "properties": { "PKs": "189+400" }, "geometry": { "type": "Point", "coordinates": [ -100.371687643794999, 26.2416713844915, 0.0 ] } },
{ "type": "Feature", "properties": { "PKs": "189+300" }, "geometry": { "type": "Point", "coordinates": [ -100.371562582446998, 26.240775710488801, 0.0 ] } },
{ "type": "Feature", "properties": { "PKs": "189+200" }, "geometry": { "type": "Point", "coordinates": [ -100.371437523343999, 26.239880036193099, 0.0 ] } },
{ "type": "Feature", "properties": { "PKs": "189+100" }, "geometry": { "type": "Point", "coordinates": [ -100.371312466486998, 26.238984361604299, 0.0 ] } },
{ "type": "Feature", "properties": { "PKs": "189+000" }, "geometry": { "type": "Point", "coordinates": [ -100.371187411875994, 26.238088686722499, 0.0 ] } },
{ "type": "Feature", "properties": { "PKs": "188+900" }, "geometry": { "type": "Point", "coordinates": [ -100.371062359511001, 26.237193011547699, 0.0 ] } },
{ "type": "Feature", "properties": { "PKs": "188+800" }, "geometry": { "type": "Point", "coordinates": [ -100.370937309390996, 26.2362973360799, 0.0 ] } },
{ "type": "Feature", "properties": { "PKs": "188+700" }, "geometry": { "type": "Point", "coordinates": [ -100.370812261515994, 26.235401660319098, 0.0 ] } },
{ "type": "Feature", "properties": { "PKs": "188+600" }, "geometry": { "type": "Point", "coordinates": [ -100.370687215887003, 26.2345059842654, 0.0 ] } },
{ "type": "Feature", "properties": { "PKs": "188+500" }, "geometry": { "type": "Point", "coordinates": [ -100.370562172503, 26.233610307918699, 0.0 ] } },
{ "type": "Feature", "properties": { "PKs": "188+400" }, "geometry": { "type": "Point", "coordinates": [ -100.370437131363005, 26.232714631279102, 0.0 ] } },
{ "type": "Feature", "properties": { "PKs": "188+300" }, "geometry": { "type": "Point", "coordinates": [ -100.370312092469007, 26.2318189543466, 0.0 ] } },
{ "type": "Feature", "properties": { "PKs": "188+200" }, "geometry": { "type": "Point", "coordinates": [ -100.370187055819002, 26.2309232771212, 0.0 ] } },
{ "type": "Feature", "properties": { "PKs": "188+100" }, "geometry": { "type": "Point", "coordinates": [ -100.370062021413005, 26.230027599602899, 0.0 ] } },
{ "type": "Feature", "properties": { "PKs": "188+000" }, "geometry": { "type": "Point", "coordinates": [ -100.369936989251997, 26.229131921791701, 0.0 ] } },
{ "type": "Feature", "properties": { "PKs": "187+900" }, "geometry": { "type": "Point", "coordinates": [ -100.369811959334996, 26.2282362436877, 0.0 ] } },
{ "type": "Feature", "properties": { "PKs": "187+800" }, "geometry": { "type": "Point", "coordinates": [ -100.369686931662002, 26.227340565290799, 0.0 ] } },
{ "type": "Feature", "properties": { "PKs": "187+700" }, "geometry": { "type": "Point", "coordinates": [ -100.369561906233002, 26.226444886601101, 0.0 ] } },
{ "type": "Feature", "properties": { "PKs": "187+600" }, "geometry": { "type": "Point", "coordinates": [ -100.369436883047996, 26.225549207618698, 0.0 ] } },
{ "type": "Feature", "properties": { "PKs": "187+500" }, "geometry": { "type": "Point", "coordinates": [ -100.369311862106997, 26.224653528343399, 0.0 ] } },
{ "type": "Feature", "properties": { "PKs": "187+400" }, "geometry": { "type": "Point", "coordinates": [ -100.369186843408997, 26.223757848775399, 0.0 ] } },
{ "type": "Feature", "properties": { "PKs": "187+300" }, "geometry": { "type": "Point", "coordinates": [ -100.369061826953995, 26.222862168914599, 0.0 ] } },
{ "type": "Feature", "properties": { "PKs": "187+200" }, "geometry": { "type": "Point", "coordinates": [ -100.368936812743001, 26.221966488761002, 0.0 ] } },
{ "type": "Feature", "properties": { "PKs": "187+100" }, "geometry": { "type": "Point", "coordinates": [ -100.368811800775006, 26.221070808314799, 0.0 ] } },
{ "type": "Feature", "properties": { "PKs": "187+000" }, "geometry": { "type": "Point", "coordinates": [ -100.368686791049001, 26.2201751275758, 0.0 ] } },
{ "type": "Feature", "properties": { "PKs": "186+900" }, "geometry": { "type": "Point", "coordinates": [ -100.368561783567003, 26.2192794465441, 0.0 ] } },
{ "type": "Feature", "properties": { "PKs": "186+800" }, "geometry": { "type": "Point", "coordinates": [ -100.368436778326995, 26.218383765219802, 0.0 ] } },
{ "type": "Feature", "properties": { "PKs": "186+700" }, "geometry": { "type": "Point", "coordinates": [ -100.368308428583006, 26.217485665203299, 0.0 ] } },
{ "type": "Feature", "properties": { "PKs": "186+600" }, "geometry": { "type": "Point", "coordinates": [ -100.368128083756005, 26.216583410658998, 0.0 ] } },
{ "type": "Feature", "properties": { "PKs": "186+500" }, "geometry": { "type": "Point", "coordinates": [ -100.367864585923002, 26.215697045758201, 0.0 ] } },
{ "type": "Feature", "properties": { "PKs": "186+400" }, "geometry": { "type": "Point", "coordinates": [ -100.367519407806, 26.2148338008308, 0.0 ] } },
{ "type": "Feature", "properties": { "PKs": "186+300" }, "geometry": { "type": "Point", "coordinates": [ -100.367112448599997, 26.214001406143002, 0.0 ] } },
{ "type": "Feature", "properties": { "PKs": "186+200" }, "geometry": { "type": "Point", "coordinates": [ -100.366697694547, 26.213179824186401, 0.0 ] } },
{ "type": "Feature", "properties": { "PKs": "186+100" }, "geometry": { "type": "Point", "coordinates": [ -100.366282946542, 26.212358240712199, 0.0 ] } },
{ "type": "Feature", "properties": { "PKs": "186+000" }, "geometry": { "type": "Point", "coordinates": [ -100.365868204585993, 26.211536655720501, 0.0 ] } },
{ "type": "Feature", "properties": { "PKs": "185+900" }, "geometry": { "type": "Point", "coordinates": [ -100.365453468677998, 26.210715069211499, 0.0 ] } },
{ "type": "Feature", "properties": { "PKs": "185+800" }, "geometry": { "type": "Point", "coordinates": [ -100.365038738818001, 26.209893481185301, 0.0 ] } },
{ "type": "Feature", "properties": { "PKs": "185+700" }, "geometry": { "type": "Point", "coordinates": [ -100.364624015005006, 26.209071891642001, 0.0 ] } },
{ "type": "Feature", "properties": { "PKs": "185+600" }, "geometry": { "type": "Point", "coordinates": [ -100.364209297239995, 26.208250300581799, 0.0 ] } },
{ "type": "Feature", "properties": { "PKs": "185+500" }, "geometry": { "type": "Point", "coordinates": [ -100.363794585521006, 26.207428708004802, 0.0 ] } },
{ "type": "Feature", "properties": { "PKs": "185+400" }, "geometry": { "type": "Point", "coordinates": [ -100.363379879849006, 26.206607113911101, 0.0 ] } },
{ "type": "Feature", "properties": { "PKs": "185+300" }, "geometry": { "type": "Point", "coordinates": [ -100.362965180223, 26.2057855183008, 0.0 ] } },
{ "type": "Feature", "properties": { "PKs": "185+200" }, "geometry": { "type": "Point", "coordinates": [ -100.362550486641993, 26.204963921174201, 0.0 ] } },
{ "type": "Feature", "properties": { "PKs": "185+100" }, "geometry": { "type": "Point", "coordinates": [ -100.362135799106994, 26.204142322531201, 0.0 ] } },
{ "type": "Feature", "properties": { "PKs": "185+000" }, "geometry": { "type": "Point", "coordinates": [ -100.361721117616995, 26.203320722372201, 0.0 ] } },
{ "type": "Feature", "properties": { "PKs": "184+900" }, "geometry": { "type": "Point", "coordinates": [ -100.361306442170999, 26.202499120696999, 0.0 ] } },
{ "type": "Feature", "properties": { "PKs": "184+800" }, "geometry": { "type": "Point", "coordinates": [ -100.360891772770003, 26.201677517505999, 0.0 ] } },
{ "type": "Feature", "properties": { "PKs": "184+700" }, "geometry": { "type": "Point", "coordinates": [ -100.360477109412997, 26.200855912799302, 0.0 ] } },
{ "type": "Feature", "properties": { "PKs": "184+600" }, "geometry": { "type": "Point", "coordinates": [ -100.360062452099996, 26.200034306576899, 0.0 ] } },
{ "type": "Feature", "properties": { "PKs": "184+500" }, "geometry": { "type": "Point", "coordinates": [ -100.359633958895003, 26.199209463024701, 0.0 ] } },
{ "type": "Feature", "properties": { "PKs": "184+400" }, "geometry": { "type": "Point", "coordinates": [ -100.359091189948003, 26.198417073549301, 0.0 ] } },
{ "type": "Feature", "properties": { "PKs": "184+300" }, "geometry": { "type": "Point", "coordinates": [ -100.358407316661996, 26.1977180567233, 0.0 ] } },
{ "type": "Feature", "properties": { "PKs": "184+200" }, "geometry": { "type": "Point", "coordinates": [ -100.357606553216996, 26.197133427128701, 0.0 ] } },
{ "type": "Feature", "properties": { "PKs": "184+100" }, "geometry": { "type": "Point", "coordinates": [ -100.356771749507999, 26.196628159663401, 0.0 ] } },
{ "type": "Feature", "properties": { "PKs": "184+000" }, "geometry": { "type": "Point", "coordinates": [ -100.355966203131999, 26.1961176182926, 0.0 ] } },
{ "type": "Feature", "properties": { "PKs": "183+900" }, "geometry": { "type": "Point", "coordinates": [ -100.355256843812001, 26.1955244330934, 0.0 ] } },
{ "type": "Feature", "properties": { "PKs": "183+800" }, "geometry": { "type": "Point", "coordinates": [ -100.354661928423994, 26.194835397382001, 0.0 ] } },
{ "type": "Feature", "properties": { "PKs": "183+700" }, "geometry": { "type": "Point", "coordinates": [ -100.354142678833, 26.194073199469099, 0.0 ] } },
{ "type": "Feature", "properties": { "PKs": "183+600" }, "geometry": { "type": "Point", "coordinates": [ -100.353627810820001, 26.1932991130153, 0.0 ] } },
{ "type": "Feature", "properties": { "PKs": "183+500" }, "geometry": { "type": "Point", "coordinates": [ -100.353112949774001, 26.1925250243712, 0.0 ] } },
{ "type": "Feature", "properties": { "PKs": "183+400" }, "geometry": { "type": "Point", "coordinates": [ -100.352598095694006, 26.191750933536898, 0.0 ] } },
{ "type": "Feature", "properties": { "PKs": "183+300" }, "geometry": { "type": "Point", "coordinates": [ -100.352083248580996, 26.1909768405127, 0.0 ] } },
{ "type": "Feature", "properties": { "PKs": "183+200" }, "geometry": { "type": "Point", "coordinates": [ -100.351568408432996, 26.190202745298699, 0.0 ] } },
{ "type": "Feature", "properties": { "PKs": "183+100" }, "geometry": { "type": "Point", "coordinates": [ -100.351053575251001, 26.189428647895198, 0.0 ] } },
{ "type": "Feature", "properties": { "PKs": "183+000" }, "geometry": { "type": "Point", "coordinates": [ -100.350538749034001, 26.188654548302299, 0.0 ] } },
{ "type": "Feature", "properties": { "PKs": "182+900" }, "geometry": { "type": "Point", "coordinates": [ -100.350023929781997, 26.1878804465202, 0.0 ] } },
{ "type": "Feature", "properties": { "PKs": "182+800" }, "geometry": { "type": "Point", "coordinates": [ -100.349509117493994, 26.1871063425491, 0.0 ] } },
{ "type": "Feature", "properties": { "PKs": "182+700" }, "geometry": { "type": "Point", "coordinates": [ -100.348994312171001, 26.186332236389202, 0.0 ] } },
{ "type": "Feature", "properties": { "PKs": "182+600" }, "geometry": { "type": "Point", "coordinates": [ -100.348482192570998, 26.185558846347501, 0.0 ] } },
{ "type": "Feature", "properties": { "PKs": "182+500" }, "geometry": { "type": "Point", "coordinates": [ -100.348008524549996, 26.184777895542801, 0.0 ] } },
{ "type": "Feature", "properties": { "PKs": "182+400" }, "geometry": { "type": "Point", "coordinates": [ -100.347603542425006, 26.183966072699501, 0.0 ] } },
{ "type": "Feature", "properties": { "PKs": "182+300" }, "geometry": { "type": "Point", "coordinates": [ -100.347228284739003, 26.183131192859801, 0.0 ] } },
{ "type": "Feature", "properties": { "PKs": "182+200" }, "geometry": { "type": "Point", "coordinates": [ -100.346853993866006, 26.182293976791001, 0.0 ] } },
{ "type": "Feature", "properties": { "PKs": "182+100" }, "geometry": { "type": "Point", "coordinates": [ -100.346479708583999, 26.1814567594454, 0.0 ] } },
{ "type": "Feature", "properties": { "PKs": "182+000" }, "geometry": { "type": "Point", "coordinates": [ -100.346105428892997, 26.180619540823201, 0.0 ] } },
{ "type": "Feature", "properties": { "PKs": "181+900" }, "geometry": { "type": "Point", "coordinates": [ -100.345731154793, 26.179782320924499, 0.0 ] } },
{ "type": "Feature", "properties": { "PKs": "181+800" }, "geometry": { "type": "Point", "coordinates": [ -100.345356886282005, 26.178945099749299, 0.0 ] } },
{ "type": "Feature", "properties": { "PKs": "181+700" }, "geometry": { "type": "Point", "coordinates": [ -100.344982623361005, 26.178107877297801, 0.0 ] } },
{ "type": "Feature", "properties": { "PKs": "181+600" }, "geometry": { "type": "Point", "coordinates": [ -100.344608366028993, 26.177270653570201, 0.0 ] } },
{ "type": "Feature", "properties": { "PKs": "181+500" }, "geometry": { "type": "Point", "coordinates": [ -100.344234114287005, 26.176433428566401, 0.0 ] } },
{ "type": "Feature", "properties": { "PKs": "181+400" }, "geometry": { "type": "Point", "coordinates": [ -100.343859868132995, 26.175596202286702, 0.0 ] } },
{ "type": "Feature", "properties": { "PKs": "181+300" }, "geometry": { "type": "Point", "coordinates": [ -100.343485627567006, 26.174758974731098, 0.0 ] } },
{ "type": "Feature", "properties": { "PKs": "181+200" }, "geometry": { "type": "Point", "coordinates": [ -100.343111392588995, 26.173921745899801, 0.0 ] } },
{ "type": "Feature", "properties": { "PKs": "181+100" }, "geometry": { "type": "Point", "coordinates": [ -100.342737163199999, 26.173084515792802, 0.0 ] } },
{ "type": "Feature", "properties": { "PKs": "181+000" }, "geometry": { "type": "Point", "coordinates": [ -100.342362939397006, 26.172247284410201, 0.0 ] } },
{ "type": "Feature", "properties": { "PKs": "180+900" }, "geometry": { "type": "Point", "coordinates": [ -100.341993149646996, 26.171411469218601, 0.0 ] } },
{ "type": "Feature", "properties": { "PKs": "180+800" }, "geometry": { "type": "Point", "coordinates": [ -100.341665322289003, 26.170569944705701, 0.0 ] } },
{ "type": "Feature", "properties": { "PKs": "180+700" }, "geometry": { "type": "Point", "coordinates": [ -100.341371552691996, 26.16970943366, 0.0 ] } },
{ "type": "Feature", "properties": { "PKs": "180+600" }, "geometry": { "type": "Point", "coordinates": [ -100.341079610917006, 26.168845961651801, 0.0 ] } },
{ "type": "Feature", "properties": { "PKs": "180+500" }, "geometry": { "type": "Point", "coordinates": [ -100.340787673720001, 26.1679824887838, 0.0 ] } },
{ "type": "Feature", "properties": { "PKs": "180+400" }, "geometry": { "type": "Point", "coordinates": [ -100.340495741099005, 26.167119015056102, 0.0 ] } },
{ "type": "Feature", "properties": { "PKs": "180+300" }, "geometry": { "type": "Point", "coordinates": [ -100.340203813054998, 26.1662555404688, 0.0 ] } },
{ "type": "Feature", "properties": { "PKs": "180+200" }, "geometry": { "type": "Point", "coordinates": [ -100.339911889587, 26.165392065021798, 0.0 ] } },
{ "type": "Feature", "properties": { "PKs": "180+100" }, "geometry": { "type": "Point", "coordinates": [ -100.339619970694997, 26.164528588715399, 0.0 ] } },
{ "type": "Feature", "properties": { "PKs": "180+000" }, "geometry": { "type": "Point", "coordinates": [ -100.339328056379998, 26.163665111549602, 0.0 ] } },
{ "type": "Feature", "properties": { "PKs": "179+900" }, "geometry": { "type": "Point", "coordinates": [ -100.339036146639003, 26.162801633524399, 0.0 ] } },
{ "type": "Feature", "properties": { "PKs": "179+800" }, "geometry": { "type": "Point", "coordinates": [ -100.338744241474004, 26.161938154639898, 0.0 ] } },
{ "type": "Feature", "properties": { "PKs": "179+700" }, "geometry": { "type": "Point", "coordinates": [ -100.338452566385001, 26.161074983888401, 0.0 ] } },
{ "type": "Feature", "properties": { "PKs": "179+600" }, "geometry": { "type": "Point", "coordinates": [ -100.338197573794005, 26.160218144738401, 0.0 ] } },
{ "type": "Feature", "properties": { "PKs": "179+500" }, "geometry": { "type": "Point", "coordinates": [ -100.338064520052995, 26.1593503810649, 0.0 ] } },
{ "type": "Feature", "properties": { "PKs": "179+400" }, "geometry": { "type": "Point", "coordinates": [ -100.338059233932, 26.1584661898736, 0.0 ] } },
{ "type": "Feature", "properties": { "PKs": "179+300" }, "geometry": { "type": "Point", "coordinates": [ -100.338099955103004, 26.1575653198712, 0.0 ] } },
{ "type": "Feature", "properties": { "PKs": "179+200" }, "geometry": { "type": "Point", "coordinates": [ -100.338141398795003, 26.1566633280028, 0.0 ] } },
{ "type": "Feature", "properties": { "PKs": "179+100" }, "geometry": { "type": "Point", "coordinates": [ -100.338154773701007, 26.155745415780501, 0.0 ] } },
{ "type": "Feature", "properties": { "PKs": "179+000" }, "geometry": { "type": "Point", "coordinates": [ -100.338020630288, 26.1548207635362, 0.0 ] } },
{ "type": "Feature", "properties": { "PKs": "178+900" }, "geometry": { "type": "Point", "coordinates": [ -100.337713868693996, 26.1539302617117, 0.0 ] } },
{ "type": "Feature", "properties": { "PKs": "178+800" }, "geometry": { "type": "Point", "coordinates": [ -100.337245935381006, 26.153101112342998, 0.0 ] } },
{ "type": "Feature", "properties": { "PKs": "178+700" }, "geometry": { "type": "Point", "coordinates": [ -100.336701636127003, 26.152337047895202, 0.0 ] } },
{ "type": "Feature", "properties": { "PKs": "178+600" }, "geometry": { "type": "Point", "coordinates": [ -100.336155523426001, 26.1515806939816, 0.0 ] } },
{ "type": "Feature", "properties": { "PKs": "178+500" }, "geometry": { "type": "Point", "coordinates": [ -100.335609417903001, 26.150824337646899, 0.0 ] } },
{ "type": "Feature", "properties": { "PKs": "178+400" }, "geometry": { "type": "Point", "coordinates": [ -100.335063319556994, 26.1500679788913, 0.0 ] } },
{ "type": "Feature", "properties": { "PKs": "178+300" }, "geometry": { "type": "Point", "coordinates": [ -100.334517228387995, 26.149311617715099, 0.0 ] } },
{ "type": "Feature", "properties": { "PKs": "178+200" }, "geometry": { "type": "Point", "coordinates": [ -100.333971144394994, 26.1485552541183, 0.0 ] } },
{ "type": "Feature", "properties": { "PKs": "178+100" }, "geometry": { "type": "Point", "coordinates": [ -100.333425067579, 26.147798888101299, 0.0 ] } },
{ "type": "Feature", "properties": { "PKs": "178+000" }, "geometry": { "type": "Point", "coordinates": [ -100.332878997939005, 26.1470425196642, 0.0 ] } },
{ "type": "Feature", "properties": { "PKs": "177+900" }, "geometry": { "type": "Point", "coordinates": [ -100.332335621211996, 26.146287069448299, 0.0 ] } },
{ "type": "Feature", "properties": { "PKs": "177+800" }, "geometry": { "type": "Point", "coordinates": [ -100.331846356815007, 26.1455202748303, 0.0 ] } },
{ "type": "Feature", "properties": { "PKs": "177+700" }, "geometry": { "type": "Point", "coordinates": [ -100.331439936283004, 26.1447092889508, 0.0 ] } },
{ "type": "Feature", "properties": { "PKs": "177+600" }, "geometry": { "type": "Point", "coordinates": [ -100.331051329871997, 26.1438775446805, 0.0 ] } },
{ "type": "Feature", "properties": { "PKs": "177+500" }, "geometry": { "type": "Point", "coordinates": [ -100.330662703003, 26.143045702918901, 0.0 ] } },
{ "type": "Feature", "properties": { "PKs": "177+400" }, "geometry": { "type": "Point", "coordinates": [ -100.330274081875004, 26.142213859802698, 0.0 ] } },
{ "type": "Feature", "properties": { "PKs": "177+300" }, "geometry": { "type": "Point", "coordinates": [ -100.329885466487994, 26.141382015332098, 0.0 ] } },
{ "type": "Feature", "properties": { "PKs": "177+200" }, "geometry": { "type": "Point", "coordinates": [ -100.329496856839995, 26.140550169507101, 0.0 ] } },
{ "type": "Feature", "properties": { "PKs": "177+100" }, "geometry": { "type": "Point", "coordinates": [ -100.329108252932002, 26.139718322328001, 0.0 ] } },
{ "type": "Feature", "properties": { "PKs": "177+000" }, "geometry": { "type": "Point", "coordinates": [ -100.328719654763006, 26.138886473794798, 0.0 ] } },
{ "type": "Feature", "properties": { "PKs": "176+900" }, "geometry": { "type": "Point", "coordinates": [ -100.328331062333007, 26.1380546239076, 0.0 ] } },
{ "type": "Feature", "properties": { "PKs": "176+800" }, "geometry": { "type": "Point", "coordinates": [ -100.327942475642004, 26.137222772666501, 0.0 ] } },
{ "type": "Feature", "properties": { "PKs": "176+700" }, "geometry": { "type": "Point", "coordinates": [ -100.327553894687995, 26.136390920071701, 0.0 ] } },
{ "type": "Feature", "properties": { "PKs": "176+600" }, "geometry": { "type": "Point", "coordinates": [ -100.327165319472996, 26.135559066123299, 0.0 ] } },
{ "type": "Feature", "properties": { "PKs": "176+500" }, "geometry": { "type": "Point", "coordinates": [ -100.326776749995005, 26.134727210821399, 0.0 ] } },
{ "type": "Feature", "properties": { "PKs": "176+400" }, "geometry": { "type": "Point", "coordinates": [ -100.326388186253993, 26.1338953541661, 0.0 ] } },
{ "type": "Feature", "properties": { "PKs": "176+300" }, "geometry": { "type": "Point", "coordinates": [ -100.325999628250003, 26.133063496157501, 0.0 ] } },
{ "type": "Feature", "properties": { "PKs": "176+200" }, "geometry": { "type": "Point", "coordinates": [ -100.325611075983005, 26.132231636795801, 0.0 ] } },
{ "type": "Feature", "properties": { "PKs": "176+100" }, "geometry": { "type": "Point", "coordinates": [ -100.325222529450997, 26.1313997760811, 0.0 ] } },
{ "type": "Feature", "properties": { "PKs": "176+000" }, "geometry": { "type": "Point", "coordinates": [ -100.324833988655996, 26.130567914013401, 0.0 ] } },
{ "type": "Feature", "properties": { "PKs": "175+900" }, "geometry": { "type": "Point", "coordinates": [ -100.324445453595999, 26.1297360505929, 0.0 ] } },
{ "type": "Feature", "properties": { "PKs": "175+800" }, "geometry": { "type": "Point", "coordinates": [ -100.324057800388999, 26.1289049595016, 0.0 ] } },
{ "type": "Feature", "properties": { "PKs": "175+700" }, "geometry": { "type": "Point", "coordinates": [ -100.323730070224997, 26.128076446325, 0.0 ] } },
{ "type": "Feature", "properties": { "PKs": "175+600" }, "geometry": { "type": "Point", "coordinates": [ -100.323551465850997, 26.1272194140038, 0.0 ] } },
{ "type": "Feature", "properties": { "PKs": "175+500" }, "geometry": { "type": "Point", "coordinates": [ -100.323488342190998, 26.126328560487799, 0.0 ] } },
{ "type": "Feature", "properties": { "PKs": "175+400" }, "geometry": { "type": "Point", "coordinates": [ -100.323438964215001, 26.125426886437999, 0.0 ] } },
{ "type": "Feature", "properties": { "PKs": "175+300" }, "geometry": { "type": "Point", "coordinates": [ -100.323389587321998, 26.1245252122323, 0.0 ] } },
{ "type": "Feature", "properties": { "PKs": "175+200" }, "geometry": { "type": "Point", "coordinates": [ -100.323340211512999, 26.123623537870898, 0.0 ] } },
{ "type": "Feature", "properties": { "PKs": "175+100" }, "geometry": { "type": "Point", "coordinates": [ -100.323290836786995, 26.1227218633536, 0.0 ] } },
{ "type": "Feature", "properties": { "PKs": "175+000" }, "geometry": { "type": "Point", "coordinates": [ -100.323241463144996, 26.121820188680601, 0.0 ] } },
{ "type": "Feature", "properties": { "PKs": "174+900" }, "geometry": { "type": "Point", "coordinates": [ -100.323192090586005, 26.120918513851802, 0.0 ] } },
{ "type": "Feature", "properties": { "PKs": "174+800" }, "geometry": { "type": "Point", "coordinates": [ -100.323142719111004, 26.120016838867201, 0.0 ] } },
{ "type": "Feature", "properties": { "PKs": "174+700" }, "geometry": { "type": "Point", "coordinates": [ -100.323093348718999, 26.1191151637268, 0.0 ] } },
{ "type": "Feature", "properties": { "PKs": "174+600" }, "geometry": { "type": "Point", "coordinates": [ -100.323043979410002, 26.118213488430701, 0.0 ] } },
{ "type": "Feature", "properties": { "PKs": "174+500" }, "geometry": { "type": "Point", "coordinates": [ -100.322994611184996, 26.117311812978802, 0.0 ] } },
{ "type": "Feature", "properties": { "PKs": "174+400" }, "geometry": { "type": "Point", "coordinates": [ -100.322945244042003, 26.116410137371101, 0.0 ] } },
{ "type": "Feature", "properties": { "PKs": "174+300" }, "geometry": { "type": "Point", "coordinates": [ -100.322895877983001, 26.1155084616077, 0.0 ] } },
{ "type": "Feature", "properties": { "PKs": "174+200" }, "geometry": { "type": "Point", "coordinates": [ -100.322846513005999, 26.114606785688501, 0.0 ] } },
{ "type": "Feature", "properties": { "PKs": "174+100" }, "geometry": { "type": "Point", "coordinates": [ -100.322797149112006, 26.113705109613601, 0.0 ] } },
{ "type": "Feature", "properties": { "PKs": "174+000" }, "geometry": { "type": "Point", "coordinates": [ -100.322747786302003, 26.112803433382901, 0.0 ] } },
{ "type": "Feature", "properties": { "PKs": "173+900" }, "geometry": { "type": "Point", "coordinates": [ -100.322698424574, 26.111901756996499, 0.0 ] } },
{ "type": "Feature", "properties": { "PKs": "173+800" }, "geometry": { "type": "Point", "coordinates": [ -100.322649063929006, 26.111000080454399, 0.0 ] } },
{ "type": "Feature", "properties": { "PKs": "173+700" }, "geometry": { "type": "Point", "coordinates": [ -100.322599704365999, 26.110098403756499, 0.0 ] } },
{ "type": "Feature", "properties": { "PKs": "173+600" }, "geometry": { "type": "Point", "coordinates": [ -100.322550345869999, 26.1091967266556, 0.0 ] } },
{ "type": "Feature", "properties": { "PKs": "173+500" }, "geometry": { "type": "Point", "coordinates": [ -100.322489687957997, 26.1082897808928, 0.0 ] } },
{ "type": "Feature", "properties": { "PKs": "173+400" }, "geometry": { "type": "Point", "coordinates": [ -100.322367035284998, 26.107379422287998, 0.0 ] } },
{ "type": "Feature", "properties": { "PKs": "173+300" }, "geometry": { "type": "Point", "coordinates": [ -100.322161058079004, 26.106480906971999, 0.0 ] } },
{ "type": "Feature", "properties": { "PKs": "173+200" }, "geometry": { "type": "Point", "coordinates": [ -100.321874658287996, 26.105601954853402, 0.0 ] } },
{ "type": "Feature", "properties": { "PKs": "173+100" }, "geometry": { "type": "Point", "coordinates": [ -100.321542975634998, 26.104746297380601, 0.0 ] } },
{ "type": "Feature", "properties": { "PKs": "173+000" }, "geometry": { "type": "Point", "coordinates": [ -100.321207324590006, 26.1038959039658, 0.0 ] } },
{ "type": "Feature", "properties": { "PKs": "172+900" }, "geometry": { "type": "Point", "coordinates": [ -100.320871678654996, 26.103045509485501, 0.0 ] } },
{ "type": "Feature", "properties": { "PKs": "172+800" }, "geometry": { "type": "Point", "coordinates": [ -100.320536037829996, 26.102195113939999, 0.0 ] } },
{ "type": "Feature", "properties": { "PKs": "172+700" }, "geometry": { "type": "Point", "coordinates": [ -100.320200402115006, 26.101344717329301, 0.0 ] } },
{ "type": "Feature", "properties": { "PKs": "172+600" }, "geometry": { "type": "Point", "coordinates": [ -100.319864771509998, 26.1004943196535, 0.0 ] } },
{ "type": "Feature", "properties": { "PKs": "172+500" }, "geometry": { "type": "Point", "coordinates": [ -100.319529146012997, 26.099643920912701, 0.0 ] } },
{ "type": "Feature", "properties": { "PKs": "172+400" }, "geometry": { "type": "Point", "coordinates": [ -100.319193525626005, 26.098793521106899, 0.0 ] } },
{ "type": "Feature", "properties": { "PKs": "172+300" }, "geometry": { "type": "Point", "coordinates": [ -100.318857910345997, 26.097943120236302, 0.0 ] } },
{ "type": "Feature", "properties": { "PKs": "172+200" }, "geometry": { "type": "Point", "coordinates": [ -100.318522300175005, 26.097092718300999, 0.0 ] } },
{ "type": "Feature", "properties": { "PKs": "172+100" }, "geometry": { "type": "Point", "coordinates": [ -100.318186695112004, 26.096242315300898, 0.0 ] } },
{ "type": "Feature", "properties": { "PKs": "172+000" }, "geometry": { "type": "Point", "coordinates": [ -100.317851095156996, 26.095391911236401, 0.0 ] } },
{ "type": "Feature", "properties": { "PKs": "171+900" }, "geometry": { "type": "Point", "coordinates": [ -100.317515500308005, 26.094541506107301, 0.0 ] } },
{ "type": "Feature", "properties": { "PKs": "171+800" }, "geometry": { "type": "Point", "coordinates": [ -100.317179910567006, 26.093691099913801, 0.0 ] } },
{ "type": "Feature", "properties": { "PKs": "171+700" }, "geometry": { "type": "Point", "coordinates": [ -100.316844325931996, 26.0928406926561, 0.0 ] } },
{ "type": "Feature", "properties": { "PKs": "171+600" }, "geometry": { "type": "Point", "coordinates": [ -100.316508746403997, 26.091990284334099, 0.0 ] } },
{ "type": "Feature", "properties": { "PKs": "171+500" }, "geometry": { "type": "Point", "coordinates": [ -100.316173171981006, 26.091139874947999, 0.0 ] } },
{ "type": "Feature", "properties": { "PKs": "171+400" }, "geometry": { "type": "Point", "coordinates": [ -100.315837602664004, 26.0902894644979, 0.0 ] } },
{ "type": "Feature", "properties": { "PKs": "171+300" }, "geometry": { "type": "Point", "coordinates": [ -100.315502038453005, 26.089439052983799, 0.0 ] } },
{ "type": "Feature", "properties": { "PKs": "171+200" }, "geometry": { "type": "Point", "coordinates": [ -100.315166479346004, 26.088588640405899, 0.0 ] } },
{ "type": "Feature", "properties": { "PKs": "171+100" }, "geometry": { "type": "Point", "coordinates": [ -100.314830925343998, 26.087738226764198, 0.0 ] } },
{ "type": "Feature", "properties": { "PKs": "171+000" }, "geometry": { "type": "Point", "coordinates": [ -100.314495376446999, 26.086887812058901, 0.0 ] } },
{ "type": "Feature", "properties": { "PKs": "170+900" }, "geometry": { "type": "Point", "coordinates": [ -100.314159832653004, 26.0860373962899, 0.0 ] } },
{ "type": "Feature", "properties": { "PKs": "170+800" }, "geometry": { "type": "Point", "coordinates": [ -100.313824293964004, 26.0851869794575, 0.0 ] } },
{ "type": "Feature", "properties": { "PKs": "170+700" }, "geometry": { "type": "Point", "coordinates": [ -100.313488760377993, 26.084336561561699, 0.0 ] } },
{ "type": "Feature", "properties": { "PKs": "170+600" }, "geometry": { "type": "Point", "coordinates": [ -100.313153231895001, 26.083486142602499, 0.0 ] } },
{ "type": "Feature", "properties": { "PKs": "170+500" }, "geometry": { "type": "Point", "coordinates": [ -100.312817708514004, 26.0826357225801, 0.0 ] } },
{ "type": "Feature", "properties": { "PKs": "170+400" }, "geometry": { "type": "Point", "coordinates": [ -100.312482190237006, 26.081785301494602, 0.0 ] } },
{ "type": "Feature", "properties": { "PKs": "170+300" }, "geometry": { "type": "Point", "coordinates": [ -100.312146677060994, 26.080934879346, 0.0 ] } },
{ "type": "Feature", "properties": { "PKs": "170+200" }, "geometry": { "type": "Point", "coordinates": [ -100.311811168988001, 26.0800844561345, 0.0 ] } },
{ "type": "Feature", "properties": { "PKs": "170+100" }, "geometry": { "type": "Point", "coordinates": [ -100.311475666015994, 26.079234031860199, 0.0 ] } },
{ "type": "Feature", "properties": { "PKs": "170+000" }, "geometry": { "type": "Point", "coordinates": [ -100.311140168145002, 26.078383606523001, 0.0 ] } },
{ "type": "Feature", "properties": { "PKs": "169+900" }, "geometry": { "type": "Point", "coordinates": [ -100.310804675374996, 26.077533180123201, 0.0 ] } },
{ "type": "Feature", "properties": { "PKs": "169+800" }, "geometry": { "type": "Point", "coordinates": [ -100.310469187706005, 26.076682752660702, 0.0 ] } },
{ "type": "Feature", "properties": { "PKs": "169+700" }, "geometry": { "type": "Point", "coordinates": [ -100.310133705137005, 26.075832324135799, 0.0 ] } },
{ "type": "Feature", "properties": { "PKs": "169+600" }, "geometry": { "type": "Point", "coordinates": [ -100.309798227667997, 26.074981894548401, 0.0 ] } },
{ "type": "Feature", "properties": { "PKs": "169+500" }, "geometry": { "type": "Point", "coordinates": [ -100.309462755298995, 26.074131463898699, 0.0 ] } },
{ "type": "Feature", "properties": { "PKs": "169+400" }, "geometry": { "type": "Point", "coordinates": [ -100.309127288029003, 26.073281032186799, 0.0 ] } },
{ "type": "Feature", "properties": { "PKs": "169+300" }, "geometry": { "type": "Point", "coordinates": [ -100.308791825857995, 26.072430599412701, 0.0 ] } },
{ "type": "Feature", "properties": { "PKs": "169+200" }, "geometry": { "type": "Point", "coordinates": [ -100.308456368785997, 26.071580165576499, 0.0 ] } },
{ "type": "Feature", "properties": { "PKs": "169+100" }, "geometry": { "type": "Point", "coordinates": [ -100.308120916812001, 26.070729730678401, 0.0 ] } },
{ "type": "Feature", "properties": { "PKs": "169+000" }, "geometry": { "type": "Point", "coordinates": [ -100.307785469935993, 26.069879294718401, 0.0 ] } },
{ "type": "Feature", "properties": { "PKs": "168+900" }, "geometry": { "type": "Point", "coordinates": [ -100.307450028158996, 26.069028857696701, 0.0 ] } },
{ "type": "Feature", "properties": { "PKs": "168+800" }, "geometry": { "type": "Point", "coordinates": [ -100.307114548667002, 26.0681783575255, 0.0 ] } },
{ "type": "Feature", "properties": { "PKs": "168+700" }, "geometry": { "type": "Point", "coordinates": [ -100.306768168752996, 26.067327165209601, 0.0 ] } },
{ "type": "Feature", "properties": { "PKs": "168+600" }, "geometry": { "type": "Point", "coordinates": [ -100.306396128398006, 26.0664838697985, 0.0 ] } },
{ "type": "Feature", "properties": { "PKs": "168+500" }, "geometry": { "type": "Point", "coordinates": [ -100.305998304306996, 26.065650230878202, 0.0 ] } },
{ "type": "Feature", "properties": { "PKs": "168+400" }, "geometry": { "type": "Point", "coordinates": [ -100.305575003848006, 26.064826891422001, 0.0 ] } },
{ "type": "Feature", "properties": { "PKs": "168+300" }, "geometry": { "type": "Point", "coordinates": [ -100.305126554015999, 26.064014486447, 0.0 ] } },
{ "type": "Feature", "properties": { "PKs": "168+200" }, "geometry": { "type": "Point", "coordinates": [ -100.304653301179997, 26.063213642524701, 0.0 ] } },
{ "type": "Feature", "properties": { "PKs": "168+100" }, "geometry": { "type": "Point", "coordinates": [ -100.304159303641995, 26.0624255027633, 0.0 ] } },
{ "type": "Feature", "properties": { "PKs": "168+000" }, "geometry": { "type": "Point", "coordinates": [ -100.303662499523995, 26.061642124496199, 0.0 ] } },
{ "type": "Feature", "properties": { "PKs": "167+900" }, "geometry": { "type": "Point", "coordinates": [ -100.303165702179996, 26.060858744185499, 0.0 ] } },
{ "type": "Feature", "properties": { "PKs": "167+800" }, "geometry": { "type": "Point", "coordinates": [ -100.302668918232996, 26.0600753708963, 0.0 ] } },
{ "type": "Feature", "properties": { "PKs": "167+700" }, "geometry": { "type": "Point", "coordinates": [ -100.302189984159, 26.059292294574199, 0.0 ] } },
{ "type": "Feature", "properties": { "PKs": "167+600" }, "geometry": { "type": "Point", "coordinates": [ -100.301785010303007, 26.0584869020818, 0.0 ] } },
{ "type": "Feature", "properties": { "PKs": "167+500" }, "geometry": { "type": "Point", "coordinates": [ -100.301471109456003, 26.057649217810301, 0.0 ] } },
{ "type": "Feature", "properties": { "PKs": "167+400" }, "geometry": { "type": "Point", "coordinates": [ -100.301251368750002, 26.056787412426502, 0.0 ] } },
{ "type": "Feature", "properties": { "PKs": "167+300" }, "geometry": { "type": "Point", "coordinates": [ -100.301127981828003, 26.055910097306601, 0.0 ] } },
{ "type": "Feature", "properties": { "PKs": "167+200" }, "geometry": { "type": "Point", "coordinates": [ -100.301102179428, 26.055026038617601, 0.0 ] } },
{ "type": "Feature", "properties": { "PKs": "167+100" }, "geometry": { "type": "Point", "coordinates": [ -100.30117285035, 26.054142134829402, 0.0 ] } },
{ "type": "Feature", "properties": { "PKs": "167+000" }, "geometry": { "type": "Point", "coordinates": [ -100.301301738738005, 26.0532507484589, 0.0 ] } },
{ "type": "Feature", "properties": { "PKs": "166+900" }, "geometry": { "type": "Point", "coordinates": [ -100.301436123030001, 26.052356155774898, 0.0 ] } },
{ "type": "Feature", "properties": { "PKs": "166+800" }, "geometry": { "type": "Point", "coordinates": [ -100.301570505588998, 26.051461562935302, 0.0 ] } },
{ "type": "Feature", "properties": { "PKs": "166+700" }, "geometry": { "type": "Point", "coordinates": [ -100.301704886417994, 26.050566969939901, 0.0 ] } },
{ "type": "Feature", "properties": { "PKs": "166+600" }, "geometry": { "type": "Point", "coordinates": [ -100.301839265515, 26.049672376789001, 0.0 ] } },
{ "type": "Feature", "properties": { "PKs": "166+500" }, "geometry": { "type": "Point", "coordinates": [ -100.301971902437003, 26.048775340139098, 0.0 ] } },
{ "type": "Feature", "properties": { "PKs": "166+400" }, "geometry": { "type": "Point", "coordinates": [ -100.302056287515995, 26.047859775079701, 0.0 ] } },
{ "type": "Feature", "properties": { "PKs": "166+300" }, "geometry": { "type": "Point", "coordinates": [ -100.302033329015003, 26.046937839958598, 0.0 ] } },
{ "type": "Feature", "properties": { "PKs": "166+200" }, "geometry": { "type": "Point", "coordinates": [ -100.301911932851993, 26.046029204500499, 0.0 ] } },
{ "type": "Feature", "properties": { "PKs": "166+100" }, "geometry": { "type": "Point", "coordinates": [ -100.301762660891001, 26.0451360551242, 0.0 ] } },
{ "type": "Feature", "properties": { "PKs": "166+000" }, "geometry": { "type": "Point", "coordinates": [ -100.301613263777, 26.044243407895301, 0.0 ] } },
{ "type": "Feature", "properties": { "PKs": "165+900" }, "geometry": { "type": "Point", "coordinates": [ -100.301463869233999, 26.043350760318599, 0.0 ] } },
{ "type": "Feature", "properties": { "PKs": "165+800" }, "geometry": { "type": "Point", "coordinates": [ -100.301314477261002, 26.042458112394002, 0.0 ] } },
{ "type": "Feature", "properties": { "PKs": "165+700" }, "geometry": { "type": "Point", "coordinates": [ -100.301165293362004, 26.041565782680401, 0.0 ] } },
{ "type": "Feature", "properties": { "PKs": "165+600" }, "geometry": { "type": "Point", "coordinates": [ -100.301037877037004, 26.040679416852601, 0.0 ] } },
{ "type": "Feature", "properties": { "PKs": "165+500" }, "geometry": { "type": "Point", "coordinates": [ -100.300981671181006, 26.039793380984001, 0.0 ] } },
{ "type": "Feature", "properties": { "PKs": "165+400" }, "geometry": { "type": "Point", "coordinates": [ -100.301007293864004, 26.038906135979602, 0.0 ] } },
{ "type": "Feature", "properties": { "PKs": "165+300" }, "geometry": { "type": "Point", "coordinates": [ -100.301101037481999, 26.038015282162601, 0.0 ] } },
{ "type": "Feature", "properties": { "PKs": "165+200" }, "geometry": { "type": "Point", "coordinates": [ -100.301212354710998, 26.037118248263599, 0.0 ] } },
{ "type": "Feature", "properties": { "PKs": "165+100" }, "geometry": { "type": "Point", "coordinates": [ -100.301323726478003, 26.036221079830899, 0.0 ] } },
{ "type": "Feature", "properties": { "PKs": "165+000" }, "geometry": { "type": "Point", "coordinates": [ -100.301425593404005, 26.035317245861801, 0.0 ] } },
{ "type": "Feature", "properties": { "PKs": "164+900" }, "geometry": { "type": "Point", "coordinates": [ -100.301465189598005, 26.034400267190399, 0.0 ] } },
{ "type": "Feature", "properties": { "PKs": "164+800" }, "geometry": { "type": "Point", "coordinates": [ -100.301416773198994, 26.033483105458401, 0.0 ] } },
{ "type": "Feature", "properties": { "PKs": "164+700" }, "geometry": { "type": "Point", "coordinates": [ -100.301280374162999, 26.032573207536299, 0.0 ] } },
{ "type": "Feature", "properties": { "PKs": "164+600" }, "geometry": { "type": "Point", "coordinates": [ -100.301058015064001, 26.031678242101901, 0.0 ] } },
{ "type": "Feature", "properties": { "PKs": "164+500" }, "geometry": { "type": "Point", "coordinates": [ -100.300782783141997, 26.030805649657498, 0.0 ] } },
{ "type": "Feature", "properties": { "PKs": "164+400" }, "geometry": { "type": "Point", "coordinates": [ -100.300502012596993, 26.029939225201201, 0.0 ] } },
{ "type": "Feature", "properties": { "PKs": "164+300" }, "geometry": { "type": "Point", "coordinates": [ -100.300221246449993, 26.029072799941499, 0.0 ] } },
{ "type": "Feature", "properties": { "PKs": "164+200" }, "geometry": { "type": "Point", "coordinates": [ -100.299940484698993, 26.028206373878501, 0.0 ] } },
{ "type": "Feature", "properties": { "PKs": "164+100" }, "geometry": { "type": "Point", "coordinates": [ -100.299659727343993, 26.027339947012099, 0.0 ] } },
{ "type": "Feature", "properties": { "PKs": "164+000" }, "geometry": { "type": "Point", "coordinates": [ -100.299378974384993, 26.026473519342598, 0.0 ] } },
{ "type": "Feature", "properties": { "PKs": "163+900" }, "geometry": { "type": "Point", "coordinates": [ -100.299098225821993, 26.025607090869901, 0.0 ] } },
{ "type": "Feature", "properties": { "PKs": "163+800" }, "geometry": { "type": "Point", "coordinates": [ -100.298817481655007, 26.024740661594201, 0.0 ] } },
{ "type": "Feature", "properties": { "PKs": "163+700" }, "geometry": { "type": "Point", "coordinates": [ -100.298536741882003, 26.0238742315154, 0.0 ] } },
{ "type": "Feature", "properties": { "PKs": "163+600" }, "geometry": { "type": "Point", "coordinates": [ -100.298256006505, 26.0230078006337, 0.0 ] } },
{ "type": "Feature", "properties": { "PKs": "163+500" }, "geometry": { "type": "Point", "coordinates": [ -100.297975275522006, 26.0221413689491, 0.0 ] } },
{ "type": "Feature", "properties": { "PKs": "163+400" }, "geometry": { "type": "Point", "coordinates": [ -100.297694548932995, 26.021274936461701, 0.0 ] } },
{ "type": "Feature", "properties": { "PKs": "163+300" }, "geometry": { "type": "Point", "coordinates": [ -100.297413826739003, 26.020408503171499, 0.0 ] } },
{ "type": "Feature", "properties": { "PKs": "163+200" }, "geometry": { "type": "Point", "coordinates": [ -100.297133108937999, 26.0195420690787, 0.0 ] } },
{ "type": "Feature", "properties": { "PKs": "163+100" }, "geometry": { "type": "Point", "coordinates": [ -100.296852395531005, 26.0186756341832, 0.0 ] } },
{ "type": "Feature", "properties": { "PKs": "163+000" }, "geometry": { "type": "Point", "coordinates": [ -100.296571686516998, 26.0178091984851, 0.0 ] } },
{ "type": "Feature", "properties": { "PKs": "162+900" }, "geometry": { "type": "Point", "coordinates": [ -100.296290981895993, 26.016942761984598, 0.0 ] } },
{ "type": "Feature", "properties": { "PKs": "162+800" }, "geometry": { "type": "Point", "coordinates": [ -100.296010281668003, 26.016076324681599, 0.0 ] } },
{ "type": "Feature", "properties": { "PKs": "162+700" }, "geometry": { "type": "Point", "coordinates": [ -100.295729585832007, 26.015209886576201, 0.0 ] } },
{ "type": "Feature", "properties": { "PKs": "162+600" }, "geometry": { "type": "Point", "coordinates": [ -100.295448894388002, 26.014343447668601, 0.0 ] } },
{ "type": "Feature", "properties": { "PKs": "162+500" }, "geometry": { "type": "Point", "coordinates": [ -100.295168207336999, 26.013477007958699, 0.0 ] } },
{ "type": "Feature", "properties": { "PKs": "162+400" }, "geometry": { "type": "Point", "coordinates": [ -100.294887524676, 26.0126105674466, 0.0 ] } },
{ "type": "Feature", "properties": { "PKs": "162+300" }, "geometry": { "type": "Point", "coordinates": [ -100.294606846407007, 26.011744126132498, 0.0 ] } },
{ "type": "Feature", "properties": { "PKs": "162+200" }, "geometry": { "type": "Point", "coordinates": [ -100.294326172528997, 26.0108776840163, 0.0 ] } },
{ "type": "Feature", "properties": { "PKs": "162+100" }, "geometry": { "type": "Point", "coordinates": [ -100.294045503042, 26.010011241098098, 0.0 ] } },
{ "type": "Feature", "properties": { "PKs": "162+000" }, "geometry": { "type": "Point", "coordinates": [ -100.293764837945005, 26.009144797377999, 0.0 ] } },
{ "type": "Feature", "properties": { "PKs": "161+900" }, "geometry": { "type": "Point", "coordinates": [ -100.293484177238994, 26.008278352855999, 0.0 ] } },
{ "type": "Feature", "properties": { "PKs": "161+800" }, "geometry": { "type": "Point", "coordinates": [ -100.293203520922006, 26.007411907532301, 0.0 ] } },
{ "type": "Feature", "properties": { "PKs": "161+700" }, "geometry": { "type": "Point", "coordinates": [ -100.292922868995007, 26.006545461406802, 0.0 ] } },
{ "type": "Feature", "properties": { "PKs": "161+600" }, "geometry": { "type": "Point", "coordinates": [ -100.292642221457001, 26.0056790144797, 0.0 ] } },
{ "type": "Feature", "properties": { "PKs": "161+500" }, "geometry": { "type": "Point", "coordinates": [ -100.292361578308004, 26.004812566750999, 0.0 ] } },
{ "type": "Feature", "properties": { "PKs": "161+400" }, "geometry": { "type": "Point", "coordinates": [ -100.292080939548995, 26.003946118220799, 0.0 ] } },
{ "type": "Feature", "properties": { "PKs": "161+300" }, "geometry": { "type": "Point", "coordinates": [ -100.291800305177006, 26.0030796688891, 0.0 ] } },
{ "type": "Feature", "properties": { "PKs": "161+200" }, "geometry": { "type": "Point", "coordinates": [ -100.291519675193996, 26.002213218756101, 0.0 ] } },
{ "type": "Feature", "properties": { "PKs": "161+100" }, "geometry": { "type": "Point", "coordinates": [ -100.291239049599, 26.001346767821701, 0.0 ] } },
{ "type": "Feature", "properties": { "PKs": "161+000" }, "geometry": { "type": "Point", "coordinates": [ -100.290958428392003, 26.000480316086001, 0.0 ] } },
{ "type": "Feature", "properties": { "PKs": "160+900" }, "geometry": { "type": "Point", "coordinates": [ -100.290677811571996, 25.999613863549101, 0.0 ] } },
{ "type": "Feature", "properties": { "PKs": "160+800" }, "geometry": { "type": "Point", "coordinates": [ -100.290397199138994, 25.998747410211099, 0.0 ] } },
{ "type": "Feature", "properties": { "PKs": "160+700" }, "geometry": { "type": "Point", "coordinates": [ -100.290116591092996, 25.997880956071999, 0.0 ] } },
{ "type": "Feature", "properties": { "PKs": "160+600" }, "geometry": { "type": "Point", "coordinates": [ -100.289835987432994, 25.9970145011319, 0.0 ] } },
{ "type": "Feature", "properties": { "PKs": "160+500" }, "geometry": { "type": "Point", "coordinates": [ -100.289555388159997, 25.9961480453909, 0.0 ] } },
{ "type": "Feature", "properties": { "PKs": "160+400" }, "geometry": { "type": "Point", "coordinates": [ -100.289274793272995, 25.995281588849, 0.0 ] } },
{ "type": "Feature", "properties": { "PKs": "160+300" }, "geometry": { "type": "Point", "coordinates": [ -100.288994202772002, 25.994415131506301, 0.0 ] } },
{ "type": "Feature", "properties": { "PKs": "160+200" }, "geometry": { "type": "Point", "coordinates": [ -100.288713616655997, 25.993548673362799, 0.0 ] } },
{ "type": "Feature", "properties": { "PKs": "160+100" }, "geometry": { "type": "Point", "coordinates": [ -100.288433034925006, 25.9926822144187, 0.0 ] } },
{ "type": "Feature", "properties": { "PKs": "160+000" }, "geometry": { "type": "Point", "coordinates": [ -100.288152457579002, 25.991815754673901, 0.0 ] } },
{ "type": "Feature", "properties": { "PKs": "159+900" }, "geometry": { "type": "Point", "coordinates": [ -100.287871884617999, 25.990949294128601, 0.0 ] } },
{ "type": "Feature", "properties": { "PKs": "159+800" }, "geometry": { "type": "Point", "coordinates": [ -100.287591316041997, 25.9900828327828, 0.0 ] } },
{ "type": "Feature", "properties": { "PKs": "159+700" }, "geometry": { "type": "Point", "coordinates": [ -100.287310751849006, 25.989216370636601, 0.0 ] } },
{ "type": "Feature", "properties": { "PKs": "159+600" }, "geometry": { "type": "Point", "coordinates": [ -100.287030192040007, 25.988349907690001, 0.0 ] } },
{ "type": "Feature", "properties": { "PKs": "159+500" }, "geometry": { "type": "Point", "coordinates": [ -100.286749636614999, 25.987483443943098, 0.0 ] } },
{ "type": "Feature", "properties": { "PKs": "159+400" }, "geometry": { "type": "Point", "coordinates": [ -100.286469085573003, 25.986616979396, 0.0 ] } },
{ "type": "Feature", "properties": { "PKs": "215" }, "geometry": { "type": "Point", "coordinates": [ -100.425541626837003, 26.4685664921452, 0.0 ] } },
{ "type": "Feature", "properties": { "PKs": "215" }, "geometry": { "type": "Point", "coordinates": [ -100.42404620984, 26.465878549682699, 0.0 ] } },
{ "type": "Feature", "properties": { "PKs": "214" }, "geometry": { "type": "Point", "coordinates": [ -100.419659120481001, 26.457831727453598, 0.0 ] } },
{ "type": "Feature", "properties": { "PKs": "213" }, "geometry": { "type": "Point", "coordinates": [ -100.415790934086004, 26.449502574574101, 0.0 ] } },
{ "type": "Feature", "properties": { "PKs": "212" }, "geometry": { "type": "Point", "coordinates": [ -100.411923694058999, 26.441173770338999, 0.0 ] } },
{ "type": "Feature", "properties": { "PKs": "211" }, "geometry": { "type": "Point", "coordinates": [ -100.408055930207993, 26.432842449974501, 0.0 ] } },
{ "type": "Feature", "properties": { "PKs": "210" }, "geometry": { "type": "Point", "coordinates": [ -100.404190956218997, 26.424515752746899, 0.0 ] } },
{ "type": "Feature", "properties": { "PKs": "209" }, "geometry": { "type": "Point", "coordinates": [ -100.400325457717003, 26.4161865396214, 0.0 ] } },
{ "type": "Feature", "properties": { "PKs": "208" }, "geometry": { "type": "Point", "coordinates": [ -100.396460539035004, 26.407857190430398, 0.0 ] } },
{ "type": "Feature", "properties": { "PKs": "207" }, "geometry": { "type": "Point", "coordinates": [ -100.394359290170996, 26.399156351118702, 0.0 ] } },
{ "type": "Feature", "properties": { "PKs": "206" }, "geometry": { "type": "Point", "coordinates": [ -100.393104758217007, 26.390200123141799, 0.0 ] } },
{ "type": "Feature", "properties": { "PKs": "205" }, "geometry": { "type": "Point", "coordinates": [ -100.391850453222006, 26.381243865595302, 0.0 ] } },
{ "type": "Feature", "properties": { "PKs": "204" }, "geometry": { "type": "Point", "coordinates": [ -100.390596195908003, 26.372286299023202, 0.0 ] } },
{ "type": "Feature", "properties": { "PKs": "203" }, "geometry": { "type": "Point", "coordinates": [ -100.389342523549004, 26.363331261856199, 0.0 ] } },
{ "type": "Feature", "properties": { "PKs": "202" }, "geometry": { "type": "Point", "coordinates": [ -100.388088898589999, 26.354374915694802, 0.0 ] } },
{ "type": "Feature", "properties": { "PKs": "201" }, "geometry": { "type": "Point", "coordinates": [ -100.386835858110999, 26.345421098994901, 0.0 ] } },
{ "type": "Feature", "properties": { "PKs": "200" }, "geometry": { "type": "Point", "coordinates": [ -100.385582327726993, 26.336462134866, 0.0 ] } },
{ "type": "Feature", "properties": { "PKs": "199" }, "geometry": { "type": "Point", "coordinates": [ -100.384329023589999, 26.327503141244399, 0.0 ] } },
{ "type": "Feature", "properties": { "PKs": "198" }, "geometry": { "type": "Point", "coordinates": [ -100.383076303447993, 26.318546677139601, 0.0 ] } },
{ "type": "Feature", "properties": { "PKs": "197" }, "geometry": { "type": "Point", "coordinates": [ -100.381823809143995, 26.309590183589901, 0.0 ] } },
{ "type": "Feature", "properties": { "PKs": "196" }, "geometry": { "type": "Point", "coordinates": [ -100.380571540538, 26.300633660611101, 0.0 ] } },
{ "type": "Feature", "properties": { "PKs": "195" }, "geometry": { "type": "Point", "coordinates": [ -100.379319497490002, 26.291677108218501, 0.0 ] } },
{ "type": "Feature", "properties": { "PKs": "194" }, "geometry": { "type": "Point", "coordinates": [ -100.378067501046004, 26.282719246914201, 0.0 ] } },
{ "type": "Feature", "properties": { "PKs": "193" }, "geometry": { "type": "Point", "coordinates": [ -100.376816087509994, 26.2737639152549, 0.0 ] } },
{ "type": "Feature", "properties": { "PKs": "192" }, "geometry": { "type": "Point", "coordinates": [ -100.375564720298996, 26.264807274714901, 0.0 ] } },
{ "type": "Feature", "properties": { "PKs": "191" }, "geometry": { "type": "Point", "coordinates": [ -100.374313935524995, 26.255853163876299, 0.0 ] } },
{ "type": "Feature", "properties": { "PKs": "190" }, "geometry": { "type": "Point", "coordinates": [ -100.373062660735997, 26.246893905596298, 0.0 ] } },
{ "type": "Feature", "properties": { "PKs": "189" }, "geometry": { "type": "Point", "coordinates": [ -100.371811968106002, 26.237937177048899, 0.0 ] } },
{ "type": "Feature", "properties": { "PKs": "188" }, "geometry": { "type": "Point", "coordinates": [ -100.370561500055999, 26.228980419196699, 0.0 ] } },
{ "type": "Feature", "properties": { "PKs": "187" }, "geometry": { "type": "Point", "coordinates": [ -100.369311256448995, 26.220023632055302, 0.0 ] } },
{ "type": "Feature", "properties": { "PKs": "186" }, "geometry": { "type": "Point", "coordinates": [ -100.366633586839995, 26.211310135091999, 0.0 ] } },
{ "type": "Feature", "properties": { "PKs": "185" }, "geometry": { "type": "Point", "coordinates": [ -100.362486455983998, 26.2030942253703, 0.0 ] } },
{ "type": "Feature", "properties": { "PKs": "184" }, "geometry": { "type": "Point", "coordinates": [ -100.356531952403003, 26.1956002422083, 0.0 ] } },
{ "type": "Feature", "properties": { "PKs": "183" }, "geometry": { "type": "Point", "coordinates": [ -100.351270745443998, 26.188351524858099, 0.0 ] } },
{ "type": "Feature", "properties": { "PKs": "182" }, "geometry": { "type": "Point", "coordinates": [ -100.346880893410997, 26.180423530914201, 0.0 ] } },
{ "type": "Feature", "properties": { "PKs": "181" }, "geometry": { "type": "Point", "coordinates": [ -100.343137287169995, 26.172048904274799, 0.0 ] } },
{ "type": "Feature", "properties": { "PKs": "180" }, "geometry": { "type": "Point", "coordinates": [ -100.339914587994002, 26.163420039182, 0.0 ] } },
{ "type": "Feature", "properties": { "PKs": "179" }, "geometry": { "type": "Point", "coordinates": [ -100.338627011406999, 26.1546189391829, 0.0 ] } },
{ "type": "Feature", "properties": { "PKs": "178" }, "geometry": { "type": "Point", "coordinates": [ -100.333597797408999, 26.146715233065802, 0.0 ] } },
{ "type": "Feature", "properties": { "PKs": "177" }, "geometry": { "type": "Point", "coordinates": [ -100.329491359420999, 26.138679551471601, 0.0 ] } },
{ "type": "Feature", "properties": { "PKs": "176" }, "geometry": { "type": "Point", "coordinates": [ -100.325605647141003, 26.130361014114399, 0.0 ] } },
{ "type": "Feature", "properties": { "PKs": "175" }, "geometry": { "type": "Point", "coordinates": [ -100.323876335587002, 26.121711799256602, 0.0 ] } },
{ "type": "Feature", "properties": { "PKs": "174" }, "geometry": { "type": "Point", "coordinates": [ -100.323382540430998, 26.112693759746399, 0.0 ] } },
{ "type": "Feature", "properties": { "PKs": "173" }, "geometry": { "type": "Point", "coordinates": [ -100.321780391323003, 26.103626630490499, 0.0 ] } },
{ "type": "Feature", "properties": { "PKs": "172" }, "geometry": { "type": "Point", "coordinates": [ -100.318424129662006, 26.095122652085799, 0.0 ] } },
{ "type": "Feature", "properties": { "PKs": "171" }, "geometry": { "type": "Point", "coordinates": [ -100.315069337446005, 26.0866209969778, 0.0 ] } },
{ "type": "Feature", "properties": { "PKs": "170" }, "geometry": { "type": "Point", "coordinates": [ -100.311713138220995, 26.078114375995, 0.0 ] } },
{ "type": "Feature", "properties": { "PKs": "169" }, "geometry": { "type": "Point", "coordinates": [ -100.308358407811994, 26.069610078488299, 0.0 ] } },
{ "type": "Feature", "properties": { "PKs": "168" }, "geometry": { "type": "Point", "coordinates": [ -100.304400364231, 26.061352536354001, 0.0 ] } },
{ "type": "Feature", "properties": { "PKs": "167" }, "geometry": { "type": "Point", "coordinates": [ -100.301947491026993, 26.053249199015099, 0.0 ] } },
{ "type": "Feature", "properties": { "PKs": "166" }, "geometry": { "type": "Point", "coordinates": [ -100.302232452962002, 26.044077971900201, 0.0 ] } },
{ "type": "Feature", "properties": { "PKs": "165" }, "geometry": { "type": "Point", "coordinates": [ -100.302070174288005, 26.035283595871299, 0.0 ] } },
{ "type": "Feature", "properties": { "PKs": "164" }, "geometry": { "type": "Point", "coordinates": [ -100.299967458029002, 26.026233201670198, 0.0 ] } },
{ "type": "Feature", "properties": { "PKs": "163" }, "geometry": { "type": "Point", "coordinates": [ -100.297160535016999, 26.017570131150599, 0.0 ] } },
{ "type": "Feature", "properties": { "PKs": "162" }, "geometry": { "type": "Point", "coordinates": [ -100.294353650236005, 26.008905742620598, 0.0 ] } },
{ "type": "Feature", "properties": { "PKs": "161" }, "geometry": { "type": "Point", "coordinates": [ -100.291548006265003, 26.0002437494717, 0.0 ] } },
{ "type": "Feature", "properties": { "PKs": "160" }, "geometry": { "type": "Point", "coordinates": [ -100.288741197489998, 25.991576725046801, 0.0 ] } },
{ "type": "Feature", "properties": { "PKs": "110+645" }, "geometry": { "type": "Point", "coordinates": [ -100.465426134043, 25.6882259460691, 0.0 ] } },
{ "type": "Feature", "properties": { "PKs": "15" }, "geometry": { "type": "Point", "coordinates": [ -100.464707919438993, 25.689289462297101, 0.0 ] } },
{ "type": "Feature", "properties": { "PKs": "14" }, "geometry": { "type": "Point", "coordinates": [ -100.464818047166005, 25.689383128448, 0.0 ] } },
{ "type": "Feature", "properties": { "PKs": "110+287" }, "geometry": { "type": "Point", "coordinates": [ -100.467106231277995, 25.6916612011048, 0.0 ] } },
{ "type": "Feature", "properties": { "PKs": "110+300" }, "geometry": { "type": "Point", "coordinates": [ -100.467035423761004, 25.691584559094402, 0.0 ] } },
{ "type": "Feature", "properties": { "PKs": "110+200" }, "geometry": { "type": "Point", "coordinates": [ -100.467940548361995, 25.691965085265402, 0.0 ] } },
{ "type": "Feature", "properties": { "PKs": "110+100" }, "geometry": { "type": "Point", "coordinates": [ -100.468632871709005, 25.692614332007999, 0.0 ] } },
{ "type": "Feature", "properties": { "PKs": "109+900" }, "geometry": { "type": "Point", "coordinates": [ -100.470017540976997, 25.6939128144761, 0.0 ] } },
{ "type": "Feature", "properties": { "PKs": "109+800" }, "geometry": { "type": "Point", "coordinates": [ -100.470709886896998, 25.6945620502011, 0.0 ] } },
{ "type": "Feature", "properties": { "PKs": "109+700" }, "geometry": { "type": "Point", "coordinates": [ -100.471402240342996, 25.695211282252899, 0.0 ] } },
{ "type": "Feature", "properties": { "PKs": "109+600" }, "geometry": { "type": "Point", "coordinates": [ -100.472094601313003, 25.695860510631402, 0.0 ] } },
{ "type": "Feature", "properties": { "PKs": "109+500" }, "geometry": { "type": "Point", "coordinates": [ -100.472786969810002, 25.6965097353362, 0.0 ] } },
{ "type": "Feature", "properties": { "PKs": "109+400" }, "geometry": { "type": "Point", "coordinates": [ -100.473479345830995, 25.697158956367002, 0.0 ] } },
{ "type": "Feature", "properties": { "PKs": "109+300" }, "geometry": { "type": "Point", "coordinates": [ -100.474171729378995, 25.697808173723601, 0.0 ] } },
{ "type": "Feature", "properties": { "PKs": "109+200" }, "geometry": { "type": "Point", "coordinates": [ -100.474864120453006, 25.6984573874057, 0.0 ] } },
{ "type": "Feature", "properties": { "PKs": "109+100" }, "geometry": { "type": "Point", "coordinates": [ -100.475556519053995, 25.699106597413, 0.0 ] } },
{ "type": "Feature", "properties": { "PKs": "108+900" }, "geometry": { "type": "Point", "coordinates": [ -100.476962487809999, 25.700393342592001, 0.0 ] } },
{ "type": "Feature", "properties": { "PKs": "108+800" }, "geometry": { "type": "Point", "coordinates": [ -100.477674468908006, 25.701024936363599, 0.0 ] } },
{ "type": "Feature", "properties": { "PKs": "108+700" }, "geometry": { "type": "Point", "coordinates": [ -100.478386457517004, 25.701656526273698, 0.0 ] } },
{ "type": "Feature", "properties": { "PKs": "108+600" }, "geometry": { "type": "Point", "coordinates": [ -100.479098453635999, 25.702288112321899, 0.0 ] } },
{ "type": "Feature", "properties": { "PKs": "108+500" }, "geometry": { "type": "Point", "coordinates": [ -100.479810457265998, 25.702919694507901, 0.0 ] } },
{ "type": "Feature", "properties": { "PKs": "108+400" }, "geometry": { "type": "Point", "coordinates": [ -100.480522468405994, 25.703551272831501, 0.0 ] } },
{ "type": "Feature", "properties": { "PKs": "108+300" }, "geometry": { "type": "Point", "coordinates": [ -100.481228904405995, 25.7041841066488, 0.0 ] } },
{ "type": "Feature", "properties": { "PKs": "108+200" }, "geometry": { "type": "Point", "coordinates": [ -100.481922131798996, 25.7048290599765, 0.0 ] } },
{ "type": "Feature", "properties": { "PKs": "108+100" }, "geometry": { "type": "Point", "coordinates": [ -100.482614224653005, 25.705478565980499, 0.0 ] } },
{ "type": "Feature", "properties": { "PKs": "107+900" }, "geometry": { "type": "Point", "coordinates": [ -100.483998432950003, 25.7067775669653, 0.0 ] } },
{ "type": "Feature", "properties": { "PKs": "107+800" }, "geometry": { "type": "Point", "coordinates": [ -100.484690548393004, 25.707427061945399, 0.0 ] } },
{ "type": "Feature", "properties": { "PKs": "107+700" }, "geometry": { "type": "Point", "coordinates": [ -100.485382671365997, 25.708076553250201, 0.0 ] } },
{ "type": "Feature", "properties": { "PKs": "107+600" }, "geometry": { "type": "Point", "coordinates": [ -100.486074801870004, 25.708726040879601, 0.0 ] } },
{ "type": "Feature", "properties": { "PKs": "107+500" }, "geometry": { "type": "Point", "coordinates": [ -100.486766939904996, 25.709375524833099, 0.0 ] } },
{ "type": "Feature", "properties": { "PKs": "107+400" }, "geometry": { "type": "Point", "coordinates": [ -100.487459085469993, 25.710025005110602, 0.0 ] } },
{ "type": "Feature", "properties": { "PKs": "107+300" }, "geometry": { "type": "Point", "coordinates": [ -100.488151238566999, 25.710674481711699, 0.0 ] } },
{ "type": "Feature", "properties": { "PKs": "107+200" }, "geometry": { "type": "Point", "coordinates": [ -100.488843399196, 25.7113239546362, 0.0 ] } },
{ "type": "Feature", "properties": { "PKs": "107+100" }, "geometry": { "type": "Point", "coordinates": [ -100.489535567356, 25.711973423883698, 0.0 ] } },
{ "type": "Feature", "properties": { "PKs": "106+900" }, "geometry": { "type": "Point", "coordinates": [ -100.490919926274003, 25.713272351346799, 0.0 ] } },
{ "type": "Feature", "properties": { "PKs": "106+800" }, "geometry": { "type": "Point", "coordinates": [ -100.491612117030996, 25.713921809561899, 0.0 ] } },
{ "type": "Feature", "properties": { "PKs": "106+700" }, "geometry": { "type": "Point", "coordinates": [ -100.492304315322002, 25.7145712640989, 0.0 ] } },
{ "type": "Feature", "properties": { "PKs": "106+600" }, "geometry": { "type": "Point", "coordinates": [ -100.492996521145002, 25.7152207149575, 0.0 ] } },
{ "type": "Feature", "properties": { "PKs": "106+500" }, "geometry": { "type": "Point", "coordinates": [ -100.493688734502001, 25.715870162137499, 0.0 ] } },
{ "type": "Feature", "properties": { "PKs": "106+400" }, "geometry": { "type": "Point", "coordinates": [ -100.494402946468, 25.7165173857152, 0.0 ] } },
{ "type": "Feature", "properties": { "PKs": "106+300" }, "geometry": { "type": "Point", "coordinates": [ -100.495224942947999, 25.7170813582382, 0.0 ] } },
{ "type": "Feature", "properties": { "PKs": "106+200" }, "geometry": { "type": "Point", "coordinates": [ -100.496123412586996, 25.7175158214656, 0.0 ] } },
{ "type": "Feature", "properties": { "PKs": "106+100" }, "geometry": { "type": "Point", "coordinates": [ -100.497020039660001, 25.717909843779999, 0.0 ] } },
{ "type": "Feature", "properties": { "PKs": "105+900" }, "geometry": { "type": "Point", "coordinates": [ -100.498551378708996, 25.718911338242201, 0.0 ] } },
{ "type": "Feature", "properties": { "PKs": "105+800" }, "geometry": { "type": "Point", "coordinates": [ -100.499104475088004, 25.719633636346501, 0.0 ] } },
{ "type": "Feature", "properties": { "PKs": "105+700" }, "geometry": { "type": "Point", "coordinates": [ -100.499642930576996, 25.720393293796999, 0.0 ] } },
{ "type": "Feature", "properties": { "PKs": "105+600" }, "geometry": { "type": "Point", "coordinates": [ -100.500181393065006, 25.721152948875499, 0.0 ] } },
{ "type": "Feature", "properties": { "PKs": "105+500" }, "geometry": { "type": "Point", "coordinates": [ -100.500713144502001, 25.721911856415598, 0.0 ] } },
{ "type": "Feature", "properties": { "PKs": "105+400" }, "geometry": { "type": "Point", "coordinates": [ -100.501212395574996, 25.722685357294601, 0.0 ] } },
{ "type": "Feature", "properties": { "PKs": "105+300" }, "geometry": { "type": "Point", "coordinates": [ -100.501702329276, 25.723471500706399, 0.0 ] } },
{ "type": "Feature", "properties": { "PKs": "105+200" }, "geometry": { "type": "Point", "coordinates": [ -100.502210144808004, 25.724259451920702, 0.0 ] } },
{ "type": "Feature", "properties": { "PKs": "105+100" }, "geometry": { "type": "Point", "coordinates": [ -100.502814021644994, 25.725007172866398, 0.0 ] } },
{ "type": "Feature", "properties": { "PKs": "104+900" }, "geometry": { "type": "Point", "coordinates": [ -100.504163952905998, 25.7263478627791, 0.0 ] } },
{ "type": "Feature", "properties": { "PKs": "104+800" }, "geometry": { "type": "Point", "coordinates": [ -100.504840452536001, 25.727010805737201, 0.0 ] } },
{ "type": "Feature", "properties": { "PKs": "104+700" }, "geometry": { "type": "Point", "coordinates": [ -100.505516959702007, 25.727673745159102, 0.0 ] } },
{ "type": "Feature", "properties": { "PKs": "104+600" }, "geometry": { "type": "Point", "coordinates": [ -100.506193474404995, 25.7283366810445, 0.0 ] } },
{ "type": "Feature", "properties": { "PKs": "104+500" }, "geometry": { "type": "Point", "coordinates": [ -100.506869996643005, 25.7289996133931, 0.0 ] } },
{ "type": "Feature", "properties": { "PKs": "104+400" }, "geometry": { "type": "Point", "coordinates": [ -100.507546526417997, 25.729662542204601, 0.0 ] } },
{ "type": "Feature", "properties": { "PKs": "104+300" }, "geometry": { "type": "Point", "coordinates": [ -100.508222919706995, 25.7303254045936, 0.0 ] } },
{ "type": "Feature", "properties": { "PKs": "104+200" }, "geometry": { "type": "Point", "coordinates": [ -100.508848129325997, 25.7309513156154, 0.0 ] } },
{ "type": "Feature", "properties": { "PKs": "104+100" }, "geometry": { "type": "Point", "coordinates": [ -100.509567215519994, 25.7316570621404, 0.0 ] } },
{ "type": "Feature", "properties": { "PKs": "103+900" }, "geometry": { "type": "Point", "coordinates": [ -100.510910533870998, 25.7329910461956, 0.0 ] } },
{ "type": "Feature", "properties": { "PKs": "103+800" }, "geometry": { "type": "Point", "coordinates": [ -100.511547869053999, 25.733691594369201, 0.0 ] } },
{ "type": "Feature", "properties": { "PKs": "103+700" }, "geometry": { "type": "Point", "coordinates": [ -100.512253882360994, 25.734325016276301, 0.0 ] } },
{ "type": "Feature", "properties": { "PKs": "103+600" }, "geometry": { "type": "Point", "coordinates": [ -100.512925567907999, 25.734991996075401, 0.0 ] } },
{ "type": "Feature", "properties": { "PKs": "103+500" }, "geometry": { "type": "Point", "coordinates": [ -100.513597260991006, 25.735658972380101, 0.0 ] } },
{ "type": "Feature", "properties": { "PKs": "103+400" }, "geometry": { "type": "Point", "coordinates": [ -100.514277131678995, 25.736327090603201, 0.0 ] } },
{ "type": "Feature", "properties": { "PKs": "103+300" }, "geometry": { "type": "Point", "coordinates": [ -100.515054711763995, 25.736939686713001, 0.0 ] } },
{ "type": "Feature", "properties": { "PKs": "103+200" }, "geometry": { "type": "Point", "coordinates": [ -100.515930072725993, 25.737422704485901, 0.0 ] } },
{ "type": "Feature", "properties": { "PKs": "103+100" }, "geometry": { "type": "Point", "coordinates": [ -100.516813270293994, 25.737842524882101, 0.0 ] } },
{ "type": "Feature", "properties": { "PKs": "102+900" }, "geometry": { "type": "Point", "coordinates": [ -100.518501748470001, 25.738819027714101, 0.0 ] } },
{ "type": "Feature", "properties": { "PKs": "102+800" }, "geometry": { "type": "Point", "coordinates": [ -100.519384424026001, 25.7392383863059, 0.0 ] } },
{ "type": "Feature", "properties": { "PKs": "102+700" }, "geometry": { "type": "Point", "coordinates": [ -100.520267105567996, 25.739657739243199, 0.0 ] } },
{ "type": "Feature", "properties": { "PKs": "102+600" }, "geometry": { "type": "Point", "coordinates": [ -100.521149793095006, 25.740077086525702, 0.0 ] } },
{ "type": "Feature", "properties": { "PKs": "102+500" }, "geometry": { "type": "Point", "coordinates": [ -100.522032486609007, 25.740496428153101, 0.0 ] } },
{ "type": "Feature", "properties": { "PKs": "102+400" }, "geometry": { "type": "Point", "coordinates": [ -100.522915186106999, 25.740915764125099, 0.0 ] } },
{ "type": "Feature", "properties": { "PKs": "102+300" }, "geometry": { "type": "Point", "coordinates": [ -100.523801410622994, 25.741322470562899, 0.0 ] } },
{ "type": "Feature", "properties": { "PKs": "102+200" }, "geometry": { "type": "Point", "coordinates": [ -100.524722743007004, 25.741680687268001, 0.0 ] } },
{ "type": "Feature", "properties": { "PKs": "102+100" }, "geometry": { "type": "Point", "coordinates": [ -100.525613003732005, 25.7420833004835, 0.0 ] } },
{ "type": "Feature", "properties": { "PKs": "101+900" }, "geometry": { "type": "Point", "coordinates": [ -100.527384903406002, 25.7429162077398, 0.0 ] } },
{ "type": "Feature", "properties": { "PKs": "101+800" }, "geometry": { "type": "Point", "coordinates": [ -100.528222545416995, 25.7433308866649, 0.0 ] } },
{ "type": "Feature", "properties": { "PKs": "101+700" }, "geometry": { "type": "Point", "coordinates": [ -100.529147427685004, 25.7437571653441, 0.0 ] } },
{ "type": "Feature", "properties": { "PKs": "101+600" }, "geometry": { "type": "Point", "coordinates": [ -100.530032692111007, 25.744182406480601, 0.0 ] } },
{ "type": "Feature", "properties": { "PKs": "101+500" }, "geometry": { "type": "Point", "coordinates": [ -100.530988404518993, 25.7445281638423, 0.0 ] } },
{ "type": "Feature", "properties": { "PKs": "101+400" }, "geometry": { "type": "Point", "coordinates": [ -100.531934292827998, 25.744820854098201, 0.0 ] } },
{ "type": "Feature", "properties": { "PKs": "101+300" }, "geometry": { "type": "Point", "coordinates": [ -100.532880914675005, 25.745103642892801, 0.0 ] } },
{ "type": "Feature", "properties": { "PKs": "101+200" }, "geometry": { "type": "Point", "coordinates": [ -100.533827540702006, 25.7453864253165, 0.0 ] } },
{ "type": "Feature", "properties": { "PKs": "101+100" }, "geometry": { "type": "Point", "coordinates": [ -100.534774170909998, 25.745669201369399, 0.0 ] } },
{ "type": "Feature", "properties": { "PKs": "110" }, "geometry": { "type": "Point", "coordinates": [ -100.468771763231004, 25.693887507198401, 0.0 ] } },
{ "type": "Feature", "properties": { "PKs": "109" }, "geometry": { "type": "Point", "coordinates": [ -100.475706807666, 25.700384928843199, 0.0 ] } },
{ "type": "Feature", "properties": { "PKs": "108" }, "geometry": { "type": "Point", "coordinates": [ -100.482754045348997, 25.706738556095299, 0.0 ] } },
{ "type": "Feature", "properties": { "PKs": "107" }, "geometry": { "type": "Point", "coordinates": [ -100.489859280966002, 25.713078057979398, 0.0 ] } },
{ "type": "Feature", "properties": { "PKs": "106" }, "geometry": { "type": "Point", "coordinates": [ -100.497444928806999, 25.719031448965101, 0.0 ] } },
{ "type": "Feature", "properties": { "PKs": "105" }, "geometry": { "type": "Point", "coordinates": [ -100.502920171406998, 25.726288739563799, 0.0 ] } },
{ "type": "Feature", "properties": { "PKs": "104" }, "geometry": { "type": "Point", "coordinates": [ -100.509841425394001, 25.7327734802656, 0.0 ] } },
{ "type": "Feature", "properties": { "PKs": "103" }, "geometry": { "type": "Point", "coordinates": [ -100.517482195680998, 25.738831324855699, 0.0 ] } },
{ "type": "Feature", "properties": { "PKs": "102" }, "geometry": { "type": "Point", "coordinates": [ -100.526371735558001, 25.7429194277695, 0.0 ] } },
{ "type": "Feature", "properties": { "PKs": "65+219" }, "geometry": { "type": "Point", "coordinates": [ -100.712214391174996, 25.6641737340078, 0.0 ] } },
{ "type": "Feature", "properties": { "PKs": "65+400" }, "geometry": { "type": "Point", "coordinates": [ -100.712116502607998, 25.6642445128271, 0.0 ] } },
{ "type": "Feature", "properties": { "PKs": "65+200" }, "geometry": { "type": "Point", "coordinates": [ -100.712136132693999, 25.663915650984698, 0.0 ] } },
{ "type": "Feature", "properties": { "PKs": "65+100" }, "geometry": { "type": "Point", "coordinates": [ -100.712893679673002, 25.663329556908, 0.0 ] } },
{ "type": "Feature", "properties": { "PKs": "64+900" }, "geometry": { "type": "Point", "coordinates": [ -100.71434620606, 25.6620934934231, 0.0 ] } },
{ "type": "Feature", "properties": { "PKs": "64+800" }, "geometry": { "type": "Point", "coordinates": [ -100.715117225461, 25.661535066131901, 0.0 ] } },
{ "type": "Feature", "properties": { "PKs": "64+700" }, "geometry": { "type": "Point", "coordinates": [ -100.715914380395006, 25.661007646556001, 0.0 ] } },
{ "type": "Feature", "properties": { "PKs": "64+600" }, "geometry": { "type": "Point", "coordinates": [ -100.716736908152001, 25.660510925112899, 0.0 ] } },
{ "type": "Feature", "properties": { "PKs": "64+500" }, "geometry": { "type": "Point", "coordinates": [ -100.717574381258004, 25.660022329952302, 0.0 ] } },
{ "type": "Feature", "properties": { "PKs": "64+400" }, "geometry": { "type": "Point", "coordinates": [ -100.718411866745001, 25.6595337206926, 0.0 ] } },
{ "type": "Feature", "properties": { "PKs": "64+300" }, "geometry": { "type": "Point", "coordinates": [ -100.719249345226999, 25.659045106943999, 0.0 ] } },
{ "type": "Feature", "properties": { "PKs": "64+200" }, "geometry": { "type": "Point", "coordinates": [ -100.720086816703997, 25.658556488706701, 0.0 ] } },
{ "type": "Feature", "properties": { "PKs": "64+100" }, "geometry": { "type": "Point", "coordinates": [ -100.720924281175002, 25.658067865981099, 0.0 ] } },
{ "type": "Feature", "properties": { "PKs": "63+900" }, "geometry": { "type": "Point", "coordinates": [ -100.722599189101999, 25.657090607066198, 0.0 ] } },
{ "type": "Feature", "properties": { "PKs": "63+800" }, "geometry": { "type": "Point", "coordinates": [ -100.723433335383007, 25.656626046837701, 0.0 ] } },
{ "type": "Feature", "properties": { "PKs": "63+700" }, "geometry": { "type": "Point", "coordinates": [ -100.724314761936, 25.656295051648701, 0.0 ] } },
{ "type": "Feature", "properties": { "PKs": "63+600" }, "geometry": { "type": "Point", "coordinates": [ -100.725255688065005, 25.656121775984499, 0.0 ] } },
{ "type": "Feature", "properties": { "PKs": "63+500" }, "geometry": { "type": "Point", "coordinates": [ -100.726242689212995, 25.656016853865001, 0.0 ] } },
{ "type": "Feature", "properties": { "PKs": "63+400" }, "geometry": { "type": "Point", "coordinates": [ -100.727231994739, 25.655912599814101, 0.0 ] } },
{ "type": "Feature", "properties": { "PKs": "63+300" }, "geometry": { "type": "Point", "coordinates": [ -100.728221298129, 25.655808339142101, 0.0 ] } },
{ "type": "Feature", "properties": { "PKs": "63+200" }, "geometry": { "type": "Point", "coordinates": [ -100.729210599382, 25.6557040718492, 0.0 ] } },
{ "type": "Feature", "properties": { "PKs": "63+100" }, "geometry": { "type": "Point", "coordinates": [ -100.730199898498, 25.655599797935398, 0.0 ] } },
{ "type": "Feature", "properties": { "PKs": "62+900" }, "geometry": { "type": "Point", "coordinates": [ -100.732178506615995, 25.655391227591899, 0.0 ] } },
{ "type": "Feature", "properties": { "PKs": "62+800" }, "geometry": { "type": "Point", "coordinates": [ -100.733173249901, 25.655272035630599, 0.0 ] } },
{ "type": "Feature", "properties": { "PKs": "62+700" }, "geometry": { "type": "Point", "coordinates": [ -100.734162890255007, 25.6551141837652, 0.0 ] } },
{ "type": "Feature", "properties": { "PKs": "62+600" }, "geometry": { "type": "Point", "coordinates": [ -100.735143319160002, 25.654917799621, 0.0 ] } },
{ "type": "Feature", "properties": { "PKs": "62+500" }, "geometry": { "type": "Point", "coordinates": [ -100.736111660014004, 25.654705870777399, 0.0 ] } },
{ "type": "Feature", "properties": { "PKs": "62+400" }, "geometry": { "type": "Point", "coordinates": [ -100.737079776686002, 25.654493938943499, 0.0 ] } },
{ "type": "Feature", "properties": { "PKs": "62+300" }, "geometry": { "type": "Point", "coordinates": [ -100.738047889553002, 25.6542820008574, 0.0 ] } },
{ "type": "Feature", "properties": { "PKs": "62+200" }, "geometry": { "type": "Point", "coordinates": [ -100.739015998613993, 25.654070056519299, 0.0 ] } },
{ "type": "Feature", "properties": { "PKs": "62+100" }, "geometry": { "type": "Point", "coordinates": [ -100.73998410387, 25.653858105929299, 0.0 ] } },
{ "type": "Feature", "properties": { "PKs": "61+900" }, "geometry": { "type": "Point", "coordinates": [ -100.741914506944994, 25.653444068429099, 0.0 ] } },
{ "type": "Feature", "properties": { "PKs": "61+800" }, "geometry": { "type": "Point", "coordinates": [ -100.742880620069002, 25.653308061052702, 0.0 ] } },
{ "type": "Feature", "properties": { "PKs": "61+700" }, "geometry": { "type": "Point", "coordinates": [ -100.743857374442001, 25.653248418062802, 0.0 ] } },
{ "type": "Feature", "properties": { "PKs": "61+600" }, "geometry": { "type": "Point", "coordinates": [ -100.744852365130996, 25.653224456582301, 0.0 ] } },
{ "type": "Feature", "properties": { "PKs": "61+500" }, "geometry": { "type": "Point", "coordinates": [ -100.745847957015997, 25.6532006161619, 0.0 ] } },
{ "type": "Feature", "properties": { "PKs": "61+400" }, "geometry": { "type": "Point", "coordinates": [ -100.746843548075006, 25.653176768968699, 0.0 ] } },
{ "type": "Feature", "properties": { "PKs": "61+300" }, "geometry": { "type": "Point", "coordinates": [ -100.747839138306006, 25.6531529150026, 0.0 ] } },
{ "type": "Feature", "properties": { "PKs": "61+200" }, "geometry": { "type": "Point", "coordinates": [ -100.748834727710005, 25.6531290542638, 0.0 ] } },
{ "type": "Feature", "properties": { "PKs": "61+100" }, "geometry": { "type": "Point", "coordinates": [ -100.749839837489006, 25.653096019218601, 0.0 ] } },
{ "type": "Feature", "properties": { "PKs": "60+900" }, "geometry": { "type": "Point", "coordinates": [ -100.751821449277998, 25.652669339293201, 0.0 ] } },
{ "type": "Feature", "properties": { "PKs": "60+800" }, "geometry": { "type": "Point", "coordinates": [ -100.752764654398007, 25.652379524188898, 0.0 ] } },
{ "type": "Feature", "properties": { "PKs": "60+700" }, "geometry": { "type": "Point", "coordinates": [ -100.753707854612998, 25.652089703215001, 0.0 ] } },
{ "type": "Feature", "properties": { "PKs": "60+600" }, "geometry": { "type": "Point", "coordinates": [ -100.754651049923993, 25.651799876371701, 0.0 ] } },
{ "type": "Feature", "properties": { "PKs": "60+500" }, "geometry": { "type": "Point", "coordinates": [ -100.755594240329003, 25.6515100436593, 0.0 ] } },
{ "type": "Feature", "properties": { "PKs": "60+400" }, "geometry": { "type": "Point", "coordinates": [ -100.756537425830004, 25.651220205078001, 0.0 ] } },
{ "type": "Feature", "properties": { "PKs": "60+300" }, "geometry": { "type": "Point", "coordinates": [ -100.757480606425005, 25.650930360628099, 0.0 ] } },
{ "type": "Feature", "properties": { "PKs": "65" }, "geometry": { "type": "Point", "coordinates": [ -100.714284727223003, 25.663246796339902, 0.0 ] } },
{ "type": "Feature", "properties": { "PKs": "64" }, "geometry": { "type": "Point", "coordinates": [ -100.722726963362007, 25.658701824762399, 0.0 ] } },
{ "type": "Feature", "properties": { "PKs": "63" }, "geometry": { "type": "Point", "coordinates": [ -100.731399691606995, 25.655950470820599, 0.0 ] } },
{ "type": "Feature", "properties": { "PKs": "62" }, "geometry": { "type": "Point", "coordinates": [ -100.741301793885, 25.654449682323701, 0.0 ] } },
{ "type": "Feature", "properties": { "PKs": "61" }, "geometry": { "type": "Point", "coordinates": [ -100.751218145256999, 25.653749495899099, 0.0 ] } },
{ "type": "Feature", "properties": { "PKs": "110+600" }, "geometry": { "type": "Point", "coordinates": [ -100.465176525445997, 25.689586437244198, 0.0 ] } },
{ "type": "Feature", "properties": { "PKs": "110+500" }, "geometry": { "type": "Point", "coordinates": [ -100.465943862263003, 25.690127325336299, 0.0 ] } },
{ "type": "Feature", "properties": { "PKs": "110+400" }, "geometry": { "type": "Point", "coordinates": [ -100.466643698998993, 25.690748897899901, 0.0 ] } },
{ "type": "Feature", "properties": { "PKs": "100+900" }, "geometry": { "type": "Point", "coordinates": [ -100.536683615008002, 25.7461896426971, 0.0 ] } },
{ "type": "Feature", "properties": { "PKs": "100+800" }, "geometry": { "type": "Point", "coordinates": [ -100.537630257423004, 25.7464723995468, 0.0 ] } },
{ "type": "Feature", "properties": { "PKs": "100+700" }, "geometry": { "type": "Point", "coordinates": [ -100.538548777231995, 25.746776730925401, 0.0 ] } },
{ "type": "Feature", "properties": { "PKs": "100+600" }, "geometry": { "type": "Point", "coordinates": [ -100.539411441637995, 25.747176790622799, 0.0 ] } },
{ "type": "Feature", "properties": { "PKs": "100+500" }, "geometry": { "type": "Point", "coordinates": [ -100.540218951309996, 25.7476745079864, 0.0 ] } },
{ "type": "Feature", "properties": { "PKs": "100+400" }, "geometry": { "type": "Point", "coordinates": [ -100.541022023994998, 25.7482092737282, 0.0 ] } },
{ "type": "Feature", "properties": { "PKs": "100+300" }, "geometry": { "type": "Point", "coordinates": [ -100.541825117694003, 25.7487440448656, 0.0 ] } },
{ "type": "Feature", "properties": { "PKs": "100+200" }, "geometry": { "type": "Point", "coordinates": [ -100.542628218473993, 25.7492788112047, 0.0 ] } },
{ "type": "Feature", "properties": { "PKs": "100+100" }, "geometry": { "type": "Point", "coordinates": [ -100.543431326337, 25.749813572745101, 0.0 ] } },
{ "type": "Feature", "properties": { "PKs": "100+000" }, "geometry": { "type": "Point", "coordinates": [ -100.544234441282001, 25.750348329486599, 0.0 ] } },
{ "type": "Feature", "properties": { "PKs": "99+900" }, "geometry": { "type": "Point", "coordinates": [ -100.545037563308995, 25.7508830814287, 0.0 ] } },
{ "type": "Feature", "properties": { "PKs": "99+800" }, "geometry": { "type": "Point", "coordinates": [ -100.545840692419006, 25.751417828571299, 0.0 ] } },
{ "type": "Feature", "properties": { "PKs": "99+700" }, "geometry": { "type": "Point", "coordinates": [ -100.546643828612005, 25.751952570914, 0.0 ] } },
{ "type": "Feature", "properties": { "PKs": "99+600" }, "geometry": { "type": "Point", "coordinates": [ -100.547446971886998, 25.752487308456399, 0.0 ] } },
{ "type": "Feature", "properties": { "PKs": "99+500" }, "geometry": { "type": "Point", "coordinates": [ -100.548250122244994, 25.753022041198399, 0.0 ] } },
{ "type": "Feature", "properties": { "PKs": "99+400" }, "geometry": { "type": "Point", "coordinates": [ -100.549053279684998, 25.753556769139401, 0.0 ] } },
{ "type": "Feature", "properties": { "PKs": "99+300" }, "geometry": { "type": "Point", "coordinates": [ -100.549856444208999, 25.754091492279301, 0.0 ] } },
{ "type": "Feature", "properties": { "PKs": "99+200" }, "geometry": { "type": "Point", "coordinates": [ -100.550659615816002, 25.754626210617801, 0.0 ] } },
{ "type": "Feature", "properties": { "PKs": "99+100" }, "geometry": { "type": "Point", "coordinates": [ -100.551462794507003, 25.755160924154399, 0.0 ] } },
{ "type": "Feature", "properties": { "PKs": "99+000" }, "geometry": { "type": "Point", "coordinates": [ -100.552265980279998, 25.755695632889001, 0.0 ] } },
{ "type": "Feature", "properties": { "PKs": "98+900" }, "geometry": { "type": "Point", "coordinates": [ -100.553069173137999, 25.756230336821101, 0.0 ] } },
{ "type": "Feature", "properties": { "PKs": "98+800" }, "geometry": { "type": "Point", "coordinates": [ -100.553872373077994, 25.756765035950501, 0.0 ] } },
{ "type": "Feature", "properties": { "PKs": "98+700" }, "geometry": { "type": "Point", "coordinates": [ -100.554675580102995, 25.757299730276898, 0.0 ] } },
{ "type": "Feature", "properties": { "PKs": "98+600" }, "geometry": { "type": "Point", "coordinates": [ -100.555491569137004, 25.757832799094299, 0.0 ] } },
{ "type": "Feature", "properties": { "PKs": "98+500" }, "geometry": { "type": "Point", "coordinates": [ -100.556394914814007, 25.7582818748789, 0.0 ] } },
{ "type": "Feature", "properties": { "PKs": "98+400" }, "geometry": { "type": "Point", "coordinates": [ -100.557321309452007, 25.758630110605701, 0.0 ] } },
{ "type": "Feature", "properties": { "PKs": "98+300" }, "geometry": { "type": "Point", "coordinates": [ -100.558243855689994, 25.758972201539599, 0.0 ] } },
{ "type": "Feature", "properties": { "PKs": "98+200" }, "geometry": { "type": "Point", "coordinates": [ -100.559166406944001, 25.759314286364202, 0.0 ] } },
{ "type": "Feature", "properties": { "PKs": "98+100" }, "geometry": { "type": "Point", "coordinates": [ -100.560088963213005, 25.759656365079302, 0.0 ] } },
{ "type": "Feature", "properties": { "PKs": "98+000" }, "geometry": { "type": "Point", "coordinates": [ -100.561011524497999, 25.7599984376847, 0.0 ] } },
{ "type": "Feature", "properties": { "PKs": "97+900" }, "geometry": { "type": "Point", "coordinates": [ -100.561934090798005, 25.76034050418, 0.0 ] } },
{ "type": "Feature", "properties": { "PKs": "97+800" }, "geometry": { "type": "Point", "coordinates": [ -100.562856662113006, 25.760682564564998, 0.0 ] } },
{ "type": "Feature", "properties": { "PKs": "97+700" }, "geometry": { "type": "Point", "coordinates": [ -100.563779238443004, 25.7610246188394, 0.0 ] } },
{ "type": "Feature", "properties": { "PKs": "97+600" }, "geometry": { "type": "Point", "coordinates": [ -100.564701819788993, 25.761366667003099, 0.0 ] } },
{ "type": "Feature", "properties": { "PKs": "97+500" }, "geometry": { "type": "Point", "coordinates": [ -100.565624406148999, 25.761708709055601, 0.0 ] } },
{ "type": "Feature", "properties": { "PKs": "97+400" }, "geometry": { "type": "Point", "coordinates": [ -100.566546997523005, 25.762050744996799, 0.0 ] } },
{ "type": "Feature", "properties": { "PKs": "97+300" }, "geometry": { "type": "Point", "coordinates": [ -100.567469593911994, 25.762392774826399, 0.0 ] } },
{ "type": "Feature", "properties": { "PKs": "97+200" }, "geometry": { "type": "Point", "coordinates": [ -100.568392195315994, 25.762734798544201, 0.0 ] } },
{ "type": "Feature", "properties": { "PKs": "97+100" }, "geometry": { "type": "Point", "coordinates": [ -100.569314801733995, 25.763076816149699, 0.0 ] } },
{ "type": "Feature", "properties": { "PKs": "97+000" }, "geometry": { "type": "Point", "coordinates": [ -100.570237413165003, 25.763418827642901, 0.0 ] } },
{ "type": "Feature", "properties": { "PKs": "96+900" }, "geometry": { "type": "Point", "coordinates": [ -100.571160029610994, 25.7637608330235, 0.0 ] } },
{ "type": "Feature", "properties": { "PKs": "96+800" }, "geometry": { "type": "Point", "coordinates": [ -100.572082651070005, 25.764102832291101, 0.0 ] } },
{ "type": "Feature", "properties": { "PKs": "96+700" }, "geometry": { "type": "Point", "coordinates": [ -100.573005277543004, 25.764444825445501, 0.0 ] } },
{ "type": "Feature", "properties": { "PKs": "96+600" }, "geometry": { "type": "Point", "coordinates": [ -100.573927909028995, 25.764786812486498, 0.0 ] } },
{ "type": "Feature", "properties": { "PKs": "96+500" }, "geometry": { "type": "Point", "coordinates": [ -100.574850545529003, 25.765128793413801, 0.0 ] } },
{ "type": "Feature", "properties": { "PKs": "96+400" }, "geometry": { "type": "Point", "coordinates": [ -100.575773187042003, 25.7654707682272, 0.0 ] } },
{ "type": "Feature", "properties": { "PKs": "96+300" }, "geometry": { "type": "Point", "coordinates": [ -100.576695833567996, 25.7658127369263, 0.0 ] } },
{ "type": "Feature", "properties": { "PKs": "96+200" }, "geometry": { "type": "Point", "coordinates": [ -100.577618485106001, 25.766154699510899, 0.0 ] } },
{ "type": "Feature", "properties": { "PKs": "96+100" }, "geometry": { "type": "Point", "coordinates": [ -100.578541141657993, 25.766496655980699, 0.0 ] } },
{ "type": "Feature", "properties": { "PKs": "96+000" }, "geometry": { "type": "Point", "coordinates": [ -100.579463803221998, 25.766838606335501, 0.0 ] } },
{ "type": "Feature", "properties": { "PKs": "95+900" }, "geometry": { "type": "Point", "coordinates": [ -100.580386469798, 25.767180550575102, 0.0 ] } },
{ "type": "Feature", "properties": { "PKs": "95+800" }, "geometry": { "type": "Point", "coordinates": [ -100.581309141386996, 25.7675224886991, 0.0 ] } },
{ "type": "Feature", "properties": { "PKs": "95+700" }, "geometry": { "type": "Point", "coordinates": [ -100.582231817988003, 25.767864420707301, 0.0 ] } },
{ "type": "Feature", "properties": { "PKs": "95+600" }, "geometry": { "type": "Point", "coordinates": [ -100.583154499599999, 25.768206346599399, 0.0 ] } },
{ "type": "Feature", "properties": { "PKs": "95+500" }, "geometry": { "type": "Point", "coordinates": [ -100.584077186225002, 25.768548266375301, 0.0 ] } },
{ "type": "Feature", "properties": { "PKs": "95+400" }, "geometry": { "type": "Point", "coordinates": [ -100.584999877860994, 25.7688901800345, 0.0 ] } },
{ "type": "Feature", "properties": { "PKs": "95+300" }, "geometry": { "type": "Point", "coordinates": [ -100.585922574508999, 25.769232087576899, 0.0 ] } },
{ "type": "Feature", "properties": { "PKs": "95+200" }, "geometry": { "type": "Point", "coordinates": [ -100.586845276168006, 25.769573989002101, 0.0 ] } },
{ "type": "Feature", "properties": { "PKs": "95+100" }, "geometry": { "type": "Point", "coordinates": [ -100.587767982838002, 25.769915884309999, 0.0 ] } },
{ "type": "Feature", "properties": { "PKs": "95+000" }, "geometry": { "type": "Point", "coordinates": [ -100.588690694519997, 25.770257773500202, 0.0 ] } },
{ "type": "Feature", "properties": { "PKs": "94+900" }, "geometry": { "type": "Point", "coordinates": [ -100.589613411212, 25.7705996565726, 0.0 ] } },
{ "type": "Feature", "properties": { "PKs": "94+800" }, "geometry": { "type": "Point", "coordinates": [ -100.590536132916, 25.770941533526798, 0.0 ] } },
{ "type": "Feature", "properties": { "PKs": "94+700" }, "geometry": { "type": "Point", "coordinates": [ -100.591458859629, 25.771283404362499, 0.0 ] } },
{ "type": "Feature", "properties": { "PKs": "94+600" }, "geometry": { "type": "Point", "coordinates": [ -100.592381591353998, 25.7716252690796, 0.0 ] } },
{ "type": "Feature", "properties": { "PKs": "94+500" }, "geometry": { "type": "Point", "coordinates": [ -100.593300579447003, 25.771967384955001, 0.0 ] } },
{ "type": "Feature", "properties": { "PKs": "94+400" }, "geometry": { "type": "Point", "coordinates": [ -100.594132016293997, 25.7723813473979, 0.0 ] } },
{ "type": "Feature", "properties": { "PKs": "94+300" }, "geometry": { "type": "Point", "coordinates": [ -100.594815228894007, 25.772967914563299, 0.0 ] } },
{ "type": "Feature", "properties": { "PKs": "94+200" }, "geometry": { "type": "Point", "coordinates": [ -100.595398969521, 25.773684861425899, 0.0 ] } },
{ "type": "Feature", "properties": { "PKs": "94+100" }, "geometry": { "type": "Point", "coordinates": [ -100.595980104871003, 25.774418381700698, 0.0 ] } },
{ "type": "Feature", "properties": { "PKs": "94+000" }, "geometry": { "type": "Point", "coordinates": [ -100.596561247498997, 25.775151899244399, 0.0 ] } },
{ "type": "Feature", "properties": { "PKs": "93+900" }, "geometry": { "type": "Point", "coordinates": [ -100.597142397403005, 25.775885414056599, 0.0 ] } },
{ "type": "Feature", "properties": { "PKs": "93+800" }, "geometry": { "type": "Point", "coordinates": [ -100.597723554585002, 25.7766189261372, 0.0 ] } },
{ "type": "Feature", "properties": { "PKs": "93+700" }, "geometry": { "type": "Point", "coordinates": [ -100.598304719045004, 25.777352435485898, 0.0 ] } },
{ "type": "Feature", "properties": { "PKs": "93+600" }, "geometry": { "type": "Point", "coordinates": [ -100.598885890782995, 25.7780859421025, 0.0 ] } },
{ "type": "Feature", "properties": { "PKs": "93+500" }, "geometry": { "type": "Point", "coordinates": [ -100.599467069799999, 25.778819445986699, 0.0 ] } },
{ "type": "Feature", "properties": { "PKs": "93+400" }, "geometry": { "type": "Point", "coordinates": [ -100.600048256096002, 25.779552947138399, 0.0 ] } },
{ "type": "Feature", "properties": { "PKs": "93+300" }, "geometry": { "type": "Point", "coordinates": [ -100.600629449671004, 25.780286445557401, 0.0 ] } },
{ "type": "Feature", "properties": { "PKs": "93+200" }, "geometry": { "type": "Point", "coordinates": [ -100.601226766992994, 25.781021791366602, 0.0 ] } },
{ "type": "Feature", "properties": { "PKs": "93+100" }, "geometry": { "type": "Point", "coordinates": [ -100.601940670483003, 25.781696083519101, 0.0 ] } },
{ "type": "Feature", "properties": { "PKs": "93+000" }, "geometry": { "type": "Point", "coordinates": [ -100.602772222119995, 25.782247677519599, 0.0 ] } },
{ "type": "Feature", "properties": { "PKs": "92+900" }, "geometry": { "type": "Point", "coordinates": [ -100.603641223541004, 25.782701652452399, 0.0 ] } },
{ "type": "Feature", "properties": { "PKs": "92+800" }, "geometry": { "type": "Point", "coordinates": [ -100.604507269357995, 25.783148992583399, 0.0 ] } },
{ "type": "Feature", "properties": { "PKs": "92+700" }, "geometry": { "type": "Point", "coordinates": [ -100.605373321474005, 25.783596327220799, 0.0 ] } },
{ "type": "Feature", "properties": { "PKs": "92+600" }, "geometry": { "type": "Point", "coordinates": [ -100.606216185473997, 25.784055764898699, 0.0 ] } },
{ "type": "Feature", "properties": { "PKs": "92+500" }, "geometry": { "type": "Point", "coordinates": [ -100.607020801095999, 25.784572692389201, 0.0 ] } },
{ "type": "Feature", "properties": { "PKs": "92+400" }, "geometry": { "type": "Point", "coordinates": [ -100.607825241276004, 25.7851060624341, 0.0 ] } },
{ "type": "Feature", "properties": { "PKs": "92+300" }, "geometry": { "type": "Point", "coordinates": [ -100.608629688538002, 25.785639427647801, 0.0 ] } },
{ "type": "Feature", "properties": { "PKs": "92+200" }, "geometry": { "type": "Point", "coordinates": [ -100.609434142880005, 25.7861727880301, 0.0 ] } },
{ "type": "Feature", "properties": { "PKs": "92+100" }, "geometry": { "type": "Point", "coordinates": [ -100.610237780369005, 25.786705918413698, 0.0 ] } },
{ "type": "Feature", "properties": { "PKs": "92+000" }, "geometry": { "type": "Point", "coordinates": [ -100.611011375521002, 25.787256500722101, 0.0 ] } },
{ "type": "Feature", "properties": { "PKs": "91+900" }, "geometry": { "type": "Point", "coordinates": [ -100.611743260965, 25.787851298409201, 0.0 ] } },
{ "type": "Feature", "properties": { "PKs": "91+800" }, "geometry": { "type": "Point", "coordinates": [ -100.612455522524002, 25.788480339496001, 0.0 ] } },
{ "type": "Feature", "properties": { "PKs": "91+700" }, "geometry": { "type": "Point", "coordinates": [ -100.613168463370997, 25.789111456955201, 0.0 ] } },
{ "type": "Feature", "properties": { "PKs": "91+600" }, "geometry": { "type": "Point", "coordinates": [ -100.613881411761, 25.789742570504799, 0.0 ] } },
{ "type": "Feature", "properties": { "PKs": "91+500" }, "geometry": { "type": "Point", "coordinates": [ -100.614594367695005, 25.790373680144601, 0.0 ] } },
{ "type": "Feature", "properties": { "PKs": "91+400" }, "geometry": { "type": "Point", "coordinates": [ -100.615307331173994, 25.7910047858743, 0.0 ] } },
{ "type": "Feature", "properties": { "PKs": "91+300" }, "geometry": { "type": "Point", "coordinates": [ -100.616020302197001, 25.791635887693602, 0.0 ] } },
{ "type": "Feature", "properties": { "PKs": "91+200" }, "geometry": { "type": "Point", "coordinates": [ -100.616733280765004, 25.7922669856022, 0.0 ] } },
{ "type": "Feature", "properties": { "PKs": "91+100" }, "geometry": { "type": "Point", "coordinates": [ -100.617446266876996, 25.792898079599901, 0.0 ] } },
{ "type": "Feature", "properties": { "PKs": "91+000" }, "geometry": { "type": "Point", "coordinates": [ -100.618159260534995, 25.793529169686298, 0.0 ] } },
{ "type": "Feature", "properties": { "PKs": "90+900" }, "geometry": { "type": "Point", "coordinates": [ -100.618872261739, 25.794160255861101, 0.0 ] } },
{ "type": "Feature", "properties": { "PKs": "90+800" }, "geometry": { "type": "Point", "coordinates": [ -100.619585270488002, 25.794791338124099, 0.0 ] } },
{ "type": "Feature", "properties": { "PKs": "90+700" }, "geometry": { "type": "Point", "coordinates": [ -100.620304793079995, 25.7954224693589, 0.0 ] } },
{ "type": "Feature", "properties": { "PKs": "90+600" }, "geometry": { "type": "Point", "coordinates": [ -100.621065516562993, 25.796024554474801, 0.0 ] } },
{ "type": "Feature", "properties": { "PKs": "90+500" }, "geometry": { "type": "Point", "coordinates": [ -100.621868117627997, 25.796580305225898, 0.0 ] } },
{ "type": "Feature", "properties": { "PKs": "90+400" }, "geometry": { "type": "Point", "coordinates": [ -100.622709158939003, 25.797087341167099, 0.0 ] } },
{ "type": "Feature", "properties": { "PKs": "90+300" }, "geometry": { "type": "Point", "coordinates": [ -100.623585038369001, 25.797543490495499, 0.0 ] } },
{ "type": "Feature", "properties": { "PKs": "90+200" }, "geometry": { "type": "Point", "coordinates": [ -100.624489906753993, 25.797946918142198, 0.0 ] } },
{ "type": "Feature", "properties": { "PKs": "90+100" }, "geometry": { "type": "Point", "coordinates": [ -100.625395362719004, 25.798325299784398, 0.0 ] } },
{ "type": "Feature", "properties": { "PKs": "90+000" }, "geometry": { "type": "Point", "coordinates": [ -100.626300756136999, 25.7987036383301, 0.0 ] } },
{ "type": "Feature", "properties": { "PKs": "89+900" }, "geometry": { "type": "Point", "coordinates": [ -100.627206155047006, 25.799081970939799, 0.0 ] } },
{ "type": "Feature", "properties": { "PKs": "89+800" }, "geometry": { "type": "Point", "coordinates": [ -100.628126204048002, 25.799454331878501, 0.0 ] } },
{ "type": "Feature", "properties": { "PKs": "89+700" }, "geometry": { "type": "Point", "coordinates": [ -100.629111369239993, 25.799727437561199, 0.0 ] } },
{ "type": "Feature", "properties": { "PKs": "89+600" }, "geometry": { "type": "Point", "coordinates": [ -100.630133111312006, 25.799848283215599, 0.0 ] } },
{ "type": "Feature", "properties": { "PKs": "89+500" }, "geometry": { "type": "Point", "coordinates": [ -100.631162818766001, 25.7998134525937, 0.0 ] } },
{ "type": "Feature", "properties": { "PKs": "89+400" }, "geometry": { "type": "Point", "coordinates": [ -100.632171747483994, 25.799623918177399, 0.0 ] } },
{ "type": "Feature", "properties": { "PKs": "89+300" }, "geometry": { "type": "Point", "coordinates": [ -100.633131733690007, 25.7992849709442, 0.0 ] } },
{ "type": "Feature", "properties": { "PKs": "89+200" }, "geometry": { "type": "Point", "coordinates": [ -100.634015980426, 25.7988060725929, 0.0 ] } },
{ "type": "Feature", "properties": { "PKs": "89+100" }, "geometry": { "type": "Point", "coordinates": [ -100.634806529471007, 25.798235470996801, 0.0 ] } },
{ "type": "Feature", "properties": { "PKs": "89+000" }, "geometry": { "type": "Point", "coordinates": [ -100.635574796241997, 25.797659969796801, 0.0 ] } },
{ "type": "Feature", "properties": { "PKs": "88+900" }, "geometry": { "type": "Point", "coordinates": [ -100.636341024135007, 25.797102369004801, 0.0 ] } },
{ "type": "Feature", "properties": { "PKs": "88+800" }, "geometry": { "type": "Point", "coordinates": [ -100.637168672957003, 25.796696134067499, 0.0 ] } },
{ "type": "Feature", "properties": { "PKs": "88+700" }, "geometry": { "type": "Point", "coordinates": [ -100.638083679966002, 25.796497677931502, 0.0 ] } },
{ "type": "Feature", "properties": { "PKs": "88+600" }, "geometry": { "type": "Point", "coordinates": [ -100.639062785518007, 25.79645999948, 0.0 ] } },
{ "type": "Feature", "properties": { "PKs": "88+500" }, "geometry": { "type": "Point", "coordinates": [ -100.640059689509997, 25.796438826700001, 0.0 ] } },
{ "type": "Feature", "properties": { "PKs": "88+400" }, "geometry": { "type": "Point", "coordinates": [ -100.641056592742004, 25.7964176470993, 0.0 ] } },
{ "type": "Feature", "properties": { "PKs": "88+300" }, "geometry": { "type": "Point", "coordinates": [ -100.642041616024997, 25.796412791730798, 0.0 ] } },
{ "type": "Feature", "properties": { "PKs": "88+200" }, "geometry": { "type": "Point", "coordinates": [ -100.643013847377006, 25.796488335917399, 0.0 ] } },
{ "type": "Feature", "properties": { "PKs": "88+100" }, "geometry": { "type": "Point", "coordinates": [ -100.643972564764994, 25.796652934194402, 0.0 ] } },
{ "type": "Feature", "properties": { "PKs": "88+000" }, "geometry": { "type": "Point", "coordinates": [ -100.644907841310001, 25.796904882157001, 0.0 ] } },
{ "type": "Feature", "properties": { "PKs": "87+900" }, "geometry": { "type": "Point", "coordinates": [ -100.645810510871001, 25.797241652276899, 0.0 ] } },
{ "type": "Feature", "properties": { "PKs": "87+800" }, "geometry": { "type": "Point", "coordinates": [ -100.646705225231003, 25.797635458891101, 0.0 ] } },
{ "type": "Feature", "properties": { "PKs": "87+700" }, "geometry": { "type": "Point", "coordinates": [ -100.647636428675, 25.798001814829, 0.0 ] } },
{ "type": "Feature", "properties": { "PKs": "87+600" }, "geometry": { "type": "Point", "coordinates": [ -100.648599518821001, 25.798285253950301, 0.0 ] } },
{ "type": "Feature", "properties": { "PKs": "87+500" }, "geometry": { "type": "Point", "coordinates": [ -100.649556966757004, 25.798537748712, 0.0 ] } },
{ "type": "Feature", "properties": { "PKs": "87+400" }, "geometry": { "type": "Point", "coordinates": [ -100.650514364594002, 25.798790217720502, 0.0 ] } },
{ "type": "Feature", "properties": { "PKs": "87+300" }, "geometry": { "type": "Point", "coordinates": [ -100.651471766146997, 25.799042680215301, 0.0 ] } },
{ "type": "Feature", "properties": { "PKs": "87+200" }, "geometry": { "type": "Point", "coordinates": [ -100.652429171414994, 25.799295136196399, 0.0 ] } },
{ "type": "Feature", "properties": { "PKs": "87+100" }, "geometry": { "type": "Point", "coordinates": [ -100.653386580398006, 25.7995475856635, 0.0 ] } },
{ "type": "Feature", "properties": { "PKs": "87+000" }, "geometry": { "type": "Point", "coordinates": [ -100.654343993094997, 25.7998000286163, 0.0 ] } },
{ "type": "Feature", "properties": { "PKs": "86+900" }, "geometry": { "type": "Point", "coordinates": [ -100.655316458740003, 25.800040509374899, 0.0 ] } },
{ "type": "Feature", "properties": { "PKs": "86+800" }, "geometry": { "type": "Point", "coordinates": [ -100.656315859966, 25.8002074681301, 0.0 ] } },
{ "type": "Feature", "properties": { "PKs": "86+700" }, "geometry": { "type": "Point", "coordinates": [ -100.657328210173006, 25.8002882729973, 0.0 ] } },
{ "type": "Feature", "properties": { "PKs": "86+600" }, "geometry": { "type": "Point", "coordinates": [ -100.658344465951998, 25.800282202249601, 0.0 ] } },
{ "type": "Feature", "properties": { "PKs": "86+500" }, "geometry": { "type": "Point", "coordinates": [ -100.659355548997993, 25.8001893102259, 0.0 ] } },
{ "type": "Feature", "properties": { "PKs": "86+400" }, "geometry": { "type": "Point", "coordinates": [ -100.660352427274006, 25.800010426841499, 0.0 ] } },
{ "type": "Feature", "properties": { "PKs": "86+300" }, "geometry": { "type": "Point", "coordinates": [ -100.661323519136999, 25.799750847579499, 0.0 ] } },
{ "type": "Feature", "properties": { "PKs": "86+200" }, "geometry": { "type": "Point", "coordinates": [ -100.662270323656003, 25.799466911517801, 0.0 ] } },
{ "type": "Feature", "properties": { "PKs": "86+100" }, "geometry": { "type": "Point", "coordinates": [ -100.663216910653006, 25.799182996069302, 0.0 ] } },
{ "type": "Feature", "properties": { "PKs": "86+000" }, "geometry": { "type": "Point", "coordinates": [ -100.664163492808001, 25.7988990746666, 0.0 ] } },
{ "type": "Feature", "properties": { "PKs": "85+900" }, "geometry": { "type": "Point", "coordinates": [ -100.665110070119994, 25.798615147309999, 0.0 ] } },
{ "type": "Feature", "properties": { "PKs": "85+800" }, "geometry": { "type": "Point", "coordinates": [ -100.666059103034002, 25.798321838463998, 0.0 ] } },
{ "type": "Feature", "properties": { "PKs": "85+700" }, "geometry": { "type": "Point", "coordinates": [ -100.666997328232995, 25.797993030738098, 0.0 ] } },
{ "type": "Feature", "properties": { "PKs": "85+600" }, "geometry": { "type": "Point", "coordinates": [ -100.667918811072994, 25.797627483088299, 0.0 ] } },
{ "type": "Feature", "properties": { "PKs": "85+500" }, "geometry": { "type": "Point", "coordinates": [ -100.668821796814996, 25.797225891718899, 0.0 ] } },
{ "type": "Feature", "properties": { "PKs": "85+400" }, "geometry": { "type": "Point", "coordinates": [ -100.669704566004995, 25.796789021467401, 0.0 ] } },
{ "type": "Feature", "properties": { "PKs": "85+300" }, "geometry": { "type": "Point", "coordinates": [ -100.670565437742994, 25.796317704345601, 0.0 ] } },
{ "type": "Feature", "properties": { "PKs": "85+200" }, "geometry": { "type": "Point", "coordinates": [ -100.671402074758007, 25.795818433787801, 0.0 ] } },
{ "type": "Feature", "properties": { "PKs": "85+100" }, "geometry": { "type": "Point", "coordinates": [ -100.672230806190001, 25.795316413950399, 0.0 ] } },
{ "type": "Feature", "properties": { "PKs": "85+000" }, "geometry": { "type": "Point", "coordinates": [ -100.673060093027004, 25.794813518090798, 0.0 ] } },
{ "type": "Feature", "properties": { "PKs": "84+900" }, "geometry": { "type": "Point", "coordinates": [ -100.673881191345004, 25.794287443906398, 0.0 ] } },
{ "type": "Feature", "properties": { "PKs": "84+800" }, "geometry": { "type": "Point", "coordinates": [ -100.674676255600005, 25.793729394929301, 0.0 ] } },
{ "type": "Feature", "properties": { "PKs": "84+700" }, "geometry": { "type": "Point", "coordinates": [ -100.675443666947004, 25.7931404778748, 0.0 ] } },
{ "type": "Feature", "properties": { "PKs": "84+600" }, "geometry": { "type": "Point", "coordinates": [ -100.676181964465002, 25.792521814230501, 0.0 ] } },
{ "type": "Feature", "properties": { "PKs": "84+500" }, "geometry": { "type": "Point", "coordinates": [ -100.676889742740002, 25.7918745821088, 0.0 ] } },
{ "type": "Feature", "properties": { "PKs": "84+400" }, "geometry": { "type": "Point", "coordinates": [ -100.677570854034002, 25.7912127828641, 0.0 ] } },
{ "type": "Feature", "properties": { "PKs": "84+300" }, "geometry": { "type": "Point", "coordinates": [ -100.678249534445996, 25.790551453967399, 0.0 ] } },
{ "type": "Feature", "properties": { "PKs": "84+200" }, "geometry": { "type": "Point", "coordinates": [ -100.678928207354005, 25.789890122218701, 0.0 ] } },
{ "type": "Feature", "properties": { "PKs": "84+100" }, "geometry": { "type": "Point", "coordinates": [ -100.679606872757006, 25.7892287876181, 0.0 ] } },
{ "type": "Feature", "properties": { "PKs": "84+000" }, "geometry": { "type": "Point", "coordinates": [ -100.680285530657002, 25.788567450165999, 0.0 ] } },
{ "type": "Feature", "properties": { "PKs": "83+900" }, "geometry": { "type": "Point", "coordinates": [ -100.680964181053994, 25.7879061098626, 0.0 ] } },
{ "type": "Feature", "properties": { "PKs": "83+800" }, "geometry": { "type": "Point", "coordinates": [ -100.681642823947001, 25.787244766708302, 0.0 ] } },
{ "type": "Feature", "properties": { "PKs": "83+700" }, "geometry": { "type": "Point", "coordinates": [ -100.682321459337004, 25.786583420703199, 0.0 ] } },
{ "type": "Feature", "properties": { "PKs": "83+600" }, "geometry": { "type": "Point", "coordinates": [ -100.683000087224997, 25.7859220718477, 0.0 ] } },
{ "type": "Feature", "properties": { "PKs": "83+500" }, "geometry": { "type": "Point", "coordinates": [ -100.683678707609999, 25.785260720142102, 0.0 ] } },
{ "type": "Feature", "properties": { "PKs": "83+400" }, "geometry": { "type": "Point", "coordinates": [ -100.684357320493007, 25.784599365586701, 0.0 ] } },
{ "type": "Feature", "properties": { "PKs": "83+300" }, "geometry": { "type": "Point", "coordinates": [ -100.685035925874999, 25.7839380081816, 0.0 ] } },
{ "type": "Feature", "properties": { "PKs": "83+200" }, "geometry": { "type": "Point", "coordinates": [ -100.685714523754996, 25.783276647927298, 0.0 ] } },
{ "type": "Feature", "properties": { "PKs": "83+100" }, "geometry": { "type": "Point", "coordinates": [ -100.686393114134006, 25.782615284823901, 0.0 ] } },
{ "type": "Feature", "properties": { "PKs": "83+000" }, "geometry": { "type": "Point", "coordinates": [ -100.687071697011007, 25.7819539188718, 0.0 ] } },
{ "type": "Feature", "properties": { "PKs": "82+900" }, "geometry": { "type": "Point", "coordinates": [ -100.687750272388996, 25.781292550071299, 0.0 ] } },
{ "type": "Feature", "properties": { "PKs": "82+800" }, "geometry": { "type": "Point", "coordinates": [ -100.688428840265999, 25.780631178422599, 0.0 ] } },
{ "type": "Feature", "properties": { "PKs": "82+700" }, "geometry": { "type": "Point", "coordinates": [ -100.689107400642996, 25.7799698039261, 0.0 ] } },
{ "type": "Feature", "properties": { "PKs": "82+600" }, "geometry": { "type": "Point", "coordinates": [ -100.689785953520001, 25.779308426581899, 0.0 ] } },
{ "type": "Feature", "properties": { "PKs": "82+500" }, "geometry": { "type": "Point", "coordinates": [ -100.690464498897001, 25.7786470463904, 0.0 ] } },
{ "type": "Feature", "properties": { "PKs": "82+400" }, "geometry": { "type": "Point", "coordinates": [ -100.691143036775998, 25.777985663351899, 0.0 ] } },
{ "type": "Feature", "properties": { "PKs": "82+300" }, "geometry": { "type": "Point", "coordinates": [ -100.691821567155003, 25.777324277466601, 0.0 ] } },
{ "type": "Feature", "properties": { "PKs": "82+200" }, "geometry": { "type": "Point", "coordinates": [ -100.692500090036006, 25.776662888734801, 0.0 ] } },
{ "type": "Feature", "properties": { "PKs": "82+100" }, "geometry": { "type": "Point", "coordinates": [ -100.693178605419007, 25.776001497156901, 0.0 ] } },
{ "type": "Feature", "properties": { "PKs": "82+000" }, "geometry": { "type": "Point", "coordinates": [ -100.693856992413004, 25.775340275120801, 0.0 ] } },
{ "type": "Feature", "properties": { "PKs": "81+900" }, "geometry": { "type": "Point", "coordinates": [ -100.694547447382007, 25.774702879532001, 0.0 ] } },
{ "type": "Feature", "properties": { "PKs": "81+800" }, "geometry": { "type": "Point", "coordinates": [ -100.695264620719001, 25.774076145746299, 0.0 ] } },
{ "type": "Feature", "properties": { "PKs": "81+700" }, "geometry": { "type": "Point", "coordinates": [ -100.695981994221995, 25.7734492864884, 0.0 ] } },
{ "type": "Feature", "properties": { "PKs": "81+600" }, "geometry": { "type": "Point", "coordinates": [ -100.696699360167003, 25.7728224240192, 0.0 ] } },
{ "type": "Feature", "properties": { "PKs": "81+500" }, "geometry": { "type": "Point", "coordinates": [ -100.697416718553001, 25.772195558338801, 0.0 ] } },
{ "type": "Feature", "properties": { "PKs": "81+400" }, "geometry": { "type": "Point", "coordinates": [ -100.698134069380998, 25.771568689447701, 0.0 ] } },
{ "type": "Feature", "properties": { "PKs": "81+300" }, "geometry": { "type": "Point", "coordinates": [ -100.698851412650995, 25.770941817345999, 0.0 ] } },
{ "type": "Feature", "properties": { "PKs": "81+200" }, "geometry": { "type": "Point", "coordinates": [ -100.699568748364001, 25.770314942034201, 0.0 ] } },
{ "type": "Feature", "properties": { "PKs": "81+100" }, "geometry": { "type": "Point", "coordinates": [ -100.700286786570004, 25.769679961492798, 0.0 ] } },
{ "type": "Feature", "properties": { "PKs": "81+000" }, "geometry": { "type": "Point", "coordinates": [ -100.700941032022996, 25.768959139819, 0.0 ] } },
{ "type": "Feature", "properties": { "PKs": "80+900" }, "geometry": { "type": "Point", "coordinates": [ -100.701448064524996, 25.768145750319501, 0.0 ] } },
{ "type": "Feature", "properties": { "PKs": "80+800" }, "geometry": { "type": "Point", "coordinates": [ -100.701791401216994, 25.767264994004801, 0.0 ] } },
{ "type": "Feature", "properties": { "PKs": "80+700" }, "geometry": { "type": "Point", "coordinates": [ -100.701961224852994, 25.766345264639799, 0.0 ] } },
{ "type": "Feature", "properties": { "PKs": "80+600" }, "geometry": { "type": "Point", "coordinates": [ -100.702024793598994, 25.765439420115101, 0.0 ] } },
{ "type": "Feature", "properties": { "PKs": "80+500" }, "geometry": { "type": "Point", "coordinates": [ -100.702083680952995, 25.7645383077448, 0.0 ] } },
{ "type": "Feature", "properties": { "PKs": "80+400" }, "geometry": { "type": "Point", "coordinates": [ -100.702175961281, 25.763658914832199, 0.0 ] } },
{ "type": "Feature", "properties": { "PKs": "80+300" }, "geometry": { "type": "Point", "coordinates": [ -100.702405420675007, 25.7628120738921, 0.0 ] } },
{ "type": "Feature", "properties": { "PKs": "80+200" }, "geometry": { "type": "Point", "coordinates": [ -100.702780928720003, 25.762009148035698, 0.0 ] } },
{ "type": "Feature", "properties": { "PKs": "80+100" }, "geometry": { "type": "Point", "coordinates": [ -100.703292891822997, 25.7612706444548, 0.0 ] } },
{ "type": "Feature", "properties": { "PKs": "80+000" }, "geometry": { "type": "Point", "coordinates": [ -100.703928231928003, 25.760615424567298, 0.0 ] } },
{ "type": "Feature", "properties": { "PKs": "79+900" }, "geometry": { "type": "Point", "coordinates": [ -100.704670720714006, 25.760060222392301, 0.0 ] } },
{ "type": "Feature", "properties": { "PKs": "79+800" }, "geometry": { "type": "Point", "coordinates": [ -100.705501394154993, 25.759619217280999, 0.0 ] } },
{ "type": "Feature", "properties": { "PKs": "79+700" }, "geometry": { "type": "Point", "coordinates": [ -100.706403014551, 25.759298063453802, 0.0 ] } },
{ "type": "Feature", "properties": { "PKs": "79+600" }, "geometry": { "type": "Point", "coordinates": [ -100.707350383014997, 25.759020908594, 0.0 ] } },
{ "type": "Feature", "properties": { "PKs": "79+500" }, "geometry": { "type": "Point", "coordinates": [ -100.708299092055, 25.758743813710598, 0.0 ] } },
{ "type": "Feature", "properties": { "PKs": "79+400" }, "geometry": { "type": "Point", "coordinates": [ -100.709247796346006, 25.758466712853799, 0.0 ] } },
{ "type": "Feature", "properties": { "PKs": "79+300" }, "geometry": { "type": "Point", "coordinates": [ -100.710200784039998, 25.7581620865719, 0.0 ] } },
{ "type": "Feature", "properties": { "PKs": "79+200" }, "geometry": { "type": "Point", "coordinates": [ -100.711125473089993, 25.7577842712275, 0.0 ] } },
{ "type": "Feature", "properties": { "PKs": "79+100" }, "geometry": { "type": "Point", "coordinates": [ -100.712010273863996, 25.7573349074238, 0.0 ] } },
{ "type": "Feature", "properties": { "PKs": "79+000" }, "geometry": { "type": "Point", "coordinates": [ -100.712848451531002, 25.756817415919699, 0.0 ] } },
{ "type": "Feature", "properties": { "PKs": "78+900" }, "geometry": { "type": "Point", "coordinates": [ -100.713633626412999, 25.7562357360212, 0.0 ] } },
{ "type": "Feature", "properties": { "PKs": "78+800" }, "geometry": { "type": "Point", "coordinates": [ -100.714359822565001, 25.755594295574401, 0.0 ] } },
{ "type": "Feature", "properties": { "PKs": "78+700" }, "geometry": { "type": "Point", "coordinates": [ -100.715021513259003, 25.754897977238901, 0.0 ] } },
{ "type": "Feature", "properties": { "PKs": "78+600" }, "geometry": { "type": "Point", "coordinates": [ -100.715613663046, 25.754152081300301, 0.0 ] } },
{ "type": "Feature", "properties": { "PKs": "78+500" }, "geometry": { "type": "Point", "coordinates": [ -100.716131766065999, 25.7533622853047, 0.0 ] } },
{ "type": "Feature", "properties": { "PKs": "78+400" }, "geometry": { "type": "Point", "coordinates": [ -100.716571880318, 25.7525346008245, 0.0 ] } },
{ "type": "Feature", "properties": { "PKs": "78+300" }, "geometry": { "type": "Point", "coordinates": [ -100.716930657627003, 25.7516753276836, 0.0 ] } },
{ "type": "Feature", "properties": { "PKs": "78+200" }, "geometry": { "type": "Point", "coordinates": [ -100.717205369083004, 25.750791005992401, 0.0 ] } },
{ "type": "Feature", "properties": { "PKs": "78+100" }, "geometry": { "type": "Point", "coordinates": [ -100.717395346651998, 25.7498914707284, 0.0 ] } },
{ "type": "Feature", "properties": { "PKs": "78+000" }, "geometry": { "type": "Point", "coordinates": [ -100.717552831402003, 25.749000110324999, 0.0 ] } },
{ "type": "Feature", "properties": { "PKs": "77+900" }, "geometry": { "type": "Point", "coordinates": [ -100.717710311572006, 25.748108761632199, 0.0 ] } },
{ "type": "Feature", "properties": { "PKs": "77+800" }, "geometry": { "type": "Point", "coordinates": [ -100.717867789793999, 25.7472174127846, 0.0 ] } },
{ "type": "Feature", "properties": { "PKs": "77+700" }, "geometry": { "type": "Point", "coordinates": [ -100.718025266067002, 25.746326063782298, 0.0 ] } },
{ "type": "Feature", "properties": { "PKs": "77+600" }, "geometry": { "type": "Point", "coordinates": [ -100.718182740390006, 25.745434714625301, 0.0 ] } },
{ "type": "Feature", "properties": { "PKs": "77+500" }, "geometry": { "type": "Point", "coordinates": [ -100.718319122983004, 25.744526741776799, 0.0 ] } },
{ "type": "Feature", "properties": { "PKs": "77+400" }, "geometry": { "type": "Point", "coordinates": [ -100.718338122085996, 25.743600494031298, 0.0 ] } },
{ "type": "Feature", "properties": { "PKs": "77+300" }, "geometry": { "type": "Point", "coordinates": [ -100.718223468247004, 25.742679924300798, 0.0 ] } },
{ "type": "Feature", "properties": { "PKs": "77+200" }, "geometry": { "type": "Point", "coordinates": [ -100.717977126199003, 25.741780783328, 0.0 ] } },
{ "type": "Feature", "properties": { "PKs": "77+100" }, "geometry": { "type": "Point", "coordinates": [ -100.717605121396005, 25.740919780712201, 0.0 ] } },
{ "type": "Feature", "properties": { "PKs": "77+000" }, "geometry": { "type": "Point", "coordinates": [ -100.717181548848998, 25.740100710549701, 0.0 ] } },
{ "type": "Feature", "properties": { "PKs": "76+900" }, "geometry": { "type": "Point", "coordinates": [ -100.716757959058, 25.739283605462798, 0.0 ] } },
{ "type": "Feature", "properties": { "PKs": "76+800" }, "geometry": { "type": "Point", "coordinates": [ -100.716334375336004, 25.7384664987603, 0.0 ] } },
{ "type": "Feature", "properties": { "PKs": "76+700" }, "geometry": { "type": "Point", "coordinates": [ -100.715910797681005, 25.7376493904424, 0.0 ] } },
{ "type": "Feature", "properties": { "PKs": "76+600" }, "geometry": { "type": "Point", "coordinates": [ -100.715487226093998, 25.736832280509201, 0.0 ] } },
{ "type": "Feature", "properties": { "PKs": "76+500" }, "geometry": { "type": "Point", "coordinates": [ -100.715045943294996, 25.736010522108099, 0.0 ] } },
{ "type": "Feature", "properties": { "PKs": "76+400" }, "geometry": { "type": "Point", "coordinates": [ -100.714475097743005, 25.735232668853801, 0.0 ] } },
{ "type": "Feature", "properties": { "PKs": "76+300" }, "geometry": { "type": "Point", "coordinates": [ -100.713794219402999, 25.734551814019099, 0.0 ] } },
{ "type": "Feature", "properties": { "PKs": "76+200" }, "geometry": { "type": "Point", "coordinates": [ -100.713106714264995, 25.733898293830499, 0.0 ] } },
{ "type": "Feature", "properties": { "PKs": "76+100" }, "geometry": { "type": "Point", "coordinates": [ -100.712419216672998, 25.733244769956698, 0.0 ] } },
{ "type": "Feature", "properties": { "PKs": "76+000" }, "geometry": { "type": "Point", "coordinates": [ -100.711731860282001, 25.732591338443001, 0.0 ] } },
{ "type": "Feature", "properties": { "PKs": "75+900" }, "geometry": { "type": "Point", "coordinates": [ -100.711089629984997, 25.731926745899599, 0.0 ] } },
{ "type": "Feature", "properties": { "PKs": "75+800" }, "geometry": { "type": "Point", "coordinates": [ -100.710546659111998, 25.7311977935858, 0.0 ] } },
{ "type": "Feature", "properties": { "PKs": "75+700" }, "geometry": { "type": "Point", "coordinates": [ -100.710047227822997, 25.730419000552899, 0.0 ] } },
{ "type": "Feature", "properties": { "PKs": "75+600" }, "geometry": { "type": "Point", "coordinates": [ -100.709572052122994, 25.729640458840802, 0.0 ] } },
{ "type": "Feature", "properties": { "PKs": "75+500" }, "geometry": { "type": "Point", "coordinates": [ -100.709203302250998, 25.7288288153309, 0.0 ] } },
{ "type": "Feature", "properties": { "PKs": "75+400" }, "geometry": { "type": "Point", "coordinates": [ -100.708954671764005, 25.727980518027799, 0.0 ] } },
{ "type": "Feature", "properties": { "PKs": "75+300" }, "geometry": { "type": "Point", "coordinates": [ -100.708830412466995, 25.727110082268599, 0.0 ] } },
{ "type": "Feature", "properties": { "PKs": "75+200" }, "geometry": { "type": "Point", "coordinates": [ -100.708832647829993, 25.726232401900798, 0.0 ] } },
{ "type": "Feature", "properties": { "PKs": "75+100" }, "geometry": { "type": "Point", "coordinates": [ -100.708961336833994, 25.725362494413801, 0.0 ] } },
{ "type": "Feature", "properties": { "PKs": "75+000" }, "geometry": { "type": "Point", "coordinates": [ -100.709214274860003, 25.724515243976398, 0.0 ] } },
{ "type": "Feature", "properties": { "PKs": "74+900" }, "geometry": { "type": "Point", "coordinates": [ -100.709587131597004, 25.723705146777402, 0.0 ] } },
{ "type": "Feature", "properties": { "PKs": "74+800" }, "geometry": { "type": "Point", "coordinates": [ -100.710069292799005, 25.722932751568599, 0.0 ] } },
{ "type": "Feature", "properties": { "PKs": "74+700" }, "geometry": { "type": "Point", "coordinates": [ -100.710582827395001, 25.722159147306002, 0.0 ] } },
{ "type": "Feature", "properties": { "PKs": "74+600" }, "geometry": { "type": "Point", "coordinates": [ -100.711096355539993, 25.721385541492001, 0.0 ] } },
{ "type": "Feature", "properties": { "PKs": "74+500" }, "geometry": { "type": "Point", "coordinates": [ -100.711609877235006, 25.7206119341269, 0.0 ] } },
{ "type": "Feature", "properties": { "PKs": "74+400" }, "geometry": { "type": "Point", "coordinates": [ -100.712123392479, 25.719838325210802, 0.0 ] } },
{ "type": "Feature", "properties": { "PKs": "74+300" }, "geometry": { "type": "Point", "coordinates": [ -100.712636901273996, 25.719064714743901, 0.0 ] } },
{ "type": "Feature", "properties": { "PKs": "74+200" }, "geometry": { "type": "Point", "coordinates": [ -100.713150403618997, 25.718291102726401, 0.0 ] } },
{ "type": "Feature", "properties": { "PKs": "74+100" }, "geometry": { "type": "Point", "coordinates": [ -100.713663899514003, 25.717517489158499, 0.0 ] } },
{ "type": "Feature", "properties": { "PKs": "74+000" }, "geometry": { "type": "Point", "coordinates": [ -100.714177388961005, 25.716743874040301, 0.0 ] } },
{ "type": "Feature", "properties": { "PKs": "73+900" }, "geometry": { "type": "Point", "coordinates": [ -100.714690871958993, 25.715970257372099, 0.0 ] } },
{ "type": "Feature", "properties": { "PKs": "73+800" }, "geometry": { "type": "Point", "coordinates": [ -100.715204348509005, 25.715196639154101, 0.0 ] } },
{ "type": "Feature", "properties": { "PKs": "73+700" }, "geometry": { "type": "Point", "coordinates": [ -100.715717818610997, 25.714423019386398, 0.0 ] } },
{ "type": "Feature", "properties": { "PKs": "73+600" }, "geometry": { "type": "Point", "coordinates": [ -100.716231282265994, 25.713649398069201, 0.0 ] } },
{ "type": "Feature", "properties": { "PKs": "73+500" }, "geometry": { "type": "Point", "coordinates": [ -100.716744739473995, 25.7128757752028, 0.0 ] } },
{ "type": "Feature", "properties": { "PKs": "73+400" }, "geometry": { "type": "Point", "coordinates": [ -100.717258190235, 25.712102150787199, 0.0 ] } },
{ "type": "Feature", "properties": { "PKs": "73+300" }, "geometry": { "type": "Point", "coordinates": [ -100.717771634550004, 25.7113285248228, 0.0 ] } },
{ "type": "Feature", "properties": { "PKs": "73+200" }, "geometry": { "type": "Point", "coordinates": [ -100.718285072417999, 25.710554897309599, 0.0 ] } },
{ "type": "Feature", "properties": { "PKs": "73+100" }, "geometry": { "type": "Point", "coordinates": [ -100.718798528939999, 25.709781220003801, 0.0 ] } },
{ "type": "Feature", "properties": { "PKs": "73+000" }, "geometry": { "type": "Point", "coordinates": [ -100.719295513063997, 25.7089848431085, 0.0 ] } },
{ "type": "Feature", "properties": { "PKs": "72+900" }, "geometry": { "type": "Point", "coordinates": [ -100.719719282748002, 25.708150254728402, 0.0 ] } },
{ "type": "Feature", "properties": { "PKs": "72+800" }, "geometry": { "type": "Point", "coordinates": [ -100.720061143777002, 25.7072853814587, 0.0 ] } },
{ "type": "Feature", "properties": { "PKs": "72+700" }, "geometry": { "type": "Point", "coordinates": [ -100.720318496025001, 25.7063968060021, 0.0 ] } },
{ "type": "Feature", "properties": { "PKs": "72+600" }, "geometry": { "type": "Point", "coordinates": [ -100.720509327499997, 25.705505770611701, 0.0 ] } },
{ "type": "Feature", "properties": { "PKs": "72+500" }, "geometry": { "type": "Point", "coordinates": [ -100.720693767249998, 25.704618680591199, 0.0 ] } },
{ "type": "Feature", "properties": { "PKs": "72+400" }, "geometry": { "type": "Point", "coordinates": [ -100.720878204659002, 25.703731590374201, 0.0 ] } },
{ "type": "Feature", "properties": { "PKs": "72+300" }, "geometry": { "type": "Point", "coordinates": [ -100.721062639728004, 25.702844499960801, 0.0 ] } },
{ "type": "Feature", "properties": { "PKs": "72+200" }, "geometry": { "type": "Point", "coordinates": [ -100.721247072457004, 25.701957409350999, 0.0 ] } },
{ "type": "Feature", "properties": { "PKs": "72+100" }, "geometry": { "type": "Point", "coordinates": [ -100.721417571911005, 25.701056671966601, 0.0 ] } },
{ "type": "Feature", "properties": { "PKs": "72+000" }, "geometry": { "type": "Point", "coordinates": [ -100.721478647034004, 25.700131914393801, 0.0 ] } },
{ "type": "Feature", "properties": { "PKs": "71+900" }, "geometry": { "type": "Point", "coordinates": [ -100.721405972602, 25.699207845534598, 0.0 ] } },
{ "type": "Feature", "properties": { "PKs": "71+800" }, "geometry": { "type": "Point", "coordinates": [ -100.721200795124005, 25.698300276112199, 0.0 ] } },
{ "type": "Feature", "properties": { "PKs": "71+700" }, "geometry": { "type": "Point", "coordinates": [ -100.720866628009006, 25.697424734205399, 0.0 ] } },
{ "type": "Feature", "properties": { "PKs": "71+600" }, "geometry": { "type": "Point", "coordinates": [ -100.720442782465994, 25.696598202399901, 0.0 ] } },
{ "type": "Feature", "properties": { "PKs": "71+500" }, "geometry": { "type": "Point", "coordinates": [ -100.720013452469004, 25.695783622880999, 0.0 ] } },
{ "type": "Feature", "properties": { "PKs": "71+400" }, "geometry": { "type": "Point", "coordinates": [ -100.719584096909998, 25.694968994301899, 0.0 ] } },
{ "type": "Feature", "properties": { "PKs": "71+300" }, "geometry": { "type": "Point", "coordinates": [ -100.719122350600003, 25.6941543248461, 0.0 ] } },
{ "type": "Feature", "properties": { "PKs": "71+200" }, "geometry": { "type": "Point", "coordinates": [ -100.718578938411, 25.693377211298198, 0.0 ] } },
{ "type": "Feature", "properties": { "PKs": "71+100" }, "geometry": { "type": "Point", "coordinates": [ -100.717956996371001, 25.692650042902901, 0.0 ] } },
{ "type": "Feature", "properties": { "PKs": "71+000" }, "geometry": { "type": "Point", "coordinates": [ -100.717262079418006, 25.6919793129555, 0.0 ] } },
{ "type": "Feature", "properties": { "PKs": "70+900" }, "geometry": { "type": "Point", "coordinates": [ -100.716500393806001, 25.691371010696301, 0.0 ] } },
{ "type": "Feature", "properties": { "PKs": "70+800" }, "geometry": { "type": "Point", "coordinates": [ -100.715678741679994, 25.690830567856899, 0.0 ] } },
{ "type": "Feature", "properties": { "PKs": "70+700" }, "geometry": { "type": "Point", "coordinates": [ -100.714804460340005, 25.6903628101837, 0.0 ] } },
{ "type": "Feature", "properties": { "PKs": "70+600" }, "geometry": { "type": "Point", "coordinates": [ -100.713886091757999, 25.6899719612098, 0.0 ] } },
{ "type": "Feature", "properties": { "PKs": "70+500" }, "geometry": { "type": "Point", "coordinates": [ -100.712960249551998, 25.6896325572928, 0.0 ] } },
{ "type": "Feature", "properties": { "PKs": "70+400" }, "geometry": { "type": "Point", "coordinates": [ -100.712036124254993, 25.6892953312976, 0.0 ] } },
{ "type": "Feature", "properties": { "PKs": "70+300" }, "geometry": { "type": "Point", "coordinates": [ -100.711112003861004, 25.688958099163202, 0.0 ] } },
{ "type": "Feature", "properties": { "PKs": "70+200" }, "geometry": { "type": "Point", "coordinates": [ -100.710187888370996, 25.688620860890001, 0.0 ] } },
{ "type": "Feature", "properties": { "PKs": "70+100" }, "geometry": { "type": "Point", "coordinates": [ -100.709263777784997, 25.688283616478099, 0.0 ] } },
{ "type": "Feature", "properties": { "PKs": "69+900" }, "geometry": { "type": "Point", "coordinates": [ -100.707521030356006, 25.687371866179902, 0.0 ] } },
{ "type": "Feature", "properties": { "PKs": "69+800" }, "geometry": { "type": "Point", "coordinates": [ -100.706596936099999, 25.687034603933899, 0.0 ] } },
{ "type": "Feature", "properties": { "PKs": "69+700" }, "geometry": { "type": "Point", "coordinates": [ -100.705672846747007, 25.686697335550299, 0.0 ] } },
{ "type": "Feature", "properties": { "PKs": "69+600" }, "geometry": { "type": "Point", "coordinates": [ -100.704748762299999, 25.686360061029401, 0.0 ] } },
{ "type": "Feature", "properties": { "PKs": "69+500" }, "geometry": { "type": "Point", "coordinates": [ -100.703824682757002, 25.686022780371498, 0.0 ] } },
{ "type": "Feature", "properties": { "PKs": "69+400" }, "geometry": { "type": "Point", "coordinates": [ -100.702900608118995, 25.685685493576798, 0.0 ] } },
{ "type": "Feature", "properties": { "PKs": "69+300" }, "geometry": { "type": "Point", "coordinates": [ -100.701976538386006, 25.685348200645599, 0.0 ] } },
{ "type": "Feature", "properties": { "PKs": "69+200" }, "geometry": { "type": "Point", "coordinates": [ -100.701052473557993, 25.685010901578199, 0.0 ] } },
{ "type": "Feature", "properties": { "PKs": "69+100" }, "geometry": { "type": "Point", "coordinates": [ -100.700128413634999, 25.6846735963748, 0.0 ] } },
{ "type": "Feature", "properties": { "PKs": "68+900" }, "geometry": { "type": "Point", "coordinates": [ -100.698285169266001, 25.6840008384927, 0.0 ] } },
{ "type": "Feature", "properties": { "PKs": "68+800" }, "geometry": { "type": "Point", "coordinates": [ -100.697361124032994, 25.683663514915299, 0.0 ] } },
{ "type": "Feature", "properties": { "PKs": "68+700" }, "geometry": { "type": "Point", "coordinates": [ -100.696451789372006, 25.6833247587405, 0.0 ] } },
{ "type": "Feature", "properties": { "PKs": "68+600" }, "geometry": { "type": "Point", "coordinates": [ -100.695649050599997, 25.6829265775674, 0.0 ] } },
{ "type": "Feature", "properties": { "PKs": "68+500" }, "geometry": { "type": "Point", "coordinates": [ -100.694931894440998, 25.682413784188299, 0.0 ] } },
{ "type": "Feature", "properties": { "PKs": "68+400" }, "geometry": { "type": "Point", "coordinates": [ -100.694318966469993, 25.681799956549, 0.0 ] } },
{ "type": "Feature", "properties": { "PKs": "68+300" }, "geometry": { "type": "Point", "coordinates": [ -100.693827373974003, 25.6811022285879, 0.0 ] } },
{ "type": "Feature", "properties": { "PKs": "68+200" }, "geometry": { "type": "Point", "coordinates": [ -100.693470836627, 25.680340075912, 0.0 ] } },
{ "type": "Feature", "properties": { "PKs": "68+100" }, "geometry": { "type": "Point", "coordinates": [ -100.693259303689004, 25.6795347720664, 0.0 ] } },
{ "type": "Feature", "properties": { "PKs": "67+900" }, "geometry": { "type": "Point", "coordinates": [ -100.693013186179002, 25.677838282053202, 0.0 ] } },
{ "type": "Feature", "properties": { "PKs": "67+800" }, "geometry": { "type": "Point", "coordinates": [ -100.693267671852993, 25.676998850264798, 0.0 ] } },
{ "type": "Feature", "properties": { "PKs": "67+700" }, "geometry": { "type": "Point", "coordinates": [ -100.693672820206999, 25.676209524837802, 0.0 ] } },
{ "type": "Feature", "properties": { "PKs": "67+600" }, "geometry": { "type": "Point", "coordinates": [ -100.694217320777, 25.675492335557902, 0.0 ] } },
{ "type": "Feature", "properties": { "PKs": "67+500" }, "geometry": { "type": "Point", "coordinates": [ -100.694885974599998, 25.674867298509099, 0.0 ] } },
{ "type": "Feature", "properties": { "PKs": "67+400" }, "geometry": { "type": "Point", "coordinates": [ -100.695661946380994, 25.674348283948099, 0.0 ] } },
{ "type": "Feature", "properties": { "PKs": "67+300" }, "geometry": { "type": "Point", "coordinates": [ -100.696505735353, 25.673873310959799, 0.0 ] } },
{ "type": "Feature", "properties": { "PKs": "67+200" }, "geometry": { "type": "Point", "coordinates": [ -100.697352730169001, 25.6733981988524, 0.0 ] } },
{ "type": "Feature", "properties": { "PKs": "67+100" }, "geometry": { "type": "Point", "coordinates": [ -100.698199718078996, 25.672923082135998, 0.0 ] } },
{ "type": "Feature", "properties": { "PKs": "66+900" }, "geometry": { "type": "Point", "coordinates": [ -100.699893673174998, 25.671972834877302, 0.0 ] } },
{ "type": "Feature", "properties": { "PKs": "66+800" }, "geometry": { "type": "Point", "coordinates": [ -100.700740640362994, 25.6714977043357, 0.0 ] } },
{ "type": "Feature", "properties": { "PKs": "66+700" }, "geometry": { "type": "Point", "coordinates": [ -100.701587600642995, 25.671022569186398, 0.0 ] } },
{ "type": "Feature", "properties": { "PKs": "66+600" }, "geometry": { "type": "Point", "coordinates": [ -100.702434554015994, 25.6705474294296, 0.0 ] } },
{ "type": "Feature", "properties": { "PKs": "66+500" }, "geometry": { "type": "Point", "coordinates": [ -100.703281500482007, 25.6700722850657, 0.0 ] } },
{ "type": "Feature", "properties": { "PKs": "66+400" }, "geometry": { "type": "Point", "coordinates": [ -100.704128440041004, 25.669597136095099, 0.0 ] } },
{ "type": "Feature", "properties": { "PKs": "66+300" }, "geometry": { "type": "Point", "coordinates": [ -100.704975691295999, 25.6691216772257, 0.0 ] } },
{ "type": "Feature", "properties": { "PKs": "66+200" }, "geometry": { "type": "Point", "coordinates": [ -100.705816408407998, 25.668617002507201, 0.0 ] } },
{ "type": "Feature", "properties": { "PKs": "66+100" }, "geometry": { "type": "Point", "coordinates": [ -100.706619873307005, 25.6680633429804, 0.0 ] } },
{ "type": "Feature", "properties": { "PKs": "65+900" }, "geometry": { "type": "Point", "coordinates": [ -100.708141857404001, 25.666891649686999, 0.0 ] } },
{ "type": "Feature", "properties": { "PKs": "65+800" }, "geometry": { "type": "Point", "coordinates": [ -100.708899443126995, 25.666305574627401, 0.0 ] } },
{ "type": "Feature", "properties": { "PKs": "65+700" }, "geometry": { "type": "Point", "coordinates": [ -100.709657021370006, 25.665719495965501, 0.0 ] } },
{ "type": "Feature", "properties": { "PKs": "65+600" }, "geometry": { "type": "Point", "coordinates": [ -100.710414592134995, 25.665133413701799, 0.0 ] } },
{ "type": "Feature", "properties": { "PKs": "65+500" }, "geometry": { "type": "Point", "coordinates": [ -100.711172155422005, 25.664547327836502, 0.0 ] } },
{ "type": "Feature", "properties": { "PKs": "60+200" }, "geometry": { "type": "Point", "coordinates": [ -100.758422175090004, 25.6506419346324, 0.0 ] } },
{ "type": "Feature", "properties": { "PKs": "60+100" }, "geometry": { "type": "Point", "coordinates": [ -100.759342101941002, 25.650398281976301, 0.0 ] } },
{ "type": "Feature", "properties": { "PKs": "59+900" }, "geometry": { "type": "Point", "coordinates": [ -100.761306383299996, 25.650020720310302, 0.0 ] } },
{ "type": "Feature", "properties": { "PKs": "59+800" }, "geometry": { "type": "Point", "coordinates": [ -100.762280046119002, 25.649831010903199, 0.0 ] } },
{ "type": "Feature", "properties": { "PKs": "59+700" }, "geometry": { "type": "Point", "coordinates": [ -100.763253705460002, 25.6496412951564, 0.0 ] } },
{ "type": "Feature", "properties": { "PKs": "59+600" }, "geometry": { "type": "Point", "coordinates": [ -100.764227361322995, 25.649451573070301, 0.0 ] } },
{ "type": "Feature", "properties": { "PKs": "59+500" }, "geometry": { "type": "Point", "coordinates": [ -100.765201013706005, 25.649261844645, 0.0 ] } },
{ "type": "Feature", "properties": { "PKs": "59+400" }, "geometry": { "type": "Point", "coordinates": [ -100.766174662609998, 25.649072109880699, 0.0 ] } },
{ "type": "Feature", "properties": { "PKs": "59+300" }, "geometry": { "type": "Point", "coordinates": [ -100.767148308035004, 25.648882368777599, 0.0 ] } },
{ "type": "Feature", "properties": { "PKs": "59+200" }, "geometry": { "type": "Point", "coordinates": [ -100.768140334354996, 25.648653542337101, 0.0 ] } },
{ "type": "Feature", "properties": { "PKs": "59+100" }, "geometry": { "type": "Point", "coordinates": [ -100.769063694427004, 25.648191833200499, 0.0 ] } },
{ "type": "Feature", "properties": { "PKs": "58+900" }, "geometry": { "type": "Point", "coordinates": [ -100.770547666628005, 25.646962315976001, 0.0 ] } },
{ "type": "Feature", "properties": { "PKs": "58+800" }, "geometry": { "type": "Point", "coordinates": [ -100.771276102056007, 25.646346788109099, 0.0 ] } },
{ "type": "Feature", "properties": { "PKs": "58+700" }, "geometry": { "type": "Point", "coordinates": [ -100.772004529973003, 25.645731256952001, 0.0 ] } },
{ "type": "Feature", "properties": { "PKs": "58+600" }, "geometry": { "type": "Point", "coordinates": [ -100.772732950380004, 25.645115722505299, 0.0 ] } },
{ "type": "Feature", "properties": { "PKs": "58+500" }, "geometry": { "type": "Point", "coordinates": [ -100.773412002227005, 25.6444446403233, 0.0 ] } },
{ "type": "Feature", "properties": { "PKs": "58+400" }, "geometry": { "type": "Point", "coordinates": [ -100.774199238487, 25.643913308173399, 0.0 ] } },
{ "type": "Feature", "properties": { "PKs": "58+300" }, "geometry": { "type": "Point", "coordinates": [ -100.774973868399002, 25.6433473247099, 0.0 ] } },
{ "type": "Feature", "properties": { "PKs": "58+200" }, "geometry": { "type": "Point", "coordinates": [ -100.775749367882, 25.642781030925899, 0.0 ] } },
{ "type": "Feature", "properties": { "PKs": "58+100" }, "geometry": { "type": "Point", "coordinates": [ -100.776524859947003, 25.642214733367702, 0.0 ] } },
{ "type": "Feature", "properties": { "PKs": "57+900" }, "geometry": { "type": "Point", "coordinates": [ -100.778106030169994, 25.641157074894, 0.0 ] } },
{ "type": "Feature", "properties": { "PKs": "57+800" }, "geometry": { "type": "Point", "coordinates": [ -100.778957808333004, 25.640722221387598, 0.0 ] } },
{ "type": "Feature", "properties": { "PKs": "57+700" }, "geometry": { "type": "Point", "coordinates": [ -100.779848346611004, 25.640356203328, 0.0 ] } },
{ "type": "Feature", "properties": { "PKs": "57+600" }, "geometry": { "type": "Point", "coordinates": [ -100.780773332782999, 25.640026810408699, 0.0 ] } },
{ "type": "Feature", "properties": { "PKs": "57+500" }, "geometry": { "type": "Point", "coordinates": [ -100.781700538932995, 25.6396975587387, 0.0 ] } },
{ "type": "Feature", "properties": { "PKs": "57+400" }, "geometry": { "type": "Point", "coordinates": [ -100.782620588068994, 25.6393811812198, 0.0 ] } },
{ "type": "Feature", "properties": { "PKs": "57+300" }, "geometry": { "type": "Point", "coordinates": [ -100.783549317620995, 25.639203210228999, 0.0 ] } },
{ "type": "Feature", "properties": { "PKs": "57+200" }, "geometry": { "type": "Point", "coordinates": [ -100.784505696059995, 25.639207757646901, 0.0 ] } },
{ "type": "Feature", "properties": { "PKs": "57+100" }, "geometry": { "type": "Point", "coordinates": [ -100.785495950192001, 25.6392900718416, 0.0 ] } },
{ "type": "Feature", "properties": { "PKs": "56+900" }, "geometry": { "type": "Point", "coordinates": [ -100.787520909996999, 25.639361927064101, 0.0 ] } },
{ "type": "Feature", "properties": { "PKs": "56+800" }, "geometry": { "type": "Point", "coordinates": [ -100.788533972793005, 25.639191507804199, 0.0 ] } },
{ "type": "Feature", "properties": { "PKs": "56+700" }, "geometry": { "type": "Point", "coordinates": [ -100.789538428387004, 25.638827470271501, 0.0 ] } },
{ "type": "Feature", "properties": { "PKs": "56+600" }, "geometry": { "type": "Point", "coordinates": [ -100.790389962079004, 25.6384437037851, 0.0 ] } },
{ "type": "Feature", "properties": { "PKs": "56+500" }, "geometry": { "type": "Point", "coordinates": [ -100.791269522034, 25.638020480525501, 0.0 ] } },
{ "type": "Feature", "properties": { "PKs": "56+400" }, "geometry": { "type": "Point", "coordinates": [ -100.792145587250005, 25.637602104549899, 0.0 ] } },
{ "type": "Feature", "properties": { "PKs": "56+300" }, "geometry": { "type": "Point", "coordinates": [ -100.793038063346003, 25.637284444977801, 0.0 ] } },
{ "type": "Feature", "properties": { "PKs": "56+200" }, "geometry": { "type": "Point", "coordinates": [ -100.793977728632001, 25.637112109631499, 0.0 ] } },
{ "type": "Feature", "properties": { "PKs": "56+100" }, "geometry": { "type": "Point", "coordinates": [ -100.794938574369993, 25.6370896073905, 0.0 ] } },
{ "type": "Feature", "properties": { "PKs": "55+900" }, "geometry": { "type": "Point", "coordinates": [ -100.796976173744, 25.6370259969468, 0.0 ] } },
{ "type": "Feature", "properties": { "PKs": "55+800" }, "geometry": { "type": "Point", "coordinates": [ -100.797949001221994, 25.636803665701301, 0.0 ] } },
{ "type": "Feature", "properties": { "PKs": "55+700" }, "geometry": { "type": "Point", "coordinates": [ -100.798919371471001, 25.6364939131314, 0.0 ] } },
{ "type": "Feature", "properties": { "PKs": "55+600" }, "geometry": { "type": "Point", "coordinates": [ -100.799813155484998, 25.636055587440801, 0.0 ] } },
{ "type": "Feature", "properties": { "PKs": "55+500" }, "geometry": { "type": "Point", "coordinates": [ -100.800673647557005, 25.635601329329699, 0.0 ] } },
{ "type": "Feature", "properties": { "PKs": "55+400" }, "geometry": { "type": "Point", "coordinates": [ -100.801532615838994, 25.6351493088208, 0.0 ] } },
{ "type": "Feature", "properties": { "PKs": "55+300" }, "geometry": { "type": "Point", "coordinates": [ -100.802470909742993, 25.634773541409601, 0.0 ] } },
{ "type": "Feature", "properties": { "PKs": "55+200" }, "geometry": { "type": "Point", "coordinates": [ -100.803308093740995, 25.634387889173301, 0.0 ] } },
{ "type": "Feature", "properties": { "PKs": "55+100" }, "geometry": { "type": "Point", "coordinates": [ -100.804249141479005, 25.634121518509101, 0.0 ] } },
{ "type": "Feature", "properties": { "PKs": "101" }, "geometry": { "type": "Point", "coordinates": [ -100.535559906204995, 25.746681300356901, 0.0 ] } },
{ "type": "Feature", "properties": { "PKs": "100" }, "geometry": { "type": "Point", "coordinates": [ -100.543803519554999, 25.751036585804101, 0.0 ] } },
{ "type": "Feature", "properties": { "PKs": "99" }, "geometry": { "type": "Point", "coordinates": [ -100.551805638242001, 25.756364305278399, 0.0 ] } },
{ "type": "Feature", "properties": { "PKs": "98" }, "geometry": { "type": "Point", "coordinates": [ -100.560744265395996, 25.7607483252694, 0.0 ] } },
{ "type": "Feature", "properties": { "PKs": "97" }, "geometry": { "type": "Point", "coordinates": [ -100.569970206570005, 25.7641687294993, 0.0 ] } },
{ "type": "Feature", "properties": { "PKs": "96" }, "geometry": { "type": "Point", "coordinates": [ -100.579196649161005, 25.767588522449099, 0.0 ] } },
{ "type": "Feature", "properties": { "PKs": "95" }, "geometry": { "type": "Point", "coordinates": [ -100.588423593022, 25.771007703856501, 0.0 ] } },
{ "type": "Feature", "properties": { "PKs": "94" }, "geometry": { "type": "Point", "coordinates": [ -100.595895885594004, 25.775659970406601, 0.0 ] } },
{ "type": "Feature", "properties": { "PKs": "93" }, "geometry": { "type": "Point", "coordinates": [ -100.602376223679997, 25.7829493453868, 0.0 ] } },
{ "type": "Feature", "properties": { "PKs": "92" }, "geometry": { "type": "Point", "coordinates": [ -100.610504003551, 25.787896719283999, 0.0 ] } },
{ "type": "Feature", "properties": { "PKs": "91" }, "geometry": { "type": "Point", "coordinates": [ -100.617597704429002, 25.794130898606799, 0.0 ] } },
{ "type": "Feature", "properties": { "PKs": "90" }, "geometry": { "type": "Point", "coordinates": [ -100.625997377229993, 25.799442178287499, 0.0 ] } },
{ "type": "Feature", "properties": { "PKs": "89" }, "geometry": { "type": "Point", "coordinates": [ -100.636179308086994, 25.798226884172198, 0.0 ] } },
{ "type": "Feature", "properties": { "PKs": "88" }, "geometry": { "type": "Point", "coordinates": [ -100.644680980879002, 25.797665591826298, 0.0 ] } },
{ "type": "Feature", "properties": { "PKs": "87" }, "geometry": { "type": "Point", "coordinates": [ -100.654165118546999, 25.800571151405499, 0.0 ] } },
{ "type": "Feature", "properties": { "PKs": "86" }, "geometry": { "type": "Point", "coordinates": [ -100.664499569436003, 25.799625908997399, 0.0 ] } },
{ "type": "Feature", "properties": { "PKs": "85" }, "geometry": { "type": "Point", "coordinates": [ -100.673601314322994, 25.795430596500299, 0.0 ] } },
{ "type": "Feature", "properties": { "PKs": "84" }, "geometry": { "type": "Point", "coordinates": [ -100.680967673218007, 25.789056981912701, 0.0 ] } },
{ "type": "Feature", "properties": { "PKs": "83" }, "geometry": { "type": "Point", "coordinates": [ -100.687752695040004, 25.782444521984601, 0.0 ] } },
{ "type": "Feature", "properties": { "PKs": "82" }, "geometry": { "type": "Point", "coordinates": [ -100.694537392547005, 25.775831511724, 0.0 ] } },
{ "type": "Feature", "properties": { "PKs": "81" }, "geometry": { "type": "Point", "coordinates": [ -100.701692283707004, 25.769356318886199, 0.0 ] } },
{ "type": "Feature", "properties": { "PKs": "80" }, "geometry": { "type": "Point", "coordinates": [ -100.705231969245006, 25.7616750396847, 0.0 ] } },
{ "type": "Feature", "properties": { "PKs": "79" }, "geometry": { "type": "Point", "coordinates": [ -100.713991832008006, 25.7580192796662, 0.0 ] } },
{ "type": "Feature", "properties": { "PKs": "78" }, "geometry": { "type": "Point", "coordinates": [ -100.719262003333, 25.749136779774101, 0.0 ] } },
{ "type": "Feature", "properties": { "PKs": "77" }, "geometry": { "type": "Point", "coordinates": [ -100.718690306146001, 25.739320288272101, 0.0 ] } },
{ "type": "Feature", "properties": { "PKs": "76" }, "geometry": { "type": "Point", "coordinates": [ -100.713326641646006, 25.731368728722199, 0.0 ] } },
{ "type": "Feature", "properties": { "PKs": "75" }, "geometry": { "type": "Point", "coordinates": [ -100.710906523537005, 25.724923759620399, 0.0 ] } },
{ "type": "Feature", "properties": { "PKs": "74" }, "geometry": { "type": "Point", "coordinates": [ -100.715738467994996, 25.7174631574863, 0.0 ] } },
{ "type": "Feature", "properties": { "PKs": "73" }, "geometry": { "type": "Point", "coordinates": [ -100.720690839469995, 25.709508139515702, 0.0 ] } },
{ "type": "Feature", "properties": { "PKs": "72" }, "geometry": { "type": "Point", "coordinates": [ -100.722407711507003, 25.7000175982181, 0.0 ] } },
{ "type": "Feature", "properties": { "PKs": "71" }, "geometry": { "type": "Point", "coordinates": [ -100.718227102786997, 25.6912265796649, 0.0 ] } },
{ "type": "Feature", "properties": { "PKs": "70" }, "geometry": { "type": "Point", "coordinates": [ -100.708574880098993, 25.687124062952002, 0.0 ] } },
{ "type": "Feature", "properties": { "PKs": "69" }, "geometry": { "type": "Point", "coordinates": [ -100.699198862369997, 25.684055536027, 0.0 ] } },
{ "type": "Feature", "properties": { "PKs": "68" }, "geometry": { "type": "Point", "coordinates": [ -100.693141414647997, 25.6785983569264, 0.0 ] } },
{ "type": "Feature", "properties": { "PKs": "67" }, "geometry": { "type": "Point", "coordinates": [ -100.699638729466002, 25.673106573783102, 0.0 ] } },
{ "type": "Feature", "properties": { "PKs": "66" }, "geometry": { "type": "Point", "coordinates": [ -100.708079671419995, 25.6680473128024, 0.0 ] } },
{ "type": "Feature", "properties": { "PKs": "60" }, "geometry": { "type": "Point", "coordinates": [ -100.760664785299994, 25.651023615164799, 0.0 ] } },
{ "type": "Feature", "properties": { "PKs": "59" }, "geometry": { "type": "Point", "coordinates": [ -100.770338295369001, 25.647901616496299, 0.0 ] } },
{ "type": "Feature", "properties": { "PKs": "58" }, "geometry": { "type": "Point", "coordinates": [ -100.777976501744007, 25.642269971416699, 0.0 ] } },
{ "type": "Feature", "properties": { "PKs": "57" }, "geometry": { "type": "Point", "coordinates": [ -100.786560482549007, 25.640235738991301, 0.0 ] } },
{ "type": "Feature", "properties": { "PKs": "56" }, "geometry": { "type": "Point", "coordinates": [ -100.796088241693994, 25.637991008640501, 0.0 ] } },
{ "type": "Feature", "properties": { "PKs": "383+900" }, "geometry": { "type": "Point", "coordinates": [ -99.611484142334902, 27.485150337913002, 0.0 ] } },
{ "type": "Feature", "properties": { "PKs": "383+800" }, "geometry": { "type": "Point", "coordinates": [ -99.612450500480307, 27.484881616402699, 0.0 ] } },
{ "type": "Feature", "properties": { "PKs": "383+700" }, "geometry": { "type": "Point", "coordinates": [ -99.613416853810094, 27.4846128882497, 0.0 ] } },
{ "type": "Feature", "properties": { "PKs": "383+600" }, "geometry": { "type": "Point", "coordinates": [ -99.614383202323793, 27.484344153454199, 0.0 ] } },
{ "type": "Feature", "properties": { "PKs": "383+500" }, "geometry": { "type": "Point", "coordinates": [ -99.615349546021406, 27.484075412016399, 0.0 ] } },
{ "type": "Feature", "properties": { "PKs": "383+400" }, "geometry": { "type": "Point", "coordinates": [ -99.616315884902505, 27.483806663936601, 0.0 ] } },
{ "type": "Feature", "properties": { "PKs": "383+300" }, "geometry": { "type": "Point", "coordinates": [ -99.617282218967006, 27.483537909214999, 0.0 ] } },
{ "type": "Feature", "properties": { "PKs": "383+200" }, "geometry": { "type": "Point", "coordinates": [ -99.618248548214595, 27.4832691478518, 0.0 ] } },
{ "type": "Feature", "properties": { "PKs": "383+100" }, "geometry": { "type": "Point", "coordinates": [ -99.619214872645102, 27.483000379847201, 0.0 ] } },
{ "type": "Feature", "properties": { "PKs": "382+900" }, "geometry": { "type": "Point", "coordinates": [ -99.621147780689199, 27.4824623706848, 0.0 ] } },
{ "type": "Feature", "properties": { "PKs": "382+800" }, "geometry": { "type": "Point", "coordinates": [ -99.622114090662294, 27.482193582755801, 0.0 ] } },
{ "type": "Feature", "properties": { "PKs": "382+700" }, "geometry": { "type": "Point", "coordinates": [ -99.623080395817198, 27.481924788186401, 0.0 ] } },
{ "type": "Feature", "properties": { "PKs": "382+600" }, "geometry": { "type": "Point", "coordinates": [ -99.624046696153897, 27.481655986976801, 0.0 ] } },
{ "type": "Feature", "properties": { "PKs": "382+500" }, "geometry": { "type": "Point", "coordinates": [ -99.625012991671994, 27.4813871791272, 0.0 ] } },
{ "type": "Feature", "properties": { "PKs": "382+400" }, "geometry": { "type": "Point", "coordinates": [ -99.625979282371404, 27.481118364638, 0.0 ] } },
{ "type": "Feature", "properties": { "PKs": "382+300" }, "geometry": { "type": "Point", "coordinates": [ -99.626945568251699, 27.480849543509201, 0.0 ] } },
{ "type": "Feature", "properties": { "PKs": "382+200" }, "geometry": { "type": "Point", "coordinates": [ -99.627911849312795, 27.480580715741201, 0.0 ] } },
{ "type": "Feature", "properties": { "PKs": "382+100" }, "geometry": { "type": "Point", "coordinates": [ -99.628878125554394, 27.480311881334099, 0.0 ] } },
{ "type": "Feature", "properties": { "PKs": "381+900" }, "geometry": { "type": "Point", "coordinates": [ -99.630808357895205, 27.479769310284901, 0.0 ] } },
{ "type": "Feature", "properties": { "PKs": "381+800" }, "geometry": { "type": "Point", "coordinates": [ -99.631774619640595, 27.479500455978702, 0.0 ] } },
{ "type": "Feature", "properties": { "PKs": "381+700" }, "geometry": { "type": "Point", "coordinates": [ -99.632740876565506, 27.4792315950343, 0.0 ] } },
{ "type": "Feature", "properties": { "PKs": "381+600" }, "geometry": { "type": "Point", "coordinates": [ -99.633707128669798, 27.478962727452, 0.0 ] } },
{ "type": "Feature", "properties": { "PKs": "381+500" }, "geometry": { "type": "Point", "coordinates": [ -99.634673375953199, 27.478693853232201, 0.0 ] } },
{ "type": "Feature", "properties": { "PKs": "381+400" }, "geometry": { "type": "Point", "coordinates": [ -99.635639618415496, 27.478424972374899, 0.0 ] } },
{ "type": "Feature", "properties": { "PKs": "381+300" }, "geometry": { "type": "Point", "coordinates": [ -99.636605856056406, 27.4781560848804, 0.0 ] } },
{ "type": "Feature", "properties": { "PKs": "381+200" }, "geometry": { "type": "Point", "coordinates": [ -99.6375720888757, 27.477887190749101, 0.0 ] } },
{ "type": "Feature", "properties": { "PKs": "381+100" }, "geometry": { "type": "Point", "coordinates": [ -99.638538316873195, 27.477618289980999, 0.0 ] } },
{ "type": "Feature", "properties": { "PKs": "380+900" }, "geometry": { "type": "Point", "coordinates": [ -99.640466946531603, 27.477068310074401, 0.0 ] } },
{ "type": "Feature", "properties": { "PKs": "380+800" }, "geometry": { "type": "Point", "coordinates": [ -99.641433159966596, 27.476799389425199, 0.0 ] } },
{ "type": "Feature", "properties": { "PKs": "380+700" }, "geometry": { "type": "Point", "coordinates": [ -99.642399368578893, 27.4765304621402, 0.0 ] } },
{ "type": "Feature", "properties": { "PKs": "380+600" }, "geometry": { "type": "Point", "coordinates": [ -99.643365572368097, 27.476261528219801, 0.0 ] } },
{ "type": "Feature", "properties": { "PKs": "380+500" }, "geometry": { "type": "Point", "coordinates": [ -99.644331771334194, 27.4759925876639, 0.0 ] } },
{ "type": "Feature", "properties": { "PKs": "380+400" }, "geometry": { "type": "Point", "coordinates": [ -99.645297965476701, 27.475723640472999, 0.0 ] } },
{ "type": "Feature", "properties": { "PKs": "380+300" }, "geometry": { "type": "Point", "coordinates": [ -99.646264154795603, 27.4754546866473, 0.0 ] } },
{ "type": "Feature", "properties": { "PKs": "380+200" }, "geometry": { "type": "Point", "coordinates": [ -99.647230339290502, 27.475185726186901, 0.0 ] } },
{ "type": "Feature", "properties": { "PKs": "380+100" }, "geometry": { "type": "Point", "coordinates": [ -99.6481965189612, 27.474916759092199, 0.0 ] } },
{ "type": "Feature", "properties": { "PKs": "379+900" }, "geometry": { "type": "Point", "coordinates": [ -99.650114169712893, 27.474338927825901, 0.0 ] } },
{ "type": "Feature", "properties": { "PKs": "379+800" }, "geometry": { "type": "Point", "coordinates": [ -99.6510803346019, 27.474069940935198, 0.0 ] } },
{ "type": "Feature", "properties": { "PKs": "379+700" }, "geometry": { "type": "Point", "coordinates": [ -99.652046494665797, 27.4738009474111, 0.0 ] } },
{ "type": "Feature", "properties": { "PKs": "379+600" }, "geometry": { "type": "Point", "coordinates": [ -99.653012649904397, 27.473531947253701, 0.0 ] } },
{ "type": "Feature", "properties": { "PKs": "379+500" }, "geometry": { "type": "Point", "coordinates": [ -99.653978800317503, 27.4732629404634, 0.0 ] } },
{ "type": "Feature", "properties": { "PKs": "379+400" }, "geometry": { "type": "Point", "coordinates": [ -99.654944945904703, 27.472993927040299, 0.0 ] } },
{ "type": "Feature", "properties": { "PKs": "379+300" }, "geometry": { "type": "Point", "coordinates": [ -99.655911086665895, 27.472724906984698, 0.0 ] } },
{ "type": "Feature", "properties": { "PKs": "379+200" }, "geometry": { "type": "Point", "coordinates": [ -99.656877222600897, 27.472455880296799, 0.0 ] } },
{ "type": "Feature", "properties": { "PKs": "379+100" }, "geometry": { "type": "Point", "coordinates": [ -99.657843353709296, 27.4721868469769, 0.0 ] } },
{ "type": "Feature", "properties": { "PKs": "379+000" }, "geometry": { "type": "Point", "coordinates": [ -99.658809479991007, 27.4719178070251, 0.0 ] } },
{ "type": "Feature", "properties": { "PKs": "378+900" }, "geometry": { "type": "Point", "coordinates": [ -99.659775601445801, 27.471648760441699, 0.0 ] } },
{ "type": "Feature", "properties": { "PKs": "378+800" }, "geometry": { "type": "Point", "coordinates": [ -99.660741718073297, 27.471379707227001, 0.0 ] } },
{ "type": "Feature", "properties": { "PKs": "378+700" }, "geometry": { "type": "Point", "coordinates": [ -99.661707829873393, 27.471110647381099, 0.0 ] } },
{ "type": "Feature", "properties": { "PKs": "378+600" }, "geometry": { "type": "Point", "coordinates": [ -99.662673936845906, 27.470841580904299, 0.0 ] } },
{ "type": "Feature", "properties": { "PKs": "378+500" }, "geometry": { "type": "Point", "coordinates": [ -99.663640038990394, 27.470572507796799, 0.0 ] } },
{ "type": "Feature", "properties": { "PKs": "378+400" }, "geometry": { "type": "Point", "coordinates": [ -99.664606136306801, 27.470303428058902, 0.0 ] } },
{ "type": "Feature", "properties": { "PKs": "378+300" }, "geometry": { "type": "Point", "coordinates": [ -99.665572228794801, 27.470034341690798, 0.0 ] } },
{ "type": "Feature", "properties": { "PKs": "378+200" }, "geometry": { "type": "Point", "coordinates": [ -99.666538316454194, 27.469765248692699, 0.0 ] } },
{ "type": "Feature", "properties": { "PKs": "378+100" }, "geometry": { "type": "Point", "coordinates": [ -99.667504399284795, 27.469496149064899, 0.0 ] } },
{ "type": "Feature", "properties": { "PKs": "378+000" }, "geometry": { "type": "Point", "coordinates": [ -99.668470477286306, 27.469227042807599, 0.0 ] } },
{ "type": "Feature", "properties": { "PKs": "377+900" }, "geometry": { "type": "Point", "coordinates": [ -99.6694365504584, 27.468957929921, 0.0 ] } },
{ "type": "Feature", "properties": { "PKs": "377+800" }, "geometry": { "type": "Point", "coordinates": [ -99.670402618801106, 27.4686888104053, 0.0 ] } },
{ "type": "Feature", "properties": { "PKs": "377+700" }, "geometry": { "type": "Point", "coordinates": [ -99.671368682313897, 27.468419684260802, 0.0 ] } },
{ "type": "Feature", "properties": { "PKs": "377+600" }, "geometry": { "type": "Point", "coordinates": [ -99.672334740996703, 27.468150551487799, 0.0 ] } },
{ "type": "Feature", "properties": { "PKs": "377+500" }, "geometry": { "type": "Point", "coordinates": [ -99.673300794849297, 27.467881412086399, 0.0 ] } },
{ "type": "Feature", "properties": { "PKs": "377+400" }, "geometry": { "type": "Point", "coordinates": [ -99.674266843871393, 27.467612266056801, 0.0 ] } },
{ "type": "Feature", "properties": { "PKs": "377+300" }, "geometry": { "type": "Point", "coordinates": [ -99.675232888062794, 27.467343113399401, 0.0 ] } },
{ "type": "Feature", "properties": { "PKs": "377+200" }, "geometry": { "type": "Point", "coordinates": [ -99.676198927423201, 27.467073954114301, 0.0 ] } },
{ "type": "Feature", "properties": { "PKs": "377+100" }, "geometry": { "type": "Point", "coordinates": [ -99.677164961952499, 27.466804788201799, 0.0 ] } },
{ "type": "Feature", "properties": { "PKs": "377+000" }, "geometry": { "type": "Point", "coordinates": [ -99.678130991650306, 27.466535615662199, 0.0 ] } },
{ "type": "Feature", "properties": { "PKs": "376+900" }, "geometry": { "type": "Point", "coordinates": [ -99.679097016516494, 27.466266436495498, 0.0 ] } },
{ "type": "Feature", "properties": { "PKs": "376+800" }, "geometry": { "type": "Point", "coordinates": [ -99.680063036550706, 27.465997250702099, 0.0 ] } },
{ "type": "Feature", "properties": { "PKs": "376+700" }, "geometry": { "type": "Point", "coordinates": [ -99.681029051752901, 27.465728058282199, 0.0 ] } },
{ "type": "Feature", "properties": { "PKs": "376+600" }, "geometry": { "type": "Point", "coordinates": [ -99.681995062122695, 27.465458859236101, 0.0 ] } },
{ "type": "Feature", "properties": { "PKs": "376+500" }, "geometry": { "type": "Point", "coordinates": [ -99.682961067659903, 27.4651896535639, 0.0 ] } },
{ "type": "Feature", "properties": { "PKs": "376+400" }, "geometry": { "type": "Point", "coordinates": [ -99.683927068364298, 27.4649204412659, 0.0 ] } },
{ "type": "Feature", "properties": { "PKs": "376+300" }, "geometry": { "type": "Point", "coordinates": [ -99.684893064235595, 27.4646512223424, 0.0 ] } },
{ "type": "Feature", "properties": { "PKs": "376+200" }, "geometry": { "type": "Point", "coordinates": [ -99.685859055273596, 27.464381996793499, 0.0 ] } },
{ "type": "Feature", "properties": { "PKs": "376+100" }, "geometry": { "type": "Point", "coordinates": [ -99.686825041478102, 27.4641127646195, 0.0 ] } },
{ "type": "Feature", "properties": { "PKs": "376+000" }, "geometry": { "type": "Point", "coordinates": [ -99.687791022848899, 27.4638435258206, 0.0 ] } },
{ "type": "Feature", "properties": { "PKs": "375+900" }, "geometry": { "type": "Point", "coordinates": [ -99.688756999385603, 27.463574280397101, 0.0 ] } },
{ "type": "Feature", "properties": { "PKs": "375+800" }, "geometry": { "type": "Point", "coordinates": [ -99.689722971088102, 27.4633050283492, 0.0 ] } },
{ "type": "Feature", "properties": { "PKs": "375+700" }, "geometry": { "type": "Point", "coordinates": [ -99.690688937956196, 27.463035769677099, 0.0 ] } },
{ "type": "Feature", "properties": { "PKs": "375+600" }, "geometry": { "type": "Point", "coordinates": [ -99.691654899989501, 27.462766504381101, 0.0 ] } },
{ "type": "Feature", "properties": { "PKs": "375+500" }, "geometry": { "type": "Point", "coordinates": [ -99.692620857187904, 27.462497232461299, 0.0 ] } },
{ "type": "Feature", "properties": { "PKs": "375+400" }, "geometry": { "type": "Point", "coordinates": [ -99.693586809551206, 27.462227953918099, 0.0 ] } },
{ "type": "Feature", "properties": { "PKs": "375+300" }, "geometry": { "type": "Point", "coordinates": [ -99.694552757078995, 27.461958668751599, 0.0 ] } },
{ "type": "Feature", "properties": { "PKs": "375+200" }, "geometry": { "type": "Point", "coordinates": [ -99.695518699771199, 27.461689376962099, 0.0 ] } },
{ "type": "Feature", "properties": { "PKs": "375+100" }, "geometry": { "type": "Point", "coordinates": [ -99.696484637627606, 27.4614200785498, 0.0 ] } },
{ "type": "Feature", "properties": { "PKs": "375+000" }, "geometry": { "type": "Point", "coordinates": [ -99.697450570647803, 27.461150773515001, 0.0 ] } },
{ "type": "Feature", "properties": { "PKs": "374+900" }, "geometry": { "type": "Point", "coordinates": [ -99.698416498831705, 27.460881461857799, 0.0 ] } },
{ "type": "Feature", "properties": { "PKs": "374+800" }, "geometry": { "type": "Point", "coordinates": [ -99.699382422178999, 27.460612143578601, 0.0 ] } },
{ "type": "Feature", "properties": { "PKs": "374+700" }, "geometry": { "type": "Point", "coordinates": [ -99.700348340689601, 27.4603428186775, 0.0 ] } },
{ "type": "Feature", "properties": { "PKs": "374+600" }, "geometry": { "type": "Point", "coordinates": [ -99.701314254363098, 27.460073487154698, 0.0 ] } },
{ "type": "Feature", "properties": { "PKs": "374+500" }, "geometry": { "type": "Point", "coordinates": [ -99.702280163199305, 27.459804149010601, 0.0 ] } },
{ "type": "Feature", "properties": { "PKs": "374+400" }, "geometry": { "type": "Point", "coordinates": [ -99.703246067197995, 27.459534804245301, 0.0 ] } },
{ "type": "Feature", "properties": { "PKs": "374+300" }, "geometry": { "type": "Point", "coordinates": [ -99.704211966358997, 27.4592654528591, 0.0 ] } },
{ "type": "Feature", "properties": { "PKs": "374+200" }, "geometry": { "type": "Point", "coordinates": [ -99.705177860681999, 27.4589960948522, 0.0 ] } },
{ "type": "Feature", "properties": { "PKs": "374+100" }, "geometry": { "type": "Point", "coordinates": [ -99.706143750166802, 27.4587267302248, 0.0 ] } },
{ "type": "Feature", "properties": { "PKs": "374+000" }, "geometry": { "type": "Point", "coordinates": [ -99.707109634813094, 27.458457358977199, 0.0 ] } },
{ "type": "Feature", "properties": { "PKs": "373+900" }, "geometry": { "type": "Point", "coordinates": [ -99.708075514620802, 27.458187981109599, 0.0 ] } },
{ "type": "Feature", "properties": { "PKs": "373+800" }, "geometry": { "type": "Point", "coordinates": [ -99.709041389589501, 27.4579185966222, 0.0 ] } },
{ "type": "Feature", "properties": { "PKs": "373+700" }, "geometry": { "type": "Point", "coordinates": [ -99.710007259719205, 27.457649205515299, 0.0 ] } },
{ "type": "Feature", "properties": { "PKs": "373+600" }, "geometry": { "type": "Point", "coordinates": [ -99.710973125009403, 27.457379807789, 0.0 ] } },
{ "type": "Feature", "properties": { "PKs": "373+500" }, "geometry": { "type": "Point", "coordinates": [ -99.711938985460094, 27.4571104034437, 0.0 ] } },
{ "type": "Feature", "properties": { "PKs": "373+400" }, "geometry": { "type": "Point", "coordinates": [ -99.712904841070795, 27.456840992479599, 0.0 ] } },
{ "type": "Feature", "properties": { "PKs": "373+300" }, "geometry": { "type": "Point", "coordinates": [ -99.713870691841507, 27.456571574896898, 0.0 ] } },
{ "type": "Feature", "properties": { "PKs": "373+200" }, "geometry": { "type": "Point", "coordinates": [ -99.714836537771902, 27.456302150695699, 0.0 ] } },
{ "type": "Feature", "properties": { "PKs": "373+100" }, "geometry": { "type": "Point", "coordinates": [ -99.715802378861795, 27.4560327198765, 0.0 ] } },
{ "type": "Feature", "properties": { "PKs": "373+000" }, "geometry": { "type": "Point", "coordinates": [ -99.716768215110903, 27.4557632824393, 0.0 ] } },
{ "type": "Feature", "properties": { "PKs": "372+900" }, "geometry": { "type": "Point", "coordinates": [ -99.717734046518899, 27.455493838384498, 0.0 ] } },
{ "type": "Feature", "properties": { "PKs": "372+800" }, "geometry": { "type": "Point", "coordinates": [ -99.718699873085697, 27.4552243877122, 0.0 ] } },
{ "type": "Feature", "properties": { "PKs": "372+700" }, "geometry": { "type": "Point", "coordinates": [ -99.719665694811098, 27.454954930422598, 0.0 ] } },
{ "type": "Feature", "properties": { "PKs": "372+600" }, "geometry": { "type": "Point", "coordinates": [ -99.720631511694705, 27.4546854665161, 0.0 ] } },
{ "type": "Feature", "properties": { "PKs": "372+500" }, "geometry": { "type": "Point", "coordinates": [ -99.721597323736404, 27.4544159959929, 0.0 ] } },
{ "type": "Feature", "properties": { "PKs": "372+400" }, "geometry": { "type": "Point", "coordinates": [ -99.722563130935896, 27.454146518853101, 0.0 ] } },
{ "type": "Feature", "properties": { "PKs": "372+300" }, "geometry": { "type": "Point", "coordinates": [ -99.723528933292897, 27.453877035097001, 0.0 ] } },
{ "type": "Feature", "properties": { "PKs": "372+200" }, "geometry": { "type": "Point", "coordinates": [ -99.724494730807393, 27.4536075447249, 0.0 ] } },
{ "type": "Feature", "properties": { "PKs": "372+100" }, "geometry": { "type": "Point", "coordinates": [ -99.725460523478901, 27.453338047736999, 0.0 ] } },
{ "type": "Feature", "properties": { "PKs": "372+000" }, "geometry": { "type": "Point", "coordinates": [ -99.726426311307307, 27.453068544133501, 0.0 ] } },
{ "type": "Feature", "properties": { "PKs": "371+900" }, "geometry": { "type": "Point", "coordinates": [ -99.727392094292398, 27.452799033914602, 0.0 ] } },
{ "type": "Feature", "properties": { "PKs": "371+800" }, "geometry": { "type": "Point", "coordinates": [ -99.728357872433904, 27.452529517080599, 0.0 ] } },
{ "type": "Feature", "properties": { "PKs": "371+700" }, "geometry": { "type": "Point", "coordinates": [ -99.729323645731597, 27.452259993631699, 0.0 ] } },
{ "type": "Feature", "properties": { "PKs": "371+600" }, "geometry": { "type": "Point", "coordinates": [ -99.730289414185194, 27.451990463568102, 0.0 ] } },
{ "type": "Feature", "properties": { "PKs": "371+500" }, "geometry": { "type": "Point", "coordinates": [ -99.731255177794495, 27.451720926890101, 0.0 ] } },
{ "type": "Feature", "properties": { "PKs": "371+400" }, "geometry": { "type": "Point", "coordinates": [ -99.732220936559401, 27.451451383597998, 0.0 ] } },
{ "type": "Feature", "properties": { "PKs": "371+300" }, "geometry": { "type": "Point", "coordinates": [ -99.7331866904794, 27.451181833691798, 0.0 ] } },
{ "type": "Feature", "properties": { "PKs": "371+200" }, "geometry": { "type": "Point", "coordinates": [ -99.734152439554506, 27.450912277171899, 0.0 ] } },
{ "type": "Feature", "properties": { "PKs": "371+100" }, "geometry": { "type": "Point", "coordinates": [ -99.735118183784394, 27.450642714038501, 0.0 ] } },
{ "type": "Feature", "properties": { "PKs": "371+000" }, "geometry": { "type": "Point", "coordinates": [ -99.736083923168806, 27.450373144291898, 0.0 ] } },
{ "type": "Feature", "properties": { "PKs": "370+900" }, "geometry": { "type": "Point", "coordinates": [ -99.737049657707601, 27.450103567932199, 0.0 ] } },
{ "type": "Feature", "properties": { "PKs": "370+800" }, "geometry": { "type": "Point", "coordinates": [ -99.738015387400395, 27.4498339849597, 0.0 ] } },
{ "type": "Feature", "properties": { "PKs": "370+700" }, "geometry": { "type": "Point", "coordinates": [ -99.738981112247004, 27.449564395374701, 0.0 ] } },
{ "type": "Feature", "properties": { "PKs": "370+600" }, "geometry": { "type": "Point", "coordinates": [ -99.739946832247298, 27.449294799177199, 0.0 ] } },
{ "type": "Feature", "properties": { "PKs": "370+500" }, "geometry": { "type": "Point", "coordinates": [ -99.740912547400995, 27.4490251963677, 0.0 ] } },
{ "type": "Feature", "properties": { "PKs": "370+400" }, "geometry": { "type": "Point", "coordinates": [ -99.741878257707796, 27.448755586946401, 0.0 ] } },
{ "type": "Feature", "properties": { "PKs": "370+300" }, "geometry": { "type": "Point", "coordinates": [ -99.742843963167502, 27.448485970913399, 0.0 ] } },
{ "type": "Feature", "properties": { "PKs": "370+200" }, "geometry": { "type": "Point", "coordinates": [ -99.743809663779899, 27.4482163482689, 0.0 ] } },
{ "type": "Feature", "properties": { "PKs": "370+100" }, "geometry": { "type": "Point", "coordinates": [ -99.744775359544803, 27.447946719013299, 0.0 ] } },
{ "type": "Feature", "properties": { "PKs": "370+000" }, "geometry": { "type": "Point", "coordinates": [ -99.745741050461803, 27.4476770831468, 0.0 ] } },
{ "type": "Feature", "properties": { "PKs": "369+900" }, "geometry": { "type": "Point", "coordinates": [ -99.746706736530896, 27.447407440669501, 0.0 ] } },
{ "type": "Feature", "properties": { "PKs": "369+800" }, "geometry": { "type": "Point", "coordinates": [ -99.747672417751701, 27.447137791581799, 0.0 ] } },
{ "type": "Feature", "properties": { "PKs": "369+700" }, "geometry": { "type": "Point", "coordinates": [ -99.748638094124004, 27.4468681358838, 0.0 ] } },
{ "type": "Feature", "properties": { "PKs": "369+600" }, "geometry": { "type": "Point", "coordinates": [ -99.749603765647606, 27.446598473575801, 0.0 ] } },
{ "type": "Feature", "properties": { "PKs": "369+500" }, "geometry": { "type": "Point", "coordinates": [ -99.750569432322294, 27.446328804657998, 0.0 ] } },
{ "type": "Feature", "properties": { "PKs": "369+400" }, "geometry": { "type": "Point", "coordinates": [ -99.751535094147698, 27.446059129130699, 0.0 ] } },
{ "type": "Feature", "properties": { "PKs": "369+300" }, "geometry": { "type": "Point", "coordinates": [ -99.752500751123705, 27.445789446993999, 0.0 ] } },
{ "type": "Feature", "properties": { "PKs": "369+200" }, "geometry": { "type": "Point", "coordinates": [ -99.753466403250101, 27.445519758248299, 0.0 ] } },
{ "type": "Feature", "properties": { "PKs": "369+100" }, "geometry": { "type": "Point", "coordinates": [ -99.754432050526603, 27.445250062893699, 0.0 ] } },
{ "type": "Feature", "properties": { "PKs": "369+000" }, "geometry": { "type": "Point", "coordinates": [ -99.755397692952997, 27.444980360930501, 0.0 ] } },
{ "type": "Feature", "properties": { "PKs": "368+900" }, "geometry": { "type": "Point", "coordinates": [ -99.756363330529098, 27.4447106523589, 0.0 ] } },
{ "type": "Feature", "properties": { "PKs": "368+800" }, "geometry": { "type": "Point", "coordinates": [ -99.757328963254494, 27.444440937179099, 0.0 ] } },
{ "type": "Feature", "properties": { "PKs": "368+700" }, "geometry": { "type": "Point", "coordinates": [ -99.758294591129101, 27.4441712153914, 0.0 ] } },
{ "type": "Feature", "properties": { "PKs": "368+600" }, "geometry": { "type": "Point", "coordinates": [ -99.759260214152704, 27.443901486996001, 0.0 ] } },
{ "type": "Feature", "properties": { "PKs": "368+500" }, "geometry": { "type": "Point", "coordinates": [ -99.760225832325006, 27.443631751993198, 0.0 ] } },
{ "type": "Feature", "properties": { "PKs": "368+400" }, "geometry": { "type": "Point", "coordinates": [ -99.761191445645807, 27.443362010383101, 0.0 ] } },
{ "type": "Feature", "properties": { "PKs": "368+300" }, "geometry": { "type": "Point", "coordinates": [ -99.762157054114795, 27.4430922621661, 0.0 ] } },
{ "type": "Feature", "properties": { "PKs": "368+200" }, "geometry": { "type": "Point", "coordinates": [ -99.763122657731898, 27.442822507342299, 0.0 ] } },
{ "type": "Feature", "properties": { "PKs": "368+100" }, "geometry": { "type": "Point", "coordinates": [ -99.764088256496706, 27.4425527459119, 0.0 ] } },
{ "type": "Feature", "properties": { "PKs": "368+000" }, "geometry": { "type": "Point", "coordinates": [ -99.765053850409103, 27.442282977875301, 0.0 ] } },
{ "type": "Feature", "properties": { "PKs": "367+900" }, "geometry": { "type": "Point", "coordinates": [ -99.766019439468806, 27.442013203232602, 0.0 ] } },
{ "type": "Feature", "properties": { "PKs": "367+800" }, "geometry": { "type": "Point", "coordinates": [ -99.766985023675502, 27.4417434219841, 0.0 ] } },
{ "type": "Feature", "properties": { "PKs": "367+700" }, "geometry": { "type": "Point", "coordinates": [ -99.767950603029206, 27.441473634129899, 0.0 ] } },
{ "type": "Feature", "properties": { "PKs": "367+600" }, "geometry": { "type": "Point", "coordinates": [ -99.768916177529405, 27.441203839670401, 0.0 ] } },
{ "type": "Feature", "properties": { "PKs": "367+500" }, "geometry": { "type": "Point", "coordinates": [ -99.7698817471761, 27.4409340386058, 0.0 ] } },
{ "type": "Feature", "properties": { "PKs": "367+400" }, "geometry": { "type": "Point", "coordinates": [ -99.770847311968893, 27.440664230936299, 0.0 ] } },
{ "type": "Feature", "properties": { "PKs": "367+300" }, "geometry": { "type": "Point", "coordinates": [ -99.771812871907599, 27.440394416662102, 0.0 ] } },
{ "type": "Feature", "properties": { "PKs": "367+200" }, "geometry": { "type": "Point", "coordinates": [ -99.772778426991906, 27.440124595783399, 0.0 ] } },
{ "type": "Feature", "properties": { "PKs": "367+100" }, "geometry": { "type": "Point", "coordinates": [ -99.773743977221798, 27.439854768300599, 0.0 ] } },
{ "type": "Feature", "properties": { "PKs": "367+000" }, "geometry": { "type": "Point", "coordinates": [ -99.774709522596893, 27.439584934213801, 0.0 ] } },
{ "type": "Feature", "properties": { "PKs": "366+900" }, "geometry": { "type": "Point", "coordinates": [ -99.775675063116907, 27.439315093523199, 0.0 ] } },
{ "type": "Feature", "properties": { "PKs": "366+800" }, "geometry": { "type": "Point", "coordinates": [ -99.776640598781697, 27.439045246229199, 0.0 ] } },
{ "type": "Feature", "properties": { "PKs": "366+700" }, "geometry": { "type": "Point", "coordinates": [ -99.777606129591007, 27.438775392331799, 0.0 ] } },
{ "type": "Feature", "properties": { "PKs": "366+600" }, "geometry": { "type": "Point", "coordinates": [ -99.778571655544695, 27.4385055318314, 0.0 ] } },
{ "type": "Feature", "properties": { "PKs": "366+500" }, "geometry": { "type": "Point", "coordinates": [ -99.779537176642407, 27.4382356647283, 0.0 ] } },
{ "type": "Feature", "properties": { "PKs": "366+400" }, "geometry": { "type": "Point", "coordinates": [ -99.7805026928838, 27.437965791022499, 0.0 ] } },
{ "type": "Feature", "properties": { "PKs": "366+300" }, "geometry": { "type": "Point", "coordinates": [ -99.781468204268904, 27.4376959107144, 0.0 ] } },
{ "type": "Feature", "properties": { "PKs": "366+200" }, "geometry": { "type": "Point", "coordinates": [ -99.782433710797406, 27.4374260238042, 0.0 ] } },
{ "type": "Feature", "properties": { "PKs": "366+100" }, "geometry": { "type": "Point", "coordinates": [ -99.783399212468893, 27.437156130292099, 0.0 ] } },
{ "type": "Feature", "properties": { "PKs": "366+000" }, "geometry": { "type": "Point", "coordinates": [ -99.784364709283395, 27.436886230178299, 0.0 ] } },
{ "type": "Feature", "properties": { "PKs": "365+900" }, "geometry": { "type": "Point", "coordinates": [ -99.785330201240498, 27.436616323463198, 0.0 ] } },
{ "type": "Feature", "properties": { "PKs": "365+800" }, "geometry": { "type": "Point", "coordinates": [ -99.786295688340005, 27.4363464101469, 0.0 ] } },
{ "type": "Feature", "properties": { "PKs": "365+700" }, "geometry": { "type": "Point", "coordinates": [ -99.7872611705818, 27.436076490229599, 0.0 ] } },
{ "type": "Feature", "properties": { "PKs": "365+600" }, "geometry": { "type": "Point", "coordinates": [ -99.788226647965502, 27.435806563711601, 0.0 ] } },
{ "type": "Feature", "properties": { "PKs": "365+500" }, "geometry": { "type": "Point", "coordinates": [ -99.789192120490895, 27.435536630593099, 0.0 ] } },
{ "type": "Feature", "properties": { "PKs": "365+400" }, "geometry": { "type": "Point", "coordinates": [ -99.790157588157797, 27.4352666908744, 0.0 ] } },
{ "type": "Feature", "properties": { "PKs": "365+300" }, "geometry": { "type": "Point", "coordinates": [ -99.791123050965993, 27.434996744555601, 0.0 ] } },
{ "type": "Feature", "properties": { "PKs": "365+200" }, "geometry": { "type": "Point", "coordinates": [ -99.792088508915199, 27.4347267916371, 0.0 ] } },
{ "type": "Feature", "properties": { "PKs": "365+100" }, "geometry": { "type": "Point", "coordinates": [ -99.793053962005203, 27.434456832119, 0.0 ] } },
{ "type": "Feature", "properties": { "PKs": "365+000" }, "geometry": { "type": "Point", "coordinates": [ -99.794020198284301, 27.434185354712, 0.0 ] } },
{ "type": "Feature", "properties": { "PKs": "364+900" }, "geometry": { "type": "Point", "coordinates": [ -99.794985705796407, 27.433896897009198, 0.0 ] } },
{ "type": "Feature", "properties": { "PKs": "364+800" }, "geometry": { "type": "Point", "coordinates": [ -99.795940083712594, 27.433573783200199, 0.0 ] } },
{ "type": "Feature", "properties": { "PKs": "364+700" }, "geometry": { "type": "Point", "coordinates": [ -99.796877751234504, 27.433213826596202, 0.0 ] } },
{ "type": "Feature", "properties": { "PKs": "364+600" }, "geometry": { "type": "Point", "coordinates": [ -99.797796748633004, 27.432817921721501, 0.0 ] } },
{ "type": "Feature", "properties": { "PKs": "364+500" }, "geometry": { "type": "Point", "coordinates": [ -99.798696444758804, 27.432396058268701, 0.0 ] } },
{ "type": "Feature", "properties": { "PKs": "364+400" }, "geometry": { "type": "Point", "coordinates": [ -99.799587416042002, 27.431967749759099, 0.0 ] } },
{ "type": "Feature", "properties": { "PKs": "364+300" }, "geometry": { "type": "Point", "coordinates": [ -99.800478010257507, 27.431539431816201, 0.0 ] } },
{ "type": "Feature", "properties": { "PKs": "364+200" }, "geometry": { "type": "Point", "coordinates": [ -99.801368597488306, 27.431111108303298, 0.0 ] } },
{ "type": "Feature", "properties": { "PKs": "364+100" }, "geometry": { "type": "Point", "coordinates": [ -99.802259177734598, 27.430682779220799, 0.0 ] } },
{ "type": "Feature", "properties": { "PKs": "364+000" }, "geometry": { "type": "Point", "coordinates": [ -99.803149750996198, 27.430254444568899, 0.0 ] } },
{ "type": "Feature", "properties": { "PKs": "363+900" }, "geometry": { "type": "Point", "coordinates": [ -99.804040317273106, 27.429826104347999, 0.0 ] } },
{ "type": "Feature", "properties": { "PKs": "363+800" }, "geometry": { "type": "Point", "coordinates": [ -99.804930876565294, 27.429397758558299, 0.0 ] } },
{ "type": "Feature", "properties": { "PKs": "363+700" }, "geometry": { "type": "Point", "coordinates": [ -99.805821428872704, 27.428969407200199, 0.0 ] } },
{ "type": "Feature", "properties": { "PKs": "363+600" }, "geometry": { "type": "Point", "coordinates": [ -99.806711974195395, 27.428541050273999, 0.0 ] } },
{ "type": "Feature", "properties": { "PKs": "363+500" }, "geometry": { "type": "Point", "coordinates": [ -99.807602512533194, 27.428112687780001, 0.0 ] } },
{ "type": "Feature", "properties": { "PKs": "363+400" }, "geometry": { "type": "Point", "coordinates": [ -99.808493043886202, 27.427684319718601, 0.0 ] } },
{ "type": "Feature", "properties": { "PKs": "363+300" }, "geometry": { "type": "Point", "coordinates": [ -99.809383568254404, 27.4272559460899, 0.0 ] } },
{ "type": "Feature", "properties": { "PKs": "363+200" }, "geometry": { "type": "Point", "coordinates": [ -99.810274085637602, 27.426827566894399, 0.0 ] } },
{ "type": "Feature", "properties": { "PKs": "363+100" }, "geometry": { "type": "Point", "coordinates": [ -99.811164596035894, 27.4263991821323, 0.0 ] } },
{ "type": "Feature", "properties": { "PKs": "363+000" }, "geometry": { "type": "Point", "coordinates": [ -99.812055099449196, 27.425970791804101, 0.0 ] } },
{ "type": "Feature", "properties": { "PKs": "362+900" }, "geometry": { "type": "Point", "coordinates": [ -99.812945595877594, 27.425542395909801, 0.0 ] } },
{ "type": "Feature", "properties": { "PKs": "362+800" }, "geometry": { "type": "Point", "coordinates": [ -99.813836085320901, 27.425113994450001, 0.0 ] } },
{ "type": "Feature", "properties": { "PKs": "362+700" }, "geometry": { "type": "Point", "coordinates": [ -99.814726567779104, 27.4246855874249, 0.0 ] } },
{ "type": "Feature", "properties": { "PKs": "362+600" }, "geometry": { "type": "Point", "coordinates": [ -99.815617043252303, 27.424257174834899, 0.0 ] } },
{ "type": "Feature", "properties": { "PKs": "362+500" }, "geometry": { "type": "Point", "coordinates": [ -99.816507511740397, 27.423828756680098, 0.0 ] } },
{ "type": "Feature", "properties": { "PKs": "362+400" }, "geometry": { "type": "Point", "coordinates": [ -99.817397973243303, 27.423400332960998, 0.0 ] } },
{ "type": "Feature", "properties": { "PKs": "362+300" }, "geometry": { "type": "Point", "coordinates": [ -99.818288427761004, 27.422971903677801, 0.0 ] } },
{ "type": "Feature", "properties": { "PKs": "362+200" }, "geometry": { "type": "Point", "coordinates": [ -99.819178875293503, 27.422543468831002, 0.0 ] } },
{ "type": "Feature", "properties": { "PKs": "362+100" }, "geometry": { "type": "Point", "coordinates": [ -99.820069315840797, 27.422115028420698, 0.0 ] } },
{ "type": "Feature", "properties": { "PKs": "362+000" }, "geometry": { "type": "Point", "coordinates": [ -99.820959749402903, 27.4216865824473, 0.0 ] } },
{ "type": "Feature", "properties": { "PKs": "361+900" }, "geometry": { "type": "Point", "coordinates": [ -99.821850175979606, 27.421258130911099, 0.0 ] } },
{ "type": "Feature", "properties": { "PKs": "361+800" }, "geometry": { "type": "Point", "coordinates": [ -99.822740595571005, 27.420829673812499, 0.0 ] } },
{ "type": "Feature", "properties": { "PKs": "361+700" }, "geometry": { "type": "Point", "coordinates": [ -99.823631008177102, 27.420401211151599, 0.0 ] } },
{ "type": "Feature", "properties": { "PKs": "361+600" }, "geometry": { "type": "Point", "coordinates": [ -99.824521413797697, 27.419972742929001, 0.0 ] } },
{ "type": "Feature", "properties": { "PKs": "361+500" }, "geometry": { "type": "Point", "coordinates": [ -99.825411812433003, 27.419544269144801, 0.0 ] } },
{ "type": "Feature", "properties": { "PKs": "361+400" }, "geometry": { "type": "Point", "coordinates": [ -99.826302204082793, 27.419115789799299, 0.0 ] } },
{ "type": "Feature", "properties": { "PKs": "361+300" }, "geometry": { "type": "Point", "coordinates": [ -99.827192588747096, 27.418687304893002, 0.0 ] } },
{ "type": "Feature", "properties": { "PKs": "361+200" }, "geometry": { "type": "Point", "coordinates": [ -99.828082966425896, 27.4182588144261, 0.0 ] } },
{ "type": "Feature", "properties": { "PKs": "361+100" }, "geometry": { "type": "Point", "coordinates": [ -99.828973337119194, 27.417830318398799, 0.0 ] } },
{ "type": "Feature", "properties": { "PKs": "361+000" }, "geometry": { "type": "Point", "coordinates": [ -99.829863700826905, 27.417401816811601, 0.0 ] } },
{ "type": "Feature", "properties": { "PKs": "360+900" }, "geometry": { "type": "Point", "coordinates": [ -99.830754057549001, 27.416973309664801, 0.0 ] } },
{ "type": "Feature", "properties": { "PKs": "360+800" }, "geometry": { "type": "Point", "coordinates": [ -99.831644407285495, 27.4165447969586, 0.0 ] } },
{ "type": "Feature", "properties": { "PKs": "360+700" }, "geometry": { "type": "Point", "coordinates": [ -99.832534750036402, 27.416116278693298, 0.0 ] } },
{ "type": "Feature", "properties": { "PKs": "360+600" }, "geometry": { "type": "Point", "coordinates": [ -99.833425085801494, 27.415687754869399, 0.0 ] } },
{ "type": "Feature", "properties": { "PKs": "360+500" }, "geometry": { "type": "Point", "coordinates": [ -99.834315414580999, 27.415259225486999, 0.0 ] } },
{ "type": "Feature", "properties": { "PKs": "360+400" }, "geometry": { "type": "Point", "coordinates": [ -99.835205736374604, 27.414830690546601, 0.0 ] } },
{ "type": "Feature", "properties": { "PKs": "360+300" }, "geometry": { "type": "Point", "coordinates": [ -99.836096051182494, 27.4144021500483, 0.0 ] } },
{ "type": "Feature", "properties": { "PKs": "360+200" }, "geometry": { "type": "Point", "coordinates": [ -99.836986359004598, 27.413973603992599, 0.0 ] } },
{ "type": "Feature", "properties": { "PKs": "360+100" }, "geometry": { "type": "Point", "coordinates": [ -99.837876659840902, 27.4135450523797, 0.0 ] } },
{ "type": "Feature", "properties": { "PKs": "360+000" }, "geometry": { "type": "Point", "coordinates": [ -99.838766953691305, 27.413116495210001, 0.0 ] } },
{ "type": "Feature", "properties": { "PKs": "359+900" }, "geometry": { "type": "Point", "coordinates": [ -99.839657240555795, 27.412687932483799, 0.0 ] } },
{ "type": "Feature", "properties": { "PKs": "359+800" }, "geometry": { "type": "Point", "coordinates": [ -99.840547520434399, 27.412259364201301, 0.0 ] } },
{ "type": "Feature", "properties": { "PKs": "359+700" }, "geometry": { "type": "Point", "coordinates": [ -99.841437793327003, 27.411830790362998, 0.0 ] } },
{ "type": "Feature", "properties": { "PKs": "359+600" }, "geometry": { "type": "Point", "coordinates": [ -99.842328059233594, 27.411402210969001, 0.0 ] } },
{ "type": "Feature", "properties": { "PKs": "359+500" }, "geometry": { "type": "Point", "coordinates": [ -99.8432183181542, 27.4109736260198, 0.0 ] } },
{ "type": "Feature", "properties": { "PKs": "359+400" }, "geometry": { "type": "Point", "coordinates": [ -99.844108570088807, 27.4105450355156, 0.0 ] } },
{ "type": "Feature", "properties": { "PKs": "359+300" }, "geometry": { "type": "Point", "coordinates": [ -99.8449988150373, 27.4101164394568, 0.0 ] } },
{ "type": "Feature", "properties": { "PKs": "359+200" }, "geometry": { "type": "Point", "coordinates": [ -99.845889052999695, 27.409687837843599, 0.0 ] } },
{ "type": "Feature", "properties": { "PKs": "359+100" }, "geometry": { "type": "Point", "coordinates": [ -99.846779283975906, 27.409259230676401, 0.0 ] } },
{ "type": "Feature", "properties": { "PKs": "359+000" }, "geometry": { "type": "Point", "coordinates": [ -99.847669507966003, 27.408830617955498, 0.0 ] } },
{ "type": "Feature", "properties": { "PKs": "358+900" }, "geometry": { "type": "Point", "coordinates": [ -99.848559724969903, 27.4084019996812, 0.0 ] } },
{ "type": "Feature", "properties": { "PKs": "358+800" }, "geometry": { "type": "Point", "coordinates": [ -99.849449934987604, 27.4079733758538, 0.0 ] } },
{ "type": "Feature", "properties": { "PKs": "358+700" }, "geometry": { "type": "Point", "coordinates": [ -99.850340138019007, 27.407544746473601, 0.0 ] } },
{ "type": "Feature", "properties": { "PKs": "358+600" }, "geometry": { "type": "Point", "coordinates": [ -99.851230334064098, 27.407116111541001, 0.0 ] } },
{ "type": "Feature", "properties": { "PKs": "358+500" }, "geometry": { "type": "Point", "coordinates": [ -99.852120523122906, 27.406687471056198, 0.0 ] } },
{ "type": "Feature", "properties": { "PKs": "358+400" }, "geometry": { "type": "Point", "coordinates": [ -99.853010705195402, 27.406258825019599, 0.0 ] } },
{ "type": "Feature", "properties": { "PKs": "358+300" }, "geometry": { "type": "Point", "coordinates": [ -99.8539008802815, 27.405830173431401, 0.0 ] } },
{ "type": "Feature", "properties": { "PKs": "358+200" }, "geometry": { "type": "Point", "coordinates": [ -99.854791048381102, 27.405401516292098, 0.0 ] } },
{ "type": "Feature", "properties": { "PKs": "358+100" }, "geometry": { "type": "Point", "coordinates": [ -99.855681209494406, 27.404972853601802, 0.0 ] } },
{ "type": "Feature", "properties": { "PKs": "358+000" }, "geometry": { "type": "Point", "coordinates": [ -99.8565713636212, 27.404544185361001, 0.0 ] } },
{ "type": "Feature", "properties": { "PKs": "357+900" }, "geometry": { "type": "Point", "coordinates": [ -99.857461510761496, 27.404115511569898, 0.0 ] } },
{ "type": "Feature", "properties": { "PKs": "357+800" }, "geometry": { "type": "Point", "coordinates": [ -99.858351650915296, 27.4036868322289, 0.0 ] } },
{ "type": "Feature", "properties": { "PKs": "357+700" }, "geometry": { "type": "Point", "coordinates": [ -99.859241784082499, 27.4032581473382, 0.0 ] } },
{ "type": "Feature", "properties": { "PKs": "357+600" }, "geometry": { "type": "Point", "coordinates": [ -99.860131910263107, 27.4028294568982, 0.0 ] } },
{ "type": "Feature", "properties": { "PKs": "357+500" }, "geometry": { "type": "Point", "coordinates": [ -99.861022029457203, 27.402400760909099, 0.0 ] } },
{ "type": "Feature", "properties": { "PKs": "357+400" }, "geometry": { "type": "Point", "coordinates": [ -99.861912141664504, 27.401972059371399, 0.0 ] } },
{ "type": "Feature", "properties": { "PKs": "357+300" }, "geometry": { "type": "Point", "coordinates": [ -99.862802246885295, 27.401543352285199, 0.0 ] } },
{ "type": "Feature", "properties": { "PKs": "357+200" }, "geometry": { "type": "Point", "coordinates": [ -99.863692345119304, 27.401114639650999, 0.0 ] } },
{ "type": "Feature", "properties": { "PKs": "357+100" }, "geometry": { "type": "Point", "coordinates": [ -99.864582436366604, 27.400685921469002, 0.0 ] } },
{ "type": "Feature", "properties": { "PKs": "357+000" }, "geometry": { "type": "Point", "coordinates": [ -99.865472520627094, 27.400257197739599, 0.0 ] } },
{ "type": "Feature", "properties": { "PKs": "356+900" }, "geometry": { "type": "Point", "coordinates": [ -99.866362597900803, 27.399828468462999, 0.0 ] } },
{ "type": "Feature", "properties": { "PKs": "356+800" }, "geometry": { "type": "Point", "coordinates": [ -99.867252668187803, 27.399399733639701, 0.0 ] } },
{ "type": "Feature", "properties": { "PKs": "356+700" }, "geometry": { "type": "Point", "coordinates": [ -99.868142731487893, 27.3989709932697, 0.0 ] } },
{ "type": "Feature", "properties": { "PKs": "356+600" }, "geometry": { "type": "Point", "coordinates": [ -99.869032787801004, 27.3985422473536, 0.0 ] } },
{ "type": "Feature", "properties": { "PKs": "356+500" }, "geometry": { "type": "Point", "coordinates": [ -99.869922837127305, 27.3981134958916, 0.0 ] } },
{ "type": "Feature", "properties": { "PKs": "356+400" }, "geometry": { "type": "Point", "coordinates": [ -99.870812879466698, 27.397684738884099, 0.0 ] } },
{ "type": "Feature", "properties": { "PKs": "356+300" }, "geometry": { "type": "Point", "coordinates": [ -99.871702914819096, 27.397255976331198, 0.0 ] } },
{ "type": "Feature", "properties": { "PKs": "356+200" }, "geometry": { "type": "Point", "coordinates": [ -99.8725929431845, 27.3968272082335, 0.0 ] } },
{ "type": "Feature", "properties": { "PKs": "356+100" }, "geometry": { "type": "Point", "coordinates": [ -99.873482964562797, 27.396398434591099, 0.0 ] } },
{ "type": "Feature", "properties": { "PKs": "356+000" }, "geometry": { "type": "Point", "coordinates": [ -99.874372978954099, 27.395969655404301, 0.0 ] } },
{ "type": "Feature", "properties": { "PKs": "355+900" }, "geometry": { "type": "Point", "coordinates": [ -99.875262986358393, 27.395540870673599, 0.0 ] } },
{ "type": "Feature", "properties": { "PKs": "355+800" }, "geometry": { "type": "Point", "coordinates": [ -99.876152986775494, 27.395112080399102, 0.0 ] } },
{ "type": "Feature", "properties": { "PKs": "355+700" }, "geometry": { "type": "Point", "coordinates": [ -99.877042980205502, 27.394683284581301, 0.0 ] } },
{ "type": "Feature", "properties": { "PKs": "355+600" }, "geometry": { "type": "Point", "coordinates": [ -99.877932966648302, 27.394254483220401, 0.0 ] } },
{ "type": "Feature", "properties": { "PKs": "355+500" }, "geometry": { "type": "Point", "coordinates": [ -99.878822946103895, 27.393825676316801, 0.0 ] } },
{ "type": "Feature", "properties": { "PKs": "355+400" }, "geometry": { "type": "Point", "coordinates": [ -99.879712918572196, 27.393396863870699, 0.0 ] } },
{ "type": "Feature", "properties": { "PKs": "355+300" }, "geometry": { "type": "Point", "coordinates": [ -99.880602884053303, 27.392968045882501, 0.0 ] } },
{ "type": "Feature", "properties": { "PKs": "355+200" }, "geometry": { "type": "Point", "coordinates": [ -99.881492842547203, 27.392539222352401, 0.0 ] } },
{ "type": "Feature", "properties": { "PKs": "355+100" }, "geometry": { "type": "Point", "coordinates": [ -99.882382794053697, 27.392110393280898, 0.0 ] } },
{ "type": "Feature", "properties": { "PKs": "355+000" }, "geometry": { "type": "Point", "coordinates": [ -99.883272738572799, 27.3916815586682, 0.0 ] } },
{ "type": "Feature", "properties": { "PKs": "354+900" }, "geometry": { "type": "Point", "coordinates": [ -99.884162676104594, 27.3912527185146, 0.0 ] } },
{ "type": "Feature", "properties": { "PKs": "354+800" }, "geometry": { "type": "Point", "coordinates": [ -99.885052606648898, 27.390823872820398, 0.0 ] } },
{ "type": "Feature", "properties": { "PKs": "354+700" }, "geometry": { "type": "Point", "coordinates": [ -99.885942530205895, 27.390395021585999, 0.0 ] } },
{ "type": "Feature", "properties": { "PKs": "354+600" }, "geometry": { "type": "Point", "coordinates": [ -99.886832446775301, 27.3899661648116, 0.0 ] } },
{ "type": "Feature", "properties": { "PKs": "354+500" }, "geometry": { "type": "Point", "coordinates": [ -99.887722356357301, 27.389537302497601, 0.0 ] } },
{ "type": "Feature", "properties": { "PKs": "354+400" }, "geometry": { "type": "Point", "coordinates": [ -99.888612258951795, 27.389108434644299, 0.0 ] } },
{ "type": "Feature", "properties": { "PKs": "354+300" }, "geometry": { "type": "Point", "coordinates": [ -99.889502154558599, 27.388679561252001, 0.0 ] } },
{ "type": "Feature", "properties": { "PKs": "354+200" }, "geometry": { "type": "Point", "coordinates": [ -99.890392043177997, 27.388250682321001, 0.0 ] } },
{ "type": "Feature", "properties": { "PKs": "354+100" }, "geometry": { "type": "Point", "coordinates": [ -99.891281924809604, 27.387821797851601, 0.0 ] } },
{ "type": "Feature", "properties": { "PKs": "354+000" }, "geometry": { "type": "Point", "coordinates": [ -99.892171799453706, 27.387392907844202, 0.0 ] } },
{ "type": "Feature", "properties": { "PKs": "353+900" }, "geometry": { "type": "Point", "coordinates": [ -99.893061667110103, 27.386964012299, 0.0 ] } },
{ "type": "Feature", "properties": { "PKs": "353+800" }, "geometry": { "type": "Point", "coordinates": [ -99.893951527778796, 27.3865351112164, 0.0 ] } },
{ "type": "Feature", "properties": { "PKs": "353+700" }, "geometry": { "type": "Point", "coordinates": [ -99.894841381459798, 27.3861062045967, 0.0 ] } },
{ "type": "Feature", "properties": { "PKs": "353+600" }, "geometry": { "type": "Point", "coordinates": [ -99.895731228152997, 27.385677292440199, 0.0 ] } },
{ "type": "Feature", "properties": { "PKs": "353+500" }, "geometry": { "type": "Point", "coordinates": [ -99.896621067858405, 27.3852483747471, 0.0 ] } },
{ "type": "Feature", "properties": { "PKs": "353+400" }, "geometry": { "type": "Point", "coordinates": [ -99.897510900575995, 27.384819451517899, 0.0 ] } },
{ "type": "Feature", "properties": { "PKs": "353+300" }, "geometry": { "type": "Point", "coordinates": [ -99.898400726305695, 27.384390522752799, 0.0 ] } },
{ "type": "Feature", "properties": { "PKs": "353+200" }, "geometry": { "type": "Point", "coordinates": [ -99.899290545047606, 27.383961588452198, 0.0 ] } },
{ "type": "Feature", "properties": { "PKs": "353+100" }, "geometry": { "type": "Point", "coordinates": [ -99.900180356801599, 27.383532648616299, 0.0 ] } },
{ "type": "Feature", "properties": { "PKs": "353+000" }, "geometry": { "type": "Point", "coordinates": [ -99.901070161567603, 27.383103703245499, 0.0 ] } },
{ "type": "Feature", "properties": { "PKs": "352+900" }, "geometry": { "type": "Point", "coordinates": [ -99.901959959345703, 27.382674752340101, 0.0 ] } },
{ "type": "Feature", "properties": { "PKs": "352+800" }, "geometry": { "type": "Point", "coordinates": [ -99.9028497501358, 27.382245795900399, 0.0 ] } },
{ "type": "Feature", "properties": { "PKs": "352+700" }, "geometry": { "type": "Point", "coordinates": [ -99.903739533937895, 27.381816833926699, 0.0 ] } },
{ "type": "Feature", "properties": { "PKs": "352+600" }, "geometry": { "type": "Point", "coordinates": [ -99.904629310751901, 27.381387866419299, 0.0 ] } },
{ "type": "Feature", "properties": { "PKs": "352+500" }, "geometry": { "type": "Point", "coordinates": [ -99.905519080577804, 27.380958893378502, 0.0 ] } },
{ "type": "Feature", "properties": { "PKs": "352+400" }, "geometry": { "type": "Point", "coordinates": [ -99.906408843415704, 27.380529914804701, 0.0 ] } },
{ "type": "Feature", "properties": { "PKs": "352+300" }, "geometry": { "type": "Point", "coordinates": [ -99.907298599265403, 27.380100930698099, 0.0 ] } },
{ "type": "Feature", "properties": { "PKs": "352+200" }, "geometry": { "type": "Point", "coordinates": [ -99.908188348126899, 27.3796719410592, 0.0 ] } },
{ "type": "Feature", "properties": { "PKs": "352+100" }, "geometry": { "type": "Point", "coordinates": [ -99.909078090000307, 27.379242945888102, 0.0 ] } },
{ "type": "Feature", "properties": { "PKs": "352+000" }, "geometry": { "type": "Point", "coordinates": [ -99.909967824885399, 27.3788139451852, 0.0 ] } },
{ "type": "Feature", "properties": { "PKs": "351+900" }, "geometry": { "type": "Point", "coordinates": [ -99.910857552782304, 27.378384938950798, 0.0 ] } },
{ "type": "Feature", "properties": { "PKs": "351+800" }, "geometry": { "type": "Point", "coordinates": [ -99.911747273690906, 27.377955927185301, 0.0 ] } },
{ "type": "Feature", "properties": { "PKs": "351+700" }, "geometry": { "type": "Point", "coordinates": [ -99.912636987611094, 27.3775269098889, 0.0 ] } },
{ "type": "Feature", "properties": { "PKs": "351+600" }, "geometry": { "type": "Point", "coordinates": [ -99.913526694543094, 27.3770978870619, 0.0 ] } },
{ "type": "Feature", "properties": { "PKs": "351+500" }, "geometry": { "type": "Point", "coordinates": [ -99.914416394486693, 27.376668858704701, 0.0 ] } },
{ "type": "Feature", "properties": { "PKs": "351+400" }, "geometry": { "type": "Point", "coordinates": [ -99.915306087441806, 27.376239824817599, 0.0 ] } },
{ "type": "Feature", "properties": { "PKs": "351+300" }, "geometry": { "type": "Point", "coordinates": [ -99.916195773408603, 27.375810785400901, 0.0 ] } },
{ "type": "Feature", "properties": { "PKs": "351+200" }, "geometry": { "type": "Point", "coordinates": [ -99.9170854523869, 27.375381740454898, 0.0 ] } },
{ "type": "Feature", "properties": { "PKs": "351+100" }, "geometry": { "type": "Point", "coordinates": [ -99.917975124376696, 27.374952689979899, 0.0 ] } },
{ "type": "Feature", "properties": { "PKs": "351+000" }, "geometry": { "type": "Point", "coordinates": [ -99.918864789378006, 27.374523633976299, 0.0 ] } },
{ "type": "Feature", "properties": { "PKs": "350+900" }, "geometry": { "type": "Point", "coordinates": [ -99.919754447390801, 27.374094572444299, 0.0 ] } },
{ "type": "Feature", "properties": { "PKs": "350+800" }, "geometry": { "type": "Point", "coordinates": [ -99.920644098414996, 27.373665505384199, 0.0 ] } },
{ "type": "Feature", "properties": { "PKs": "350+700" }, "geometry": { "type": "Point", "coordinates": [ -99.921533742450606, 27.373236432796499, 0.0 ] } },
{ "type": "Feature", "properties": { "PKs": "350+600" }, "geometry": { "type": "Point", "coordinates": [ -99.922423379497502, 27.372807354681299, 0.0 ] } },
{ "type": "Feature", "properties": { "PKs": "350+500" }, "geometry": { "type": "Point", "coordinates": [ -99.923313009555898, 27.372378271039, 0.0 ] } },
{ "type": "Feature", "properties": { "PKs": "350+400" }, "geometry": { "type": "Point", "coordinates": [ -99.924202632625494, 27.371949181869901, 0.0 ] } },
{ "type": "Feature", "properties": { "PKs": "350+300" }, "geometry": { "type": "Point", "coordinates": [ -99.925092248706406, 27.3715200871743, 0.0 ] } },
{ "type": "Feature", "properties": { "PKs": "350+200" }, "geometry": { "type": "Point", "coordinates": [ -99.925981857798604, 27.371090986952598, 0.0 ] } },
{ "type": "Feature", "properties": { "PKs": "350+100" }, "geometry": { "type": "Point", "coordinates": [ -99.926871459902003, 27.370661881204999, 0.0 ] } },
{ "type": "Feature", "properties": { "PKs": "350+000" }, "geometry": { "type": "Point", "coordinates": [ -99.927761055016603, 27.370232769931899, 0.0 ] } },
{ "type": "Feature", "properties": { "PKs": "349+900" }, "geometry": { "type": "Point", "coordinates": [ -99.928650643142404, 27.369803653133602, 0.0 ] } },
{ "type": "Feature", "properties": { "PKs": "349+800" }, "geometry": { "type": "Point", "coordinates": [ -99.929540666032594, 27.3693730536903, 0.0 ] } },
{ "type": "Feature", "properties": { "PKs": "349+700" }, "geometry": { "type": "Point", "coordinates": [ -99.930426602032497, 27.368926373569298, 0.0 ] } },
{ "type": "Feature", "properties": { "PKs": "349+600" }, "geometry": { "type": "Point", "coordinates": [ -99.931294509899999, 27.368447724853102, 0.0 ] } },
{ "type": "Feature", "properties": { "PKs": "349+500" }, "geometry": { "type": "Point", "coordinates": [ -99.932138198321098, 27.3679357279062, 0.0 ] } },
{ "type": "Feature", "properties": { "PKs": "349+400" }, "geometry": { "type": "Point", "coordinates": [ -99.932956060913597, 27.367391357800699, 0.0 ] } },
{ "type": "Feature", "properties": { "PKs": "349+300" }, "geometry": { "type": "Point", "coordinates": [ -99.933746777639499, 27.366818712486602, 0.0 ] } },
{ "type": "Feature", "properties": { "PKs": "349+200" }, "geometry": { "type": "Point", "coordinates": [ -99.934519740548097, 27.366234357681702, 0.0 ] } },
{ "type": "Feature", "properties": { "PKs": "349+100" }, "geometry": { "type": "Point", "coordinates": [ -99.935289904689895, 27.365649472205501, 0.0 ] } },
{ "type": "Feature", "properties": { "PKs": "349+000" }, "geometry": { "type": "Point", "coordinates": [ -99.9360600606975, 27.365064582634901, 0.0 ] } },
{ "type": "Feature", "properties": { "PKs": "348+900" }, "geometry": { "type": "Point", "coordinates": [ -99.936830208570996, 27.364479688970299, 0.0 ] } },
{ "type": "Feature", "properties": { "PKs": "348+800" }, "geometry": { "type": "Point", "coordinates": [ -99.937600348310596, 27.363894791212001, 0.0 ] } },
{ "type": "Feature", "properties": { "PKs": "348+700" }, "geometry": { "type": "Point", "coordinates": [ -99.9383704799166, 27.363309889360298, 0.0 ] } },
{ "type": "Feature", "properties": { "PKs": "348+600" }, "geometry": { "type": "Point", "coordinates": [ -99.939140603389006, 27.362724983415699, 0.0 ] } },
{ "type": "Feature", "properties": { "PKs": "348+500" }, "geometry": { "type": "Point", "coordinates": [ -99.9399107187282, 27.362140073378299, 0.0 ] } },
{ "type": "Feature", "properties": { "PKs": "348+400" }, "geometry": { "type": "Point", "coordinates": [ -99.940680825934294, 27.3615551592485, 0.0 ] } },
{ "type": "Feature", "properties": { "PKs": "348+300" }, "geometry": { "type": "Point", "coordinates": [ -99.941450925007402, 27.3609702410266, 0.0 ] } },
{ "type": "Feature", "properties": { "PKs": "348+200" }, "geometry": { "type": "Point", "coordinates": [ -99.942221015947993, 27.360385318713, 0.0 ] } },
{ "type": "Feature", "properties": { "PKs": "348+100" }, "geometry": { "type": "Point", "coordinates": [ -99.942991098755996, 27.3598003923079, 0.0 ] } },
{ "type": "Feature", "properties": { "PKs": "348+000" }, "geometry": { "type": "Point", "coordinates": [ -99.943761173431795, 27.359215461811701, 0.0 ] } },
{ "type": "Feature", "properties": { "PKs": "347+900" }, "geometry": { "type": "Point", "coordinates": [ -99.9445319258447, 27.3586329834936, 0.0 ] } },
{ "type": "Feature", "properties": { "PKs": "347+800" }, "geometry": { "type": "Point", "coordinates": [ -99.945307104991301, 27.358055577513198, 0.0 ] } },
{ "type": "Feature", "properties": { "PKs": "347+700" }, "geometry": { "type": "Point", "coordinates": [ -99.946086579931901, 27.357481272936202, 0.0 ] } },
{ "type": "Feature", "properties": { "PKs": "347+600" }, "geometry": { "type": "Point", "coordinates": [ -99.946866580395493, 27.3569069411047, 0.0 ] } },
{ "type": "Feature", "properties": { "PKs": "347+500" }, "geometry": { "type": "Point", "coordinates": [ -99.947646649374207, 27.356332482898701, 0.0 ] } },
{ "type": "Feature", "properties": { "PKs": "347+400" }, "geometry": { "type": "Point", "coordinates": [ -99.948425021674296, 27.355754297065999, 0.0 ] } },
{ "type": "Feature", "properties": { "PKs": "347+300" }, "geometry": { "type": "Point", "coordinates": [ -99.949198628010507, 27.355171107899501, 0.0 ] } },
{ "type": "Feature", "properties": { "PKs": "347+200" }, "geometry": { "type": "Point", "coordinates": [ -99.949968792223103, 27.354586231355899, 0.0 ] } },
{ "type": "Feature", "properties": { "PKs": "347+100" }, "geometry": { "type": "Point", "coordinates": [ -99.950738898308003, 27.354001373489702, 0.0 ] } },
{ "type": "Feature", "properties": { "PKs": "347+000" }, "geometry": { "type": "Point", "coordinates": [ -99.951508996263001, 27.353416511534299, 0.0 ] } },
{ "type": "Feature", "properties": { "PKs": "346+900" }, "geometry": { "type": "Point", "coordinates": [ -99.952279086088296, 27.352831645490198, 0.0 ] } },
{ "type": "Feature", "properties": { "PKs": "346+800" }, "geometry": { "type": "Point", "coordinates": [ -99.953049167783902, 27.352246775357699, 0.0 ] } },
{ "type": "Feature", "properties": { "PKs": "346+700" }, "geometry": { "type": "Point", "coordinates": [ -99.953819241350303, 27.351661901137099, 0.0 ] } },
{ "type": "Feature", "properties": { "PKs": "346+600" }, "geometry": { "type": "Point", "coordinates": [ -99.954589306787497, 27.351077022828701, 0.0 ] } },
{ "type": "Feature", "properties": { "PKs": "346+500" }, "geometry": { "type": "Point", "coordinates": [ -99.955359364095798, 27.350492140432699, 0.0 ] } },
{ "type": "Feature", "properties": { "PKs": "346+400" }, "geometry": { "type": "Point", "coordinates": [ -99.956129413275306, 27.349907253949699, 0.0 ] } },
{ "type": "Feature", "properties": { "PKs": "346+300" }, "geometry": { "type": "Point", "coordinates": [ -99.956899454326305, 27.349322363379802, 0.0 ] } },
{ "type": "Feature", "properties": { "PKs": "346+200" }, "geometry": { "type": "Point", "coordinates": [ -99.957669487249007, 27.3487374687234, 0.0 ] } },
{ "type": "Feature", "properties": { "PKs": "346+100" }, "geometry": { "type": "Point", "coordinates": [ -99.958439512043498, 27.348152569980801, 0.0 ] } },
{ "type": "Feature", "properties": { "PKs": "346+000" }, "geometry": { "type": "Point", "coordinates": [ -99.959209528710105, 27.347567667152301, 0.0 ] } },
{ "type": "Feature", "properties": { "PKs": "345+900" }, "geometry": { "type": "Point", "coordinates": [ -99.959979537248998, 27.346982760238301, 0.0 ] } },
{ "type": "Feature", "properties": { "PKs": "345+800" }, "geometry": { "type": "Point", "coordinates": [ -99.960749537660305, 27.3463978492391, 0.0 ] } },
{ "type": "Feature", "properties": { "PKs": "345+700" }, "geometry": { "type": "Point", "coordinates": [ -99.961519529944297, 27.3458129341549, 0.0 ] } },
{ "type": "Feature", "properties": { "PKs": "345+600" }, "geometry": { "type": "Point", "coordinates": [ -99.962289514101201, 27.345228014986098, 0.0 ] } },
{ "type": "Feature", "properties": { "PKs": "345+500" }, "geometry": { "type": "Point", "coordinates": [ -99.963059490131101, 27.344643091733001, 0.0 ] } },
{ "type": "Feature", "properties": { "PKs": "345+400" }, "geometry": { "type": "Point", "coordinates": [ -99.963829458034397, 27.344058164395999, 0.0 ] } },
{ "type": "Feature", "properties": { "PKs": "345+300" }, "geometry": { "type": "Point", "coordinates": [ -99.964599417811101, 27.343473232975398, 0.0 ] } },
{ "type": "Feature", "properties": { "PKs": "345+200" }, "geometry": { "type": "Point", "coordinates": [ -99.965369369461399, 27.342888297471401, 0.0 ] } },
{ "type": "Feature", "properties": { "PKs": "345+100" }, "geometry": { "type": "Point", "coordinates": [ -99.966139312985703, 27.342303357884401, 0.0 ] } },
{ "type": "Feature", "properties": { "PKs": "345+000" }, "geometry": { "type": "Point", "coordinates": [ -99.966909248383999, 27.3417184142148, 0.0 ] } },
{ "type": "Feature", "properties": { "PKs": "344+900" }, "geometry": { "type": "Point", "coordinates": [ -99.967679175656599, 27.341133466462701, 0.0 ] } },
{ "type": "Feature", "properties": { "PKs": "344+800" }, "geometry": { "type": "Point", "coordinates": [ -99.968448962901405, 27.340546385612601, 0.0 ] } },
{ "type": "Feature", "properties": { "PKs": "344+700" }, "geometry": { "type": "Point", "coordinates": [ -99.969211754027299, 27.339949941011199, 0.0 ] } },
{ "type": "Feature", "properties": { "PKs": "344+600" }, "geometry": { "type": "Point", "coordinates": [ -99.969966028235007, 27.339347970465798, 0.0 ] } },
{ "type": "Feature", "properties": { "PKs": "344+500" }, "geometry": { "type": "Point", "coordinates": [ -99.9707193073817, 27.338747562374898, 0.0 ] } },
{ "type": "Feature", "properties": { "PKs": "344+400" }, "geometry": { "type": "Point", "coordinates": [ -99.971478886244, 27.3381560709648, 0.0 ] } },
{ "type": "Feature", "properties": { "PKs": "344+300" }, "geometry": { "type": "Point", "coordinates": [ -99.972247267297405, 27.3375708854125, 0.0 ] } },
{ "type": "Feature", "properties": { "PKs": "344+200" }, "geometry": { "type": "Point", "coordinates": [ -99.973017033105805, 27.336985799695402, 0.0 ] } },
{ "type": "Feature", "properties": { "PKs": "344+100" }, "geometry": { "type": "Point", "coordinates": [ -99.973786790789802, 27.3364007098996, 0.0 ] } },
{ "type": "Feature", "properties": { "PKs": "344+000" }, "geometry": { "type": "Point", "coordinates": [ -99.974556540349496, 27.3358156160254, 0.0 ] } },
{ "type": "Feature", "properties": { "PKs": "343+900" }, "geometry": { "type": "Point", "coordinates": [ -99.9753262817852, 27.335230518073299, 0.0 ] } },
{ "type": "Feature", "properties": { "PKs": "343+800" }, "geometry": { "type": "Point", "coordinates": [ -99.976096015097099, 27.334645416043401, 0.0 ] } },
{ "type": "Feature", "properties": { "PKs": "343+700" }, "geometry": { "type": "Point", "coordinates": [ -99.976865740285405, 27.334060309936099, 0.0 ] } },
{ "type": "Feature", "properties": { "PKs": "343+600" }, "geometry": { "type": "Point", "coordinates": [ -99.977635457350203, 27.333475199751799, 0.0 ] } },
{ "type": "Feature", "properties": { "PKs": "343+500" }, "geometry": { "type": "Point", "coordinates": [ -99.978405166291793, 27.3328900854907, 0.0 ] } },
{ "type": "Feature", "properties": { "PKs": "343+400" }, "geometry": { "type": "Point", "coordinates": [ -99.979174867110402, 27.332304967153199, 0.0 ] } },
{ "type": "Feature", "properties": { "PKs": "343+300" }, "geometry": { "type": "Point", "coordinates": [ -99.979944559806199, 27.331719844739599, 0.0 ] } },
{ "type": "Feature", "properties": { "PKs": "343+200" }, "geometry": { "type": "Point", "coordinates": [ -99.980714244379399, 27.331134718250201, 0.0 ] } },
{ "type": "Feature", "properties": { "PKs": "343+100" }, "geometry": { "type": "Point", "coordinates": [ -99.981483920830101, 27.330549587685301, 0.0 ] } },
{ "type": "Feature", "properties": { "PKs": "343+000" }, "geometry": { "type": "Point", "coordinates": [ -99.982253589158702, 27.3299644530452, 0.0 ] } },
{ "type": "Feature", "properties": { "PKs": "342+900" }, "geometry": { "type": "Point", "coordinates": [ -99.983023249365203, 27.329379314330399, 0.0 ] } },
{ "type": "Feature", "properties": { "PKs": "342+800" }, "geometry": { "type": "Point", "coordinates": [ -99.983792901449903, 27.328794171540999, 0.0 ] } },
{ "type": "Feature", "properties": { "PKs": "342+700" }, "geometry": { "type": "Point", "coordinates": [ -99.984562545412999, 27.328209024677399, 0.0 ] } },
{ "type": "Feature", "properties": { "PKs": "342+600" }, "geometry": { "type": "Point", "coordinates": [ -99.985332181254705, 27.327623873739899, 0.0 ] } },
{ "type": "Feature", "properties": { "PKs": "342+500" }, "geometry": { "type": "Point", "coordinates": [ -99.986101808975206, 27.3270387187289, 0.0 ] } },
{ "type": "Feature", "properties": { "PKs": "342+400" }, "geometry": { "type": "Point", "coordinates": [ -99.986871428574702, 27.326453559644701, 0.0 ] } },
{ "type": "Feature", "properties": { "PKs": "342+300" }, "geometry": { "type": "Point", "coordinates": [ -99.987641040053305, 27.3258683964875, 0.0 ] } },
{ "type": "Feature", "properties": { "PKs": "342+200" }, "geometry": { "type": "Point", "coordinates": [ -99.988410643411399, 27.3252832292577, 0.0 ] } },
{ "type": "Feature", "properties": { "PKs": "342+100" }, "geometry": { "type": "Point", "coordinates": [ -99.989180238649098, 27.3246980579557, 0.0 ] } },
{ "type": "Feature", "properties": { "PKs": "342+000" }, "geometry": { "type": "Point", "coordinates": [ -99.989949825766601, 27.324112882581701, 0.0 ] } },
{ "type": "Feature", "properties": { "PKs": "341+900" }, "geometry": { "type": "Point", "coordinates": [ -99.990719404764107, 27.323527703136001, 0.0 ] } },
{ "type": "Feature", "properties": { "PKs": "341+800" }, "geometry": { "type": "Point", "coordinates": [ -99.991488975641701, 27.322942519619101, 0.0 ] } },
{ "type": "Feature", "properties": { "PKs": "341+700" }, "geometry": { "type": "Point", "coordinates": [ -99.992258538399795, 27.3223573320311, 0.0 ] } },
{ "type": "Feature", "properties": { "PKs": "341+600" }, "geometry": { "type": "Point", "coordinates": [ -99.993028093038504, 27.321772140372399, 0.0 ] } },
{ "type": "Feature", "properties": { "PKs": "341+500" }, "geometry": { "type": "Point", "coordinates": [ -99.993797639557997, 27.321186944643401, 0.0 ] } },
{ "type": "Feature", "properties": { "PKs": "341+400" }, "geometry": { "type": "Point", "coordinates": [ -99.994567177958501, 27.3206017448443, 0.0 ] } },
{ "type": "Feature", "properties": { "PKs": "341+300" }, "geometry": { "type": "Point", "coordinates": [ -99.995336708240302, 27.320016540975601, 0.0 ] } },
{ "type": "Feature", "properties": { "PKs": "341+200" }, "geometry": { "type": "Point", "coordinates": [ -99.996106230403399, 27.3194313330374, 0.0 ] } },
{ "type": "Feature", "properties": { "PKs": "341+100" }, "geometry": { "type": "Point", "coordinates": [ -99.996875744448104, 27.318846121030099, 0.0 ] } },
{ "type": "Feature", "properties": { "PKs": "341+000" }, "geometry": { "type": "Point", "coordinates": [ -99.997645250374703, 27.318260904953998, 0.0 ] } },
{ "type": "Feature", "properties": { "PKs": "340+900" }, "geometry": { "type": "Point", "coordinates": [ -99.998414748183293, 27.317675684809501, 0.0 ] } },
{ "type": "Feature", "properties": { "PKs": "340+800" }, "geometry": { "type": "Point", "coordinates": [ -99.999184237874104, 27.317090460596901, 0.0 ] } },
{ "type": "Feature", "properties": { "PKs": "340+700" }, "geometry": { "type": "Point", "coordinates": [ -99.999953719447305, 27.316505232316501, 0.0 ] } },
{ "type": "Feature", "properties": { "PKs": "340+600" }, "geometry": { "type": "Point", "coordinates": [ -100.000723192902996, 27.3159199999686, 0.0 ] } },
{ "type": "Feature", "properties": { "PKs": "340+500" }, "geometry": { "type": "Point", "coordinates": [ -100.001492658242, 27.315334763553501, 0.0 ] } },
{ "type": "Feature", "properties": { "PKs": "340+400" }, "geometry": { "type": "Point", "coordinates": [ -100.002262115462997, 27.314749523071502, 0.0 ] } },
{ "type": "Feature", "properties": { "PKs": "340+300" }, "geometry": { "type": "Point", "coordinates": [ -100.003031564568005, 27.314164278522998, 0.0 ] } },
{ "type": "Feature", "properties": { "PKs": "340+200" }, "geometry": { "type": "Point", "coordinates": [ -100.003801005556994, 27.313579029908301, 0.0 ] } },
{ "type": "Feature", "properties": { "PKs": "340+100" }, "geometry": { "type": "Point", "coordinates": [ -100.004570438428999, 27.312993777227799, 0.0 ] } },
{ "type": "Feature", "properties": { "PKs": "340+000" }, "geometry": { "type": "Point", "coordinates": [ -100.005339863184005, 27.312408520481601, 0.0 ] } },
{ "type": "Feature", "properties": { "PKs": "339+900" }, "geometry": { "type": "Point", "coordinates": [ -100.006109279824003, 27.311823259670199, 0.0 ] } },
{ "type": "Feature", "properties": { "PKs": "339+800" }, "geometry": { "type": "Point", "coordinates": [ -100.006878688347996, 27.3112379947938, 0.0 ] } },
{ "type": "Feature", "properties": { "PKs": "339+700" }, "geometry": { "type": "Point", "coordinates": [ -100.007648088756994, 27.310652725852901, 0.0 ] } },
{ "type": "Feature", "properties": { "PKs": "339+600" }, "geometry": { "type": "Point", "coordinates": [ -100.008417481050003, 27.310067452847601, 0.0 ] } },
{ "type": "Feature", "properties": { "PKs": "339+500" }, "geometry": { "type": "Point", "coordinates": [ -100.009186865228003, 27.3094821757783, 0.0 ] } },
{ "type": "Feature", "properties": { "PKs": "339+400" }, "geometry": { "type": "Point", "coordinates": [ -100.009956178691994, 27.308896996159, 0.0 ] } },
{ "type": "Feature", "properties": { "PKs": "339+300" }, "geometry": { "type": "Point", "coordinates": [ -100.010727354370005, 27.308318115988801, 0.0 ] } },
{ "type": "Feature", "properties": { "PKs": "339+200" }, "geometry": { "type": "Point", "coordinates": [ -100.011511852398002, 27.3077589823083, 0.0 ] } },
{ "type": "Feature", "properties": { "PKs": "339+100" }, "geometry": { "type": "Point", "coordinates": [ -100.012317252513, 27.307224667436198, 0.0 ] } },
{ "type": "Feature", "properties": { "PKs": "339+000" }, "geometry": { "type": "Point", "coordinates": [ -100.013143157084002, 27.306713576855401, 0.0 ] } },
{ "type": "Feature", "properties": { "PKs": "338+900" }, "geometry": { "type": "Point", "coordinates": [ -100.013982525076003, 27.306213338352102, 0.0 ] } },
{ "type": "Feature", "properties": { "PKs": "338+800" }, "geometry": { "type": "Point", "coordinates": [ -100.014824263733004, 27.305713845698399, 0.0 ] } },
{ "type": "Feature", "properties": { "PKs": "338+700" }, "geometry": { "type": "Point", "coordinates": [ -100.015665994754997, 27.3052143481471, 0.0 ] } },
{ "type": "Feature", "properties": { "PKs": "338+600" }, "geometry": { "type": "Point", "coordinates": [ -100.016507718141, 27.304714845698602, 0.0 ] } },
{ "type": "Feature", "properties": { "PKs": "338+500" }, "geometry": { "type": "Point", "coordinates": [ -100.017349433891994, 27.304215338353199, 0.0 ] } },
{ "type": "Feature", "properties": { "PKs": "338+400" }, "geometry": { "type": "Point", "coordinates": [ -100.018191142006998, 27.303715826111301, 0.0 ] } },
{ "type": "Feature", "properties": { "PKs": "338+300" }, "geometry": { "type": "Point", "coordinates": [ -100.019032842485998, 27.303216308973202, 0.0 ] } },
{ "type": "Feature", "properties": { "PKs": "338+200" }, "geometry": { "type": "Point", "coordinates": [ -100.019874535330999, 27.302716786939101, 0.0 ] } },
{ "type": "Feature", "properties": { "PKs": "338+100" }, "geometry": { "type": "Point", "coordinates": [ -100.020716220539995, 27.302217260009499, 0.0 ] } },
{ "type": "Feature", "properties": { "PKs": "338+000" }, "geometry": { "type": "Point", "coordinates": [ -100.021557898113002, 27.301717728184698, 0.0 ] } },
{ "type": "Feature", "properties": { "PKs": "337+900" }, "geometry": { "type": "Point", "coordinates": [ -100.022399568051995, 27.301218191465001, 0.0 ] } },
{ "type": "Feature", "properties": { "PKs": "337+800" }, "geometry": { "type": "Point", "coordinates": [ -100.023241230354998, 27.300718649850602, 0.0 ] } },
{ "type": "Feature", "properties": { "PKs": "337+700" }, "geometry": { "type": "Point", "coordinates": [ -100.024082885024001, 27.300219103341998, 0.0 ] } },
{ "type": "Feature", "properties": { "PKs": "337+600" }, "geometry": { "type": "Point", "coordinates": [ -100.024924532057, 27.2997195519395, 0.0 ] } },
{ "type": "Feature", "properties": { "PKs": "337+500" }, "geometry": { "type": "Point", "coordinates": [ -100.025766171455999, 27.299219995643298, 0.0 ] } },
{ "type": "Feature", "properties": { "PKs": "337+400" }, "geometry": { "type": "Point", "coordinates": [ -100.026607803220003, 27.298720434453902, 0.0 ] } },
{ "type": "Feature", "properties": { "PKs": "337+300" }, "geometry": { "type": "Point", "coordinates": [ -100.027449427348998, 27.298220868371502, 0.0 ] } },
{ "type": "Feature", "properties": { "PKs": "337+200" }, "geometry": { "type": "Point", "coordinates": [ -100.028291043844007, 27.2977212973964, 0.0 ] } },
{ "type": "Feature", "properties": { "PKs": "337+100" }, "geometry": { "type": "Point", "coordinates": [ -100.029132652704007, 27.297221721529102, 0.0 ] } },
{ "type": "Feature", "properties": { "PKs": "337+000" }, "geometry": { "type": "Point", "coordinates": [ -100.029974253930007, 27.296722140769798, 0.0 ] } },
{ "type": "Feature", "properties": { "PKs": "336+900" }, "geometry": { "type": "Point", "coordinates": [ -100.030815847520998, 27.296222555118799, 0.0 ] } },
{ "type": "Feature", "properties": { "PKs": "336+800" }, "geometry": { "type": "Point", "coordinates": [ -100.031657433478003, 27.295722964576601, 0.0 ] } },
{ "type": "Feature", "properties": { "PKs": "336+700" }, "geometry": { "type": "Point", "coordinates": [ -100.032499011800994, 27.295223369143301, 0.0 ] } },
{ "type": "Feature", "properties": { "PKs": "336+600" }, "geometry": { "type": "Point", "coordinates": [ -100.033340582489998, 27.294723768819299, 0.0 ] } },
{ "type": "Feature", "properties": { "PKs": "336+500" }, "geometry": { "type": "Point", "coordinates": [ -100.034182145543994, 27.294224163605001, 0.0 ] } },
{ "type": "Feature", "properties": { "PKs": "336+400" }, "geometry": { "type": "Point", "coordinates": [ -100.035023700964999, 27.293724553500599, 0.0 ] } },
{ "type": "Feature", "properties": { "PKs": "336+300" }, "geometry": { "type": "Point", "coordinates": [ -100.035865248752003, 27.293224938506601, 0.0 ] } },
{ "type": "Feature", "properties": { "PKs": "336+200" }, "geometry": { "type": "Point", "coordinates": [ -100.036706788903999, 27.292725318623202, 0.0 ] } },
{ "type": "Feature", "properties": { "PKs": "336+100" }, "geometry": { "type": "Point", "coordinates": [ -100.037548321423003, 27.292225693850799, 0.0 ] } },
{ "type": "Feature", "properties": { "PKs": "336+000" }, "geometry": { "type": "Point", "coordinates": [ -100.038389846309002, 27.2917260641896, 0.0 ] } },
{ "type": "Feature", "properties": { "PKs": "335+900" }, "geometry": { "type": "Point", "coordinates": [ -100.039231363560006, 27.291226429640101, 0.0 ] } },
{ "type": "Feature", "properties": { "PKs": "335+800" }, "geometry": { "type": "Point", "coordinates": [ -100.040072873178005, 27.290726790202399, 0.0 ] } },
{ "type": "Feature", "properties": { "PKs": "335+700" }, "geometry": { "type": "Point", "coordinates": [ -100.040914375162998, 27.2902271458771, 0.0 ] } },
{ "type": "Feature", "properties": { "PKs": "335+600" }, "geometry": { "type": "Point", "coordinates": [ -100.041755869514006, 27.289727496664302, 0.0 ] } },
{ "type": "Feature", "properties": { "PKs": "335+500" }, "geometry": { "type": "Point", "coordinates": [ -100.042597356231994, 27.2892278425645, 0.0 ] } },
{ "type": "Feature", "properties": { "PKs": "335+400" }, "geometry": { "type": "Point", "coordinates": [ -100.043438835317005, 27.288728183577799, 0.0 ] } },
{ "type": "Feature", "properties": { "PKs": "335+300" }, "geometry": { "type": "Point", "coordinates": [ -100.044280306768002, 27.288228519704798, 0.0 ] } },
{ "type": "Feature", "properties": { "PKs": "335+200" }, "geometry": { "type": "Point", "coordinates": [ -100.045121770587002, 27.287728850945602, 0.0 ] } },
{ "type": "Feature", "properties": { "PKs": "335+100" }, "geometry": { "type": "Point", "coordinates": [ -100.045963226772002, 27.287229177300699, 0.0 ] } },
{ "type": "Feature", "properties": { "PKs": "335+000" }, "geometry": { "type": "Point", "coordinates": [ -100.046804675323997, 27.286729498770299, 0.0 ] } },
{ "type": "Feature", "properties": { "PKs": "334+900" }, "geometry": { "type": "Point", "coordinates": [ -100.047646116243996, 27.286229815354801, 0.0 ] } },
{ "type": "Feature", "properties": { "PKs": "334+800" }, "geometry": { "type": "Point", "coordinates": [ -100.048487549531004, 27.285730127054499, 0.0 ] } },
{ "type": "Feature", "properties": { "PKs": "334+700" }, "geometry": { "type": "Point", "coordinates": [ -100.049328975185006, 27.2852304338697, 0.0 ] } },
{ "type": "Feature", "properties": { "PKs": "334+600" }, "geometry": { "type": "Point", "coordinates": [ -100.050170393206002, 27.2847307358007, 0.0 ] } },
{ "type": "Feature", "properties": { "PKs": "334+500" }, "geometry": { "type": "Point", "coordinates": [ -100.051011803595003, 27.284231032847899, 0.0 ] } },
{ "type": "Feature", "properties": { "PKs": "334+400" }, "geometry": { "type": "Point", "coordinates": [ -100.051853206350998, 27.283731325011701, 0.0 ] } },
{ "type": "Feature", "properties": { "PKs": "334+300" }, "geometry": { "type": "Point", "coordinates": [ -100.052694601474997, 27.283231612292202, 0.0 ] } },
{ "type": "Feature", "properties": { "PKs": "334+200" }, "geometry": { "type": "Point", "coordinates": [ -100.053535988966999, 27.282731894689899, 0.0 ] } },
{ "type": "Feature", "properties": { "PKs": "334+100" }, "geometry": { "type": "Point", "coordinates": [ -100.054377368825996, 27.282232172205099, 0.0 ] } },
{ "type": "Feature", "properties": { "PKs": "334+000" }, "geometry": { "type": "Point", "coordinates": [ -100.055218741052997, 27.281732444838099, 0.0 ] } },
{ "type": "Feature", "properties": { "PKs": "333+900" }, "geometry": { "type": "Point", "coordinates": [ -100.056060105648001, 27.281232712589301, 0.0 ] } },
{ "type": "Feature", "properties": { "PKs": "333+800" }, "geometry": { "type": "Point", "coordinates": [ -100.056901462610995, 27.2807329754588, 0.0 ] } },
{ "type": "Feature", "properties": { "PKs": "333+700" }, "geometry": { "type": "Point", "coordinates": [ -100.057742811942006, 27.280233233447198, 0.0 ] } },
{ "type": "Feature", "properties": { "PKs": "333+600" }, "geometry": { "type": "Point", "coordinates": [ -100.058584153640993, 27.279733486554701, 0.0 ] } },
{ "type": "Feature", "properties": { "PKs": "333+500" }, "geometry": { "type": "Point", "coordinates": [ -100.059425487709007, 27.279233734781599, 0.0 ] } },
{ "type": "Feature", "properties": { "PKs": "333+400" }, "geometry": { "type": "Point", "coordinates": [ -100.060266814144001, 27.278733978128301, 0.0 ] } },
{ "type": "Feature", "properties": { "PKs": "333+300" }, "geometry": { "type": "Point", "coordinates": [ -100.061108132947993, 27.278234216595099, 0.0 ] } },
{ "type": "Feature", "properties": { "PKs": "333+200" }, "geometry": { "type": "Point", "coordinates": [ -100.061949444120998, 27.277734450182301, 0.0 ] } },
{ "type": "Feature", "properties": { "PKs": "333+100" }, "geometry": { "type": "Point", "coordinates": [ -100.062790747660998, 27.277234678890199, 0.0 ] } },
{ "type": "Feature", "properties": { "PKs": "333+000" }, "geometry": { "type": "Point", "coordinates": [ -100.063632043571005, 27.276734902719198, 0.0 ] } },
{ "type": "Feature", "properties": { "PKs": "332+900" }, "geometry": { "type": "Point", "coordinates": [ -100.064473331849001, 27.2762351216696, 0.0 ] } },
{ "type": "Feature", "properties": { "PKs": "332+800" }, "geometry": { "type": "Point", "coordinates": [ -100.065314612495996, 27.2757353357417, 0.0 ] } },
{ "type": "Feature", "properties": { "PKs": "332+700" }, "geometry": { "type": "Point", "coordinates": [ -100.066155885510994, 27.275235544935899, 0.0 ] } },
{ "type": "Feature", "properties": { "PKs": "332+600" }, "geometry": { "type": "Point", "coordinates": [ -100.066997150896, 27.2747357492524, 0.0 ] } },
{ "type": "Feature", "properties": { "PKs": "332+500" }, "geometry": { "type": "Point", "coordinates": [ -100.067838408648996, 27.2742359486917, 0.0 ] } },
{ "type": "Feature", "properties": { "PKs": "332+400" }, "geometry": { "type": "Point", "coordinates": [ -100.068679658771998, 27.273736143253998, 0.0 ] } },
{ "type": "Feature", "properties": { "PKs": "332+300" }, "geometry": { "type": "Point", "coordinates": [ -100.069520901263004, 27.2732363329396, 0.0 ] } },
{ "type": "Feature", "properties": { "PKs": "332+200" }, "geometry": { "type": "Point", "coordinates": [ -100.070362136124004, 27.2727365177489, 0.0 ] } },
{ "type": "Feature", "properties": { "PKs": "332+100" }, "geometry": { "type": "Point", "coordinates": [ -100.071203363354002, 27.272236697682199, 0.0 ] } },
{ "type": "Feature", "properties": { "PKs": "332+000" }, "geometry": { "type": "Point", "coordinates": [ -100.072044582952998, 27.271736872739801, 0.0 ] } },
{ "type": "Feature", "properties": { "PKs": "331+900" }, "geometry": { "type": "Point", "coordinates": [ -100.072885794922001, 27.271237042922099, 0.0 ] } },
{ "type": "Feature", "properties": { "PKs": "331+800" }, "geometry": { "type": "Point", "coordinates": [ -100.073726999260003, 27.270737208229399, 0.0 ] } },
{ "type": "Feature", "properties": { "PKs": "331+700" }, "geometry": { "type": "Point", "coordinates": [ -100.074568195967998, 27.270237368661899, 0.0 ] } },
{ "type": "Feature", "properties": { "PKs": "331+600" }, "geometry": { "type": "Point", "coordinates": [ -100.075409385045006, 27.269737524220201, 0.0 ] } },
{ "type": "Feature", "properties": { "PKs": "331+500" }, "geometry": { "type": "Point", "coordinates": [ -100.076250566492007, 27.2692376749043, 0.0 ] } },
{ "type": "Feature", "properties": { "PKs": "331+400" }, "geometry": { "type": "Point", "coordinates": [ -100.077091740309001, 27.268737820714801, 0.0 ] } },
{ "type": "Feature", "properties": { "PKs": "331+300" }, "geometry": { "type": "Point", "coordinates": [ -100.077932906496002, 27.268237961651899, 0.0 ] } },
{ "type": "Feature", "properties": { "PKs": "331+200" }, "geometry": { "type": "Point", "coordinates": [ -100.078774065052997, 27.267738097715899, 0.0 ] } },
{ "type": "Feature", "properties": { "PKs": "331+100" }, "geometry": { "type": "Point", "coordinates": [ -100.079615215979004, 27.2672382289072, 0.0 ] } },
{ "type": "Feature", "properties": { "PKs": "331+000" }, "geometry": { "type": "Point", "coordinates": [ -100.080456359275999, 27.266738355226, 0.0 ] } },
{ "type": "Feature", "properties": { "PKs": "330+900" }, "geometry": { "type": "Point", "coordinates": [ -100.081297494943001, 27.2662384766728, 0.0 ] } },
{ "type": "Feature", "properties": { "PKs": "330+800" }, "geometry": { "type": "Point", "coordinates": [ -100.082138622979997, 27.2657385932479, 0.0 ] } },
{ "type": "Feature", "properties": { "PKs": "330+700" }, "geometry": { "type": "Point", "coordinates": [ -100.082979743387995, 27.2652387049515, 0.0 ] } },
{ "type": "Feature", "properties": { "PKs": "330+600" }, "geometry": { "type": "Point", "coordinates": [ -100.083820856166, 27.264738811783999, 0.0 ] } },
{ "type": "Feature", "properties": { "PKs": "330+500" }, "geometry": { "type": "Point", "coordinates": [ -100.084661961313998, 27.2642389137457, 0.0 ] } },
{ "type": "Feature", "properties": { "PKs": "330+400" }, "geometry": { "type": "Point", "coordinates": [ -100.085503058832998, 27.263739010837, 0.0 ] } },
{ "type": "Feature", "properties": { "PKs": "330+300" }, "geometry": { "type": "Point", "coordinates": [ -100.086344148723001, 27.263239103058101, 0.0 ] } },
{ "type": "Feature", "properties": { "PKs": "330+200" }, "geometry": { "type": "Point", "coordinates": [ -100.087185230982996, 27.262739190409501, 0.0 ] } },
{ "type": "Feature", "properties": { "PKs": "330+100" }, "geometry": { "type": "Point", "coordinates": [ -100.088026305613994, 27.262239272891399, 0.0 ] } },
{ "type": "Feature", "properties": { "PKs": "330+000" }, "geometry": { "type": "Point", "coordinates": [ -100.088867372615994, 27.261739350504101, 0.0 ] } },
{ "type": "Feature", "properties": { "PKs": "329+900" }, "geometry": { "type": "Point", "coordinates": [ -100.089708431988996, 27.261239423248, 0.0 ] } },
{ "type": "Feature", "properties": { "PKs": "329+800" }, "geometry": { "type": "Point", "coordinates": [ -100.090549483733, 27.260739491123399, 0.0 ] } },
{ "type": "Feature", "properties": { "PKs": "329+700" }, "geometry": { "type": "Point", "coordinates": [ -100.091390527848006, 27.260239554130699, 0.0 ] } },
{ "type": "Feature", "properties": { "PKs": "329+600" }, "geometry": { "type": "Point", "coordinates": [ -100.092231564334, 27.259739612270099, 0.0 ] } },
{ "type": "Feature", "properties": { "PKs": "329+500" }, "geometry": { "type": "Point", "coordinates": [ -100.093072593190996, 27.259239665542001, 0.0 ] } },
{ "type": "Feature", "properties": { "PKs": "329+400" }, "geometry": { "type": "Point", "coordinates": [ -100.093913614418994, 27.258739713946699, 0.0 ] } },
{ "type": "Feature", "properties": { "PKs": "329+300" }, "geometry": { "type": "Point", "coordinates": [ -100.094754628019004, 27.2582397574845, 0.0 ] } },
{ "type": "Feature", "properties": { "PKs": "329+200" }, "geometry": { "type": "Point", "coordinates": [ -100.095595633990996, 27.2577397961558, 0.0 ] } },
{ "type": "Feature", "properties": { "PKs": "329+100" }, "geometry": { "type": "Point", "coordinates": [ -100.096436632334004, 27.257239829960898, 0.0 ] } },
{ "type": "Feature", "properties": { "PKs": "329+000" }, "geometry": { "type": "Point", "coordinates": [ -100.097277623048996, 27.256739858900101, 0.0 ] } },
{ "type": "Feature", "properties": { "PKs": "328+900" }, "geometry": { "type": "Point", "coordinates": [ -100.098118606135003, 27.256239882973802, 0.0 ] } },
{ "type": "Feature", "properties": { "PKs": "328+800" }, "geometry": { "type": "Point", "coordinates": [ -100.098959581592993, 27.255739902182199, 0.0 ] } },
{ "type": "Feature", "properties": { "PKs": "328+700" }, "geometry": { "type": "Point", "coordinates": [ -100.099800549422994, 27.255239916525699, 0.0 ] } },
{ "type": "Feature", "properties": { "PKs": "328+600" }, "geometry": { "type": "Point", "coordinates": [ -100.100641509625007, 27.2547399260046, 0.0 ] } },
{ "type": "Feature", "properties": { "PKs": "328+500" }, "geometry": { "type": "Point", "coordinates": [ -100.101482462199002, 27.254239930619299, 0.0 ] } },
{ "type": "Feature", "properties": { "PKs": "328+400" }, "geometry": { "type": "Point", "coordinates": [ -100.102323407143999, 27.253739930369999, 0.0 ] } },
{ "type": "Feature", "properties": { "PKs": "328+300" }, "geometry": { "type": "Point", "coordinates": [ -100.103164344462002, 27.253239925257201, 0.0 ] } },
{ "type": "Feature", "properties": { "PKs": "328+200" }, "geometry": { "type": "Point", "coordinates": [ -100.104005274152996, 27.252739915281001, 0.0 ] } },
{ "type": "Feature", "properties": { "PKs": "328+100" }, "geometry": { "type": "Point", "coordinates": [ -100.104846196214993, 27.2522399004419, 0.0 ] } },
{ "type": "Feature", "properties": { "PKs": "328+000" }, "geometry": { "type": "Point", "coordinates": [ -100.105687110649995, 27.2517398807402, 0.0 ] } },
{ "type": "Feature", "properties": { "PKs": "327+900" }, "geometry": { "type": "Point", "coordinates": [ -100.106528017458004, 27.251239856176198, 0.0 ] } },
{ "type": "Feature", "properties": { "PKs": "327+800" }, "geometry": { "type": "Point", "coordinates": [ -100.107368916637995, 27.250739826750301, 0.0 ] } },
{ "type": "Feature", "properties": { "PKs": "327+700" }, "geometry": { "type": "Point", "coordinates": [ -100.108209808189997, 27.250239792462601, 0.0 ] } },
{ "type": "Feature", "properties": { "PKs": "327+600" }, "geometry": { "type": "Point", "coordinates": [ -100.109050692115005, 27.249739753313701, 0.0 ] } },
{ "type": "Feature", "properties": { "PKs": "327+500" }, "geometry": { "type": "Point", "coordinates": [ -100.109891568413005, 27.249239709303801, 0.0 ] } },
{ "type": "Feature", "properties": { "PKs": "327+400" }, "geometry": { "type": "Point", "coordinates": [ -100.110732437083996, 27.248739660433099, 0.0 ] } },
{ "type": "Feature", "properties": { "PKs": "327+300" }, "geometry": { "type": "Point", "coordinates": [ -100.111573298127993, 27.248239606702199, 0.0 ] } },
{ "type": "Feature", "properties": { "PKs": "327+200" }, "geometry": { "type": "Point", "coordinates": [ -100.112414151544996, 27.247739548111301, 0.0 ] } },
{ "type": "Feature", "properties": { "PKs": "327+100" }, "geometry": { "type": "Point", "coordinates": [ -100.113254997335005, 27.2472394846606, 0.0 ] } },
{ "type": "Feature", "properties": { "PKs": "327+000" }, "geometry": { "type": "Point", "coordinates": [ -100.114095835496997, 27.2467394163506, 0.0 ] } },
{ "type": "Feature", "properties": { "PKs": "326+900" }, "geometry": { "type": "Point", "coordinates": [ -100.114936666033998, 27.2462393431816, 0.0 ] } },
{ "type": "Feature", "properties": { "PKs": "326+800" }, "geometry": { "type": "Point", "coordinates": [ -100.115777488942996, 27.245739265153802, 0.0 ] } },
{ "type": "Feature", "properties": { "PKs": "326+700" }, "geometry": { "type": "Point", "coordinates": [ -100.116618304225995, 27.245239182267699, 0.0 ] } },
{ "type": "Feature", "properties": { "PKs": "326+600" }, "geometry": { "type": "Point", "coordinates": [ -100.117459111881999, 27.244739094523499, 0.0 ] } },
{ "type": "Feature", "properties": { "PKs": "326+500" }, "geometry": { "type": "Point", "coordinates": [ -100.118299911912004, 27.2442390019215, 0.0 ] } },
{ "type": "Feature", "properties": { "PKs": "326+400" }, "geometry": { "type": "Point", "coordinates": [ -100.119140704315001, 27.243738904462202, 0.0 ] } },
{ "type": "Feature", "properties": { "PKs": "326+300" }, "geometry": { "type": "Point", "coordinates": [ -100.119981489091998, 27.2432388021458, 0.0 ] } },
{ "type": "Feature", "properties": { "PKs": "326+200" }, "geometry": { "type": "Point", "coordinates": [ -100.120822266242996, 27.242738694972601, 0.0 ] } },
{ "type": "Feature", "properties": { "PKs": "326+100" }, "geometry": { "type": "Point", "coordinates": [ -100.121663035767995, 27.242238582942999, 0.0 ] } },
{ "type": "Feature", "properties": { "PKs": "326+000" }, "geometry": { "type": "Point", "coordinates": [ -100.122503797666994, 27.241738466057299, 0.0 ] } },
{ "type": "Feature", "properties": { "PKs": "325+900" }, "geometry": { "type": "Point", "coordinates": [ -100.123344551938999, 27.241238344315899, 0.0 ] } },
{ "type": "Feature", "properties": { "PKs": "325+800" }, "geometry": { "type": "Point", "coordinates": [ -100.124185298585999, 27.240738217718899, 0.0 ] } },
{ "type": "Feature", "properties": { "PKs": "325+700" }, "geometry": { "type": "Point", "coordinates": [ -100.125026037607, 27.240238086266899, 0.0 ] } },
{ "type": "Feature", "properties": { "PKs": "325+600" }, "geometry": { "type": "Point", "coordinates": [ -100.125866769000993, 27.239737949960102, 0.0 ] } },
{ "type": "Feature", "properties": { "PKs": "325+500" }, "geometry": { "type": "Point", "coordinates": [ -100.126707492771004, 27.239237808798698, 0.0 ] } },
{ "type": "Feature", "properties": { "PKs": "325+400" }, "geometry": { "type": "Point", "coordinates": [ -100.127548208914007, 27.238737662783301, 0.0 ] } },
{ "type": "Feature", "properties": { "PKs": "325+300" }, "geometry": { "type": "Point", "coordinates": [ -100.128388917432005, 27.238237511914001, 0.0 ] } },
{ "type": "Feature", "properties": { "PKs": "325+200" }, "geometry": { "type": "Point", "coordinates": [ -100.129229618324999, 27.2377373561912, 0.0 ] } },
{ "type": "Feature", "properties": { "PKs": "325+100" }, "geometry": { "type": "Point", "coordinates": [ -100.130070311591993, 27.2372371956153, 0.0 ] } },
{ "type": "Feature", "properties": { "PKs": "325+000" }, "geometry": { "type": "Point", "coordinates": [ -100.130910996962001, 27.236737030355101, 0.0 ] } },
{ "type": "Feature", "properties": { "PKs": "324+900" }, "geometry": { "type": "Point", "coordinates": [ -100.131752106647994, 27.236239554410499, 0.0 ] } },
{ "type": "Feature", "properties": { "PKs": "324+800" }, "geometry": { "type": "Point", "coordinates": [ -100.132597066263997, 27.235747517823199, 0.0 ] } },
{ "type": "Feature", "properties": { "PKs": "324+700" }, "geometry": { "type": "Point", "coordinates": [ -100.133445034573995, 27.235257339211699, 0.0 ] } },
{ "type": "Feature", "properties": { "PKs": "324+600" }, "geometry": { "type": "Point", "coordinates": [ -100.134293023325, 27.234767145080902, 0.0 ] } },
{ "type": "Feature", "properties": { "PKs": "324+500" }, "geometry": { "type": "Point", "coordinates": [ -100.135141004529004, 27.234276946009199, 0.0 ] } },
{ "type": "Feature", "properties": { "PKs": "324+400" }, "geometry": { "type": "Point", "coordinates": [ -100.135988978393002, 27.2337867418745, 0.0 ] } },
{ "type": "Feature", "properties": { "PKs": "324+300" }, "geometry": { "type": "Point", "coordinates": [ -100.136836542175999, 27.233293841736501, 0.0 ] } },
{ "type": "Feature", "properties": { "PKs": "324+200" }, "geometry": { "type": "Point", "coordinates": [ -100.137680236356999, 27.2327954787647, 0.0 ] } },
{ "type": "Feature", "properties": { "PKs": "324+100" }, "geometry": { "type": "Point", "coordinates": [ -100.138520894389998, 27.232295277521299, 0.0 ] } },
{ "type": "Feature", "properties": { "PKs": "324+000" }, "geometry": { "type": "Point", "coordinates": [ -100.139361517954001, 27.231795082030999, 0.0 ] } },
{ "type": "Feature", "properties": { "PKs": "323+900" }, "geometry": { "type": "Point", "coordinates": [ -100.140202133893993, 27.231294881691301, 0.0 ] } },
{ "type": "Feature", "properties": { "PKs": "323+800" }, "geometry": { "type": "Point", "coordinates": [ -100.141042742208995, 27.230794676502398, 0.0 ] } },
{ "type": "Feature", "properties": { "PKs": "323+700" }, "geometry": { "type": "Point", "coordinates": [ -100.141883342900996, 27.230294466464802, 0.0 ] } },
{ "type": "Feature", "properties": { "PKs": "323+600" }, "geometry": { "type": "Point", "coordinates": [ -100.142723935967993, 27.229794251578799, 0.0 ] } },
{ "type": "Feature", "properties": { "PKs": "323+500" }, "geometry": { "type": "Point", "coordinates": [ -100.143564798992003, 27.229289824396599, 0.0 ] } },
{ "type": "Feature", "properties": { "PKs": "323+400" }, "geometry": { "type": "Point", "coordinates": [ -100.144392606655998, 27.228756627772398, 0.0 ] } },
{ "type": "Feature", "properties": { "PKs": "323+300" }, "geometry": { "type": "Point", "coordinates": [ -100.145186385292007, 27.2281814879838, 0.0 ] } },
{ "type": "Feature", "properties": { "PKs": "323+200" }, "geometry": { "type": "Point", "coordinates": [ -100.145942128035998, 27.227570961479501, 0.0 ] } },
{ "type": "Feature", "properties": { "PKs": "323+100" }, "geometry": { "type": "Point", "coordinates": [ -100.146676409611999, 27.2269496684691, 0.0 ] } },
{ "type": "Feature", "properties": { "PKs": "323+000" }, "geometry": { "type": "Point", "coordinates": [ -100.147409019918001, 27.2263284322954, 0.0 ] } },
{ "type": "Feature", "properties": { "PKs": "322+900" }, "geometry": { "type": "Point", "coordinates": [ -100.148141622075002, 27.225707192488301, 0.0 ] } },
{ "type": "Feature", "properties": { "PKs": "322+800" }, "geometry": { "type": "Point", "coordinates": [ -100.148874216083996, 27.225085949048001, 0.0 ] } },
{ "type": "Feature", "properties": { "PKs": "322+700" }, "geometry": { "type": "Point", "coordinates": [ -100.149606801946007, 27.224464701974799, 0.0 ] } },
{ "type": "Feature", "properties": { "PKs": "322+600" }, "geometry": { "type": "Point", "coordinates": [ -100.150339379659997, 27.2238434512692, 0.0 ] } },
{ "type": "Feature", "properties": { "PKs": "322+500" }, "geometry": { "type": "Point", "coordinates": [ -100.151071949227003, 27.2232221969313, 0.0 ] } },
{ "type": "Feature", "properties": { "PKs": "322+400" }, "geometry": { "type": "Point", "coordinates": [ -100.151804510646997, 27.222600938961499, 0.0 ] } },
{ "type": "Feature", "properties": { "PKs": "322+300" }, "geometry": { "type": "Point", "coordinates": [ -100.152537063921002, 27.2219796773601, 0.0 ] } },
{ "type": "Feature", "properties": { "PKs": "322+200" }, "geometry": { "type": "Point", "coordinates": [ -100.153269609047996, 27.221358412127401, 0.0 ] } },
{ "type": "Feature", "properties": { "PKs": "322+100" }, "geometry": { "type": "Point", "coordinates": [ -100.154002146029001, 27.220737143263701, 0.0 ] } },
{ "type": "Feature", "properties": { "PKs": "322+000" }, "geometry": { "type": "Point", "coordinates": [ -100.154734674864002, 27.220115870769298, 0.0 ] } },
{ "type": "Feature", "properties": { "PKs": "321+900" }, "geometry": { "type": "Point", "coordinates": [ -100.155467195553001, 27.219494594644601, 0.0 ] } },
{ "type": "Feature", "properties": { "PKs": "321+800" }, "geometry": { "type": "Point", "coordinates": [ -100.156199708097006, 27.218873314889699, 0.0 ] } },
{ "type": "Feature", "properties": { "PKs": "321+700" }, "geometry": { "type": "Point", "coordinates": [ -100.156932212496002, 27.218252031505099, 0.0 ] } },
{ "type": "Feature", "properties": { "PKs": "321+600" }, "geometry": { "type": "Point", "coordinates": [ -100.157664708750005, 27.2176307444911, 0.0 ] } },
{ "type": "Feature", "properties": { "PKs": "321+500" }, "geometry": { "type": "Point", "coordinates": [ -100.158397196858999, 27.217009453847901, 0.0 ] } },
{ "type": "Feature", "properties": { "PKs": "321+400" }, "geometry": { "type": "Point", "coordinates": [ -100.159129676823994, 27.216388159575899, 0.0 ] } },
{ "type": "Feature", "properties": { "PKs": "321+300" }, "geometry": { "type": "Point", "coordinates": [ -100.159862148645004, 27.215766861675299, 0.0 ] } },
{ "type": "Feature", "properties": { "PKs": "321+200" }, "geometry": { "type": "Point", "coordinates": [ -100.160594612321006, 27.2151455601465, 0.0 ] } },
{ "type": "Feature", "properties": { "PKs": "321+100" }, "geometry": { "type": "Point", "coordinates": [ -100.161327067854998, 27.214524254989801, 0.0 ] } },
{ "type": "Feature", "properties": { "PKs": "321+000" }, "geometry": { "type": "Point", "coordinates": [ -100.162059515243996, 27.213902946205501, 0.0 ] } },
{ "type": "Feature", "properties": { "PKs": "320+900" }, "geometry": { "type": "Point", "coordinates": [ -100.162791954490999, 27.213281633793901, 0.0 ] } },
{ "type": "Feature", "properties": { "PKs": "320+800" }, "geometry": { "type": "Point", "coordinates": [ -100.163524385594002, 27.212660317755301, 0.0 ] } },
{ "type": "Feature", "properties": { "PKs": "320+700" }, "geometry": { "type": "Point", "coordinates": [ -100.164256610986996, 27.212041604518799, 0.0 ] } },
{ "type": "Feature", "properties": { "PKs": "320+600" }, "geometry": { "type": "Point", "coordinates": [ -100.165004731790006, 27.211454149597301, 0.0 ] } },
{ "type": "Feature", "properties": { "PKs": "320+500" }, "geometry": { "type": "Point", "coordinates": [ -100.165800194553, 27.210925513657699, 0.0 ] } },
{ "type": "Feature", "properties": { "PKs": "320+400" }, "geometry": { "type": "Point", "coordinates": [ -100.166644155724995, 27.2104608695279, 0.0 ] } },
{ "type": "Feature", "properties": { "PKs": "320+300" }, "geometry": { "type": "Point", "coordinates": [ -100.167530193106003, 27.210063752597701, 0.0 ] } },
{ "type": "Feature", "properties": { "PKs": "320+200" }, "geometry": { "type": "Point", "coordinates": [ -100.168451564584998, 27.2097371844071, 0.0 ] } },
{ "type": "Feature", "properties": { "PKs": "320+100" }, "geometry": { "type": "Point", "coordinates": [ -100.169401259406996, 27.209483649673601, 0.0 ] } },
{ "type": "Feature", "properties": { "PKs": "320+000" }, "geometry": { "type": "Point", "coordinates": [ -100.170376277911998, 27.209295683003901, 0.0 ] } },
{ "type": "Feature", "properties": { "PKs": "319+900" }, "geometry": { "type": "Point", "coordinates": [ -100.171367718772999, 27.209130904424999, 0.0 ] } },
{ "type": "Feature", "properties": { "PKs": "319+800" }, "geometry": { "type": "Point", "coordinates": [ -100.172360479293999, 27.208966646984699, 0.0 ] } },
{ "type": "Feature", "properties": { "PKs": "319+700" }, "geometry": { "type": "Point", "coordinates": [ -100.173353236631002, 27.208802382598702, 0.0 ] } },
{ "type": "Feature", "properties": { "PKs": "319+600" }, "geometry": { "type": "Point", "coordinates": [ -100.174345990787003, 27.208638111267302, 0.0 ] } },
{ "type": "Feature", "properties": { "PKs": "319+500" }, "geometry": { "type": "Point", "coordinates": [ -100.175338741759006, 27.208473832990499, 0.0 ] } },
{ "type": "Feature", "properties": { "PKs": "319+400" }, "geometry": { "type": "Point", "coordinates": [ -100.176331489548005, 27.2083095477686, 0.0 ] } },
{ "type": "Feature", "properties": { "PKs": "319+300" }, "geometry": { "type": "Point", "coordinates": [ -100.177324234153005, 27.2081452556016, 0.0 ] } },
{ "type": "Feature", "properties": { "PKs": "319+200" }, "geometry": { "type": "Point", "coordinates": [ -100.178316975575001, 27.207980956489799, 0.0 ] } },
{ "type": "Feature", "properties": { "PKs": "319+100" }, "geometry": { "type": "Point", "coordinates": [ -100.179309713812003, 27.207816650433301, 0.0 ] } },
{ "type": "Feature", "properties": { "PKs": "319+000" }, "geometry": { "type": "Point", "coordinates": [ -100.180302448865007, 27.207652337432201, 0.0 ] } },
{ "type": "Feature", "properties": { "PKs": "318+900" }, "geometry": { "type": "Point", "coordinates": [ -100.181295180731993, 27.2074880174867, 0.0 ] } },
{ "type": "Feature", "properties": { "PKs": "318+800" }, "geometry": { "type": "Point", "coordinates": [ -100.182287909414995, 27.207323690597001, 0.0 ] } },
{ "type": "Feature", "properties": { "PKs": "318+700" }, "geometry": { "type": "Point", "coordinates": [ -100.183280634911995, 27.2071593567631, 0.0 ] } },
{ "type": "Feature", "properties": { "PKs": "318+600" }, "geometry": { "type": "Point", "coordinates": [ -100.184273357223006, 27.206995015985299, 0.0 ] } },
{ "type": "Feature", "properties": { "PKs": "318+500" }, "geometry": { "type": "Point", "coordinates": [ -100.185266076348, 27.206830668263699, 0.0 ] } },
{ "type": "Feature", "properties": { "PKs": "318+400" }, "geometry": { "type": "Point", "coordinates": [ -100.186258792285997, 27.206666313598401, 0.0 ] } },
{ "type": "Feature", "properties": { "PKs": "318+300" }, "geometry": { "type": "Point", "coordinates": [ -100.187251505038006, 27.206501951989601, 0.0 ] } },
{ "type": "Feature", "properties": { "PKs": "318+200" }, "geometry": { "type": "Point", "coordinates": [ -100.188244214603003, 27.206337583437499, 0.0 ] } },
{ "type": "Feature", "properties": { "PKs": "318+100" }, "geometry": { "type": "Point", "coordinates": [ -100.189236920979994, 27.2061732079422, 0.0 ] } },
{ "type": "Feature", "properties": { "PKs": "318+000" }, "geometry": { "type": "Point", "coordinates": [ -100.190229624169007, 27.206008825503901, 0.0 ] } },
{ "type": "Feature", "properties": { "PKs": "317+900" }, "geometry": { "type": "Point", "coordinates": [ -100.191222324169999, 27.2058444361226, 0.0 ] } },
{ "type": "Feature", "properties": { "PKs": "317+800" }, "geometry": { "type": "Point", "coordinates": [ -100.192215020982999, 27.2056800397987, 0.0 ] } },
{ "type": "Feature", "properties": { "PKs": "317+700" }, "geometry": { "type": "Point", "coordinates": [ -100.193207714606999, 27.205515636532098, 0.0 ] } },
{ "type": "Feature", "properties": { "PKs": "317+600" }, "geometry": { "type": "Point", "coordinates": [ -100.194200405041997, 27.205351226323199, 0.0 ] } },
{ "type": "Feature", "properties": { "PKs": "317+500" }, "geometry": { "type": "Point", "coordinates": [ -100.195193092286999, 27.205186809171899, 0.0 ] } },
{ "type": "Feature", "properties": { "PKs": "317+400" }, "geometry": { "type": "Point", "coordinates": [ -100.196185776343, 27.2050223850785, 0.0 ] } },
{ "type": "Feature", "properties": { "PKs": "317+300" }, "geometry": { "type": "Point", "coordinates": [ -100.197178457209006, 27.204857954043099, 0.0 ] } },
{ "type": "Feature", "properties": { "PKs": "317+200" }, "geometry": { "type": "Point", "coordinates": [ -100.198171134884007, 27.204693516065898, 0.0 ] } },
{ "type": "Feature", "properties": { "PKs": "317+100" }, "geometry": { "type": "Point", "coordinates": [ -100.199163809368997, 27.2045290711471, 0.0 ] } },
{ "type": "Feature", "properties": { "PKs": "317+000" }, "geometry": { "type": "Point", "coordinates": [ -100.200156480662002, 27.2043646192867, 0.0 ] } },
{ "type": "Feature", "properties": { "PKs": "316+900" }, "geometry": { "type": "Point", "coordinates": [ -100.201149148764998, 27.204200160485001, 0.0 ] } },
{ "type": "Feature", "properties": { "PKs": "316+800" }, "geometry": { "type": "Point", "coordinates": [ -100.202141813674999, 27.204035694742, 0.0 ] } },
{ "type": "Feature", "properties": { "PKs": "316+700" }, "geometry": { "type": "Point", "coordinates": [ -100.203134475393995, 27.203871222058002, 0.0 ] } },
{ "type": "Feature", "properties": { "PKs": "316+600" }, "geometry": { "type": "Point", "coordinates": [ -100.204127133921006, 27.203706742432999, 0.0 ] } },
{ "type": "Feature", "properties": { "PKs": "316+500" }, "geometry": { "type": "Point", "coordinates": [ -100.205119789253999, 27.203542255867401, 0.0 ] } },
{ "type": "Feature", "properties": { "PKs": "316+400" }, "geometry": { "type": "Point", "coordinates": [ -100.206112441395007, 27.2033777623611, 0.0 ] } },
{ "type": "Feature", "properties": { "PKs": "316+300" }, "geometry": { "type": "Point", "coordinates": [ -100.207105090343006, 27.2032132619143, 0.0 ] } },
{ "type": "Feature", "properties": { "PKs": "316+200" }, "geometry": { "type": "Point", "coordinates": [ -100.208097736097002, 27.203048754527298, 0.0 ] } },
{ "type": "Feature", "properties": { "PKs": "316+100" }, "geometry": { "type": "Point", "coordinates": [ -100.209090378656995, 27.202884240200099, 0.0 ] } },
{ "type": "Feature", "properties": { "PKs": "316+000" }, "geometry": { "type": "Point", "coordinates": [ -100.210083018022999, 27.202719718932901, 0.0 ] } },
{ "type": "Feature", "properties": { "PKs": "315+900" }, "geometry": { "type": "Point", "coordinates": [ -100.211075654194005, 27.2025551907258, 0.0 ] } },
{ "type": "Feature", "properties": { "PKs": "315+800" }, "geometry": { "type": "Point", "coordinates": [ -100.212068287170993, 27.202390655579102, 0.0 ] } },
{ "type": "Feature", "properties": { "PKs": "315+700" }, "geometry": { "type": "Point", "coordinates": [ -100.213060916952003, 27.202226113492799, 0.0 ] } },
{ "type": "Feature", "properties": { "PKs": "315+600" }, "geometry": { "type": "Point", "coordinates": [ -100.214053543538, 27.202061564467201, 0.0 ] } },
{ "type": "Feature", "properties": { "PKs": "315+500" }, "geometry": { "type": "Point", "coordinates": [ -100.215046166928005, 27.2018970085023, 0.0 ] } },
{ "type": "Feature", "properties": { "PKs": "315+400" }, "geometry": { "type": "Point", "coordinates": [ -100.216038787122002, 27.201732445598299, 0.0 ] } },
{ "type": "Feature", "properties": { "PKs": "315+300" }, "geometry": { "type": "Point", "coordinates": [ -100.217031404118998, 27.201567875755401, 0.0 ] } },
{ "type": "Feature", "properties": { "PKs": "315+200" }, "geometry": { "type": "Point", "coordinates": [ -100.218024017920001, 27.201403298973698, 0.0 ] } },
{ "type": "Feature", "properties": { "PKs": "315+100" }, "geometry": { "type": "Point", "coordinates": [ -100.219016628522994, 27.2012387152534, 0.0 ] } },
{ "type": "Feature", "properties": { "PKs": "315+000" }, "geometry": { "type": "Point", "coordinates": [ -100.220009235928998, 27.201074124594701, 0.0 ] } },
{ "type": "Feature", "properties": { "PKs": "314+900" }, "geometry": { "type": "Point", "coordinates": [ -100.221001840137006, 27.200909526997599, 0.0 ] } },
{ "type": "Feature", "properties": { "PKs": "314+800" }, "geometry": { "type": "Point", "coordinates": [ -100.221994441147999, 27.200744922462299, 0.0 ] } },
{ "type": "Feature", "properties": { "PKs": "314+700" }, "geometry": { "type": "Point", "coordinates": [ -100.222987038959005, 27.200580310989, 0.0 ] } },
{ "type": "Feature", "properties": { "PKs": "314+600" }, "geometry": { "type": "Point", "coordinates": [ -100.223979633572, 27.200415692577899, 0.0 ] } },
{ "type": "Feature", "properties": { "PKs": "314+500" }, "geometry": { "type": "Point", "coordinates": [ -100.224972224986004, 27.200251067229001, 0.0 ] } },
{ "type": "Feature", "properties": { "PKs": "314+400" }, "geometry": { "type": "Point", "coordinates": [ -100.225964813201003, 27.200086434942602, 0.0 ] } },
{ "type": "Feature", "properties": { "PKs": "314+300" }, "geometry": { "type": "Point", "coordinates": [ -100.226957398216001, 27.199921795718801, 0.0 ] } },
{ "type": "Feature", "properties": { "PKs": "314+200" }, "geometry": { "type": "Point", "coordinates": [ -100.227950313883994, 27.199756884502001, 0.0 ] } },
{ "type": "Feature", "properties": { "PKs": "314+100" }, "geometry": { "type": "Point", "coordinates": [ -100.228945465349994, 27.199581491465299, 0.0 ] } },
{ "type": "Feature", "properties": { "PKs": "314+000" }, "geometry": { "type": "Point", "coordinates": [ -100.229937134696002, 27.1993745739281, 0.0 ] } },
{ "type": "Feature", "properties": { "PKs": "313+900" }, "geometry": { "type": "Point", "coordinates": [ -100.230917990977005, 27.199129203678599, 0.0 ] } },
{ "type": "Feature", "properties": { "PKs": "313+800" }, "geometry": { "type": "Point", "coordinates": [ -100.231885938972994, 27.198845804149499, 0.0 ] } },
{ "type": "Feature", "properties": { "PKs": "313+700" }, "geometry": { "type": "Point", "coordinates": [ -100.232839135290007, 27.198524915119101, 0.0 ] } },
{ "type": "Feature", "properties": { "PKs": "313+600" }, "geometry": { "type": "Point", "coordinates": [ -100.233775764678995, 27.198167147759701, 0.0 ] } },
{ "type": "Feature", "properties": { "PKs": "313+500" }, "geometry": { "type": "Point", "coordinates": [ -100.234694043492993, 27.197773183471298, 0.0 ] } },
{ "type": "Feature", "properties": { "PKs": "313+400" }, "geometry": { "type": "Point", "coordinates": [ -100.235592223089995, 27.197343772581998, 0.0 ] } },
{ "type": "Feature", "properties": { "PKs": "313+300" }, "geometry": { "type": "Point", "coordinates": [ -100.236468258033995, 27.196882063124701, 0.0 ] } },
{ "type": "Feature", "properties": { "PKs": "313+200" }, "geometry": { "type": "Point", "coordinates": [ -100.237327593125997, 27.1964047899429, 0.0 ] } },
{ "type": "Feature", "properties": { "PKs": "313+100" }, "geometry": { "type": "Point", "coordinates": [ -100.238183520448004, 27.195926219289099, 0.0 ] } },
{ "type": "Feature", "properties": { "PKs": "313+000" }, "geometry": { "type": "Point", "coordinates": [ -100.239039440325001, 27.195447643621701, 0.0 ] } },
{ "type": "Feature", "properties": { "PKs": "312+900" }, "geometry": { "type": "Point", "coordinates": [ -100.239895352757003, 27.194969062940999, 0.0 ] } },
{ "type": "Feature", "properties": { "PKs": "312+800" }, "geometry": { "type": "Point", "coordinates": [ -100.240751257743995, 27.1944904772473, 0.0 ] } },
{ "type": "Feature", "properties": { "PKs": "312+700" }, "geometry": { "type": "Point", "coordinates": [ -100.241607155286999, 27.194011886541102, 0.0 ] } },
{ "type": "Feature", "properties": { "PKs": "312+600" }, "geometry": { "type": "Point", "coordinates": [ -100.242463045386003, 27.193533290822501, 0.0 ] } },
{ "type": "Feature", "properties": { "PKs": "312+500" }, "geometry": { "type": "Point", "coordinates": [ -100.243318928039002, 27.193054690092001, 0.0 ] } },
{ "type": "Feature", "properties": { "PKs": "312+400" }, "geometry": { "type": "Point", "coordinates": [ -100.244174803248995, 27.192576084349799, 0.0 ] } },
{ "type": "Feature", "properties": { "PKs": "312+300" }, "geometry": { "type": "Point", "coordinates": [ -100.245030671014007, 27.192097473596299, 0.0 ] } },
{ "type": "Feature", "properties": { "PKs": "312+200" }, "geometry": { "type": "Point", "coordinates": [ -100.245886531333994, 27.191618857831799, 0.0 ] } },
{ "type": "Feature", "properties": { "PKs": "312+100" }, "geometry": { "type": "Point", "coordinates": [ -100.246742384209995, 27.191140237056601, 0.0 ] } },
{ "type": "Feature", "properties": { "PKs": "312+000" }, "geometry": { "type": "Point", "coordinates": [ -100.247598229641994, 27.1906616112711, 0.0 ] } },
{ "type": "Feature", "properties": { "PKs": "311+900" }, "geometry": { "type": "Point", "coordinates": [ -100.248454067628998, 27.190182980475502, 0.0 ] } },
{ "type": "Feature", "properties": { "PKs": "311+800" }, "geometry": { "type": "Point", "coordinates": [ -100.249309898172001, 27.189704344670201, 0.0 ] } },
{ "type": "Feature", "properties": { "PKs": "311+700" }, "geometry": { "type": "Point", "coordinates": [ -100.250165721271003, 27.189225703855499, 0.0 ] } },
{ "type": "Feature", "properties": { "PKs": "311+600" }, "geometry": { "type": "Point", "coordinates": [ -100.251021536926004, 27.188747058031801, 0.0 ] } },
{ "type": "Feature", "properties": { "PKs": "311+500" }, "geometry": { "type": "Point", "coordinates": [ -100.251877345137004, 27.188268407199299, 0.0 ] } },
{ "type": "Feature", "properties": { "PKs": "311+400" }, "geometry": { "type": "Point", "coordinates": [ -100.252733145902994, 27.187789751358501, 0.0 ] } },
{ "type": "Feature", "properties": { "PKs": "311+300" }, "geometry": { "type": "Point", "coordinates": [ -100.253588939226006, 27.1873110905095, 0.0 ] } },
{ "type": "Feature", "properties": { "PKs": "311+200" }, "geometry": { "type": "Point", "coordinates": [ -100.254444725105003, 27.1868324246527, 0.0 ] } },
{ "type": "Feature", "properties": { "PKs": "311+100" }, "geometry": { "type": "Point", "coordinates": [ -100.255300503539999, 27.186353753788602, 0.0 ] } },
{ "type": "Feature", "properties": { "PKs": "311+000" }, "geometry": { "type": "Point", "coordinates": [ -100.256156274529999, 27.185875077917299, 0.0 ] } },
{ "type": "Feature", "properties": { "PKs": "310+900" }, "geometry": { "type": "Point", "coordinates": [ -100.257012038078003, 27.185396397039199, 0.0 ] } },
{ "type": "Feature", "properties": { "PKs": "310+800" }, "geometry": { "type": "Point", "coordinates": [ -100.257867794180996, 27.184917711154601, 0.0 ] } },
{ "type": "Feature", "properties": { "PKs": "310+700" }, "geometry": { "type": "Point", "coordinates": [ -100.258723542840002, 27.184439020263898, 0.0 ] } },
{ "type": "Feature", "properties": { "PKs": "310+600" }, "geometry": { "type": "Point", "coordinates": [ -100.259579284056002, 27.183960324367401, 0.0 ] } },
{ "type": "Feature", "properties": { "PKs": "310+500" }, "geometry": { "type": "Point", "coordinates": [ -100.260435017828001, 27.183481623465301, 0.0 ] } },
{ "type": "Feature", "properties": { "PKs": "310+400" }, "geometry": { "type": "Point", "coordinates": [ -100.261290744156994, 27.183002917558099, 0.0 ] } },
{ "type": "Feature", "properties": { "PKs": "310+300" }, "geometry": { "type": "Point", "coordinates": [ -100.262146463042001, 27.1825242066461, 0.0 ] } },
{ "type": "Feature", "properties": { "PKs": "310+200" }, "geometry": { "type": "Point", "coordinates": [ -100.263002174484001, 27.1820454907295, 0.0 ] } },
{ "type": "Feature", "properties": { "PKs": "310+100" }, "geometry": { "type": "Point", "coordinates": [ -100.263857878482, 27.1815667698087, 0.0 ] } },
{ "type": "Feature", "properties": { "PKs": "310+000" }, "geometry": { "type": "Point", "coordinates": [ -100.264713575035998, 27.181088043883999, 0.0 ] } },
{ "type": "Feature", "properties": { "PKs": "309+900" }, "geometry": { "type": "Point", "coordinates": [ -100.265569264147999, 27.180609312955799, 0.0 ] } },
{ "type": "Feature", "properties": { "PKs": "309+800" }, "geometry": { "type": "Point", "coordinates": [ -100.266424945815999, 27.1801305770243, 0.0 ] } },
{ "type": "Feature", "properties": { "PKs": "309+700" }, "geometry": { "type": "Point", "coordinates": [ -100.267280620039998, 27.179651836089899, 0.0 ] } },
{ "type": "Feature", "properties": { "PKs": "309+600" }, "geometry": { "type": "Point", "coordinates": [ -100.268136286821999, 27.179173090153, 0.0 ] } },
{ "type": "Feature", "properties": { "PKs": "309+500" }, "geometry": { "type": "Point", "coordinates": [ -100.26899194616, 27.178694339213799, 0.0 ] } },
{ "type": "Feature", "properties": { "PKs": "309+400" }, "geometry": { "type": "Point", "coordinates": [ -100.269847598054994, 27.1782155832726, 0.0 ] } },
{ "type": "Feature", "properties": { "PKs": "309+300" }, "geometry": { "type": "Point", "coordinates": [ -100.270703242506997, 27.177736822329798, 0.0 ] } },
{ "type": "Feature", "properties": { "PKs": "309+200" }, "geometry": { "type": "Point", "coordinates": [ -100.271558879515993, 27.177258056385799, 0.0 ] } },
{ "type": "Feature", "properties": { "PKs": "309+100" }, "geometry": { "type": "Point", "coordinates": [ -100.272414509081003, 27.176779285440698, 0.0 ] } },
{ "type": "Feature", "properties": { "PKs": "309+000" }, "geometry": { "type": "Point", "coordinates": [ -100.273270131204001, 27.1763005094951, 0.0 ] } },
{ "type": "Feature", "properties": { "PKs": "308+900" }, "geometry": { "type": "Point", "coordinates": [ -100.274125745884007, 27.175821728549099, 0.0 ] } },
{ "type": "Feature", "properties": { "PKs": "308+800" }, "geometry": { "type": "Point", "coordinates": [ -100.274981353121007, 27.175342942603098, 0.0 ] } },
{ "type": "Feature", "properties": { "PKs": "308+700" }, "geometry": { "type": "Point", "coordinates": [ -100.275836952915995, 27.174864151657399, 0.0 ] } },
{ "type": "Feature", "properties": { "PKs": "308+600" }, "geometry": { "type": "Point", "coordinates": [ -100.276692545266997, 27.174385355712399, 0.0 ] } },
{ "type": "Feature", "properties": { "PKs": "308+500" }, "geometry": { "type": "Point", "coordinates": [ -100.277548130176001, 27.173906554768301, 0.0 ] } },
{ "type": "Feature", "properties": { "PKs": "308+400" }, "geometry": { "type": "Point", "coordinates": [ -100.278403707641999, 27.173427748825599, 0.0 ] } },
{ "type": "Feature", "properties": { "PKs": "308+300" }, "geometry": { "type": "Point", "coordinates": [ -100.279259277665005, 27.172948937884499, 0.0 ] } },
{ "type": "Feature", "properties": { "PKs": "308+200" }, "geometry": { "type": "Point", "coordinates": [ -100.280114840246, 27.172470121945299, 0.0 ] } },
{ "type": "Feature", "properties": { "PKs": "308+100" }, "geometry": { "type": "Point", "coordinates": [ -100.280970395384003, 27.171991301008401, 0.0 ] } },
{ "type": "Feature", "properties": { "PKs": "308+000" }, "geometry": { "type": "Point", "coordinates": [ -100.281825943079994, 27.171512475074099, 0.0 ] } },
{ "type": "Feature", "properties": { "PKs": "307+900" }, "geometry": { "type": "Point", "coordinates": [ -100.282681483332993, 27.1710336441427, 0.0 ] } },
{ "type": "Feature", "properties": { "PKs": "307+800" }, "geometry": { "type": "Point", "coordinates": [ -100.283537016143995, 27.1705548082146, 0.0 ] } },
{ "type": "Feature", "properties": { "PKs": "307+700" }, "geometry": { "type": "Point", "coordinates": [ -100.284392541512005, 27.17007596729, 0.0 ] } },
{ "type": "Feature", "properties": { "PKs": "307+600" }, "geometry": { "type": "Point", "coordinates": [ -100.285248059438004, 27.1695971213693, 0.0 ] } },
{ "type": "Feature", "properties": { "PKs": "307+500" }, "geometry": { "type": "Point", "coordinates": [ -100.286103569922005, 27.169118270452799, 0.0 ] } },
{ "type": "Feature", "properties": { "PKs": "307+400" }, "geometry": { "type": "Point", "coordinates": [ -100.286959072963995, 27.168639414540898, 0.0 ] } },
{ "type": "Feature", "properties": { "PKs": "307+300" }, "geometry": { "type": "Point", "coordinates": [ -100.287814568562993, 27.1681605536338, 0.0 ] } },
{ "type": "Feature", "properties": { "PKs": "307+200" }, "geometry": { "type": "Point", "coordinates": [ -100.288670056719994, 27.1676816877319, 0.0 ] } },
{ "type": "Feature", "properties": { "PKs": "307+100" }, "geometry": { "type": "Point", "coordinates": [ -100.289525537434997, 27.167202816835498, 0.0 ] } },
{ "type": "Feature", "properties": { "PKs": "307+000" }, "geometry": { "type": "Point", "coordinates": [ -100.290381010708003, 27.166723940944902, 0.0 ] } },
{ "type": "Feature", "properties": { "PKs": "306+900" }, "geometry": { "type": "Point", "coordinates": [ -100.291236476538998, 27.166245060060501, 0.0 ] } },
{ "type": "Feature", "properties": { "PKs": "306+800" }, "geometry": { "type": "Point", "coordinates": [ -100.292091934927996, 27.1657661741826, 0.0 ] } },
{ "type": "Feature", "properties": { "PKs": "306+700" }, "geometry": { "type": "Point", "coordinates": [ -100.292947385874996, 27.1652872833115, 0.0 ] } },
{ "type": "Feature", "properties": { "PKs": "306+600" }, "geometry": { "type": "Point", "coordinates": [ -100.293802829379999, 27.164808387447501, 0.0 ] } },
{ "type": "Feature", "properties": { "PKs": "306+500" }, "geometry": { "type": "Point", "coordinates": [ -100.294658265443999, 27.164329486590901, 0.0 ] } },
{ "type": "Feature", "properties": { "PKs": "306+400" }, "geometry": { "type": "Point", "coordinates": [ -100.295513694064994, 27.1638505807421, 0.0 ] } },
{ "type": "Feature", "properties": { "PKs": "306+300" }, "geometry": { "type": "Point", "coordinates": [ -100.296369115245, 27.163371669901501, 0.0 ] } },
{ "type": "Feature", "properties": { "PKs": "306+200" }, "geometry": { "type": "Point", "coordinates": [ -100.297224528982994, 27.162892754069201, 0.0 ] } },
{ "type": "Feature", "properties": { "PKs": "306+100" }, "geometry": { "type": "Point", "coordinates": [ -100.298079935280001, 27.162413833245701, 0.0 ] } },
{ "type": "Feature", "properties": { "PKs": "306+000" }, "geometry": { "type": "Point", "coordinates": [ -100.298935334134995, 27.161934907431199, 0.0 ] } },
{ "type": "Feature", "properties": { "PKs": "305+900" }, "geometry": { "type": "Point", "coordinates": [ -100.299790725547993, 27.1614559766262, 0.0 ] } },
{ "type": "Feature", "properties": { "PKs": "305+800" }, "geometry": { "type": "Point", "coordinates": [ -100.300646109520002, 27.1609770408309, 0.0 ] } },
{ "type": "Feature", "properties": { "PKs": "305+700" }, "geometry": { "type": "Point", "coordinates": [ -100.30150148605, 27.160498100045601, 0.0 ] } },
{ "type": "Feature", "properties": { "PKs": "305+600" }, "geometry": { "type": "Point", "coordinates": [ -100.302356855138996, 27.1600191542706, 0.0 ] } },
{ "type": "Feature", "properties": { "PKs": "305+500" }, "geometry": { "type": "Point", "coordinates": [ -100.303212216787003, 27.159540203506399, 0.0 ] } },
{ "type": "Feature", "properties": { "PKs": "305+400" }, "geometry": { "type": "Point", "coordinates": [ -100.304067570992999, 27.159061247753101, 0.0 ] } },
{ "type": "Feature", "properties": { "PKs": "305+300" }, "geometry": { "type": "Point", "coordinates": [ -100.304922917758006, 27.1585822870112, 0.0 ] } },
{ "type": "Feature", "properties": { "PKs": "305+200" }, "geometry": { "type": "Point", "coordinates": [ -100.305778257081002, 27.158103321281001, 0.0 ] } },
{ "type": "Feature", "properties": { "PKs": "305+100" }, "geometry": { "type": "Point", "coordinates": [ -100.306633588964004, 27.157624350562699, 0.0 ] } },
{ "type": "Feature", "properties": { "PKs": "305+000" }, "geometry": { "type": "Point", "coordinates": [ -100.307488913404995, 27.1571453748568, 0.0 ] } },
{ "type": "Feature", "properties": { "PKs": "304+900" }, "geometry": { "type": "Point", "coordinates": [ -100.308344230405993, 27.156666394163501, 0.0 ] } },
{ "type": "Feature", "properties": { "PKs": "304+800" }, "geometry": { "type": "Point", "coordinates": [ -100.309199539964993, 27.156187408483099, 0.0 ] } },
{ "type": "Feature", "properties": { "PKs": "304+700" }, "geometry": { "type": "Point", "coordinates": [ -100.310054842083005, 27.155708417816001, 0.0 ] } },
{ "type": "Feature", "properties": { "PKs": "304+600" }, "geometry": { "type": "Point", "coordinates": [ -100.31091013676, 27.155229422162499, 0.0 ] } },
{ "type": "Feature", "properties": { "PKs": "304+500" }, "geometry": { "type": "Point", "coordinates": [ -100.311765423995993, 27.154750421522898, 0.0 ] } },
{ "type": "Feature", "properties": { "PKs": "304+400" }, "geometry": { "type": "Point", "coordinates": [ -100.312620703792007, 27.1542714158976, 0.0 ] } },
{ "type": "Feature", "properties": { "PKs": "304+300" }, "geometry": { "type": "Point", "coordinates": [ -100.313475976145995, 27.1537924052869, 0.0 ] } },
{ "type": "Feature", "properties": { "PKs": "304+200" }, "geometry": { "type": "Point", "coordinates": [ -100.314331241060003, 27.153313389691, 0.0 ] } },
{ "type": "Feature", "properties": { "PKs": "304+100" }, "geometry": { "type": "Point", "coordinates": [ -100.315186498532995, 27.152834369110401, 0.0 ] } },
{ "type": "Feature", "properties": { "PKs": "304+000" }, "geometry": { "type": "Point", "coordinates": [ -100.316041748564999, 27.152355343545299, 0.0 ] } },
{ "type": "Feature", "properties": { "PKs": "303+900" }, "geometry": { "type": "Point", "coordinates": [ -100.316896991156995, 27.151876312995999, 0.0 ] } },
{ "type": "Feature", "properties": { "PKs": "303+800" }, "geometry": { "type": "Point", "coordinates": [ -100.317752226308002, 27.151397277463001, 0.0 ] } },
{ "type": "Feature", "properties": { "PKs": "303+700" }, "geometry": { "type": "Point", "coordinates": [ -100.318607454019002, 27.150918236946499, 0.0 ] } },
{ "type": "Feature", "properties": { "PKs": "303+600" }, "geometry": { "type": "Point", "coordinates": [ -100.319462674288999, 27.1504391914468, 0.0 ] } },
{ "type": "Feature", "properties": { "PKs": "303+500" }, "geometry": { "type": "Point", "coordinates": [ -100.320317668236996, 27.149960631624101, 0.0 ] } },
{ "type": "Feature", "properties": { "PKs": "303+400" }, "geometry": { "type": "Point", "coordinates": [ -100.321174943442998, 27.149492104408701, 0.0 ] } },
{ "type": "Feature", "properties": { "PKs": "303+300" }, "geometry": { "type": "Point", "coordinates": [ -100.322044972677006, 27.1490484847216, 0.0 ] } },
{ "type": "Feature", "properties": { "PKs": "303+200" }, "geometry": { "type": "Point", "coordinates": [ -100.322932519903006, 27.148633673254199, 0.0 ] } },
{ "type": "Feature", "properties": { "PKs": "303+100" }, "geometry": { "type": "Point", "coordinates": [ -100.323836783626007, 27.148242869252599, 0.0 ] } },
{ "type": "Feature", "properties": { "PKs": "303+000" }, "geometry": { "type": "Point", "coordinates": [ -100.324749977831004, 27.147860274660701, 0.0 ] } },
{ "type": "Feature", "properties": { "PKs": "302+900" }, "geometry": { "type": "Point", "coordinates": [ -100.325663972906995, 27.1474778702196, 0.0 ] } },
{ "type": "Feature", "properties": { "PKs": "302+800" }, "geometry": { "type": "Point", "coordinates": [ -100.326577961547002, 27.147095460029099, 0.0 ] } },
{ "type": "Feature", "properties": { "PKs": "302+700" }, "geometry": { "type": "Point", "coordinates": [ -100.327491943751994, 27.146713044089399, 0.0 ] } },
{ "type": "Feature", "properties": { "PKs": "302+600" }, "geometry": { "type": "Point", "coordinates": [ -100.328405919521998, 27.1463306224008, 0.0 ] } },
{ "type": "Feature", "properties": { "PKs": "302+500" }, "geometry": { "type": "Point", "coordinates": [ -100.329319888854997, 27.145948194963601, 0.0 ] } },
{ "type": "Feature", "properties": { "PKs": "302+400" }, "geometry": { "type": "Point", "coordinates": [ -100.330233851754002, 27.145565761778101, 0.0 ] } },
{ "type": "Feature", "properties": { "PKs": "302+300" }, "geometry": { "type": "Point", "coordinates": [ -100.331147808216002, 27.145183322844598, 0.0 ] } },
{ "type": "Feature", "properties": { "PKs": "302+200" }, "geometry": { "type": "Point", "coordinates": [ -100.332061758242006, 27.144800878163299, 0.0 ] } },
{ "type": "Feature", "properties": { "PKs": "302+100" }, "geometry": { "type": "Point", "coordinates": [ -100.332975701833007, 27.144418427734699, 0.0 ] } },
{ "type": "Feature", "properties": { "PKs": "302+000" }, "geometry": { "type": "Point", "coordinates": [ -100.333889638987003, 27.1440359715589, 0.0 ] } },
{ "type": "Feature", "properties": { "PKs": "301+900" }, "geometry": { "type": "Point", "coordinates": [ -100.334803569705002, 27.143653509636302, 0.0 ] } },
{ "type": "Feature", "properties": { "PKs": "301+800" }, "geometry": { "type": "Point", "coordinates": [ -100.335717493987005, 27.1432710419672, 0.0 ] } },
{ "type": "Feature", "properties": { "PKs": "301+700" }, "geometry": { "type": "Point", "coordinates": [ -100.336631411832997, 27.1428885685519, 0.0 ] } },
{ "type": "Feature", "properties": { "PKs": "301+600" }, "geometry": { "type": "Point", "coordinates": [ -100.337545323241997, 27.142506089390601, 0.0 ] } },
{ "type": "Feature", "properties": { "PKs": "301+500" }, "geometry": { "type": "Point", "coordinates": [ -100.338459228215001, 27.142123604483601, 0.0 ] } },
{ "type": "Feature", "properties": { "PKs": "301+400" }, "geometry": { "type": "Point", "coordinates": [ -100.339373126750999, 27.141741113831401, 0.0 ] } },
{ "type": "Feature", "properties": { "PKs": "301+300" }, "geometry": { "type": "Point", "coordinates": [ -100.340287018850006, 27.141358617434001, 0.0 ] } },
{ "type": "Feature", "properties": { "PKs": "301+200" }, "geometry": { "type": "Point", "coordinates": [ -100.341200904511993, 27.140976115291998, 0.0 ] } },
{ "type": "Feature", "properties": { "PKs": "301+100" }, "geometry": { "type": "Point", "coordinates": [ -100.342114783737998, 27.1405936074054, 0.0 ] } },
{ "type": "Feature", "properties": { "PKs": "301+000" }, "geometry": { "type": "Point", "coordinates": [ -100.343028656526997, 27.140211093774699, 0.0 ] } },
{ "type": "Feature", "properties": { "PKs": "300+900" }, "geometry": { "type": "Point", "coordinates": [ -100.343942522877995, 27.139828574400202, 0.0 ] } },
{ "type": "Feature", "properties": { "PKs": "300+800" }, "geometry": { "type": "Point", "coordinates": [ -100.344856382792997, 27.139446049282, 0.0 ] } },
{ "type": "Feature", "properties": { "PKs": "300+700" }, "geometry": { "type": "Point", "coordinates": [ -100.345770236269999, 27.139063518420599, 0.0 ] } },
{ "type": "Feature", "properties": { "PKs": "300+600" }, "geometry": { "type": "Point", "coordinates": [ -100.346684083309995, 27.1386809818163, 0.0 ] } },
{ "type": "Feature", "properties": { "PKs": "300+500" }, "geometry": { "type": "Point", "coordinates": [ -100.347597923912005, 27.1382984394692, 0.0 ] } },
{ "type": "Feature", "properties": { "PKs": "300+400" }, "geometry": { "type": "Point", "coordinates": [ -100.348511758076995, 27.137915891379699, 0.0 ] } },
{ "type": "Feature", "properties": { "PKs": "300+300" }, "geometry": { "type": "Point", "coordinates": [ -100.349425585803999, 27.137533337548199, 0.0 ] } },
{ "type": "Feature", "properties": { "PKs": "300+200" }, "geometry": { "type": "Point", "coordinates": [ -100.350339407093003, 27.137150777974899, 0.0 ] } },
{ "type": "Feature", "properties": { "PKs": "300+100" }, "geometry": { "type": "Point", "coordinates": [ -100.351253221945001, 27.136768212660002, 0.0 ] } },
{ "type": "Feature", "properties": { "PKs": "300+000" }, "geometry": { "type": "Point", "coordinates": [ -100.352167030358999, 27.136385641604001, 0.0 ] } },
{ "type": "Feature", "properties": { "PKs": "299+900" }, "geometry": { "type": "Point", "coordinates": [ -100.353080832334001, 27.136003064807099, 0.0 ] } },
{ "type": "Feature", "properties": { "PKs": "299+800" }, "geometry": { "type": "Point", "coordinates": [ -100.353994627871998, 27.135620482269498, 0.0 ] } },
{ "type": "Feature", "properties": { "PKs": "299+700" }, "geometry": { "type": "Point", "coordinates": [ -100.354908416971995, 27.135237893991601, 0.0 ] } },
{ "type": "Feature", "properties": { "PKs": "299+600" }, "geometry": { "type": "Point", "coordinates": [ -100.355822199632996, 27.1348552999738, 0.0 ] } },
{ "type": "Feature", "properties": { "PKs": "299+500" }, "geometry": { "type": "Point", "coordinates": [ -100.356735975855997, 27.1344727002162, 0.0 ] } },
{ "type": "Feature", "properties": { "PKs": "299+400" }, "geometry": { "type": "Point", "coordinates": [ -100.357649745640003, 27.134090094719099, 0.0 ] } },
{ "type": "Feature", "properties": { "PKs": "299+300" }, "geometry": { "type": "Point", "coordinates": [ -100.358563508985995, 27.133707483483001, 0.0 ] } },
{ "type": "Feature", "properties": { "PKs": "299+200" }, "geometry": { "type": "Point", "coordinates": [ -100.359477265893005, 27.133324866508001, 0.0 ] } },
{ "type": "Feature", "properties": { "PKs": "299+100" }, "geometry": { "type": "Point", "coordinates": [ -100.360391016362001, 27.1329422437944, 0.0 ] } },
{ "type": "Feature", "properties": { "PKs": "299+000" }, "geometry": { "type": "Point", "coordinates": [ -100.361304760390993, 27.132559615342601, 0.0 ] } },
{ "type": "Feature", "properties": { "PKs": "298+900" }, "geometry": { "type": "Point", "coordinates": [ -100.362218497981999, 27.132176981152899, 0.0 ] } },
{ "type": "Feature", "properties": { "PKs": "298+800" }, "geometry": { "type": "Point", "coordinates": [ -100.363132229133996, 27.1317943412255, 0.0 ] } },
{ "type": "Feature", "properties": { "PKs": "298+700" }, "geometry": { "type": "Point", "coordinates": [ -100.364045953846997, 27.1314116955608, 0.0 ] } },
{ "type": "Feature", "properties": { "PKs": "298+600" }, "geometry": { "type": "Point", "coordinates": [ -100.364959672119994, 27.131029044159, 0.0 ] } },
{ "type": "Feature", "properties": { "PKs": "298+500" }, "geometry": { "type": "Point", "coordinates": [ -100.365873383953996, 27.130646387020501, 0.0 ] } },
{ "type": "Feature", "properties": { "PKs": "298+400" }, "geometry": { "type": "Point", "coordinates": [ -100.366787089349003, 27.130263724145401, 0.0 ] } },
{ "type": "Feature", "properties": { "PKs": "298+300" }, "geometry": { "type": "Point", "coordinates": [ -100.367700788305001, 27.129881055534199, 0.0 ] } },
{ "type": "Feature", "properties": { "PKs": "298+200" }, "geometry": { "type": "Point", "coordinates": [ -100.368614480820995, 27.129498381187201, 0.0 ] } },
{ "type": "Feature", "properties": { "PKs": "298+100" }, "geometry": { "type": "Point", "coordinates": [ -100.369528166896998, 27.129115701104499, 0.0 ] } },
{ "type": "Feature", "properties": { "PKs": "298+000" }, "geometry": { "type": "Point", "coordinates": [ -100.370441846532998, 27.128733015286599, 0.0 ] } },
{ "type": "Feature", "properties": { "PKs": "297+900" }, "geometry": { "type": "Point", "coordinates": [ -100.371355519730002, 27.128350323733699, 0.0 ] } },
{ "type": "Feature", "properties": { "PKs": "297+800" }, "geometry": { "type": "Point", "coordinates": [ -100.372269186487003, 27.1279676264461, 0.0 ] } },
{ "type": "Feature", "properties": { "PKs": "297+700" }, "geometry": { "type": "Point", "coordinates": [ -100.373182846803999, 27.127584923423999, 0.0 ] } },
{ "type": "Feature", "properties": { "PKs": "297+600" }, "geometry": { "type": "Point", "coordinates": [ -100.374096500679997, 27.1272022146679, 0.0 ] } },
{ "type": "Feature", "properties": { "PKs": "297+500" }, "geometry": { "type": "Point", "coordinates": [ -100.375010148116999, 27.126819500178001, 0.0 ] } },
{ "type": "Feature", "properties": { "PKs": "297+400" }, "geometry": { "type": "Point", "coordinates": [ -100.375923789113003, 27.126436779954599, 0.0 ] } },
{ "type": "Feature", "properties": { "PKs": "297+300" }, "geometry": { "type": "Point", "coordinates": [ -100.376837423669002, 27.126054053998001, 0.0 ] } },
{ "type": "Feature", "properties": { "PKs": "297+200" }, "geometry": { "type": "Point", "coordinates": [ -100.377751051784003, 27.125671322308399, 0.0 ] } },
{ "type": "Feature", "properties": { "PKs": "297+100" }, "geometry": { "type": "Point", "coordinates": [ -100.378664673458999, 27.125288584886299, 0.0 ] } },
{ "type": "Feature", "properties": { "PKs": "297+000" }, "geometry": { "type": "Point", "coordinates": [ -100.379578288692997, 27.124905841731799, 0.0 ] } },
{ "type": "Feature", "properties": { "PKs": "296+900" }, "geometry": { "type": "Point", "coordinates": [ -100.380491897487005, 27.124523092845301, 0.0 ] } },
{ "type": "Feature", "properties": { "PKs": "296+800" }, "geometry": { "type": "Point", "coordinates": [ -100.381405499839005, 27.124140338227001, 0.0 ] } },
{ "type": "Feature", "properties": { "PKs": "296+700" }, "geometry": { "type": "Point", "coordinates": [ -100.382319095751001, 27.123757577877299, 0.0 ] } },
{ "type": "Feature", "properties": { "PKs": "296+600" }, "geometry": { "type": "Point", "coordinates": [ -100.383232685221998, 27.123374811796499, 0.0 ] } },
{ "type": "Feature", "properties": { "PKs": "296+500" }, "geometry": { "type": "Point", "coordinates": [ -100.384146268251001, 27.122992039984901, 0.0 ] } },
{ "type": "Feature", "properties": { "PKs": "296+400" }, "geometry": { "type": "Point", "coordinates": [ -100.385059844840001, 27.122609262442701, 0.0 ] } },
{ "type": "Feature", "properties": { "PKs": "296+300" }, "geometry": { "type": "Point", "coordinates": [ -100.385973414987006, 27.122226479170202, 0.0 ] } },
{ "type": "Feature", "properties": { "PKs": "296+200" }, "geometry": { "type": "Point", "coordinates": [ -100.386886978692999, 27.1218436901678, 0.0 ] } },
{ "type": "Feature", "properties": { "PKs": "296+100" }, "geometry": { "type": "Point", "coordinates": [ -100.387800535956998, 27.1214608954357, 0.0 ] } },
{ "type": "Feature", "properties": { "PKs": "296+000" }, "geometry": { "type": "Point", "coordinates": [ -100.388714086779999, 27.121078094974301, 0.0 ] } },
{ "type": "Feature", "properties": { "PKs": "295+900" }, "geometry": { "type": "Point", "coordinates": [ -100.389627631161005, 27.120695288783701, 0.0 ] } },
{ "type": "Feature", "properties": { "PKs": "295+800" }, "geometry": { "type": "Point", "coordinates": [ -100.390541169100004, 27.120312476864498, 0.0 ] } },
{ "type": "Feature", "properties": { "PKs": "295+700" }, "geometry": { "type": "Point", "coordinates": [ -100.391454700598004, 27.119929659216702, 0.0 ] } },
{ "type": "Feature", "properties": { "PKs": "295+600" }, "geometry": { "type": "Point", "coordinates": [ -100.392368225653001, 27.119546835840801, 0.0 ] } },
{ "type": "Feature", "properties": { "PKs": "295+500" }, "geometry": { "type": "Point", "coordinates": [ -100.393281744267, 27.119164006737002, 0.0 ] } },
{ "type": "Feature", "properties": { "PKs": "295+400" }, "geometry": { "type": "Point", "coordinates": [ -100.394195256439005, 27.118781171905599, 0.0 ] } },
{ "type": "Feature", "properties": { "PKs": "295+300" }, "geometry": { "type": "Point", "coordinates": [ -100.395108762167993, 27.118398331346899, 0.0 ] } },
{ "type": "Feature", "properties": { "PKs": "295+200" }, "geometry": { "type": "Point", "coordinates": [ -100.396022261455002, 27.1180154850612, 0.0 ] } },
{ "type": "Feature", "properties": { "PKs": "295+100" }, "geometry": { "type": "Point", "coordinates": [ -100.396935754300003, 27.1176326330488, 0.0 ] } },
{ "type": "Feature", "properties": { "PKs": "295+000" }, "geometry": { "type": "Point", "coordinates": [ -100.397849240702001, 27.11724977531, 0.0 ] } },
{ "type": "Feature", "properties": { "PKs": "294+900" }, "geometry": { "type": "Point", "coordinates": [ -100.398762720662006, 27.116866911845101, 0.0 ] } },
{ "type": "Feature", "properties": { "PKs": "294+800" }, "geometry": { "type": "Point", "coordinates": [ -100.399676194178994, 27.116484042654399, 0.0 ] } },
{ "type": "Feature", "properties": { "PKs": "294+700" }, "geometry": { "type": "Point", "coordinates": [ -100.400589661252994, 27.116101167738201, 0.0 ] } },
{ "type": "Feature", "properties": { "PKs": "294+600" }, "geometry": { "type": "Point", "coordinates": [ -100.401503121884005, 27.115718287096701, 0.0 ] } },
{ "type": "Feature", "properties": { "PKs": "294+500" }, "geometry": { "type": "Point", "coordinates": [ -100.402416576072994, 27.115335400730402, 0.0 ] } },
{ "type": "Feature", "properties": { "PKs": "294+400" }, "geometry": { "type": "Point", "coordinates": [ -100.403330023818, 27.114952508639401, 0.0 ] } },
{ "type": "Feature", "properties": { "PKs": "294+300" }, "geometry": { "type": "Point", "coordinates": [ -100.404243465120999, 27.114569610824098, 0.0 ] } },
{ "type": "Feature", "properties": { "PKs": "294+200" }, "geometry": { "type": "Point", "coordinates": [ -100.40515689998, 27.114186707284698, 0.0 ] } },
{ "type": "Feature", "properties": { "PKs": "294+100" }, "geometry": { "type": "Point", "coordinates": [ -100.406070328395998, 27.1138037980216, 0.0 ] } },
{ "type": "Feature", "properties": { "PKs": "294+000" }, "geometry": { "type": "Point", "coordinates": [ -100.406983750368994, 27.113420883035101, 0.0 ] } },
{ "type": "Feature", "properties": { "PKs": "293+900" }, "geometry": { "type": "Point", "coordinates": [ -100.407897165898007, 27.1130379623254, 0.0 ] } },
{ "type": "Feature", "properties": { "PKs": "293+800" }, "geometry": { "type": "Point", "coordinates": [ -100.408810574984003, 27.1126550358928, 0.0 ] } },
{ "type": "Feature", "properties": { "PKs": "293+700" }, "geometry": { "type": "Point", "coordinates": [ -100.409723977625006, 27.112272103737801, 0.0 ] } },
{ "type": "Feature", "properties": { "PKs": "293+600" }, "geometry": { "type": "Point", "coordinates": [ -100.410637373824002, 27.111889165860401, 0.0 ] } },
{ "type": "Feature", "properties": { "PKs": "293+500" }, "geometry": { "type": "Point", "coordinates": [ -100.411550763578006, 27.111506222261099, 0.0 ] } },
{ "type": "Feature", "properties": { "PKs": "293+400" }, "geometry": { "type": "Point", "coordinates": [ -100.412464146888993, 27.111123272940102, 0.0 ] } },
{ "type": "Feature", "properties": { "PKs": "293+300" }, "geometry": { "type": "Point", "coordinates": [ -100.413377523755003, 27.1107403178978, 0.0 ] } },
{ "type": "Feature", "properties": { "PKs": "293+200" }, "geometry": { "type": "Point", "coordinates": [ -100.414290894177, 27.110357357134401, 0.0 ] } },
{ "type": "Feature", "properties": { "PKs": "293+100" }, "geometry": { "type": "Point", "coordinates": [ -100.415204258155995, 27.109974390650201, 0.0 ] } },
{ "type": "Feature", "properties": { "PKs": "293+000" }, "geometry": { "type": "Point", "coordinates": [ -100.416117615689998, 27.1095914184455, 0.0 ] } },
{ "type": "Feature", "properties": { "PKs": "292+900" }, "geometry": { "type": "Point", "coordinates": [ -100.417030966778995, 27.1092084405206, 0.0 ] } },
{ "type": "Feature", "properties": { "PKs": "292+800" }, "geometry": { "type": "Point", "coordinates": [ -100.417944311423994, 27.108825456875898, 0.0 ] } },
{ "type": "Feature", "properties": { "PKs": "292+700" }, "geometry": { "type": "Point", "coordinates": [ -100.418857649624996, 27.108442467511601, 0.0 ] } },
{ "type": "Feature", "properties": { "PKs": "292+600" }, "geometry": { "type": "Point", "coordinates": [ -100.419770981381006, 27.1080594724279, 0.0 ] } },
{ "type": "Feature", "properties": { "PKs": "292+500" }, "geometry": { "type": "Point", "coordinates": [ -100.420684306691996, 27.1076764716253, 0.0 ] } },
{ "type": "Feature", "properties": { "PKs": "292+400" }, "geometry": { "type": "Point", "coordinates": [ -100.421597625557993, 27.107293465103901, 0.0 ] } },
{ "type": "Feature", "properties": { "PKs": "292+300" }, "geometry": { "type": "Point", "coordinates": [ -100.422510937979993, 27.106910452864199, 0.0 ] } },
{ "type": "Feature", "properties": { "PKs": "292+200" }, "geometry": { "type": "Point", "coordinates": [ -100.423424243956006, 27.106527434906301, 0.0 ] } },
{ "type": "Feature", "properties": { "PKs": "292+100" }, "geometry": { "type": "Point", "coordinates": [ -100.424337543486999, 27.106144411230598, 0.0 ] } },
{ "type": "Feature", "properties": { "PKs": "292+000" }, "geometry": { "type": "Point", "coordinates": [ -100.425250836572999, 27.1057613818374, 0.0 ] } },
{ "type": "Feature", "properties": { "PKs": "291+900" }, "geometry": { "type": "Point", "coordinates": [ -100.426164123213994, 27.105378346727001, 0.0 ] } },
{ "type": "Feature", "properties": { "PKs": "291+800" }, "geometry": { "type": "Point", "coordinates": [ -100.427077403409996, 27.1049953058996, 0.0 ] } },
{ "type": "Feature", "properties": { "PKs": "291+700" }, "geometry": { "type": "Point", "coordinates": [ -100.427990677159997, 27.104612259355701, 0.0 ] } },
{ "type": "Feature", "properties": { "PKs": "291+600" }, "geometry": { "type": "Point", "coordinates": [ -100.428903944463997, 27.104229207095301, 0.0 ] } },
{ "type": "Feature", "properties": { "PKs": "291+500" }, "geometry": { "type": "Point", "coordinates": [ -100.429817205323005, 27.103846149119001, 0.0 ] } },
{ "type": "Feature", "properties": { "PKs": "291+400" }, "geometry": { "type": "Point", "coordinates": [ -100.430730459735997, 27.103463085426899, 0.0 ] } },
{ "type": "Feature", "properties": { "PKs": "291+300" }, "geometry": { "type": "Point", "coordinates": [ -100.431643707703998, 27.103080016019302, 0.0 ] } },
{ "type": "Feature", "properties": { "PKs": "291+200" }, "geometry": { "type": "Point", "coordinates": [ -100.432556949225003, 27.1026969408966, 0.0 ] } },
{ "type": "Feature", "properties": { "PKs": "291+100" }, "geometry": { "type": "Point", "coordinates": [ -100.433470184301001, 27.102313860059098, 0.0 ] } },
{ "type": "Feature", "properties": { "PKs": "291+000" }, "geometry": { "type": "Point", "coordinates": [ -100.434383412930003, 27.101930773506901, 0.0 ] } },
{ "type": "Feature", "properties": { "PKs": "290+900" }, "geometry": { "type": "Point", "coordinates": [ -100.435296635113005, 27.1015476812406, 0.0 ] } },
{ "type": "Feature", "properties": { "PKs": "290+800" }, "geometry": { "type": "Point", "coordinates": [ -100.436209850850005, 27.1011645832602, 0.0 ] } },
{ "type": "Feature", "properties": { "PKs": "290+700" }, "geometry": { "type": "Point", "coordinates": [ -100.437123060139996, 27.100781479566201, 0.0 ] } },
{ "type": "Feature", "properties": { "PKs": "290+600" }, "geometry": { "type": "Point", "coordinates": [ -100.438036262984994, 27.1003983701588, 0.0 ] } },
{ "type": "Feature", "properties": { "PKs": "290+500" }, "geometry": { "type": "Point", "coordinates": [ -100.438949459382002, 27.100015255038301, 0.0 ] } },
{ "type": "Feature", "properties": { "PKs": "290+400" }, "geometry": { "type": "Point", "coordinates": [ -100.439862649332994, 27.099632134205098, 0.0 ] } },
{ "type": "Feature", "properties": { "PKs": "290+300" }, "geometry": { "type": "Point", "coordinates": [ -100.440775832837005, 27.099249007659399, 0.0 ] } },
{ "type": "Feature", "properties": { "PKs": "290+200" }, "geometry": { "type": "Point", "coordinates": [ -100.441689009895001, 27.098865875401401, 0.0 ] } },
{ "type": "Feature", "properties": { "PKs": "290+100" }, "geometry": { "type": "Point", "coordinates": [ -100.442602180505006, 27.098482737431599, 0.0 ] } },
{ "type": "Feature", "properties": { "PKs": "290+000" }, "geometry": { "type": "Point", "coordinates": [ -100.443515344668995, 27.098099593750199, 0.0 ] } },
{ "type": "Feature", "properties": { "PKs": "289+900" }, "geometry": { "type": "Point", "coordinates": [ -100.444428502384994, 27.097716444357498, 0.0 ] } },
{ "type": "Feature", "properties": { "PKs": "289+800" }, "geometry": { "type": "Point", "coordinates": [ -100.445341653653998, 27.0973332892538, 0.0 ] } },
{ "type": "Feature", "properties": { "PKs": "289+700" }, "geometry": { "type": "Point", "coordinates": [ -100.446254798476005, 27.0969501284393, 0.0 ] } },
{ "type": "Feature", "properties": { "PKs": "289+600" }, "geometry": { "type": "Point", "coordinates": [ -100.447167936851002, 27.096566961914501, 0.0 ] } },
{ "type": "Feature", "properties": { "PKs": "289+500" }, "geometry": { "type": "Point", "coordinates": [ -100.448081068777995, 27.0961837896795, 0.0 ] } },
{ "type": "Feature", "properties": { "PKs": "289+400" }, "geometry": { "type": "Point", "coordinates": [ -100.448994194258006, 27.095800611734798, 0.0 ] } },
{ "type": "Feature", "properties": { "PKs": "289+300" }, "geometry": { "type": "Point", "coordinates": [ -100.449907313289998, 27.095417428080498, 0.0 ] } },
{ "type": "Feature", "properties": { "PKs": "289+200" }, "geometry": { "type": "Point", "coordinates": [ -100.450820425873999, 27.095034238716899, 0.0 ] } },
{ "type": "Feature", "properties": { "PKs": "289+100" }, "geometry": { "type": "Point", "coordinates": [ -100.451733532009996, 27.0946510436445, 0.0 ] } },
{ "type": "Feature", "properties": { "PKs": "289+000" }, "geometry": { "type": "Point", "coordinates": [ -100.452646631698997, 27.094267842863399, 0.0 ] } },
{ "type": "Feature", "properties": { "PKs": "288+900" }, "geometry": { "type": "Point", "coordinates": [ -100.453559724940007, 27.0938846363739, 0.0 ] } },
{ "type": "Feature", "properties": { "PKs": "288+800" }, "geometry": { "type": "Point", "coordinates": [ -100.454472811732003, 27.093501424176399, 0.0 ] } },
{ "type": "Feature", "properties": { "PKs": "288+700" }, "geometry": { "type": "Point", "coordinates": [ -100.455385892077004, 27.0931182062712, 0.0 ] } },
{ "type": "Feature", "properties": { "PKs": "288+600" }, "geometry": { "type": "Point", "coordinates": [ -100.456298965973005, 27.092734982658499, 0.0 ] } },
{ "type": "Feature", "properties": { "PKs": "288+500" }, "geometry": { "type": "Point", "coordinates": [ -100.457212033421001, 27.092351753338701, 0.0 ] } },
{ "type": "Feature", "properties": { "PKs": "288+400" }, "geometry": { "type": "Point", "coordinates": [ -100.458125094419998, 27.091968518312001, 0.0 ] } },
{ "type": "Feature", "properties": { "PKs": "288+300" }, "geometry": { "type": "Point", "coordinates": [ -100.459038148971004, 27.091585277578801, 0.0 ] } },
{ "type": "Feature", "properties": { "PKs": "288+200" }, "geometry": { "type": "Point", "coordinates": [ -100.459951197072996, 27.0912020311393, 0.0 ] } },
{ "type": "Feature", "properties": { "PKs": "288+100" }, "geometry": { "type": "Point", "coordinates": [ -100.460864238726003, 27.0908187789938, 0.0 ] } },
{ "type": "Feature", "properties": { "PKs": "288+000" }, "geometry": { "type": "Point", "coordinates": [ -100.461777273931006, 27.090435521142599, 0.0 ] } },
{ "type": "Feature", "properties": { "PKs": "287+900" }, "geometry": { "type": "Point", "coordinates": [ -100.462690302686994, 27.090052257586098, 0.0 ] } },
{ "type": "Feature", "properties": { "PKs": "287+800" }, "geometry": { "type": "Point", "coordinates": [ -100.463603324993997, 27.089668988324501, 0.0 ] } },
{ "type": "Feature", "properties": { "PKs": "287+700" }, "geometry": { "type": "Point", "coordinates": [ -100.464516340852001, 27.089285713358102, 0.0 ] } },
{ "type": "Feature", "properties": { "PKs": "287+600" }, "geometry": { "type": "Point", "coordinates": [ -100.465429350259996, 27.088902432687199, 0.0 ] } },
{ "type": "Feature", "properties": { "PKs": "287+500" }, "geometry": { "type": "Point", "coordinates": [ -100.46634235322, 27.088519146312098, 0.0 ] } },
{ "type": "Feature", "properties": { "PKs": "287+400" }, "geometry": { "type": "Point", "coordinates": [ -100.467255349729996, 27.088135854233101, 0.0 ] } },
{ "type": "Feature", "properties": { "PKs": "287+300" }, "geometry": { "type": "Point", "coordinates": [ -100.468168339789997, 27.087752556450599, 0.0 ] } },
{ "type": "Feature", "properties": { "PKs": "287+200" }, "geometry": { "type": "Point", "coordinates": [ -100.469081323400999, 27.087369252964699, 0.0 ] } },
{ "type": "Feature", "properties": { "PKs": "287+100" }, "geometry": { "type": "Point", "coordinates": [ -100.469994300563002, 27.086985943775801, 0.0 ] } },
{ "type": "Feature", "properties": { "PKs": "287+000" }, "geometry": { "type": "Point", "coordinates": [ -100.470907271274996, 27.086602628884201, 0.0 ] } },
{ "type": "Feature", "properties": { "PKs": "286+900" }, "geometry": { "type": "Point", "coordinates": [ -100.471820363730998, 27.0862191838266, 0.0 ] } },
{ "type": "Feature", "properties": { "PKs": "286+800" }, "geometry": { "type": "Point", "coordinates": [ -100.472733324469004, 27.085827253368201, 0.0 ] } },
{ "type": "Feature", "properties": { "PKs": "286+700" }, "geometry": { "type": "Point", "coordinates": [ -100.473635675931007, 27.085407416309501, 0.0 ] } },
{ "type": "Feature", "properties": { "PKs": "286+600" }, "geometry": { "type": "Point", "coordinates": [ -100.474517218724003, 27.0849527744912, 0.0 ] } },
{ "type": "Feature", "properties": { "PKs": "286+500" }, "geometry": { "type": "Point", "coordinates": [ -100.475375759336998, 27.084464142134699, 0.0 ] } },
{ "type": "Feature", "properties": { "PKs": "286+400" }, "geometry": { "type": "Point", "coordinates": [ -100.476209663077995, 27.083942449827699, 0.0 ] } },
{ "type": "Feature", "properties": { "PKs": "286+300" }, "geometry": { "type": "Point", "coordinates": [ -100.477017342240003, 27.0833886911016, 0.0 ] } },
{ "type": "Feature", "properties": { "PKs": "286+200" }, "geometry": { "type": "Point", "coordinates": [ -100.477797128667007, 27.082804257412299, 0.0 ] } },
{ "type": "Feature", "properties": { "PKs": "286+100" }, "geometry": { "type": "Point", "coordinates": [ -100.478551687177998, 27.0821996231562, 0.0 ] } },
{ "type": "Feature", "properties": { "PKs": "286+000" }, "geometry": { "type": "Point", "coordinates": [ -100.47929683193, 27.0815911677103, 0.0 ] } },
{ "type": "Feature", "properties": { "PKs": "285+900" }, "geometry": { "type": "Point", "coordinates": [ -100.480041713209999, 27.080982777650899, 0.0 ] } },
{ "type": "Feature", "properties": { "PKs": "285+800" }, "geometry": { "type": "Point", "coordinates": [ -100.480786586407007, 27.080374383918102, 0.0 ] } },
{ "type": "Feature", "properties": { "PKs": "285+700" }, "geometry": { "type": "Point", "coordinates": [ -100.481531451520993, 27.079765986512001, 0.0 ] } },
{ "type": "Feature", "properties": { "PKs": "285+600" }, "geometry": { "type": "Point", "coordinates": [ -100.482276308552002, 27.079157585433101, 0.0 ] } },
{ "type": "Feature", "properties": { "PKs": "285+500" }, "geometry": { "type": "Point", "coordinates": [ -100.483021157501, 27.078549180681598, 0.0 ] } },
{ "type": "Feature", "properties": { "PKs": "285+400" }, "geometry": { "type": "Point", "coordinates": [ -100.483765998368995, 27.077940772257801, 0.0 ] } },
{ "type": "Feature", "properties": { "PKs": "285+300" }, "geometry": { "type": "Point", "coordinates": [ -100.484510831153997, 27.077332360162099, 0.0 ] } },
{ "type": "Feature", "properties": { "PKs": "285+200" }, "geometry": { "type": "Point", "coordinates": [ -100.485255655857003, 27.0767239443948, 0.0 ] } },
{ "type": "Feature", "properties": { "PKs": "285+100" }, "geometry": { "type": "Point", "coordinates": [ -100.486000472480001, 27.076115524956101, 0.0 ] } },
{ "type": "Feature", "properties": { "PKs": "285+000" }, "geometry": { "type": "Point", "coordinates": [ -100.486745281021001, 27.075507101846402, 0.0 ] } },
{ "type": "Feature", "properties": { "PKs": "284+900" }, "geometry": { "type": "Point", "coordinates": [ -100.487490081480999, 27.074898675065999, 0.0 ] } },
{ "type": "Feature", "properties": { "PKs": "284+800" }, "geometry": { "type": "Point", "coordinates": [ -100.488234873859994, 27.074290244615199, 0.0 ] } },
{ "type": "Feature", "properties": { "PKs": "284+700" }, "geometry": { "type": "Point", "coordinates": [ -100.488979658158996, 27.0736818104943, 0.0 ] } },
{ "type": "Feature", "properties": { "PKs": "284+600" }, "geometry": { "type": "Point", "coordinates": [ -100.489724434378005, 27.0730733727037, 0.0 ] } },
{ "type": "Feature", "properties": { "PKs": "284+500" }, "geometry": { "type": "Point", "coordinates": [ -100.490469202517005, 27.072464931243601, 0.0 ] } },
{ "type": "Feature", "properties": { "PKs": "284+400" }, "geometry": { "type": "Point", "coordinates": [ -100.491214077486006, 27.071856191021201, 0.0 ] } },
{ "type": "Feature", "properties": { "PKs": "284+300" }, "geometry": { "type": "Point", "coordinates": [ -100.491955123663999, 27.071238111954202, 0.0 ] } },
{ "type": "Feature", "properties": { "PKs": "284+200" }, "geometry": { "type": "Point", "coordinates": [ -100.492675304231994, 27.070595295690001, 0.0 ] } },
{ "type": "Feature", "properties": { "PKs": "284+100" }, "geometry": { "type": "Point", "coordinates": [ -100.493363760803007, 27.0699248755061, 0.0 ] } },
{ "type": "Feature", "properties": { "PKs": "284+000" }, "geometry": { "type": "Point", "coordinates": [ -100.494018887517001, 27.0692282074207, 0.0 ] } },
{ "type": "Feature", "properties": { "PKs": "283+900" }, "geometry": { "type": "Point", "coordinates": [ -100.494639437532996, 27.068506618040999, 0.0 ] } },
{ "type": "Feature", "properties": { "PKs": "283+800" }, "geometry": { "type": "Point", "coordinates": [ -100.495224229925, 27.0677614814003, 0.0 ] } },
{ "type": "Feature", "properties": { "PKs": "283+700" }, "geometry": { "type": "Point", "coordinates": [ -100.495772151915006, 27.0669942163399, 0.0 ] } },
{ "type": "Feature", "properties": { "PKs": "283+600" }, "geometry": { "type": "Point", "coordinates": [ -100.496283131639004, 27.066208448276399, 0.0 ] } },
{ "type": "Feature", "properties": { "PKs": "283+500" }, "geometry": { "type": "Point", "coordinates": [ -100.496771016476004, 27.065416382553501, 0.0 ] } },
{ "type": "Feature", "properties": { "PKs": "283+400" }, "geometry": { "type": "Point", "coordinates": [ -100.497255202280996, 27.064624673676899, 0.0 ] } },
{ "type": "Feature", "properties": { "PKs": "283+300" }, "geometry": { "type": "Point", "coordinates": [ -100.497739381480002, 27.0638329633253, 0.0 ] } },
{ "type": "Feature", "properties": { "PKs": "283+200" }, "geometry": { "type": "Point", "coordinates": [ -100.498223554074997, 27.063041251499101, 0.0 ] } },
{ "type": "Feature", "properties": { "PKs": "283+100" }, "geometry": { "type": "Point", "coordinates": [ -100.498707720064999, 27.062249538198301, 0.0 ] } },
{ "type": "Feature", "properties": { "PKs": "283+000" }, "geometry": { "type": "Point", "coordinates": [ -100.499191879451004, 27.061457823423201, 0.0 ] } },
{ "type": "Feature", "properties": { "PKs": "282+900" }, "geometry": { "type": "Point", "coordinates": [ -100.499676032234007, 27.060666107173901, 0.0 ] } },
{ "type": "Feature", "properties": { "PKs": "282+800" }, "geometry": { "type": "Point", "coordinates": [ -100.500160178412997, 27.059874389450599, 0.0 ] } },
{ "type": "Feature", "properties": { "PKs": "282+700" }, "geometry": { "type": "Point", "coordinates": [ -100.500644317989, 27.0590826702534, 0.0 ] } },
{ "type": "Feature", "properties": { "PKs": "282+600" }, "geometry": { "type": "Point", "coordinates": [ -100.501128450962995, 27.058290949582499, 0.0 ] } },
{ "type": "Feature", "properties": { "PKs": "282+500" }, "geometry": { "type": "Point", "coordinates": [ -100.501612577334996, 27.0574992274382, 0.0 ] } },
{ "type": "Feature", "properties": { "PKs": "282+400" }, "geometry": { "type": "Point", "coordinates": [ -100.502096697105003, 27.056707503820501, 0.0 ] } },
{ "type": "Feature", "properties": { "PKs": "282+300" }, "geometry": { "type": "Point", "coordinates": [ -100.502580810273997, 27.055915778729702, 0.0 ] } },
{ "type": "Feature", "properties": { "PKs": "282+200" }, "geometry": { "type": "Point", "coordinates": [ -100.503064916840998, 27.055124052165901, 0.0 ] } },
{ "type": "Feature", "properties": { "PKs": "282+100" }, "geometry": { "type": "Point", "coordinates": [ -100.503549016807995, 27.054332324129199, 0.0 ] } },
{ "type": "Feature", "properties": { "PKs": "282+000" }, "geometry": { "type": "Point", "coordinates": [ -100.504033110175001, 27.053540594619999, 0.0 ] } },
{ "type": "Feature", "properties": { "PKs": "281+900" }, "geometry": { "type": "Point", "coordinates": [ -100.504517196942004, 27.0527488636382, 0.0 ] } },
{ "type": "Feature", "properties": { "PKs": "281+800" }, "geometry": { "type": "Point", "coordinates": [ -100.505001277109997, 27.051957131184199, 0.0 ] } },
{ "type": "Feature", "properties": { "PKs": "281+700" }, "geometry": { "type": "Point", "coordinates": [ -100.505485350678001, 27.051165397258099, 0.0 ] } },
{ "type": "Feature", "properties": { "PKs": "281+600" }, "geometry": { "type": "Point", "coordinates": [ -100.505969417646995, 27.05037366186, 0.0 ] } },
{ "type": "Feature", "properties": { "PKs": "281+500" }, "geometry": { "type": "Point", "coordinates": [ -100.506453478018997, 27.0495819249901, 0.0 ] } },
{ "type": "Feature", "properties": { "PKs": "281+400" }, "geometry": { "type": "Point", "coordinates": [ -100.506937531792005, 27.048790186648699, 0.0 ] } },
{ "type": "Feature", "properties": { "PKs": "281+300" }, "geometry": { "type": "Point", "coordinates": [ -100.507421578966998, 27.047998446835699, 0.0 ] } },
{ "type": "Feature", "properties": { "PKs": "281+200" }, "geometry": { "type": "Point", "coordinates": [ -100.507905619545994, 27.047206705551599, 0.0 ] } },
{ "type": "Feature", "properties": { "PKs": "281+100" }, "geometry": { "type": "Point", "coordinates": [ -100.508389653527004, 27.046414962796302, 0.0 ] } },
{ "type": "Feature", "properties": { "PKs": "281+000" }, "geometry": { "type": "Point", "coordinates": [ -100.508873680912004, 27.045623218570199, 0.0 ] } },
{ "type": "Feature", "properties": { "PKs": "280+900" }, "geometry": { "type": "Point", "coordinates": [ -100.509357701701006, 27.044831472873199, 0.0 ] } },
{ "type": "Feature", "properties": { "PKs": "280+800" }, "geometry": { "type": "Point", "coordinates": [ -100.509841715893998, 27.044039725705801, 0.0 ] } },
{ "type": "Feature", "properties": { "PKs": "280+700" }, "geometry": { "type": "Point", "coordinates": [ -100.510325723492002, 27.0432479770679, 0.0 ] } },
{ "type": "Feature", "properties": { "PKs": "280+600" }, "geometry": { "type": "Point", "coordinates": [ -100.510809724495005, 27.0424562269598, 0.0 ] } },
{ "type": "Feature", "properties": { "PKs": "280+500" }, "geometry": { "type": "Point", "coordinates": [ -100.511293718903005, 27.041664475381602, 0.0 ] } },
{ "type": "Feature", "properties": { "PKs": "280+400" }, "geometry": { "type": "Point", "coordinates": [ -100.511777706716998, 27.040872722333599, 0.0 ] } },
{ "type": "Feature", "properties": { "PKs": "280+300" }, "geometry": { "type": "Point", "coordinates": [ -100.512261687936999, 27.040080967815801, 0.0 ] } },
{ "type": "Feature", "properties": { "PKs": "280+200" }, "geometry": { "type": "Point", "coordinates": [ -100.512745662564001, 27.0392892118285, 0.0 ] } },
{ "type": "Feature", "properties": { "PKs": "280+100" }, "geometry": { "type": "Point", "coordinates": [ -100.513229630596996, 27.0384974543719, 0.0 ] } },
{ "type": "Feature", "properties": { "PKs": "280+000" }, "geometry": { "type": "Point", "coordinates": [ -100.513713592038002, 27.037705695446, 0.0 ] } },
{ "type": "Feature", "properties": { "PKs": "279+900" }, "geometry": { "type": "Point", "coordinates": [ -100.514197546887004, 27.0369139350511, 0.0 ] } },
{ "type": "Feature", "properties": { "PKs": "279+800" }, "geometry": { "type": "Point", "coordinates": [ -100.514681495142995, 27.036122173187401, 0.0 ] } },
{ "type": "Feature", "properties": { "PKs": "279+700" }, "geometry": { "type": "Point", "coordinates": [ -100.515165436808005, 27.035330409855, 0.0 ] } },
{ "type": "Feature", "properties": { "PKs": "279+600" }, "geometry": { "type": "Point", "coordinates": [ -100.515649371882006, 27.034538645054099, 0.0 ] } },
{ "type": "Feature", "properties": { "PKs": "279+500" }, "geometry": { "type": "Point", "coordinates": [ -100.516133300364999, 27.0337468787849, 0.0 ] } },
{ "type": "Feature", "properties": { "PKs": "279+400" }, "geometry": { "type": "Point", "coordinates": [ -100.516617222256997, 27.032955111047499, 0.0 ] } },
{ "type": "Feature", "properties": { "PKs": "279+300" }, "geometry": { "type": "Point", "coordinates": [ -100.517101137560005, 27.0321633418421, 0.0 ] } },
{ "type": "Feature", "properties": { "PKs": "279+200" }, "geometry": { "type": "Point", "coordinates": [ -100.517585046272004, 27.031371571168901, 0.0 ] } },
{ "type": "Feature", "properties": { "PKs": "279+100" }, "geometry": { "type": "Point", "coordinates": [ -100.518068948394998, 27.0305797990281, 0.0 ] } },
{ "type": "Feature", "properties": { "PKs": "279+000" }, "geometry": { "type": "Point", "coordinates": [ -100.518550862392999, 27.0297839103822, 0.0 ] } },
{ "type": "Feature", "properties": { "PKs": "278+900" }, "geometry": { "type": "Point", "coordinates": [ -100.519002842066001, 27.0289647705034, 0.0 ] } },
{ "type": "Feature", "properties": { "PKs": "278+800" }, "geometry": { "type": "Point", "coordinates": [ -100.519390960091997, 27.028117335212102, 0.0 ] } },
{ "type": "Feature", "properties": { "PKs": "278+700" }, "geometry": { "type": "Point", "coordinates": [ -100.519709292661005, 27.0272468848556, 0.0 ] } },
{ "type": "Feature", "properties": { "PKs": "278+600" }, "geometry": { "type": "Point", "coordinates": [ -100.519956158518994, 27.0263580211899, 0.0 ] } },
{ "type": "Feature", "properties": { "PKs": "278+500" }, "geometry": { "type": "Point", "coordinates": [ -100.520130254327995, 27.025455443203001, 0.0 ] } },
{ "type": "Feature", "properties": { "PKs": "278+400" }, "geometry": { "type": "Point", "coordinates": [ -100.520230661517999, 27.024543922268801, 0.0 ] } },
{ "type": "Feature", "properties": { "PKs": "278+300" }, "geometry": { "type": "Point", "coordinates": [ -100.520256851108996, 27.023628276920402, 0.0 ] } },
{ "type": "Feature", "properties": { "PKs": "278+200" }, "geometry": { "type": "Point", "coordinates": [ -100.520213723584007, 27.022716234242299, 0.0 ] } },
{ "type": "Feature", "properties": { "PKs": "278+100" }, "geometry": { "type": "Point", "coordinates": [ -100.520138285426, 27.021814179777699, 0.0 ] } },
{ "type": "Feature", "properties": { "PKs": "278+000" }, "geometry": { "type": "Point", "coordinates": [ -100.520060645181999, 27.020914258853999, 0.0 ] } },
{ "type": "Feature", "properties": { "PKs": "277+900" }, "geometry": { "type": "Point", "coordinates": [ -100.519983006546994, 27.020014337724898, 0.0 ] } },
{ "type": "Feature", "properties": { "PKs": "277+800" }, "geometry": { "type": "Point", "coordinates": [ -100.519905369520998, 27.019114416390298, 0.0 ] } },
{ "type": "Feature", "properties": { "PKs": "277+700" }, "geometry": { "type": "Point", "coordinates": [ -100.519827734103004, 27.018214494850302, 0.0 ] } },
{ "type": "Feature", "properties": { "PKs": "277+600" }, "geometry": { "type": "Point", "coordinates": [ -100.519750100294004, 27.017314573104802, 0.0 ] } },
{ "type": "Feature", "properties": { "PKs": "277+500" }, "geometry": { "type": "Point", "coordinates": [ -100.519672468093006, 27.016414651154001, 0.0 ] } },
{ "type": "Feature", "properties": { "PKs": "277+400" }, "geometry": { "type": "Point", "coordinates": [ -100.519594837499994, 27.0155147289978, 0.0 ] } },
{ "type": "Feature", "properties": { "PKs": "277+300" }, "geometry": { "type": "Point", "coordinates": [ -100.519517208516007, 27.0146148066362, 0.0 ] } },
{ "type": "Feature", "properties": { "PKs": "277+200" }, "geometry": { "type": "Point", "coordinates": [ -100.519439581138997, 27.013714884069199, 0.0 ] } },
{ "type": "Feature", "properties": { "PKs": "277+100" }, "geometry": { "type": "Point", "coordinates": [ -100.519361955370002, 27.012814961296801, 0.0 ] } },
{ "type": "Feature", "properties": { "PKs": "277+000" }, "geometry": { "type": "Point", "coordinates": [ -100.519284331210002, 27.011915038319099, 0.0 ] } },
{ "type": "Feature", "properties": { "PKs": "276+900" }, "geometry": { "type": "Point", "coordinates": [ -100.519206708656995, 27.011015115136001, 0.0 ] } },
{ "type": "Feature", "properties": { "PKs": "276+800" }, "geometry": { "type": "Point", "coordinates": [ -100.519129087710994, 27.010115191747499, 0.0 ] } },
{ "type": "Feature", "properties": { "PKs": "276+700" }, "geometry": { "type": "Point", "coordinates": [ -100.519051468374002, 27.009215268153699, 0.0 ] } },
{ "type": "Feature", "properties": { "PKs": "276+600" }, "geometry": { "type": "Point", "coordinates": [ -100.518973850642993, 27.0083153443546, 0.0 ] } },
{ "type": "Feature", "properties": { "PKs": "276+500" }, "geometry": { "type": "Point", "coordinates": [ -100.518896234520994, 27.0074154203501, 0.0 ] } },
{ "type": "Feature", "properties": { "PKs": "276+400" }, "geometry": { "type": "Point", "coordinates": [ -100.518818620005007, 27.006515496140398, 0.0 ] } },
{ "type": "Feature", "properties": { "PKs": "276+300" }, "geometry": { "type": "Point", "coordinates": [ -100.518741007097006, 27.005615571725301, 0.0 ] } },
{ "type": "Feature", "properties": { "PKs": "276+200" }, "geometry": { "type": "Point", "coordinates": [ -100.518663395795002, 27.004715647104899, 0.0 ] } },
{ "type": "Feature", "properties": { "PKs": "276+100" }, "geometry": { "type": "Point", "coordinates": [ -100.518585786100999, 27.003815722279199, 0.0 ] } },
{ "type": "Feature", "properties": { "PKs": "275+900" }, "geometry": { "type": "Point", "coordinates": [ -100.518763063677994, 27.0019928651786, 0.0 ] } },
{ "type": "Feature", "properties": { "PKs": "275+800" }, "geometry": { "type": "Point", "coordinates": [ -100.518685456190994, 27.001092940027299, 0.0 ] } },
{ "type": "Feature", "properties": { "PKs": "275+700" }, "geometry": { "type": "Point", "coordinates": [ -100.518607850311, 27.000193014670799, 0.0 ] } },
{ "type": "Feature", "properties": { "PKs": "275+600" }, "geometry": { "type": "Point", "coordinates": [ -100.518530246037002, 26.9992930891089, 0.0 ] } },
{ "type": "Feature", "properties": { "PKs": "275+500" }, "geometry": { "type": "Point", "coordinates": [ -100.518452643369997, 26.998393163341799, 0.0 ] } },
{ "type": "Feature", "properties": { "PKs": "275+400" }, "geometry": { "type": "Point", "coordinates": [ -100.518375042309003, 26.997493237369401, 0.0 ] } },
{ "type": "Feature", "properties": { "PKs": "275+300" }, "geometry": { "type": "Point", "coordinates": [ -100.518297442855001, 26.996593311191798, 0.0 ] } },
{ "type": "Feature", "properties": { "PKs": "275+200" }, "geometry": { "type": "Point", "coordinates": [ -100.518219845006996, 26.995693384808899, 0.0 ] } },
{ "type": "Feature", "properties": { "PKs": "275+100" }, "geometry": { "type": "Point", "coordinates": [ -100.518142248765997, 26.994793458220801, 0.0 ] } },
{ "type": "Feature", "properties": { "PKs": "274+900" }, "geometry": { "type": "Point", "coordinates": [ -100.517987061100996, 26.9929936044289, 0.0 ] } },
{ "type": "Feature", "properties": { "PKs": "274+800" }, "geometry": { "type": "Point", "coordinates": [ -100.517909469676994, 26.9920936772251, 0.0 ] } },
{ "type": "Feature", "properties": { "PKs": "274+700" }, "geometry": { "type": "Point", "coordinates": [ -100.517831879859997, 26.991193749816201, 0.0 ] } },
{ "type": "Feature", "properties": { "PKs": "274+600" }, "geometry": { "type": "Point", "coordinates": [ -100.517754291648004, 26.990293822201998, 0.0 ] } },
{ "type": "Feature", "properties": { "PKs": "274+500" }, "geometry": { "type": "Point", "coordinates": [ -100.517676705042007, 26.989393894382602, 0.0 ] } },
{ "type": "Feature", "properties": { "PKs": "274+400" }, "geometry": { "type": "Point", "coordinates": [ -100.517599120040998, 26.988493966358099, 0.0 ] } },
{ "type": "Feature", "properties": { "PKs": "274+300" }, "geometry": { "type": "Point", "coordinates": [ -100.517521536646001, 26.9875940381284, 0.0 ] } },
{ "type": "Feature", "properties": { "PKs": "274+200" }, "geometry": { "type": "Point", "coordinates": [ -100.517443954856006, 26.986694109693499, 0.0 ] } },
{ "type": "Feature", "properties": { "PKs": "274+100" }, "geometry": { "type": "Point", "coordinates": [ -100.517366374671994, 26.9857941810535, 0.0 ] } },
{ "type": "Feature", "properties": { "PKs": "273+900" }, "geometry": { "type": "Point", "coordinates": [ -100.517211219119005, 26.983994323158001, 0.0 ] } },
{ "type": "Feature", "properties": { "PKs": "273+800" }, "geometry": { "type": "Point", "coordinates": [ -100.51713364375, 26.983094393902501, 0.0 ] } },
{ "type": "Feature", "properties": { "PKs": "273+700" }, "geometry": { "type": "Point", "coordinates": [ -100.517056069985998, 26.9821944644419, 0.0 ] } },
{ "type": "Feature", "properties": { "PKs": "273+600" }, "geometry": { "type": "Point", "coordinates": [ -100.516978497826997, 26.9812945347762, 0.0 ] } },
{ "type": "Feature", "properties": { "PKs": "273+500" }, "geometry": { "type": "Point", "coordinates": [ -100.516900226115993, 26.9803929899855, 0.0 ] } },
{ "type": "Feature", "properties": { "PKs": "273+400" }, "geometry": { "type": "Point", "coordinates": [ -100.516811596923006, 26.979493117248701, 0.0 ] } },
{ "type": "Feature", "properties": { "PKs": "273+300" }, "geometry": { "type": "Point", "coordinates": [ -100.516671183824002, 26.9785646425556, 0.0 ] } },
{ "type": "Feature", "properties": { "PKs": "273+200" }, "geometry": { "type": "Point", "coordinates": [ -100.516494317406995, 26.9776579397228, 0.0 ] } },
{ "type": "Feature", "properties": { "PKs": "273+100" }, "geometry": { "type": "Point", "coordinates": [ -100.516292031860004, 26.976749858711699, 0.0 ] } },
{ "type": "Feature", "properties": { "PKs": "272+900" }, "geometry": { "type": "Point", "coordinates": [ -100.515914472196002, 26.975010532092099, 0.0 ] } },
{ "type": "Feature", "properties": { "PKs": "272+800" }, "geometry": { "type": "Point", "coordinates": [ -100.515769817313995, 26.974138706482901, 0.0 ] } },
{ "type": "Feature", "properties": { "PKs": "272+700" }, "geometry": { "type": "Point", "coordinates": [ -100.514588714379002, 26.973340135699502, 0.0 ] } },
{ "type": "Feature", "properties": { "PKs": "272+600" }, "geometry": { "type": "Point", "coordinates": [ -100.515603356607002, 26.972375615734901, 0.0 ] } },
{ "type": "Feature", "properties": { "PKs": "272+500" }, "geometry": { "type": "Point", "coordinates": [ -100.515553466108997, 26.9714759429929, 0.0 ] } },
{ "type": "Feature", "properties": { "PKs": "272+400" }, "geometry": { "type": "Point", "coordinates": [ -100.515504116442003, 26.970574415660501, 0.0 ] } },
{ "type": "Feature", "properties": { "PKs": "272+300" }, "geometry": { "type": "Point", "coordinates": [ -100.515454767932994, 26.969672888166802, 0.0 ] } },
{ "type": "Feature", "properties": { "PKs": "272+200" }, "geometry": { "type": "Point", "coordinates": [ -100.515407845671007, 26.968775433534901, 0.0 ] } },
{ "type": "Feature", "properties": { "PKs": "272+100" }, "geometry": { "type": "Point", "coordinates": [ -100.514630767387004, 26.967890315158701, 0.0 ] } },
{ "type": "Feature", "properties": { "PKs": "271+900" }, "geometry": { "type": "Point", "coordinates": [ -100.515102699449997, 26.966095555752499, 0.0 ] } },
{ "type": "Feature", "properties": { "PKs": "271+800" }, "geometry": { "type": "Point", "coordinates": [ -100.515141896515999, 26.965193373337499, 0.0 ] } },
{ "type": "Feature", "properties": { "PKs": "271+700" }, "geometry": { "type": "Point", "coordinates": [ -100.51517061106, 26.964286779762599, 0.0 ] } },
{ "type": "Feature", "properties": { "PKs": "271+600" }, "geometry": { "type": "Point", "coordinates": [ -100.515496654504005, 26.963367619134001, 0.0 ] } },
{ "type": "Feature", "properties": { "PKs": "271+500" }, "geometry": { "type": "Point", "coordinates": [ -100.515446438335005, 26.962448526836901, 0.0 ] } },
{ "type": "Feature", "properties": { "PKs": "271+400" }, "geometry": { "type": "Point", "coordinates": [ -100.515373691606996, 26.961543829289099, 0.0 ] } },
{ "type": "Feature", "properties": { "PKs": "271+300" }, "geometry": { "type": "Point", "coordinates": [ -100.515298863721995, 26.960643710934001, 0.0 ] } },
{ "type": "Feature", "properties": { "PKs": "271+200" }, "geometry": { "type": "Point", "coordinates": [ -100.515224037397005, 26.959743592378601, 0.0 ] } },
{ "type": "Feature", "properties": { "PKs": "271+100" }, "geometry": { "type": "Point", "coordinates": [ -100.515149212633006, 26.958843473622899, 0.0 ] } },
{ "type": "Feature", "properties": { "PKs": "270+900" }, "geometry": { "type": "Point", "coordinates": [ -100.514667138095007, 26.957065424958, 0.0 ] } },
{ "type": "Feature", "properties": { "PKs": "270+800" }, "geometry": { "type": "Point", "coordinates": [ -100.514592320621006, 26.956165305318201, 0.0 ] } },
{ "type": "Feature", "properties": { "PKs": "270+700" }, "geometry": { "type": "Point", "coordinates": [ -100.514517504706006, 26.955265185478101, 0.0 ] } },
{ "type": "Feature", "properties": { "PKs": "270+600" }, "geometry": { "type": "Point", "coordinates": [ -100.514442690349995, 26.954365065437798, 0.0 ] } },
{ "type": "Feature", "properties": { "PKs": "270+500" }, "geometry": { "type": "Point", "coordinates": [ -100.514367877555003, 26.9534649451974, 0.0 ] } },
{ "type": "Feature", "properties": { "PKs": "270+400" }, "geometry": { "type": "Point", "coordinates": [ -100.514293066318004, 26.952564824756699, 0.0 ] } },
{ "type": "Feature", "properties": { "PKs": "270+300" }, "geometry": { "type": "Point", "coordinates": [ -100.514218256641001, 26.9516647041158, 0.0 ] } },
{ "type": "Feature", "properties": { "PKs": "270+200" }, "geometry": { "type": "Point", "coordinates": [ -100.514143448522006, 26.9507645832748, 0.0 ] } },
{ "type": "Feature", "properties": { "PKs": "270+100" }, "geometry": { "type": "Point", "coordinates": [ -100.514068641962993, 26.949864462233599, 0.0 ] } },
{ "type": "Feature", "properties": { "PKs": "270+000" }, "geometry": { "type": "Point", "coordinates": [ -100.513993836962996, 26.948964340992202, 0.0 ] } },
{ "type": "Feature", "properties": { "PKs": "269+900" }, "geometry": { "type": "Point", "coordinates": [ -100.513919033522001, 26.948064219550599, 0.0 ] } },
{ "type": "Feature", "properties": { "PKs": "269+800" }, "geometry": { "type": "Point", "coordinates": [ -100.513844231638998, 26.9471640979089, 0.0 ] } },
{ "type": "Feature", "properties": { "PKs": "269+700" }, "geometry": { "type": "Point", "coordinates": [ -100.513769431316007, 26.946263976067101, 0.0 ] } },
{ "type": "Feature", "properties": { "PKs": "269+600" }, "geometry": { "type": "Point", "coordinates": [ -100.513694632549999, 26.9453638540251, 0.0 ] } },
{ "type": "Feature", "properties": { "PKs": "269+500" }, "geometry": { "type": "Point", "coordinates": [ -100.513619835344002, 26.9444637317829, 0.0 ] } },
{ "type": "Feature", "properties": { "PKs": "269+400" }, "geometry": { "type": "Point", "coordinates": [ -100.513545039695998, 26.9435636093407, 0.0 ] } },
{ "type": "Feature", "properties": { "PKs": "269+300" }, "geometry": { "type": "Point", "coordinates": [ -100.513470245606001, 26.942663486698301, 0.0 ] } },
{ "type": "Feature", "properties": { "PKs": "269+200" }, "geometry": { "type": "Point", "coordinates": [ -100.513395453073997, 26.941763363855799, 0.0 ] } },
{ "type": "Feature", "properties": { "PKs": "269+100" }, "geometry": { "type": "Point", "coordinates": [ -100.513320662100995, 26.9408632408133, 0.0 ] } },
{ "type": "Feature", "properties": { "PKs": "269+000" }, "geometry": { "type": "Point", "coordinates": [ -100.513245872685005, 26.939963117570599, 0.0 ] } },
{ "type": "Feature", "properties": { "PKs": "268+900" }, "geometry": { "type": "Point", "coordinates": [ -100.513171084828002, 26.939062994127799, 0.0 ] } },
{ "type": "Feature", "properties": { "PKs": "268+800" }, "geometry": { "type": "Point", "coordinates": [ -100.513096298527998, 26.938162870485002, 0.0 ] } },
{ "type": "Feature", "properties": { "PKs": "268+700" }, "geometry": { "type": "Point", "coordinates": [ -100.513021513786995, 26.937262746641998, 0.0 ] } },
{ "type": "Feature", "properties": { "PKs": "268+600" }, "geometry": { "type": "Point", "coordinates": [ -100.512946730603005, 26.936362622599098, 0.0 ] } },
{ "type": "Feature", "properties": { "PKs": "268+500" }, "geometry": { "type": "Point", "coordinates": [ -100.512871948976994, 26.935462498355999, 0.0 ] } },
{ "type": "Feature", "properties": { "PKs": "268+400" }, "geometry": { "type": "Point", "coordinates": [ -100.512797168907994, 26.9345623739129, 0.0 ] } },
{ "type": "Feature", "properties": { "PKs": "268+300" }, "geometry": { "type": "Point", "coordinates": [ -100.512722390397002, 26.933662249269801, 0.0 ] } },
{ "type": "Feature", "properties": { "PKs": "268+200" }, "geometry": { "type": "Point", "coordinates": [ -100.512647613442994, 26.932762124426599, 0.0 ] } },
{ "type": "Feature", "properties": { "PKs": "268+100" }, "geometry": { "type": "Point", "coordinates": [ -100.512572838045998, 26.931861999383401, 0.0 ] } },
{ "type": "Feature", "properties": { "PKs": "268+000" }, "geometry": { "type": "Point", "coordinates": [ -100.512498064206994, 26.930961874140099, 0.0 ] } },
{ "type": "Feature", "properties": { "PKs": "267+900" }, "geometry": { "type": "Point", "coordinates": [ -100.512423291923994, 26.9300617486969, 0.0 ] } },
{ "type": "Feature", "properties": { "PKs": "267+800" }, "geometry": { "type": "Point", "coordinates": [ -100.512348521199002, 26.929161623053599, 0.0 ] } },
{ "type": "Feature", "properties": { "PKs": "267+700" }, "geometry": { "type": "Point", "coordinates": [ -100.512273752031007, 26.9282614972104, 0.0 ] } },
{ "type": "Feature", "properties": { "PKs": "267+600" }, "geometry": { "type": "Point", "coordinates": [ -100.512198984419001, 26.927361371167098, 0.0 ] } },
{ "type": "Feature", "properties": { "PKs": "267+500" }, "geometry": { "type": "Point", "coordinates": [ -100.512124218363994, 26.9264612449239, 0.0 ] } },
{ "type": "Feature", "properties": { "PKs": "267+400" }, "geometry": { "type": "Point", "coordinates": [ -100.512049453865998, 26.925561118480701, 0.0 ] } },
{ "type": "Feature", "properties": { "PKs": "267+300" }, "geometry": { "type": "Point", "coordinates": [ -100.511974690925001, 26.924660991837499, 0.0 ] } },
{ "type": "Feature", "properties": { "PKs": "267+200" }, "geometry": { "type": "Point", "coordinates": [ -100.511899929539993, 26.9237608649943, 0.0 ] } },
{ "type": "Feature", "properties": { "PKs": "267+100" }, "geometry": { "type": "Point", "coordinates": [ -100.511825169711003, 26.922860737951201, 0.0 ] } },
{ "type": "Feature", "properties": { "PKs": "267+000" }, "geometry": { "type": "Point", "coordinates": [ -100.511750411438996, 26.921960610708201, 0.0 ] } },
{ "type": "Feature", "properties": { "PKs": "266+900" }, "geometry": { "type": "Point", "coordinates": [ -100.511675654721998, 26.921060483265201, 0.0 ] } },
{ "type": "Feature", "properties": { "PKs": "266+800" }, "geometry": { "type": "Point", "coordinates": [ -100.511600899561998, 26.920160355622301, 0.0 ] } },
{ "type": "Feature", "properties": { "PKs": "266+700" }, "geometry": { "type": "Point", "coordinates": [ -100.511526145958001, 26.9192602277794, 0.0 ] } },
{ "type": "Feature", "properties": { "PKs": "266+600" }, "geometry": { "type": "Point", "coordinates": [ -100.511451393909994, 26.918360099736599, 0.0 ] } },
{ "type": "Feature", "properties": { "PKs": "266+500" }, "geometry": { "type": "Point", "coordinates": [ -100.511376643418004, 26.917459971494001, 0.0 ] } },
{ "type": "Feature", "properties": { "PKs": "266+400" }, "geometry": { "type": "Point", "coordinates": [ -100.511301894482003, 26.916559843051399, 0.0 ] } },
{ "type": "Feature", "properties": { "PKs": "266+300" }, "geometry": { "type": "Point", "coordinates": [ -100.511227147100996, 26.9156597144089, 0.0 ] } },
{ "type": "Feature", "properties": { "PKs": "266+200" }, "geometry": { "type": "Point", "coordinates": [ -100.511152401275993, 26.9147595855665, 0.0 ] } },
{ "type": "Feature", "properties": { "PKs": "266+100" }, "geometry": { "type": "Point", "coordinates": [ -100.511077657005998, 26.9138594565242, 0.0 ] } },
{ "type": "Feature", "properties": { "PKs": "266+000" }, "geometry": { "type": "Point", "coordinates": [ -100.511002914292007, 26.912959327282099, 0.0 ] } },
{ "type": "Feature", "properties": { "PKs": "265+900" }, "geometry": { "type": "Point", "coordinates": [ -100.510928173132996, 26.912059197840101, 0.0 ] } },
{ "type": "Feature", "properties": { "PKs": "265+800" }, "geometry": { "type": "Point", "coordinates": [ -100.510853433528993, 26.911159068198199, 0.0 ] } },
{ "type": "Feature", "properties": { "PKs": "265+700" }, "geometry": { "type": "Point", "coordinates": [ -100.510778695480994, 26.910258938356499, 0.0 ] } },
{ "type": "Feature", "properties": { "PKs": "265+600" }, "geometry": { "type": "Point", "coordinates": [ -100.510703958986994, 26.909358808314899, 0.0 ] } },
{ "type": "Feature", "properties": { "PKs": "265+500" }, "geometry": { "type": "Point", "coordinates": [ -100.510629224048998, 26.908458678073501, 0.0 ] } },
{ "type": "Feature", "properties": { "PKs": "265+400" }, "geometry": { "type": "Point", "coordinates": [ -100.510554490665001, 26.907558547632298, 0.0 ] } },
{ "type": "Feature", "properties": { "PKs": "265+300" }, "geometry": { "type": "Point", "coordinates": [ -100.510479758835999, 26.906658416991199, 0.0 ] } },
{ "type": "Feature", "properties": { "PKs": "265+200" }, "geometry": { "type": "Point", "coordinates": [ -100.510405028562005, 26.905758286150299, 0.0 ] } },
{ "type": "Feature", "properties": { "PKs": "265+100" }, "geometry": { "type": "Point", "coordinates": [ -100.510330299843005, 26.904858155109601, 0.0 ] } },
{ "type": "Feature", "properties": { "PKs": "265+000" }, "geometry": { "type": "Point", "coordinates": [ -100.510255572678005, 26.903958023869201, 0.0 ] } },
{ "type": "Feature", "properties": { "PKs": "264+900" }, "geometry": { "type": "Point", "coordinates": [ -100.510180847067005, 26.903057892428901, 0.0 ] } },
{ "type": "Feature", "properties": { "PKs": "264+800" }, "geometry": { "type": "Point", "coordinates": [ -100.510106123010999, 26.9021577607888, 0.0 ] } },
{ "type": "Feature", "properties": { "PKs": "264+700" }, "geometry": { "type": "Point", "coordinates": [ -100.510031400509007, 26.901257628948901, 0.0 ] } },
{ "type": "Feature", "properties": { "PKs": "264+600" }, "geometry": { "type": "Point", "coordinates": [ -100.509956679561, 26.900357496909301, 0.0 ] } },
{ "type": "Feature", "properties": { "PKs": "264+500" }, "geometry": { "type": "Point", "coordinates": [ -100.509881960168002, 26.8994573646699, 0.0 ] } },
{ "type": "Feature", "properties": { "PKs": "264+400" }, "geometry": { "type": "Point", "coordinates": [ -100.509807242327994, 26.8985572322308, 0.0 ] } },
{ "type": "Feature", "properties": { "PKs": "264+300" }, "geometry": { "type": "Point", "coordinates": [ -100.509732526042001, 26.8976570995919, 0.0 ] } },
{ "type": "Feature", "properties": { "PKs": "264+200" }, "geometry": { "type": "Point", "coordinates": [ -100.509657811310007, 26.896756966753198, 0.0 ] } },
{ "type": "Feature", "properties": { "PKs": "264+100" }, "geometry": { "type": "Point", "coordinates": [ -100.509583098131998, 26.895856833714799, 0.0 ] } },
{ "type": "Feature", "properties": { "PKs": "264+000" }, "geometry": { "type": "Point", "coordinates": [ -100.509508386506994, 26.894956700476701, 0.0 ] } },
{ "type": "Feature", "properties": { "PKs": "263+900" }, "geometry": { "type": "Point", "coordinates": [ -100.509433676436004, 26.894056567038898, 0.0 ] } },
{ "type": "Feature", "properties": { "PKs": "263+800" }, "geometry": { "type": "Point", "coordinates": [ -100.509358967918999, 26.893156433401401, 0.0 ] } },
{ "type": "Feature", "properties": { "PKs": "263+700" }, "geometry": { "type": "Point", "coordinates": [ -100.509284260954999, 26.892256299564099, 0.0 ] } },
{ "type": "Feature", "properties": { "PKs": "263+600" }, "geometry": { "type": "Point", "coordinates": [ -100.509209555544004, 26.891356165527199, 0.0 ] } },
{ "type": "Feature", "properties": { "PKs": "263+500" }, "geometry": { "type": "Point", "coordinates": [ -100.509134851685999, 26.890456031290501, 0.0 ] } },
{ "type": "Feature", "properties": { "PKs": "263+400" }, "geometry": { "type": "Point", "coordinates": [ -100.509060149381, 26.889555896854201, 0.0 ] } },
{ "type": "Feature", "properties": { "PKs": "263+300" }, "geometry": { "type": "Point", "coordinates": [ -100.50898544863, 26.8886557622182, 0.0 ] } },
{ "type": "Feature", "properties": { "PKs": "263+200" }, "geometry": { "type": "Point", "coordinates": [ -100.508910749430996, 26.8877556273825, 0.0 ] } },
{ "type": "Feature", "properties": { "PKs": "263+100" }, "geometry": { "type": "Point", "coordinates": [ -100.508836051784996, 26.886855492347198, 0.0 ] } },
{ "type": "Feature", "properties": { "PKs": "263+000" }, "geometry": { "type": "Point", "coordinates": [ -100.508761355692002, 26.885955357112199, 0.0 ] } },
{ "type": "Feature", "properties": { "PKs": "262+900" }, "geometry": { "type": "Point", "coordinates": [ -100.508686661151998, 26.885055221677501, 0.0 ] } },
{ "type": "Feature", "properties": { "PKs": "262+800" }, "geometry": { "type": "Point", "coordinates": [ -100.508611968164004, 26.8841550860433, 0.0 ] } },
{ "type": "Feature", "properties": { "PKs": "262+700" }, "geometry": { "type": "Point", "coordinates": [ -100.508537276729001, 26.883254950209299, 0.0 ] } },
{ "type": "Feature", "properties": { "PKs": "262+600" }, "geometry": { "type": "Point", "coordinates": [ -100.508462586845994, 26.882354814175802, 0.0 ] } },
{ "type": "Feature", "properties": { "PKs": "262+500" }, "geometry": { "type": "Point", "coordinates": [ -100.508387898514997, 26.8814546779426, 0.0 ] } },
{ "type": "Feature", "properties": { "PKs": "262+400" }, "geometry": { "type": "Point", "coordinates": [ -100.508313211737004, 26.880554541509898, 0.0 ] } },
{ "type": "Feature", "properties": { "PKs": "262+300" }, "geometry": { "type": "Point", "coordinates": [ -100.508238526509999, 26.879654404877499, 0.0 ] } },
{ "type": "Feature", "properties": { "PKs": "262+200" }, "geometry": { "type": "Point", "coordinates": [ -100.508163842835998, 26.878754268045501, 0.0 ] } },
{ "type": "Feature", "properties": { "PKs": "262+100" }, "geometry": { "type": "Point", "coordinates": [ -100.508089160713993, 26.877854131014001, 0.0 ] } },
{ "type": "Feature", "properties": { "PKs": "262+000" }, "geometry": { "type": "Point", "coordinates": [ -100.508014480143004, 26.876953993782799, 0.0 ] } },
{ "type": "Feature", "properties": { "PKs": "261+900" }, "geometry": { "type": "Point", "coordinates": [ -100.507939801125005, 26.876053856352101, 0.0 ] } },
{ "type": "Feature", "properties": { "PKs": "261+800" }, "geometry": { "type": "Point", "coordinates": [ -100.507865123657993, 26.875153718721801, 0.0 ] } },
{ "type": "Feature", "properties": { "PKs": "261+700" }, "geometry": { "type": "Point", "coordinates": [ -100.507790447741996, 26.874253580891999, 0.0 ] } },
{ "type": "Feature", "properties": { "PKs": "261+600" }, "geometry": { "type": "Point", "coordinates": [ -100.507715773379005, 26.873353442862602, 0.0 ] } },
{ "type": "Feature", "properties": { "PKs": "261+500" }, "geometry": { "type": "Point", "coordinates": [ -100.507641100566005, 26.872453304633598, 0.0 ] } },
{ "type": "Feature", "properties": { "PKs": "261+400" }, "geometry": { "type": "Point", "coordinates": [ -100.507566429305001, 26.8715531662051, 0.0 ] } },
{ "type": "Feature", "properties": { "PKs": "261+300" }, "geometry": { "type": "Point", "coordinates": [ -100.507491759594998, 26.870653027577099, 0.0 ] } },
{ "type": "Feature", "properties": { "PKs": "261+200" }, "geometry": { "type": "Point", "coordinates": [ -100.507417091435997, 26.869752888749598, 0.0 ] } },
{ "type": "Feature", "properties": { "PKs": "261+100" }, "geometry": { "type": "Point", "coordinates": [ -100.507342424829005, 26.8688527497225, 0.0 ] } },
{ "type": "Feature", "properties": { "PKs": "261+000" }, "geometry": { "type": "Point", "coordinates": [ -100.507267759772006, 26.867952610496001, 0.0 ] } },
{ "type": "Feature", "properties": { "PKs": "260+900" }, "geometry": { "type": "Point", "coordinates": [ -100.507193096265993, 26.867052471069901, 0.0 ] } },
{ "type": "Feature", "properties": { "PKs": "260+800" }, "geometry": { "type": "Point", "coordinates": [ -100.507118434310996, 26.8661523314444, 0.0 ] } },
{ "type": "Feature", "properties": { "PKs": "260+700" }, "geometry": { "type": "Point", "coordinates": [ -100.507043773907, 26.865252191619302, 0.0 ] } },
{ "type": "Feature", "properties": { "PKs": "260+600" }, "geometry": { "type": "Point", "coordinates": [ -100.506969115054005, 26.8643520515948, 0.0 ] } },
{ "type": "Feature", "properties": { "PKs": "260+500" }, "geometry": { "type": "Point", "coordinates": [ -100.506894457751002, 26.863451911370799, 0.0 ] } },
{ "type": "Feature", "properties": { "PKs": "260+400" }, "geometry": { "type": "Point", "coordinates": [ -100.506819801998006, 26.862551770947299, 0.0 ] } },
{ "type": "Feature", "properties": { "PKs": "260+300" }, "geometry": { "type": "Point", "coordinates": [ -100.506745147795996, 26.861651630324399, 0.0 ] } },
{ "type": "Feature", "properties": { "PKs": "260+200" }, "geometry": { "type": "Point", "coordinates": [ -100.506670495143993, 26.860751489502, 0.0 ] } },
{ "type": "Feature", "properties": { "PKs": "260+100" }, "geometry": { "type": "Point", "coordinates": [ -100.506595844041996, 26.859851348480198, 0.0 ] } },
{ "type": "Feature", "properties": { "PKs": "260+000" }, "geometry": { "type": "Point", "coordinates": [ -100.506521194490006, 26.858951207259, 0.0 ] } },
{ "type": "Feature", "properties": { "PKs": "384" }, "geometry": { "type": "Point", "coordinates": [ -99.610857735407507, 27.486084427799899, 0.0 ] } },
{ "type": "Feature", "properties": { "PKs": "383" }, "geometry": { "type": "Point", "coordinates": [ -99.620519586757396, 27.483397404022501, 0.0 ] } },
{ "type": "Feature", "properties": { "PKs": "382" }, "geometry": { "type": "Point", "coordinates": [ -99.630182566937606, 27.480709268287299, 0.0 ] } },
{ "type": "Feature", "properties": { "PKs": "381" }, "geometry": { "type": "Point", "coordinates": [ -99.639841844343806, 27.478021365059501, 0.0 ] } },
{ "type": "Feature", "properties": { "PKs": "380" }, "geometry": { "type": "Point", "coordinates": [ -99.649507080998305, 27.4753310054396, 0.0 ] } },
{ "type": "Feature", "properties": { "PKs": "379" }, "geometry": { "type": "Point", "coordinates": [ -99.659168614409396, 27.472640878790401, 0.0 ] } },
{ "type": "Feature", "properties": { "PKs": "378" }, "geometry": { "type": "Point", "coordinates": [ -99.668829665094705, 27.469950088966598, 0.0 ] } },
{ "type": "Feature", "properties": { "PKs": "377" }, "geometry": { "type": "Point", "coordinates": [ -99.678490232820096, 27.4672586362, 0.0 ] } },
{ "type": "Feature", "properties": { "PKs": "376" }, "geometry": { "type": "Point", "coordinates": [ -99.688150317351003, 27.464566520722599, 0.0 ] } },
{ "type": "Feature", "properties": { "PKs": "375" }, "geometry": { "type": "Point", "coordinates": [ -99.697809918453601, 27.461873742766201, 0.0 ] } },
{ "type": "Feature", "properties": { "PKs": "374" }, "geometry": { "type": "Point", "coordinates": [ -99.707470645706195, 27.459179853601, 0.0 ] } },
{ "type": "Feature", "properties": { "PKs": "373" }, "geometry": { "type": "Point", "coordinates": [ -99.717127669437204, 27.456486200344699, 0.0 ] } },
{ "type": "Feature", "properties": { "PKs": "372" }, "geometry": { "type": "Point", "coordinates": [ -99.726785818850601, 27.4537914363437, 0.0 ] } },
{ "type": "Feature", "properties": { "PKs": "371" }, "geometry": { "type": "Point", "coordinates": [ -99.736440264759295, 27.4510969093776, 0.0 ] } },
{ "type": "Feature", "properties": { "PKs": "370" }, "geometry": { "type": "Point", "coordinates": [ -99.746100664352497, 27.448399923922398, 0.0 ] } },
{ "type": "Feature", "properties": { "PKs": "369" }, "geometry": { "type": "Point", "coordinates": [ -99.755757359973998, 27.445703175966599, 0.0 ] } },
{ "type": "Feature", "properties": { "PKs": "368" }, "geometry": { "type": "Point", "coordinates": [ -99.765413570531607, 27.443005767157199, 0.0 ] } },
{ "type": "Feature", "properties": { "PKs": "367" }, "geometry": { "type": "Point", "coordinates": [ -99.775069295791994, 27.440307697726599, 0.0 ] } },
{ "type": "Feature", "properties": { "PKs": "366" }, "geometry": { "type": "Point", "coordinates": [ -99.784724535522201, 27.437608967907401, 0.0 ] } },
{ "type": "Feature", "properties": { "PKs": "365" }, "geometry": { "type": "Point", "coordinates": [ -99.7943849634038, 27.4349061139593, 0.0 ] } },
{ "type": "Feature", "properties": { "PKs": "364" }, "geometry": { "type": "Point", "coordinates": [ -99.803658087065202, 27.430902485831002, 0.0 ] } },
{ "type": "Feature", "properties": { "PKs": "363" }, "geometry": { "type": "Point", "coordinates": [ -99.812561982165604, 27.426619514272701, 0.0 ] } },
{ "type": "Feature", "properties": { "PKs": "362" }, "geometry": { "type": "Point", "coordinates": [ -99.821466663021198, 27.422335272217602, 0.0 ] } },
{ "type": "Feature", "properties": { "PKs": "361" }, "geometry": { "type": "Point", "coordinates": [ -99.830367677435902, 27.418051902238499, 0.0 ] } },
{ "type": "Feature", "properties": { "PKs": "360" }, "geometry": { "type": "Point", "coordinates": [ -99.839273929012705, 27.413765119572101, 0.0 ] } },
{ "type": "Feature", "properties": { "PKs": "359" }, "geometry": { "type": "Point", "coordinates": [ -99.848176514088607, 27.409479209607799, 0.0 ] } },
{ "type": "Feature", "properties": { "PKs": "358" }, "geometry": { "type": "Point", "coordinates": [ -99.857078400511497, 27.405192744299601, 0.0 ] } },
{ "type": "Feature", "properties": { "PKs": "357" }, "geometry": { "type": "Point", "coordinates": [ -99.865979588251506, 27.4009057239608, 0.0 ] } },
{ "type": "Feature", "properties": { "PKs": "356" }, "geometry": { "type": "Point", "coordinates": [ -99.874880077279002, 27.396618148904299, 0.0 ] } },
{ "type": "Feature", "properties": { "PKs": "355" }, "geometry": { "type": "Point", "coordinates": [ -99.883779867564698, 27.392330019443101, 0.0 ] } },
{ "type": "Feature", "properties": { "PKs": "354" }, "geometry": { "type": "Point", "coordinates": [ -99.892680442202703, 27.388040621063599, 0.0 ] } },
{ "type": "Feature", "properties": { "PKs": "353" }, "geometry": { "type": "Point", "coordinates": [ -99.901577351792895, 27.3837520985591, 0.0 ] } },
{ "type": "Feature", "properties": { "PKs": "352" }, "geometry": { "type": "Point", "coordinates": [ -99.910475045677003, 27.379462307762399, 0.0 ] } },
{ "type": "Feature", "properties": { "PKs": "351" }, "geometry": { "type": "Point", "coordinates": [ -99.919369075153995, 27.375173394020202, 0.0 ] } },
{ "type": "Feature", "properties": { "PKs": "350" }, "geometry": { "type": "Point", "coordinates": [ -99.928268336840503, 27.370881067025199, 0.0 ] } },
{ "type": "Feature", "properties": { "PKs": "349" }, "geometry": { "type": "Point", "coordinates": [ -99.936707230795804, 27.3656045254261, 0.0 ] } },
{ "type": "Feature", "properties": { "PKs": "348" }, "geometry": { "type": "Point", "coordinates": [ -99.944408344847005, 27.359755369260998, 0.0 ] } },
{ "type": "Feature", "properties": { "PKs": "347" }, "geometry": { "type": "Point", "coordinates": [ -99.9521560730266, 27.353956475596899, 0.0 ] } },
{ "type": "Feature", "properties": { "PKs": "346" }, "geometry": { "type": "Point", "coordinates": [ -99.959856606760894, 27.348107595888901, 0.0 ] } },
{ "type": "Feature", "properties": { "PKs": "345" }, "geometry": { "type": "Point", "coordinates": [ -99.967556327695604, 27.342258307633401, 0.0 ] } },
{ "type": "Feature", "properties": { "PKs": "344" }, "geometry": { "type": "Point", "coordinates": [ -99.975204999678994, 27.336354407026501, 0.0 ] } },
{ "type": "Feature", "properties": { "PKs": "343" }, "geometry": { "type": "Point", "coordinates": [ -99.982900766764402, 27.330504183910499, 0.0 ] } },
{ "type": "Feature", "properties": { "PKs": "342" }, "geometry": { "type": "Point", "coordinates": [ -99.990597004531594, 27.324652578153501, 0.0 ] } },
{ "type": "Feature", "properties": { "PKs": "341" }, "geometry": { "type": "Point", "coordinates": [ -99.998289865266202, 27.318802515979201, 0.0 ] } },
{ "type": "Feature", "properties": { "PKs": "340" }, "geometry": { "type": "Point", "coordinates": [ -100.005987044188998, 27.312948145490701, 0.0 ] } },
{ "type": "Feature", "properties": { "PKs": "339" }, "geometry": { "type": "Point", "coordinates": [ -100.013718864351006, 27.307314330545601, 0.0 ] } },
{ "type": "Feature", "properties": { "PKs": "338" }, "geometry": { "type": "Point", "coordinates": [ -100.022128732976, 27.302322159658701, 0.0 ] } },
{ "type": "Feature", "properties": { "PKs": "337" }, "geometry": { "type": "Point", "coordinates": [ -100.030545106695996, 27.297326537748301, 0.0 ] } },
{ "type": "Feature", "properties": { "PKs": "336" }, "geometry": { "type": "Point", "coordinates": [ -100.038960716945994, 27.292330426674301, 0.0 ] } },
{ "type": "Feature", "properties": { "PKs": "335" }, "geometry": { "type": "Point", "coordinates": [ -100.047375563802007, 27.2873338267629, 0.0 ] } },
{ "type": "Feature", "properties": { "PKs": "334" }, "geometry": { "type": "Point", "coordinates": [ -100.055791049622002, 27.2823359054515, 0.0 ] } },
{ "type": "Feature", "properties": { "PKs": "333" }, "geometry": { "type": "Point", "coordinates": [ -100.064202967631999, 27.277339161732598, 0.0 ] } },
{ "type": "Feature", "properties": { "PKs": "332" }, "geometry": { "type": "Point", "coordinates": [ -100.072615524759001, 27.2723410972661, 0.0 ] } },
{ "type": "Feature", "properties": { "PKs": "331" }, "geometry": { "type": "Point", "coordinates": [ -100.081024514990006, 27.267344211532201, 0.0 ] } },
{ "type": "Feature", "properties": { "PKs": "330" }, "geometry": { "type": "Point", "coordinates": [ -100.089438349814998, 27.262343506061299, 0.0 ] } },
{ "type": "Feature", "properties": { "PKs": "329" }, "geometry": { "type": "Point", "coordinates": [ -100.097848617896005, 27.257343979975399, 0.0 ] } },
{ "type": "Feature", "properties": { "PKs": "328" }, "geometry": { "type": "Point", "coordinates": [ -100.106258123114998, 27.2523439673352, 0.0 ] } },
{ "type": "Feature", "properties": { "PKs": "327" }, "geometry": { "type": "Point", "coordinates": [ -100.114666865548003, 27.247343468467001, 0.0 ] } },
{ "type": "Feature", "properties": { "PKs": "326" }, "geometry": { "type": "Point", "coordinates": [ -100.123074845271006, 27.242342483696898, 0.0 ] } },
{ "type": "Feature", "properties": { "PKs": "325" }, "geometry": { "type": "Point", "coordinates": [ -100.131482061015006, 27.237341014330799, 0.0 ] } },
{ "type": "Feature", "properties": { "PKs": "324" }, "geometry": { "type": "Point", "coordinates": [ -100.139933985327005, 27.232398209566899, 0.0 ] } },
{ "type": "Feature", "properties": { "PKs": "323" }, "geometry": { "type": "Point", "coordinates": [ -100.148087101542004, 27.226836285338202, 0.0 ] } },
{ "type": "Feature", "properties": { "PKs": "322" }, "geometry": { "type": "Point", "coordinates": [ -100.155412749603997, 27.220623688923901, 0.0 ] } },
{ "type": "Feature", "properties": { "PKs": "321" }, "geometry": { "type": "Point", "coordinates": [ -100.162735141601004, 27.214412800529502, 0.0 ] } },
{ "type": "Feature", "properties": { "PKs": "320" }, "geometry": { "type": "Point", "coordinates": [ -100.170640271072003, 27.210050425585202, 0.0 ] } },
{ "type": "Feature", "properties": { "PKs": "319" }, "geometry": { "type": "Point", "coordinates": [ -100.180561670348993, 27.208408397782701, 0.0 ] } },
{ "type": "Feature", "properties": { "PKs": "318" }, "geometry": { "type": "Point", "coordinates": [ -100.190488907673, 27.206764865626401, 0.0 ] } },
{ "type": "Feature", "properties": { "PKs": "317" }, "geometry": { "type": "Point", "coordinates": [ -100.200415826165994, 27.205120639161201, 0.0 ] } },
{ "type": "Feature", "properties": { "PKs": "316" }, "geometry": { "type": "Point", "coordinates": [ -100.210342425503995, 27.203475718539298, 0.0 ] } },
{ "type": "Feature", "properties": { "PKs": "315" }, "geometry": { "type": "Point", "coordinates": [ -100.220268705367005, 27.2018301039131, 0.0 ] } },
{ "type": "Feature", "properties": { "PKs": "314" }, "geometry": { "type": "Point", "coordinates": [ -100.230254751952003, 27.200112777482101, 0.0 ] } },
{ "type": "Feature", "properties": { "PKs": "313" }, "geometry": { "type": "Point", "coordinates": [ -100.239590833330993, 27.196065886674599, 0.0 ] } },
{ "type": "Feature", "properties": { "PKs": "312" }, "geometry": { "type": "Point", "coordinates": [ -100.248149643776998, 27.191279820264501, 0.0 ] } },
{ "type": "Feature", "properties": { "PKs": "311" }, "geometry": { "type": "Point", "coordinates": [ -100.256704857196993, 27.186494848457102, 0.0 ] } },
{ "type": "Feature", "properties": { "PKs": "310" }, "geometry": { "type": "Point", "coordinates": [ -100.265265031332007, 27.1817061847585, 0.0 ] } },
{ "type": "Feature", "properties": { "PKs": "309" }, "geometry": { "type": "Point", "coordinates": [ -100.273821608532003, 27.176918616310299, 0.0 ] } },
{ "type": "Feature", "properties": { "PKs": "308" }, "geometry": { "type": "Point", "coordinates": [ -100.282377441406993, 27.172130547830101, 0.0 ] } },
{ "type": "Feature", "properties": { "PKs": "307" }, "geometry": { "type": "Point", "coordinates": [ -100.290932530001996, 27.167341979641801, 0.0 ] } },
{ "type": "Feature", "properties": { "PKs": "306" }, "geometry": { "type": "Point", "coordinates": [ -100.299486874362998, 27.162552912069199, 0.0 ] } },
{ "type": "Feature", "properties": { "PKs": "305" }, "geometry": { "type": "Point", "coordinates": [ -100.308040474536, 27.1577633454358, 0.0 ] } },
{ "type": "Feature", "properties": { "PKs": "304" }, "geometry": { "type": "Point", "coordinates": [ -100.316594755980006, 27.1529724816798, 0.0 ] } },
{ "type": "Feature", "properties": { "PKs": "303" }, "geometry": { "type": "Point", "coordinates": [ -100.325213410166995, 27.148533643653501, 0.0 ] } },
{ "type": "Feature", "properties": { "PKs": "302" }, "geometry": { "type": "Point", "coordinates": [ -100.334353107940998, 27.144709309307402, 0.0 ] } },
{ "type": "Feature", "properties": { "PKs": "301" }, "geometry": { "type": "Point", "coordinates": [ -100.343489115823004, 27.140885675337199, 0.0 ] } },
{ "type": "Feature", "properties": { "PKs": "300" }, "geometry": { "type": "Point", "coordinates": [ -100.352630572452995, 27.137058916842602, 0.0 ] } },
{ "type": "Feature", "properties": { "PKs": "299" }, "geometry": { "type": "Point", "coordinates": [ -100.361768339006005, 27.133232859315498, 0.0 ] } },
{ "type": "Feature", "properties": { "PKs": "298" }, "geometry": { "type": "Point", "coordinates": [ -100.370905461635004, 27.129406227986699, 0.0 ] } },
{ "type": "Feature", "properties": { "PKs": "297" }, "geometry": { "type": "Point", "coordinates": [ -100.380041940249001, 27.125579023152, 0.0 ] } },
{ "type": "Feature", "properties": { "PKs": "296" }, "geometry": { "type": "Point", "coordinates": [ -100.389177774757002, 27.1217512451075, 0.0 ] } },
{ "type": "Feature", "properties": { "PKs": "295" }, "geometry": { "type": "Point", "coordinates": [ -100.398312965068001, 27.1179228941491, 0.0 ] } },
{ "type": "Feature", "properties": { "PKs": "294" }, "geometry": { "type": "Point", "coordinates": [ -100.407449033461006, 27.1140933323714, 0.0 ] } },
{ "type": "Feature", "properties": { "PKs": "293" }, "geometry": { "type": "Point", "coordinates": [ -100.416581412734004, 27.110264474675201, 0.0 ] } },
{ "type": "Feature", "properties": { "PKs": "292" }, "geometry": { "type": "Point", "coordinates": [ -100.425714669908004, 27.106434406751799, 0.0 ] } },
{ "type": "Feature", "properties": { "PKs": "291" }, "geometry": { "type": "Point", "coordinates": [ -100.434844238424006, 27.102605044074, 0.0 ] } },
{ "type": "Feature", "properties": { "PKs": "290" }, "geometry": { "type": "Point", "coordinates": [ -100.443979250484006, 27.098772556012602, 0.0 ] } },
{ "type": "Feature", "properties": { "PKs": "289" }, "geometry": { "type": "Point", "coordinates": [ -100.453110573705999, 27.094940773789201, 0.0 ] } },
{ "type": "Feature", "properties": { "PKs": "288" }, "geometry": { "type": "Point", "coordinates": [ -100.462241252096007, 27.0911084207249, 0.0 ] } },
{ "type": "Feature", "properties": { "PKs": "287" }, "geometry": { "type": "Point", "coordinates": [ -100.471371285564999, 27.087275497115801, 0.0 ] } },
{ "type": "Feature", "properties": { "PKs": "286" }, "geometry": { "type": "Point", "coordinates": [ -100.479962856236, 27.082110618444801, 0.0 ] } },
{ "type": "Feature", "properties": { "PKs": "285" }, "geometry": { "type": "Point", "coordinates": [ -100.487411300492994, 27.0760265177815, 0.0 ] } },
{ "type": "Feature", "properties": { "PKs": "284" }, "geometry": { "type": "Point", "coordinates": [ -100.494766649336, 27.069649406385398, 0.0 ] } },
{ "type": "Feature", "properties": { "PKs": "283" }, "geometry": { "type": "Point", "coordinates": [ -100.501010483697002, 27.0621433968203, 0.0 ] } },
{ "type": "Feature", "properties": { "PKs": "282" }, "geometry": { "type": "Point", "coordinates": [ -100.505851610437006, 27.054226110191198, 0.0 ] } },
{ "type": "Feature", "properties": { "PKs": "281" }, "geometry": { "type": "Point", "coordinates": [ -100.510090913236994, 27.046080436457199, 0.0 ] } },
{ "type": "Feature", "properties": { "PKs": "280" }, "geometry": { "type": "Point", "coordinates": [ -100.515531884371001, 27.038391095478602, 0.0 ] } },
{ "type": "Feature", "properties": { "PKs": "279" }, "geometry": { "type": "Point", "coordinates": [ -100.520380251321996, 27.030444933400901, 0.0 ] } },
{ "type": "Feature", "properties": { "PKs": "278" }, "geometry": { "type": "Point", "coordinates": [ -100.522001476485002, 27.020598879366101, 0.0 ] } },
{ "type": "Feature", "properties": { "PKs": "277" }, "geometry": { "type": "Point", "coordinates": [ -100.521225011859002, 27.011599675512901, 0.0 ] } },
{ "type": "Feature", "properties": { "PKs": "276" }, "geometry": { "type": "Point", "coordinates": [ -100.520448708079996, 27.002600451115601, 0.0 ] } },
{ "type": "Feature", "properties": { "PKs": "275" }, "geometry": { "type": "Point", "coordinates": [ -100.519672565053995, 26.993601206181999, 0.0 ] } },
{ "type": "Feature", "properties": { "PKs": "274" }, "geometry": { "type": "Point", "coordinates": [ -100.518896324056996, 26.984598940961298, 0.0 ] } },
{ "type": "Feature", "properties": { "PKs": "273" }, "geometry": { "type": "Point", "coordinates": [ -100.517654732219, 26.975422626570602, 0.0 ] } },
{ "type": "Feature", "properties": { "PKs": "272" }, "geometry": { "type": "Point", "coordinates": [ -100.517034084189007, 26.9668699186415, 0.0 ] } },
{ "type": "Feature", "properties": { "PKs": "271" }, "geometry": { "type": "Point", "coordinates": [ -100.516683176220994, 26.957660968913501, 0.0 ] } },
{ "type": "Feature", "properties": { "PKs": "270" }, "geometry": { "type": "Point", "coordinates": [ -100.515934406737003, 26.948653780996199, 0.0 ] } },
{ "type": "Feature", "properties": { "PKs": "269" }, "geometry": { "type": "Point", "coordinates": [ -100.515186292108993, 26.939652573839702, 0.0 ] } },
{ "type": "Feature", "properties": { "PKs": "268" }, "geometry": { "type": "Point", "coordinates": [ -100.51443833335, 26.930651346666501, 0.0 ] } },
{ "type": "Feature", "properties": { "PKs": "267" }, "geometry": { "type": "Point", "coordinates": [ -100.513690530370994, 26.921650099484101, 0.0 ] } },
{ "type": "Feature", "properties": { "PKs": "266" }, "geometry": { "type": "Point", "coordinates": [ -100.512942883082005, 26.912648832299698, 0.0 ] } },
{ "type": "Feature", "properties": { "PKs": "265" }, "geometry": { "type": "Point", "coordinates": [ -100.512195391396006, 26.903647545120698, 0.0 ] } },
{ "type": "Feature", "properties": { "PKs": "264" }, "geometry": { "type": "Point", "coordinates": [ -100.511447806136999, 26.8946432375154, 0.0 ] } },
{ "type": "Feature", "properties": { "PKs": "263" }, "geometry": { "type": "Point", "coordinates": [ -100.510700874473997, 26.885644910808299, 0.0 ] } },
{ "type": "Feature", "properties": { "PKs": "262" }, "geometry": { "type": "Point", "coordinates": [ -100.509953765104996, 26.8766425519579, 0.0 ] } },
{ "type": "Feature", "properties": { "PKs": "261" }, "geometry": { "type": "Point", "coordinates": [ -100.509207476756004, 26.8676481975237, 0.0 ] } },
{ "type": "Feature", "properties": { "PKs": "260" }, "geometry": { "type": "Point", "coordinates": [ -100.508460263885993, 26.858640809563699, 0.0 ] } },
{ "type": "Feature", "properties": { "PKs": "393+900" }, "geometry": { "type": "Point", "coordinates": [ -99.525445555185797, 27.465997000548999, 0.0 ] } },
{ "type": "Feature", "properties": { "PKs": "393+800" }, "geometry": { "type": "Point", "coordinates": [ -99.525452759871897, 27.465094253952302, 0.0 ] } },
{ "type": "Feature", "properties": { "PKs": "393+700" }, "geometry": { "type": "Point", "coordinates": [ -99.525459964570302, 27.464191507240301, 0.0 ] } },
{ "type": "Feature", "properties": { "PKs": "393+600" }, "geometry": { "type": "Point", "coordinates": [ -99.525482487598794, 27.463318565221901, 0.0 ] } },
{ "type": "Feature", "properties": { "PKs": "393+500" }, "geometry": { "type": "Point", "coordinates": [ -99.525622635415701, 27.462522139413799, 0.0 ] } },
{ "type": "Feature", "properties": { "PKs": "393+400" }, "geometry": { "type": "Point", "coordinates": [ -99.525945622500004, 27.4617805164857, 0.0 ] } },
{ "type": "Feature", "properties": { "PKs": "393+300" }, "geometry": { "type": "Point", "coordinates": [ -99.526440332794806, 27.461118496261701, 0.0 ] } },
{ "type": "Feature", "properties": { "PKs": "393+200" }, "geometry": { "type": "Point", "coordinates": [ -99.527083473265506, 27.460567245575898, 0.0 ] } },
{ "type": "Feature", "properties": { "PKs": "392+900" }, "geometry": { "type": "Point", "coordinates": [ -99.529573220315697, 27.459505752575701, 0.0 ] } },
{ "type": "Feature", "properties": { "PKs": "392+800" }, "geometry": { "type": "Point", "coordinates": [ -99.530532696836701, 27.4595952811163, 0.0 ] } },
{ "type": "Feature", "properties": { "PKs": "392+700" }, "geometry": { "type": "Point", "coordinates": [ -99.531448009674804, 27.459867360063299, 0.0 ] } },
{ "type": "Feature", "properties": { "PKs": "392+600" }, "geometry": { "type": "Point", "coordinates": [ -99.532309347434307, 27.460293777338201, 0.0 ] } },
{ "type": "Feature", "properties": { "PKs": "392+500" }, "geometry": { "type": "Point", "coordinates": [ -99.533164851412295, 27.460773849779901, 0.0 ] } },
{ "type": "Feature", "properties": { "PKs": "392+400" }, "geometry": { "type": "Point", "coordinates": [ -99.534021168072599, 27.461254999982899, 0.0 ] } },
{ "type": "Feature", "properties": { "PKs": "392+300" }, "geometry": { "type": "Point", "coordinates": [ -99.534877492111406, 27.4617361447817, 0.0 ] } },
{ "type": "Feature", "properties": { "PKs": "392+200" }, "geometry": { "type": "Point", "coordinates": [ -99.535733823528901, 27.4622172841758, 0.0 ] } },
{ "type": "Feature", "properties": { "PKs": "392+100" }, "geometry": { "type": "Point", "coordinates": [ -99.536590162325098, 27.4626984181651, 0.0 ] } },
{ "type": "Feature", "properties": { "PKs": "391+900" }, "geometry": { "type": "Point", "coordinates": [ -99.538302862053698, 27.463660669927801, 0.0 ] } },
{ "type": "Feature", "properties": { "PKs": "391+800" }, "geometry": { "type": "Point", "coordinates": [ -99.5391592229861, 27.464141787700498, 0.0 ] } },
{ "type": "Feature", "properties": { "PKs": "391+700" }, "geometry": { "type": "Point", "coordinates": [ -99.540015591297404, 27.464622900066999, 0.0 ] } },
{ "type": "Feature", "properties": { "PKs": "391+600" }, "geometry": { "type": "Point", "coordinates": [ -99.540871966987595, 27.465104007027101, 0.0 ] } },
{ "type": "Feature", "properties": { "PKs": "391+500" }, "geometry": { "type": "Point", "coordinates": [ -99.541728350056701, 27.465585108580299, 0.0 ] } },
{ "type": "Feature", "properties": { "PKs": "391+400" }, "geometry": { "type": "Point", "coordinates": [ -99.542584740504793, 27.466066204726399, 0.0 ] } },
{ "type": "Feature", "properties": { "PKs": "391+300" }, "geometry": { "type": "Point", "coordinates": [ -99.543441138331801, 27.466547295464999, 0.0 ] } },
{ "type": "Feature", "properties": { "PKs": "391+200" }, "geometry": { "type": "Point", "coordinates": [ -99.544297543537994, 27.467028380795799, 0.0 ] } },
{ "type": "Feature", "properties": { "PKs": "391+100" }, "geometry": { "type": "Point", "coordinates": [ -99.545153956123201, 27.467509460718599, 0.0 ] } },
{ "type": "Feature", "properties": { "PKs": "390+900" }, "geometry": { "type": "Point", "coordinates": [ -99.5468668034312, 27.468471604338401, 0.0 ] } },
{ "type": "Feature", "properties": { "PKs": "390+800" }, "geometry": { "type": "Point", "coordinates": [ -99.547723238153907, 27.468952668034898, 0.0 ] } },
{ "type": "Feature", "properties": { "PKs": "390+700" }, "geometry": { "type": "Point", "coordinates": [ -99.548579680255997, 27.469433726321999, 0.0 ] } },
{ "type": "Feature", "properties": { "PKs": "390+600" }, "geometry": { "type": "Point", "coordinates": [ -99.549436129737302, 27.469914779199399, 0.0 ] } },
{ "type": "Feature", "properties": { "PKs": "390+500" }, "geometry": { "type": "Point", "coordinates": [ -99.550292586598005, 27.470395826666799, 0.0 ] } },
{ "type": "Feature", "properties": { "PKs": "390+400" }, "geometry": { "type": "Point", "coordinates": [ -99.551149050838106, 27.470876868723799, 0.0 ] } },
{ "type": "Feature", "properties": { "PKs": "390+300" }, "geometry": { "type": "Point", "coordinates": [ -99.552005522457605, 27.471357905370098, 0.0 ] } },
{ "type": "Feature", "properties": { "PKs": "390+200" }, "geometry": { "type": "Point", "coordinates": [ -99.552862001456603, 27.471838936605401, 0.0 ] } },
{ "type": "Feature", "properties": { "PKs": "390+100" }, "geometry": { "type": "Point", "coordinates": [ -99.553718487835098, 27.472319962429399, 0.0 ] } },
{ "type": "Feature", "properties": { "PKs": "389+900" }, "geometry": { "type": "Point", "coordinates": [ -99.555431482730896, 27.473281997842101, 0.0 ] } },
{ "type": "Feature", "properties": { "PKs": "389+800" }, "geometry": { "type": "Point", "coordinates": [ -99.556287991248197, 27.4737630074302, 0.0 ] } },
{ "type": "Feature", "properties": { "PKs": "389+700" }, "geometry": { "type": "Point", "coordinates": [ -99.557144507145196, 27.474244011605698, 0.0 ] } },
{ "type": "Feature", "properties": { "PKs": "389+600" }, "geometry": { "type": "Point", "coordinates": [ -99.558001030421906, 27.474725010368299, 0.0 ] } },
{ "type": "Feature", "properties": { "PKs": "389+500" }, "geometry": { "type": "Point", "coordinates": [ -99.558857561078398, 27.475206003717599, 0.0 ] } },
{ "type": "Feature", "properties": { "PKs": "389+400" }, "geometry": { "type": "Point", "coordinates": [ -99.559714099114601, 27.475686991653301, 0.0 ] } },
{ "type": "Feature", "properties": { "PKs": "389+300" }, "geometry": { "type": "Point", "coordinates": [ -99.560570644530799, 27.476167974175102, 0.0 ] } },
{ "type": "Feature", "properties": { "PKs": "389+200" }, "geometry": { "type": "Point", "coordinates": [ -99.561427197326793, 27.476648951282701, 0.0 ] } },
{ "type": "Feature", "properties": { "PKs": "389+100" }, "geometry": { "type": "Point", "coordinates": [ -99.562283757502797, 27.477129922975799, 0.0 ] } },
{ "type": "Feature", "properties": { "PKs": "388+900" }, "geometry": { "type": "Point", "coordinates": [ -99.563996899994706, 27.478091850117, 0.0 ] } },
{ "type": "Feature", "properties": { "PKs": "388+800" }, "geometry": { "type": "Point", "coordinates": [ -99.564853482310696, 27.4785728055645, 0.0 ] } },
{ "type": "Feature", "properties": { "PKs": "388+700" }, "geometry": { "type": "Point", "coordinates": [ -99.565710072006894, 27.479053755596201, 0.0 ] } },
{ "type": "Feature", "properties": { "PKs": "388+600" }, "geometry": { "type": "Point", "coordinates": [ -99.566566669083102, 27.479534700211701, 0.0 ] } },
{ "type": "Feature", "properties": { "PKs": "388+500" }, "geometry": { "type": "Point", "coordinates": [ -99.567423273539603, 27.480015639410801, 0.0 ] } },
{ "type": "Feature", "properties": { "PKs": "388+400" }, "geometry": { "type": "Point", "coordinates": [ -99.568279885376299, 27.480496573193001, 0.0 ] } },
{ "type": "Feature", "properties": { "PKs": "388+300" }, "geometry": { "type": "Point", "coordinates": [ -99.569136504593203, 27.480977501558201, 0.0 ] } },
{ "type": "Feature", "properties": { "PKs": "388+200" }, "geometry": { "type": "Point", "coordinates": [ -99.5699931311905, 27.481458424505899, 0.0 ] } },
{ "type": "Feature", "properties": { "PKs": "388+100" }, "geometry": { "type": "Point", "coordinates": [ -99.570849765168106, 27.481939342035801, 0.0 ] } },
{ "type": "Feature", "properties": { "PKs": "387+900" }, "geometry": { "type": "Point", "coordinates": [ -99.572563055264595, 27.482901160841202, 0.0 ] } },
{ "type": "Feature", "properties": { "PKs": "387+800" }, "geometry": { "type": "Point", "coordinates": [ -99.573419711383494, 27.483382062115901, 0.0 ] } },
{ "type": "Feature", "properties": { "PKs": "387+700" }, "geometry": { "type": "Point", "coordinates": [ -99.574276374882899, 27.483862957971599, 0.0 ] } },
{ "type": "Feature", "properties": { "PKs": "387+600" }, "geometry": { "type": "Point", "coordinates": [ -99.575133045762897, 27.484343848407899, 0.0 ] } },
{ "type": "Feature", "properties": { "PKs": "387+500" }, "geometry": { "type": "Point", "coordinates": [ -99.575989724023501, 27.484824733424499, 0.0 ] } },
{ "type": "Feature", "properties": { "PKs": "387+400" }, "geometry": { "type": "Point", "coordinates": [ -99.576846409664796, 27.485305613021101, 0.0 ] } },
{ "type": "Feature", "properties": { "PKs": "387+300" }, "geometry": { "type": "Point", "coordinates": [ -99.577703222920107, 27.4857865253264, 0.0 ] } },
{ "type": "Feature", "properties": { "PKs": "387+200" }, "geometry": { "type": "Point", "coordinates": [ -99.578575133162701, 27.4862594381881, 0.0 ] } },
{ "type": "Feature", "properties": { "PKs": "387+100" }, "geometry": { "type": "Point", "coordinates": [ -99.579488657935897, 27.4866832243492, 0.0 ] } },
{ "type": "Feature", "properties": { "PKs": "386+900" }, "geometry": { "type": "Point", "coordinates": [ -99.581422982585195, 27.487310861852901, 0.0 ] } },
{ "type": "Feature", "properties": { "PKs": "386+800" }, "geometry": { "type": "Point", "coordinates": [ -99.582428764449901, 27.487509590805999, 0.0 ] } },
{ "type": "Feature", "properties": { "PKs": "386+700" }, "geometry": { "type": "Point", "coordinates": [ -99.583450142867605, 27.487629379647501, 0.0 ] } },
{ "type": "Feature", "properties": { "PKs": "386+600" }, "geometry": { "type": "Point", "coordinates": [ -99.584474663128702, 27.487674714642601, 0.0 ] } },
{ "type": "Feature", "properties": { "PKs": "386+500" }, "geometry": { "type": "Point", "coordinates": [ -99.585488924073999, 27.487686869859601, 0.0 ] } },
{ "type": "Feature", "properties": { "PKs": "386+400" }, "geometry": { "type": "Point", "coordinates": [ -99.586501128588907, 27.4876972879173, 0.0 ] } },
{ "type": "Feature", "properties": { "PKs": "386+300" }, "geometry": { "type": "Point", "coordinates": [ -99.587513333149403, 27.487707698610699, 0.0 ] } },
{ "type": "Feature", "properties": { "PKs": "386+200" }, "geometry": { "type": "Point", "coordinates": [ -99.588525537755203, 27.487718101939802, 0.0 ] } },
{ "type": "Feature", "properties": { "PKs": "386+100" }, "geometry": { "type": "Point", "coordinates": [ -99.589537742405895, 27.487728497904701, 0.0 ] } },
{ "type": "Feature", "properties": { "PKs": "385+900" }, "geometry": { "type": "Point", "coordinates": [ -99.591562151840407, 27.487749267741702, 0.0 ] } },
{ "type": "Feature", "properties": { "PKs": "385+800" }, "geometry": { "type": "Point", "coordinates": [ -99.592574356623501, 27.487759641613799, 0.0 ] } },
{ "type": "Feature", "properties": { "PKs": "385+700" }, "geometry": { "type": "Point", "coordinates": [ -99.593586561449897, 27.487770008121601, 0.0 ] } },
{ "type": "Feature", "properties": { "PKs": "385+600" }, "geometry": { "type": "Point", "coordinates": [ -99.594598766319294, 27.487780367265099, 0.0 ] } },
{ "type": "Feature", "properties": { "PKs": "385+500" }, "geometry": { "type": "Point", "coordinates": [ -99.595610971231295, 27.487790719044199, 0.0 ] } },
{ "type": "Feature", "properties": { "PKs": "385+400" }, "geometry": { "type": "Point", "coordinates": [ -99.596623176185503, 27.487801063459099, 0.0 ] } },
{ "type": "Feature", "properties": { "PKs": "385+300" }, "geometry": { "type": "Point", "coordinates": [ -99.597636457289497, 27.487810455541499, 0.0 ] } },
{ "type": "Feature", "properties": { "PKs": "385+200" }, "geometry": { "type": "Point", "coordinates": [ -99.598654863415206, 27.4878047407861, 0.0 ] } },
{ "type": "Feature", "properties": { "PKs": "385+100" }, "geometry": { "type": "Point", "coordinates": [ -99.599675125731594, 27.487763658700601, 0.0 ] } },
{ "type": "Feature", "properties": { "PKs": "384+900" }, "geometry": { "type": "Point", "coordinates": [ -99.601704771813402, 27.487562677365101, 0.0 ] } },
{ "type": "Feature", "properties": { "PKs": "384+800" }, "geometry": { "type": "Point", "coordinates": [ -99.602710287594107, 27.487403160892502, 0.0 ] } },
{ "type": "Feature", "properties": { "PKs": "384+700" }, "geometry": { "type": "Point", "coordinates": [ -99.603707040737703, 27.487204674058901, 0.0 ] } },
{ "type": "Feature", "properties": { "PKs": "384+600" }, "geometry": { "type": "Point", "coordinates": [ -99.604692733525795, 27.4869680385764, 0.0 ] } },
{ "type": "Feature", "properties": { "PKs": "384+500" }, "geometry": { "type": "Point", "coordinates": [ -99.605665237075399, 27.486705145999199, 0.0 ] } },
{ "type": "Feature", "properties": { "PKs": "384+400" }, "geometry": { "type": "Point", "coordinates": [ -99.606631759542793, 27.486436468527, 0.0 ] } },
{ "type": "Feature", "properties": { "PKs": "384+300" }, "geometry": { "type": "Point", "coordinates": [ -99.607598141317993, 27.4861677803814, 0.0 ] } },
{ "type": "Feature", "properties": { "PKs": "384+200" }, "geometry": { "type": "Point", "coordinates": [ -99.608564518278698, 27.4858990855919, 0.0 ] } },
{ "type": "Feature", "properties": { "PKs": "384+100" }, "geometry": { "type": "Point", "coordinates": [ -99.609530890424594, 27.485630384158799, 0.0 ] } },
{ "type": "Feature", "properties": { "PKs": "392" }, "geometry": { "type": "Point", "coordinates": [ -99.537062509375502, 27.4638915167954, 0.0 ] } },
{ "type": "Feature", "properties": { "PKs": "391" }, "geometry": { "type": "Point", "coordinates": [ -99.545623547443398, 27.4687009444281, 0.0 ] } },
{ "type": "Feature", "properties": { "PKs": "390" }, "geometry": { "type": "Point", "coordinates": [ -99.554191061199305, 27.473512998018801, 0.0 ] } },
{ "type": "Feature", "properties": { "PKs": "389" }, "geometry": { "type": "Point", "coordinates": [ -99.562756444080605, 27.478322926986898, 0.0 ] } },
{ "type": "Feature", "properties": { "PKs": "388" }, "geometry": { "type": "Point", "coordinates": [ -99.571322564997402, 27.4831323144302, 0.0 ] } },
{ "type": "Feature", "properties": { "PKs": "387" }, "geometry": { "type": "Point", "coordinates": [ -99.580873018411793, 27.486257485333098, 0.0 ] } },
{ "type": "Feature", "properties": { "PKs": "386" }, "geometry": { "type": "Point", "coordinates": [ -99.590639502919799, 27.488524086277199, 0.0 ] } },
{ "type": "Feature", "properties": { "PKs": "384" }, "geometry": { "type": "Point", "coordinates": [ -99.610857809500303, 27.4860844661772, 0.0 ] } },
{ "type": "Feature", "properties": { "PKs": "37+000" }, "geometry": { "type": "Point", "coordinates": [ -100.946779805470001, 25.559183192445001, 0.0 ] } }
]
}
