{
"type": "FeatureCollection",
"name": "segmento_18",
"crs": { "type": "name", "properties": { "name": "urn:ogc:def:crs:OGC:1.3:CRS84" } },
"features": [
{ "type": "Feature", "properties": { "fid": 6, "ID": "6", "NOM_SEDATU": "SNL-LAM-015", "PROPIETARIO": "ND", "SEGMENTO": "18", "ESTRUCTURA": null, "TIPO DE PROPIEDAD": null, "EJIDO": null, "KM INICIO": null, "KM FIN": null, "KM LINEALE": null, "KM EFECTIV": null, "M2": null, "AREA_M2": 50.015, "IDENTIFICA": null, "ESTATUS": null, "ANUENCIA": null, "LEVANTAMIE": null, "NEGOCIACION": null, "C.O.P": null, "ESTATUS AC": null, "OBSERVACIO": null, "EXCEL": null }, "geometry": { "type": "MultiPolygon", "coordinates": [ [ [ [ -100.486462710496014, 27.068680618140899, 0.0 ], [ -100.485423517260813, 27.066945042493586, 0.0 ], [ -100.486462713501197, 27.068680615084791, 0.0 ], [ -100.487089732944128, 27.069727771156579, 0.0 ], [ -100.486462710496014, 27.068680618140899, 0.0 ] ] ], [ [ [ -100.488131972066753, 27.071468306755044, 0.0 ], [ -100.489167671824106, 27.07318907815128, 0.0 ], [ -100.489164113088208, 27.073191939939068, 0.0 ], [ -100.488131972066753, 27.071468306755044, 0.0 ] ] ] ] } },
{ "type": "Feature", "properties": { "fid": 12, "ID": "12", "NOM_SEDATU": "ND-33", "PROPIETARIO": "Desconocido", "SEGMENTO": "18", "ESTRUCTURA": null, "TIPO DE PROPIEDAD": null, "EJIDO": null, "KM INICIO": null, "KM FIN": null, "KM LINEALE": null, "KM EFECTIV": null, "M2": null, "AREA_M2": 601225.503, "IDENTIFICA": null, "ESTATUS": null, "ANUENCIA": null, "LEVANTAMIE": null, "NEGOCIACION": null, "C.O.P": null, "ESTATUS AC": null, "OBSERVACIO": null, "EXCEL": null }, "geometry": { "type": "MultiPolygon", "coordinates": [ [ [ [ -100.494592212399994, 27.068387421400022, 0.0 ], [ -100.4814518604, 27.061789102600009, 0.0 ], [ -100.483589107500009, 27.058685524900017, 0.0 ], [ -100.496593058399995, 27.065214700200016, 0.0 ], [ -100.495024886500005, 27.067796299899999, 0.0 ], [ -100.494592212399994, 27.068387421400022, 0.0 ] ] ] ] } },
{ "type": "Feature", "properties": { "fid": 16, "ID": "16", "NOM_SEDATU": "ND-32", "PROPIETARIO": "ND", "SEGMENTO": "18", "ESTRUCTURA": null, "TIPO DE PROPIEDAD": null, "EJIDO": null, "KM INICIO": null, "KM FIN": null, "KM LINEALE": null, "KM EFECTIV": null, "M2": null, "AREA_M2": 567425.992, "IDENTIFICA": null, "ESTATUS": null, "ANUENCIA": null, "LEVANTAMIE": null, "NEGOCIACION": null, "C.O.P": null, "ESTATUS AC": null, "OBSERVACIO": null, "EXCEL": null }, "geometry": { "type": "MultiPolygon", "coordinates": [ [ [ [ -100.511662564101002, 26.925380765285194, 0.0 ], [ -100.512024839750836, 26.929761441404246, 0.0 ], [ -100.5026067453, 26.9305772451, 0.0 ], [ -100.502203891199997, 26.926441672800006, 0.0 ], [ -100.502947793299995, 26.926347281, 0.0 ], [ -100.503256373200003, 26.925371956899983, 0.0 ], [ -100.503088553312764, 26.923739513124147, 0.0 ], [ -100.511662564101002, 26.925380765285194, 0.0 ] ] ] ] } },
{ "type": "Feature", "properties": { "fid": 17, "ID": "17", "NOM_SEDATU": "SNL-LAM-004", "PROPIETARIO": "Cayetano Benito Villarreal Hernandez", "SEGMENTO": "18", "ESTRUCTURA": "DDV Troncal", "TIPO DE PROPIEDAD": "Social", "EJIDO": "N/A", "KM INICIO": 271.29285, "KM FIN": 271.39315, "KM LINEALE": 0.1003, "KM EFECTIV": 0.1003, "M2": 103.783, "AREA_M2": 601082.747, "IDENTIFICA": false, "ESTATUS": null, "ANUENCIA": false, "LEVANTAMIE": "CONCLUIDO", "NEGOCIACION": false, "C.O.P": "NO", "ESTATUS AC": null, "OBSERVACIO": null, "EXCEL": "SI" }, "geometry": { "type": "MultiPolygon", "coordinates": [ [ [ [ -100.507148137300007, 26.975344603099998, 0.0 ], [ -100.506541100299998, 26.969151630700001, 0.0 ], [ -100.515293683899998, 26.96831119039998, 0.0 ], [ -100.515848034499996, 26.974531680000045, 0.0 ], [ -100.507148137300007, 26.975344603099998, 0.0 ] ] ] ] } },
{ "type": "Feature", "properties": { "fid": 18, "ID": "18", "NOM_SEDATU": "ND-28", "PROPIETARIO": "ND", "SEGMENTO": "18", "ESTRUCTURA": null, "TIPO DE PROPIEDAD": null, "EJIDO": null, "KM INICIO": null, "KM FIN": null, "KM LINEALE": null, "KM EFECTIV": null, "M2": null, "AREA_M2": 503103.842, "IDENTIFICA": null, "ESTATUS": null, "ANUENCIA": null, "LEVANTAMIE": null, "NEGOCIACION": null, "C.O.P": null, "ESTATUS AC": null, "OBSERVACIO": null, "EXCEL": null }, "geometry": { "type": "MultiPolygon", "coordinates": [ [ [ [ -100.513812233300001, 26.951478590300006, 0.0 ], [ -100.504793853400002, 26.952313320199963, 0.0 ], [ -100.504300358400002, 26.947310371100009, 0.0 ], [ -100.513377961100005, 26.946460518400016, 0.0 ], [ -100.513812233300001, 26.951478590300006, 0.0 ] ] ] ] } },
{ "type": "Feature", "properties": { "fid": 19, "ID": "19", "NOM_SEDATU": "ND-27", "PROPIETARIO": "ND", "SEGMENTO": "18", "ESTRUCTURA": null, "TIPO DE PROPIEDAD": null, "EJIDO": null, "KM INICIO": null, "KM FIN": null, "KM LINEALE": null, "KM EFECTIV": null, "M2": null, "AREA_M2": 602366.519, "IDENTIFICA": null, "ESTATUS": null, "ANUENCIA": null, "LEVANTAMIE": null, "NEGOCIACION": null, "C.O.P": null, "ESTATUS AC": null, "OBSERVACIO": null, "EXCEL": null }, "geometry": { "type": "MultiPolygon", "coordinates": [ [ [ [ -100.515341807900001, 26.993523560199979, 0.0 ], [ -100.513279258500006, 26.997291106199995, 0.0 ], [ -100.512890597400002, 26.997296437200006, 0.0 ], [ -100.512784378199996, 26.997612757499994, 0.0 ], [ -100.513151972800003, 26.998892147100008, 0.0 ], [ -100.509552911200004, 26.999211542799994, 0.0 ], [ -100.508596387300003, 26.990358208900005, 0.0 ], [ -100.517072118399994, 26.989856206500004, 0.0 ], [ -100.517414146600004, 26.993584216700008, 0.0 ], [ -100.515341807900001, 26.993523560199979, 0.0 ] ] ] ] } },
{ "type": "Feature", "properties": { "fid": 20, "ID": "20", "NOM_SEDATU": "SNL-LAM-006", "PROPIETARIO": "ND", "SEGMENTO": "18", "ESTRUCTURA": null, "TIPO DE PROPIEDAD": null, "EJIDO": null, "KM INICIO": null, "KM FIN": null, "KM LINEALE": null, "KM EFECTIV": null, "M2": null, "AREA_M2": 427430.319, "IDENTIFICA": null, "ESTATUS": null, "ANUENCIA": null, "LEVANTAMIE": null, "NEGOCIACION": null, "C.O.P": null, "ESTATUS AC": null, "OBSERVACIO": null, "EXCEL": null }, "geometry": { "type": "MultiPolygon", "coordinates": [ [ [ [ -100.508596387300003, 26.990358208900005, 0.0 ], [ -100.508104349, 26.984964367100009, 0.0 ], [ -100.513748307399993, 26.98491774010002, 0.0 ], [ -100.513791633300002, 26.986731579500002, 0.0 ], [ -100.516827498500007, 26.986713555500007, 0.0 ], [ -100.517072118399994, 26.989856206500004, 0.0 ], [ -100.508596387300003, 26.990358208900005, 0.0 ] ] ] ] } },
{ "type": "Feature", "properties": { "fid": 21, "ID": "21", "NOM_SEDATU": "ND-29", "PROPIETARIO": "ND", "SEGMENTO": "18", "ESTRUCTURA": null, "TIPO DE PROPIEDAD": null, "EJIDO": null, "KM INICIO": null, "KM FIN": null, "KM LINEALE": null, "KM EFECTIV": null, "M2": null, "AREA_M2": 123121.22, "IDENTIFICA": null, "ESTATUS": null, "ANUENCIA": null, "LEVANTAMIE": null, "NEGOCIACION": null, "C.O.P": null, "ESTATUS AC": null, "OBSERVACIO": null, "EXCEL": null }, "geometry": { "type": "MultiPolygon", "coordinates": [ [ [ [ -100.515385481699994, 26.997163696900028, 0.0 ], [ -100.514987526300004, 26.997379129100011, 0.0 ], [ -100.514586778500004, 26.997353191100011, 0.0 ], [ -100.514611701, 26.996923238300027, 0.0 ], [ -100.513440798200008, 26.997128712399995, 0.0 ], [ -100.515341807900001, 26.993523560199979, 0.0 ], [ -100.517414146600004, 26.993584216700008, 0.0 ], [ -100.517626375299997, 26.997167585700005, 0.0 ], [ -100.516230109299997, 26.997052327499947, 0.0 ], [ -100.515385481699994, 26.997163696900028, 0.0 ] ] ] ] } },
{ "type": "Feature", "properties": { "fid": 22, "ID": "22", "NOM_SEDATU": "ND-31", "PROPIETARIO": "ND", "SEGMENTO": "18", "ESTRUCTURA": null, "TIPO DE PROPIEDAD": null, "EJIDO": null, "KM INICIO": null, "KM FIN": null, "KM LINEALE": null, "KM EFECTIV": null, "M2": null, "AREA_M2": 607687.58, "IDENTIFICA": null, "ESTATUS": null, "ANUENCIA": null, "LEVANTAMIE": null, "NEGOCIACION": null, "C.O.P": null, "ESTATUS AC": null, "OBSERVACIO": null, "EXCEL": null }, "geometry": { "type": "MultiPolygon", "coordinates": [ [ [ [ -100.506541100299998, 26.969151630700001, 0.0 ], [ -100.505891421100003, 26.962947168900019, 0.0 ], [ -100.514779516600001, 26.962101542399967, 0.0 ], [ -100.515293683899998, 26.96831119039998, 0.0 ], [ -100.506541100299998, 26.969151630700001, 0.0 ] ] ] ] } },
{ "type": "Feature", "properties": { "fid": 31, "ID": "31", "NOM_SEDATU": "SNL-LAM-014", "PROPIETARIO": "Angel Macias Garza", "SEGMENTO": "18", "ESTRUCTURA": "DDV Troncal", "TIPO DE PROPIEDAD": "Privada", "EJIDO": "N/A", "KM INICIO": 238.89065, "KM FIN": 284.64739, "KM LINEALE": 45.75674, "KM EFECTIV": 45.75674, "M2": 1005.926, "AREA_M2": 614293.719, "IDENTIFICA": false, "ESTATUS": null, "ANUENCIA": false, "LEVANTAMIE": null, "NEGOCIACION": false, "C.O.P": "NO", "ESTATUS AC": "Sin información de propietario", "OBSERVACIO": null, "EXCEL": "SI" }, "geometry": { "type": "MultiPolygon", "coordinates": [ [ [ [ -100.488130399403005, 27.07146568042792, 0.0 ], [ -100.488130343281924, 27.071465586707465, 0.0 ], [ -100.48914, 27.07025, 0.0 ], [ -100.489141, 27.070245, 0.0 ], [ -100.489176, 27.069932, 0.0 ], [ -100.489191, 27.069791, 0.0 ], [ -100.489194, 27.069769, 0.0 ], [ -100.489117, 27.069767, 0.0 ], [ -100.488978, 27.069763, 0.0 ], [ -100.488838, 27.069758, 0.0 ], [ -100.488683, 27.06929, 0.0 ], [ -100.488679, 27.069278, 0.0 ], [ -100.488542, 27.068865, 0.0 ], [ -100.48854, 27.068861, 0.0 ], [ -100.488457, 27.068776, 0.0 ], [ -100.487751, 27.068058, 0.0 ], [ -100.487445, 27.067746, 0.0 ], [ -100.487426, 27.067726, 0.0 ], [ -100.487302, 27.067849, 0.0 ], [ -100.487225, 27.067926, 0.0 ], [ -100.486463, 27.068681, 0.0 ], [ -100.485468822799817, 27.067020709299435, 0.0 ], [ -100.484245181877, 27.064977013609504, 0.0 ], [ -100.480743360359995, 27.067861453343205, 0.0 ], [ -100.479396783943088, 27.065609570546595, 0.0 ], [ -100.47916, 27.065211, 0.0 ], [ -100.481483, 27.061842, 0.0 ], [ -100.494585587431118, 27.068393297232642, 0.0 ], [ -100.489774362747269, 27.072660165310729, 0.0 ], [ -100.489168, 27.073189, 0.0 ], [ -100.488228300334455, 27.071629173405881, 0.0 ], [ -100.488130399403005, 27.07146568042792, 0.0 ] ] ] ] } },
{ "type": "Feature", "properties": { "fid": 32, "ID": "32", "NOM_SEDATU": "SNL-LAM-013", "PROPIETARIO": "Raul Cruz Cruz", "SEGMENTO": "18", "ESTRUCTURA": "DDV Troncal", "TIPO DE PROPIEDAD": "Social", "EJIDO": "N/A", "KM INICIO": 283.07843, "KM FIN": 283.48605, "KM LINEALE": 0.40761999999995202, "KM EFECTIV": 0.40761999999995202, "M2": 459.185, "AREA_M2": 204727.304, "IDENTIFICA": false, "ESTATUS": null, "ANUENCIA": false, "LEVANTAMIE": null, "NEGOCIACION": false, "C.O.P": "NO", "ESTATUS AC": null, "OBSERVACIO": null, "EXCEL": "SI,VERIFICAR PROPIETARIOS." }, "geometry": { "type": "MultiPolygon", "coordinates": [ [ [ [ -100.498506, 27.062002, 0.0 ], [ -100.485702, 27.055517, 0.0 ], [ -100.486443, 27.054422, 0.0 ], [ -100.499186, 27.060902, 0.0 ], [ -100.498506, 27.062002, 0.0 ] ] ] ] } },
{ "type": "Feature", "properties": { "fid": 33, "ID": "33", "NOM_SEDATU": "SNL-LAM-012", "PROPIETARIO": "Alfredo González Veliz", "SEGMENTO": "18", "ESTRUCTURA": "DDV Troncal", "TIPO DE PROPIEDAD": "Privada", "EJIDO": "N/A", "KM INICIO": 282.53118, "KM FIN": 282.93867, "KM LINEALE": 0.40749, "KM EFECTIV": 0.40749, "M2": 1126.326, "AREA_M2": 865959.295, "IDENTIFICA": false, "ESTATUS": null, "ANUENCIA": false, "LEVANTAMIE": null, "NEGOCIACION": false, "C.O.P": "NO", "ESTATUS AC": null, "OBSERVACIO": null, "EXCEL": "SI" }, "geometry": { "type": "MultiPolygon", "coordinates": [ [ [ [ -100.500188636746529, 27.059294937658056, 0.0 ], [ -100.499186, 27.060902, 0.0 ], [ -100.486443, 27.054422, 0.0 ], [ -100.490465, 27.048637, 0.0 ], [ -100.492162, 27.049195, 0.0 ], [ -100.491771, 27.050168, 0.0 ], [ -100.493822825490483, 27.050820898461009, 0.0 ], [ -100.495554063453994, 27.052599589608104, 0.0 ], [ -100.495581317941003, 27.052531323215661, 0.0 ], [ -100.497399357910112, 27.053215370961063, 0.0 ], [ -100.498675, 27.055434, 0.0 ], [ -100.49894, 27.057045, 0.0 ], [ -100.499063201751198, 27.057080064429499, 0.0 ], [ -100.499074390575004, 27.057139435282298, 0.0 ], [ -100.500299859320748, 27.05743242252403, 0.0 ], [ -100.500442, 27.057473, 0.0 ], [ -100.501189229762659, 27.057647450591791, 0.0 ], [ -100.500188636746529, 27.059294937658056, 0.0 ] ] ] ] } },
{ "type": "Feature", "properties": { "fid": 34, "ID": "34", "NOM_SEDATU": "SNL-LAM-015", "PROPIETARIO": "ND", "SEGMENTO": "18", "ESTRUCTURA": null, "TIPO DE PROPIEDAD": null, "EJIDO": null, "KM INICIO": null, "KM FIN": null, "KM LINEALE": null, "KM EFECTIV": null, "M2": null, "AREA_M2": 49.146, "IDENTIFICA": null, "ESTATUS": null, "ANUENCIA": null, "LEVANTAMIE": null, "NEGOCIACION": null, "C.O.P": null, "ESTATUS AC": null, "OBSERVACIO": null, "EXCEL": null }, "geometry": { "type": "MultiPolygon", "coordinates": [ [ [ [ -100.486462710496014, 27.068680618140899, 0.0 ], [ -100.485468822799817, 27.067020709299435, 0.0 ], [ -100.486463, 27.068681, 0.0 ], [ -100.486618679011343, 27.06894109386219, 0.0 ], [ -100.486462710496014, 27.068680618140899, 0.0 ] ] ], [ [ [ -100.488228300334455, 27.071629173405881, 0.0 ], [ -100.489168, 27.073189, 0.0 ], [ -100.489164188080096, 27.073192065170403, 0.0 ], [ -100.488228300334455, 27.071629173405881, 0.0 ] ] ] ] } },
{ "type": "Feature", "properties": { "fid": 36, "ID": "36", "NOM_SEDATU": "SNL-LAM-005", "PROPIETARIO": "Antonio García González", "SEGMENTO": "18", "ESTRUCTURA": "DDV Troncal", "TIPO DE PROPIEDAD": "Privada", "EJIDO": "N/A", "KM INICIO": 273.31713, "KM FIN": 274.20047, "KM LINEALE": 0.88333999999997603, "KM EFECTIV": 0.88333999999997603, "M2": 7959.337, "AREA_M2": 603803.625, "IDENTIFICA": false, "ESTATUS": null, "ANUENCIA": false, "LEVANTAMIE": null, "NEGOCIACION": false, "C.O.P": "NO", "ESTATUS AC": null, "OBSERVACIO": null, "EXCEL": "SI" }, "geometry": { "type": "MultiPolygon", "coordinates": [ [ [ [ -100.507789, 26.983086, 0.0 ], [ -100.507456, 26.979587, 0.0 ], [ -100.516102, 26.978789, 0.0 ], [ -100.516729, 26.986697, 0.0 ], [ -100.513802, 26.986696, 0.0 ], [ -100.513756, 26.984913, 0.0 ], [ -100.507994, 26.984964, 0.0 ], [ -100.507789, 26.983086, 0.0 ] ] ] ] } },
{ "type": "Feature", "properties": { "fid": 38, "ID": "38", "NOM_SEDATU": "SNL-LAM-006-1", "PROPIETARIO": "Fermin Hernandez Peña", "SEGMENTO": "18", "ESTRUCTURA": "DDV Troncal", "TIPO DE PROPIEDAD": "Privada", "EJIDO": "N/A", "KM INICIO": 274.20047, "KM FIN": 274.54949, "KM LINEALE": 0.34902, "KM EFECTIV": 0.34902, "M2": 2131.163, "AREA_M2": 4848.321, "IDENTIFICA": true, "ESTATUS": null, "ANUENCIA": null, "LEVANTAMIE": null, "NEGOCIACION": null, "C.O.P": "NO", "ESTATUS AC": null, "OBSERVACIO": null, "EXCEL": "SI" }, "geometry": { "type": "MultiPolygon", "coordinates": [ [ [ [ -100.518636285983007, 27.003962958205104, 0.0 ], [ -100.521798011998001, 27.004098054130388, 0.0 ], [ -100.522111181354006, 27.00309243533599, 0.0 ], [ -100.523498776883628, 26.998636493978189, 0.0 ], [ -100.523592, 26.998654, 0.0 ], [ -100.522156, 27.003045, 0.0 ], [ -100.521797, 27.004142, 0.0 ], [ -100.518639855733753, 27.004004090896281, 0.0 ], [ -100.518636285983007, 27.003962958205104, 0.0 ] ] ] ] } },
{ "type": "Feature", "properties": { "fid": 40, "ID": "40", "NOM_SEDATU": "SNL-LAM-011-1-GS", "PROPIETARIO": "ND", "SEGMENTO": "18", "ESTRUCTURA": null, "TIPO DE PROPIEDAD": null, "EJIDO": null, "KM INICIO": null, "KM FIN": null, "KM LINEALE": null, "KM EFECTIV": null, "M2": null, "AREA_M2": 0.994, "IDENTIFICA": null, "ESTATUS": null, "ANUENCIA": null, "LEVANTAMIE": null, "NEGOCIACION": null, "C.O.P": null, "ESTATUS AC": null, "OBSERVACIO": null, "EXCEL": null }, "geometry": { "type": "MultiPolygon", "coordinates": [ [ [ [ -100.501191910038997, 27.057643037418593, 0.0 ], [ -100.501190081402115, 27.057646048336228, 0.0 ], [ -100.501139377439699, 27.057630668807786, 0.0 ], [ -100.501191910038997, 27.057643037418593, 0.0 ] ] ] ] } },
{ "type": "Feature", "properties": { "fid": 41, "ID": "41", "NOM_SEDATU": "SNL-LAM-011-2-GS", "PROPIETARIO": "ND", "SEGMENTO": "18", "ESTRUCTURA": null, "TIPO DE PROPIEDAD": null, "EJIDO": null, "KM INICIO": null, "KM FIN": null, "KM LINEALE": null, "KM EFECTIV": null, "M2": null, "AREA_M2": 0.994, "IDENTIFICA": null, "ESTATUS": null, "ANUENCIA": null, "LEVANTAMIE": null, "NEGOCIACION": null, "C.O.P": null, "ESTATUS AC": null, "OBSERVACIO": null, "EXCEL": null }, "geometry": { "type": "MultiPolygon", "coordinates": [ [ [ [ -100.501191910038997, 27.057643037418593, 0.0 ], [ -100.501190081402115, 27.057646048336228, 0.0 ], [ -100.501139377439699, 27.057630668807786, 0.0 ], [ -100.501191910038997, 27.057643037418593, 0.0 ] ] ] ] } },
{ "type": "Feature", "properties": { "fid": 43, "ID": "43", "NOM_SEDATU": "ND-36", "PROPIETARIO": "Desconocido", "SEGMENTO": "18", "ESTRUCTURA": null, "TIPO DE PROPIEDAD": null, "EJIDO": null, "KM INICIO": null, "KM FIN": null, "KM LINEALE": null, "KM EFECTIV": null, "M2": null, "AREA_M2": 240070.342, "IDENTIFICA": null, "ESTATUS": null, "ANUENCIA": null, "LEVANTAMIE": null, "NEGOCIACION": null, "C.O.P": null, "ESTATUS AC": null, "OBSERVACIO": null, "EXCEL": "NO" }, "geometry": { "type": "MultiPolygon", "coordinates": [ [ [ [ -100.496593058409999, 27.065214700320233, 0.0 ], [ -100.496592905543281, 27.065214951982938, 0.0 ], [ -100.486478, 27.0600725, 0.0 ], [ -100.483589, 27.058686, 0.0 ], [ -100.4847185, 27.057072400000024, 0.0 ], [ -100.486993, 27.058238, 0.0 ], [ -100.4885594, 27.0591935, 0.0 ], [ -100.4970567, 27.0643527, 0.0 ], [ -100.496593954204954, 27.065213225567547, 0.0 ], [ -100.496593058409999, 27.065214700320233, 0.0 ] ] ] ] } },
{ "type": "Feature", "properties": { "fid": 50, "ID": "50", "NOM_SEDATU": "SNL-LAM-015", "PROPIETARIO": "ND", "SEGMENTO": "18", "ESTRUCTURA": null, "TIPO DE PROPIEDAD": null, "EJIDO": null, "KM INICIO": null, "KM FIN": null, "KM LINEALE": null, "KM EFECTIV": null, "M2": null, "AREA_M2": 50.015, "IDENTIFICA": null, "ESTATUS": null, "ANUENCIA": null, "LEVANTAMIE": null, "NEGOCIACION": null, "C.O.P": null, "ESTATUS AC": null, "OBSERVACIO": null, "EXCEL": null }, "geometry": { "type": "MultiPolygon", "coordinates": [ [ [ [ -100.486462710496014, 27.068680618140899, 0.0 ], [ -100.485423517260813, 27.066945042493586, 0.0 ], [ -100.486462713501197, 27.068680615084791, 0.0 ], [ -100.487089732944128, 27.069727771156579, 0.0 ], [ -100.486462710496014, 27.068680618140899, 0.0 ] ] ], [ [ [ -100.488131972066753, 27.071468306755044, 0.0 ], [ -100.489167671824106, 27.07318907815128, 0.0 ], [ -100.489164113088208, 27.073191939939068, 0.0 ], [ -100.488131972066753, 27.071468306755044, 0.0 ] ] ] ] } },
{ "type": "Feature", "properties": { "fid": 54, "ID": "54", "NOM_SEDATU": "ND-30", "PROPIETARIO": "ND", "SEGMENTO": "18", "ESTRUCTURA": null, "TIPO DE PROPIEDAD": null, "EJIDO": null, "KM INICIO": null, "KM FIN": null, "KM LINEALE": null, "KM EFECTIV": null, "M2": null, "AREA_M2": 405866.023, "IDENTIFICA": null, "ESTATUS": null, "ANUENCIA": null, "LEVANTAMIE": null, "NEGOCIACION": null, "C.O.P": null, "ESTATUS AC": null, "OBSERVACIO": null, "EXCEL": null }, "geometry": { "type": "MultiPolygon", "coordinates": [ [ [ [ -100.507571135500015, 26.979568329200042, 0.0 ], [ -100.507148137300007, 26.975344603099998, 0.0 ], [ -100.515848034499996, 26.974531680000045, 0.0 ], [ -100.516185565300006, 26.978760806599993, 0.0 ], [ -100.507571135500015, 26.979568329200042, 0.0 ] ] ] ] } },
{ "type": "Feature", "properties": { "fid": 57, "ID": "57", "NOM_SEDATU": "ND-35", "PROPIETARIO": "Jose Luis Santos Hernández", "SEGMENTO": "18", "ESTRUCTURA": null, "TIPO DE PROPIEDAD": null, "EJIDO": null, "KM INICIO": null, "KM FIN": null, "KM LINEALE": null, "KM EFECTIV": null, "M2": null, "AREA_M2": 215191.822, "IDENTIFICA": null, "ESTATUS": null, "ANUENCIA": null, "LEVANTAMIE": null, "NEGOCIACION": null, "C.O.P": null, "ESTATUS AC": null, "OBSERVACIO": null, "EXCEL": null }, "geometry": { "type": "MultiPolygon", "coordinates": [ [ [ [ -100.505005588700001, 26.954466712599999, 0.0 ], [ -100.504793853400002, 26.952313320199963, 0.0 ], [ -100.513812233300001, 26.951478590300006, 0.0 ], [ -100.514013258600002, 26.953626980300019, 0.0 ], [ -100.505005588700001, 26.954466712599999, 0.0 ] ] ] ] } },
{ "type": "Feature", "properties": { "fid": 58, "ID": "58", "NOM_SEDATU": "ND-24", "PROPIETARIO": "ND", "SEGMENTO": "18", "ESTRUCTURA": null, "TIPO DE PROPIEDAD": null, "EJIDO": null, "KM INICIO": null, "KM FIN": null, "KM LINEALE": null, "KM EFECTIV": null, "M2": null, "AREA_M2": 597147.195, "IDENTIFICA": null, "ESTATUS": null, "ANUENCIA": null, "LEVANTAMIE": null, "NEGOCIACION": null, "C.O.P": null, "ESTATUS AC": null, "OBSERVACIO": null, "EXCEL": null }, "geometry": { "type": "MultiPolygon", "coordinates": [ [ [ [ -100.513108877449994, 26.942799884348908, 0.0 ], [ -100.513108877517766, 26.942799884441634, 0.0 ], [ -100.513377961100005, 26.946460518400016, 0.0 ], [ -100.504300358400002, 26.947310371100009, 0.0 ], [ -100.503538477899994, 26.939801881200033, 0.0 ], [ -100.506121687469815, 26.940252010694742, 0.0 ], [ -100.506121687480999, 26.940252010779304, 0.0 ], [ -100.506181086864999, 26.940701068815422, 0.0 ], [ -100.513042120607849, 26.942049749188207, 0.0 ], [ -100.513056796109709, 26.942214655934293, 0.0 ], [ -100.513108877449994, 26.942799884348908, 0.0 ] ] ] ] } },
{ "type": "Feature", "properties": { "fid": 61, "ID": "61", "NOM_SEDATU": "SNL-LAM-004", "PROPIETARIO": "Cayetano Benito Villarreal Hernandez", "SEGMENTO": "18", "ESTRUCTURA": "DDV Troncal", "TIPO DE PROPIEDAD": "Social", "EJIDO": "N/A", "KM INICIO": 271.29285, "KM FIN": 271.39315, "KM LINEALE": 0.1003, "KM EFECTIV": 0.1003, "M2": 103.783, "AREA_M2": 601082.747, "IDENTIFICA": false, "ESTATUS": null, "ANUENCIA": false, "LEVANTAMIE": "CONCLUIDO", "NEGOCIACION": false, "C.O.P": "NO", "ESTATUS AC": null, "OBSERVACIO": null, "EXCEL": "SI" }, "geometry": { "type": "MultiPolygon", "coordinates": [ [ [ [ -100.507148137300007, 26.975344603099998, 0.0 ], [ -100.506541100299998, 26.969151630700001, 0.0 ], [ -100.515293683899998, 26.96831119039998, 0.0 ], [ -100.515848034499996, 26.974531680000045, 0.0 ], [ -100.507148137300007, 26.975344603099998, 0.0 ] ] ] ] } },
{ "type": "Feature", "properties": { "fid": 64, "ID": "64", "NOM_SEDATU": "SNL-LAM-006", "PROPIETARIO": "ND", "SEGMENTO": "18", "ESTRUCTURA": null, "TIPO DE PROPIEDAD": null, "EJIDO": null, "KM INICIO": null, "KM FIN": null, "KM LINEALE": null, "KM EFECTIV": null, "M2": null, "AREA_M2": 427430.319, "IDENTIFICA": null, "ESTATUS": null, "ANUENCIA": null, "LEVANTAMIE": null, "NEGOCIACION": null, "C.O.P": null, "ESTATUS AC": null, "OBSERVACIO": null, "EXCEL": null }, "geometry": { "type": "MultiPolygon", "coordinates": [ [ [ [ -100.508596387300003, 26.990358208900005, 0.0 ], [ -100.508104349, 26.984964367100009, 0.0 ], [ -100.513748307399993, 26.98491774010002, 0.0 ], [ -100.513791633300002, 26.986731579500002, 0.0 ], [ -100.516827498500007, 26.986713555500007, 0.0 ], [ -100.517072118399994, 26.989856206500004, 0.0 ], [ -100.508596387300003, 26.990358208900005, 0.0 ] ] ] ] } },
{ "type": "Feature", "properties": { "fid": 67, "ID": "67", "NOM_SEDATU": "ND-25", "PROPIETARIO": "ND", "SEGMENTO": "18", "ESTRUCTURA": null, "TIPO DE PROPIEDAD": null, "EJIDO": null, "KM INICIO": null, "KM FIN": null, "KM LINEALE": null, "KM EFECTIV": null, "M2": null, "AREA_M2": 149500.834, "IDENTIFICA": null, "ESTATUS": null, "ANUENCIA": null, "LEVANTAMIE": null, "NEGOCIACION": null, "C.O.P": null, "ESTATUS AC": null, "OBSERVACIO": null, "EXCEL": null }, "geometry": { "type": "MultiPolygon", "coordinates": [ [ [ [ -100.505891421100003, 26.962947168900019, 0.0 ], [ -100.505736799900006, 26.961429772099969, 0.0 ], [ -100.514669555800012, 26.960593726500033, 0.0 ], [ -100.514779516600001, 26.962101542399967, 0.0 ], [ -100.505891421100003, 26.962947168900019, 0.0 ] ] ] ] } },
{ "type": "Feature", "properties": { "fid": 69, "ID": "69", "NOM_SEDATU": "ND-34", "PROPIETARIO": "Desconocido", "SEGMENTO": "18", "ESTRUCTURA": null, "TIPO DE PROPIEDAD": null, "EJIDO": null, "KM INICIO": null, "KM FIN": null, "KM LINEALE": null, "KM EFECTIV": null, "M2": null, "AREA_M2": 599449.934, "IDENTIFICA": null, "ESTATUS": null, "ANUENCIA": null, "LEVANTAMIE": null, "NEGOCIACION": null, "C.O.P": null, "ESTATUS AC": null, "OBSERVACIO": null, "EXCEL": "NO" }, "geometry": { "type": "MultiPolygon", "coordinates": [ [ [ [ -100.496593058409999, 27.065214700320233, 0.0 ], [ -100.496593057997771, 27.065214700998883, 0.0 ], [ -100.483589107500009, 27.058685524900017, 0.0 ], [ -100.485757721799999, 27.05554010380002, 0.0 ], [ -100.498556019299997, 27.061982966, 0.0 ], [ -100.496655921197515, 27.065111208829649, 0.0 ], [ -100.496593058409999, 27.065214700320233, 0.0 ] ] ] ] } },
{ "type": "Feature", "properties": { "fid": 71, "ID": "71", "NOM_SEDATU": "ND-23", "PROPIETARIO": "Inocencio Fraga Castillo", "SEGMENTO": "18", "ESTRUCTURA": null, "TIPO DE PROPIEDAD": null, "EJIDO": null, "KM INICIO": null, "KM FIN": null, "KM LINEALE": null, "KM EFECTIV": null, "M2": null, "AREA_M2": 586865.29, "IDENTIFICA": null, "ESTATUS": null, "ANUENCIA": null, "LEVANTAMIE": null, "NEGOCIACION": null, "C.O.P": null, "ESTATUS AC": null, "OBSERVACIO": null, "EXCEL": null }, "geometry": { "type": "MultiPolygon", "coordinates": [ [ [ [ -100.506074332308117, 26.939894028352914, 0.0 ], [ -100.50346, 26.939105, 0.0 ], [ -100.503156, 26.936338, 0.0 ], [ -100.502885, 26.933265, 0.0 ], [ -100.502593, 26.93063, 0.0 ], [ -100.512012, 26.92978, 0.0 ], [ -100.51242, 26.935302, 0.0 ], [ -100.508348464195677, 26.934483062790175, 0.0 ], [ -100.505276171649996, 26.933859991068701, 0.0 ], [ -100.505276856983173, 26.933865172401497, 0.0 ], [ -100.505276, 26.933865, 0.0 ], [ -100.505293961843108, 26.933994490337295, 0.0 ], [ -100.506074332308117, 26.939894028352914, 0.0 ] ] ] ] } },
{ "type": "Feature", "properties": { "fid": 75, "ID": "75", "NOM_SEDATU": "SNL-LAM-014", "PROPIETARIO": "Angel Macias Garza", "SEGMENTO": "18", "ESTRUCTURA": "DDV Troncal", "TIPO DE PROPIEDAD": "Privada", "EJIDO": "N/A", "KM INICIO": 238.89065, "KM FIN": 284.64739, "KM LINEALE": 45.75674, "KM EFECTIV": 45.75674, "M2": 1005.926, "AREA_M2": 614293.719, "IDENTIFICA": false, "ESTATUS": null, "ANUENCIA": false, "LEVANTAMIE": null, "NEGOCIACION": false, "C.O.P": "NO", "ESTATUS AC": "Sin información de propietario", "OBSERVACIO": null, "EXCEL": "SI" }, "geometry": { "type": "MultiPolygon", "coordinates": [ [ [ [ -100.488130399403005, 27.07146568042792, 0.0 ], [ -100.488130343281924, 27.071465586707465, 0.0 ], [ -100.48914, 27.07025, 0.0 ], [ -100.489141, 27.070245, 0.0 ], [ -100.489176, 27.069932, 0.0 ], [ -100.489191, 27.069791, 0.0 ], [ -100.489194, 27.069769, 0.0 ], [ -100.489117, 27.069767, 0.0 ], [ -100.488978, 27.069763, 0.0 ], [ -100.488838, 27.069758, 0.0 ], [ -100.488683, 27.06929, 0.0 ], [ -100.488679, 27.069278, 0.0 ], [ -100.488542, 27.068865, 0.0 ], [ -100.48854, 27.068861, 0.0 ], [ -100.488457, 27.068776, 0.0 ], [ -100.487751, 27.068058, 0.0 ], [ -100.487445, 27.067746, 0.0 ], [ -100.487426, 27.067726, 0.0 ], [ -100.487302, 27.067849, 0.0 ], [ -100.487225, 27.067926, 0.0 ], [ -100.486463, 27.068681, 0.0 ], [ -100.485468822799817, 27.067020709299435, 0.0 ], [ -100.484245181877, 27.064977013609504, 0.0 ], [ -100.480743360359995, 27.067861453343205, 0.0 ], [ -100.479396783943088, 27.065609570546595, 0.0 ], [ -100.47916, 27.065211, 0.0 ], [ -100.481483, 27.061842, 0.0 ], [ -100.494585587431118, 27.068393297232642, 0.0 ], [ -100.489774362747269, 27.072660165310729, 0.0 ], [ -100.489168, 27.073189, 0.0 ], [ -100.488228300334455, 27.071629173405881, 0.0 ], [ -100.488130399403005, 27.07146568042792, 0.0 ] ] ] ] } },
{ "type": "Feature", "properties": { "fid": 76, "ID": "76", "NOM_SEDATU": "SNL-LAM-013", "PROPIETARIO": "Raul Cruz Cruz", "SEGMENTO": "18", "ESTRUCTURA": "DDV Troncal", "TIPO DE PROPIEDAD": "Social", "EJIDO": "N/A", "KM INICIO": 283.07843, "KM FIN": 283.48605, "KM LINEALE": 0.40761999999995202, "KM EFECTIV": 0.40761999999995202, "M2": 459.185, "AREA_M2": 204727.304, "IDENTIFICA": false, "ESTATUS": null, "ANUENCIA": false, "LEVANTAMIE": null, "NEGOCIACION": false, "C.O.P": "NO", "ESTATUS AC": null, "OBSERVACIO": null, "EXCEL": "SI" }, "geometry": { "type": "MultiPolygon", "coordinates": [ [ [ [ -100.498506, 27.062002, 0.0 ], [ -100.485702, 27.055517, 0.0 ], [ -100.486443, 27.054422, 0.0 ], [ -100.499186, 27.060902, 0.0 ], [ -100.498506, 27.062002, 0.0 ] ] ] ] } },
{ "type": "Feature", "properties": { "fid": 77, "ID": "77", "NOM_SEDATU": "SNL-LAM-012", "PROPIETARIO": "Alfredo González Veliz", "SEGMENTO": "18", "ESTRUCTURA": "DDV Troncal", "TIPO DE PROPIEDAD": "Privada", "EJIDO": "N/A", "KM INICIO": 282.53118, "KM FIN": 282.93867, "KM LINEALE": 0.40749, "KM EFECTIV": 0.40749, "M2": 1126.326, "AREA_M2": 865959.295, "IDENTIFICA": false, "ESTATUS": null, "ANUENCIA": false, "LEVANTAMIE": null, "NEGOCIACION": false, "C.O.P": "NO", "ESTATUS AC": null, "OBSERVACIO": null, "EXCEL": "SI" }, "geometry": { "type": "MultiPolygon", "coordinates": [ [ [ [ -100.500188636746529, 27.059294937658056, 0.0 ], [ -100.499186, 27.060902, 0.0 ], [ -100.486443, 27.054422, 0.0 ], [ -100.490465, 27.048637, 0.0 ], [ -100.492162, 27.049195, 0.0 ], [ -100.491771, 27.050168, 0.0 ], [ -100.493822825490483, 27.050820898461009, 0.0 ], [ -100.495554063453994, 27.052599589608104, 0.0 ], [ -100.495581317941003, 27.052531323215661, 0.0 ], [ -100.497399357910112, 27.053215370961063, 0.0 ], [ -100.498675, 27.055434, 0.0 ], [ -100.49894, 27.057045, 0.0 ], [ -100.499063201751198, 27.057080064429499, 0.0 ], [ -100.499074390575004, 27.057139435282298, 0.0 ], [ -100.500299859320748, 27.05743242252403, 0.0 ], [ -100.500442, 27.057473, 0.0 ], [ -100.501189229762659, 27.057647450591791, 0.0 ], [ -100.500188636746529, 27.059294937658056, 0.0 ] ] ] ] } },
{ "type": "Feature", "properties": { "fid": 78, "ID": "78", "NOM_SEDATU": "SNL-LAM-015", "PROPIETARIO": "ND", "SEGMENTO": "18", "ESTRUCTURA": null, "TIPO DE PROPIEDAD": null, "EJIDO": null, "KM INICIO": null, "KM FIN": null, "KM LINEALE": null, "KM EFECTIV": null, "M2": null, "AREA_M2": 49.146, "IDENTIFICA": null, "ESTATUS": null, "ANUENCIA": null, "LEVANTAMIE": null, "NEGOCIACION": null, "C.O.P": null, "ESTATUS AC": null, "OBSERVACIO": null, "EXCEL": null }, "geometry": { "type": "MultiPolygon", "coordinates": [ [ [ [ -100.486462710496014, 27.068680618140899, 0.0 ], [ -100.485468822799817, 27.067020709299435, 0.0 ], [ -100.486463, 27.068681, 0.0 ], [ -100.486618679011343, 27.06894109386219, 0.0 ], [ -100.486462710496014, 27.068680618140899, 0.0 ] ] ], [ [ [ -100.488228300334455, 27.071629173405881, 0.0 ], [ -100.489168, 27.073189, 0.0 ], [ -100.489164188080096, 27.073192065170403, 0.0 ], [ -100.488228300334455, 27.071629173405881, 0.0 ] ] ] ] } },
{ "type": "Feature", "properties": { "fid": 80, "ID": "80", "NOM_SEDATU": "SNL-LAM-005", "PROPIETARIO": "Antonio García González", "SEGMENTO": "18", "ESTRUCTURA": "DDV Troncal", "TIPO DE PROPIEDAD": "Privada", "EJIDO": "N/A", "KM INICIO": 273.31713, "KM FIN": 274.20047, "KM LINEALE": 0.88333999999997603, "KM EFECTIV": 0.88333999999997603, "M2": 7959.337, "AREA_M2": 603803.625, "IDENTIFICA": false, "ESTATUS": null, "ANUENCIA": false, "LEVANTAMIE": null, "NEGOCIACION": false, "C.O.P": "NO", "ESTATUS AC": null, "OBSERVACIO": null, "EXCEL": "SI" }, "geometry": { "type": "MultiPolygon", "coordinates": [ [ [ [ -100.507789, 26.983086, 0.0 ], [ -100.507456, 26.979587, 0.0 ], [ -100.516102, 26.978789, 0.0 ], [ -100.516729, 26.986697, 0.0 ], [ -100.513802, 26.986696, 0.0 ], [ -100.513756, 26.984913, 0.0 ], [ -100.507994, 26.984964, 0.0 ], [ -100.507789, 26.983086, 0.0 ] ] ] ] } },
{ "type": "Feature", "properties": { "fid": 81, "ID": "81", "NOM_SEDATU": "ND-22", "PROPIETARIO": "Carlos Santos Hernández", "SEGMENTO": "18", "ESTRUCTURA": null, "TIPO DE PROPIEDAD": null, "EJIDO": null, "KM INICIO": null, "KM FIN": null, "KM LINEALE": null, "KM EFECTIV": null, "M2": null, "AREA_M2": 589298.424, "IDENTIFICA": null, "ESTATUS": null, "ANUENCIA": null, "LEVANTAMIE": null, "NEGOCIACION": null, "C.O.P": null, "ESTATUS AC": null, "OBSERVACIO": null, "EXCEL": null }, "geometry": { "type": "MultiPolygon", "coordinates": [ [ [ [ -100.514454, 26.959311, 0.0 ], [ -100.514481, 26.959626, 0.0 ], [ -100.505569, 26.960458, 0.0 ], [ -100.505202, 26.956242, 0.0 ], [ -100.504982, 26.954486, 0.0 ], [ -100.51392, 26.953671, 0.0 ], [ -100.514454, 26.959311, 0.0 ] ] ] ] } },
{ "type": "Feature", "properties": { "fid": 82, "ID": "82", "NOM_SEDATU": "SNL-LAM-006-1", "PROPIETARIO": "Fermin Hernandez Peña", "SEGMENTO": "18", "ESTRUCTURA": "DDV Troncal", "TIPO DE PROPIEDAD": "Privada", "EJIDO": "N/A", "KM INICIO": 274.20047, "KM FIN": 274.54949, "KM LINEALE": 0.34902, "KM EFECTIV": 0.34902, "M2": 2131.163, "AREA_M2": 4848.321, "IDENTIFICA": true, "ESTATUS": null, "ANUENCIA": null, "LEVANTAMIE": null, "NEGOCIACION": null, "C.O.P": "NO", "ESTATUS AC": null, "OBSERVACIO": null, "EXCEL": "SI" }, "geometry": { "type": "MultiPolygon", "coordinates": [ [ [ [ -100.518636285983007, 27.003962958205104, 0.0 ], [ -100.521798011998001, 27.004098054130388, 0.0 ], [ -100.522111181354006, 27.00309243533599, 0.0 ], [ -100.523498776883628, 26.998636493978189, 0.0 ], [ -100.523592, 26.998654, 0.0 ], [ -100.522156, 27.003045, 0.0 ], [ -100.521797, 27.004142, 0.0 ], [ -100.518639855733753, 27.004004090896281, 0.0 ], [ -100.518636285983007, 27.003962958205104, 0.0 ] ] ] ] } },
{ "type": "Feature", "properties": { "fid": 84, "ID": "84", "NOM_SEDATU": "SNL-LAM-011-1-GS", "PROPIETARIO": "ND", "SEGMENTO": "18", "ESTRUCTURA": null, "TIPO DE PROPIEDAD": null, "EJIDO": null, "KM INICIO": null, "KM FIN": null, "KM LINEALE": null, "KM EFECTIV": null, "M2": null, "AREA_M2": 0.994, "IDENTIFICA": null, "ESTATUS": null, "ANUENCIA": null, "LEVANTAMIE": null, "NEGOCIACION": null, "C.O.P": null, "ESTATUS AC": null, "OBSERVACIO": null, "EXCEL": null }, "geometry": { "type": "MultiPolygon", "coordinates": [ [ [ [ -100.501191910038997, 27.057643037418593, 0.0 ], [ -100.501190081402115, 27.057646048336228, 0.0 ], [ -100.501139377439699, 27.057630668807786, 0.0 ], [ -100.501191910038997, 27.057643037418593, 0.0 ] ] ] ] } },
{ "type": "Feature", "properties": { "fid": 85, "ID": "85", "NOM_SEDATU": "SNL-LAM-011-2-GS", "PROPIETARIO": "ND", "SEGMENTO": "18", "ESTRUCTURA": null, "TIPO DE PROPIEDAD": null, "EJIDO": null, "KM INICIO": null, "KM FIN": null, "KM LINEALE": null, "KM EFECTIV": null, "M2": null, "AREA_M2": 0.994, "IDENTIFICA": null, "ESTATUS": null, "ANUENCIA": null, "LEVANTAMIE": null, "NEGOCIACION": null, "C.O.P": null, "ESTATUS AC": null, "OBSERVACIO": null, "EXCEL": null }, "geometry": { "type": "MultiPolygon", "coordinates": [ [ [ [ -100.501191910038997, 27.057643037418593, 0.0 ], [ -100.501190081402115, 27.057646048336228, 0.0 ], [ -100.501139377439699, 27.057630668807786, 0.0 ], [ -100.501191910038997, 27.057643037418593, 0.0 ] ] ] ] } },
{ "type": "Feature", "properties": { "fid": 89, "ID": "89", "NOM_SEDATU": "ND-07", "PROPIETARIO": null, "SEGMENTO": null, "ESTRUCTURA": null, "TIPO DE PROPIEDAD": null, "EJIDO": null, "KM INICIO": null, "KM FIN": null, "KM LINEALE": null, "KM EFECTIV": null, "M2": null, "AREA_M2": 110633616.8, "IDENTIFICA": null, "ESTATUS": null, "ANUENCIA": null, "LEVANTAMIE": null, "NEGOCIACION": null, "C.O.P": null, "ESTATUS AC": null, "OBSERVACIO": null, "EXCEL": null }, "geometry": { "type": "MultiPolygon", "coordinates": [ [ [ [ -100.487089732935942, 27.069727771142915, 0.0 ], [ -100.486609199311431, 27.068925256107196, 0.0 ], [ -100.486463, 27.068681, 0.0 ], [ -100.487225, 27.067926, 0.0 ], [ -100.487302, 27.067849, 0.0 ], [ -100.487426, 27.067726, 0.0 ], [ -100.487445, 27.067746, 0.0 ], [ -100.487751, 27.068058, 0.0 ], [ -100.488457, 27.068776, 0.0 ], [ -100.48854, 27.068861, 0.0 ], [ -100.488542, 27.068865, 0.0 ], [ -100.488679, 27.069278, 0.0 ], [ -100.488683, 27.06929, 0.0 ], [ -100.488838, 27.069758, 0.0 ], [ -100.488978, 27.069763, 0.0 ], [ -100.489117, 27.069767, 0.0 ], [ -100.489194, 27.069769, 0.0 ], [ -100.489191, 27.069791, 0.0 ], [ -100.489176, 27.069932, 0.0 ], [ -100.489141, 27.070245, 0.0 ], [ -100.48914, 27.07025, 0.0 ], [ -100.488130343281924, 27.071465586707465, 0.0 ], [ -100.487089732935942, 27.069727771142915, 0.0 ] ] ], [ [ [ -100.489167788619, 27.073198077823687, 0.0 ], [ -100.489164188080096, 27.073192065170403, 0.0 ], [ -100.489168, 27.073189, 0.0 ], [ -100.489774362747269, 27.072660165310729, 0.0 ], [ -100.489167788619, 27.073198077823687, 0.0 ] ] ], [ [ [ -100.495024886509, 27.067796299969125, 0.0 ], [ -100.494592212393002, 27.06838742152858, 0.0 ], [ -100.494585587431118, 27.068393297232642, 0.0 ], [ -100.481483, 27.061842, 0.0 ], [ -100.47916, 27.065211, 0.0 ], [ -100.479396783943216, 27.065609570546805, 0.0 ], [ -100.479130266724994, 27.065163861755906, 0.0 ], [ -100.479125344243997, 27.065155627725208, 0.0 ], [ -100.479033149046018, 27.064997157631701, 0.0 ], [ -100.478995200536019, 27.064931926923709, 0.0 ], [ -100.478913454831996, 27.064791404765224, 0.0 ], [ -100.478910870281993, 27.06478695423279, 0.0 ], [ -100.473553371776006, 27.055843606926199, 0.0 ], [ -100.473031340321995, 27.054972080844209, 0.0 ], [ -100.473031336539137, 27.054972081900956, 0.0 ], [ -100.4730313357, 27.054972080500022, 0.0 ], [ -100.472112710100006, 27.055228697500002, 0.0 ], [ -100.4678780152, 27.056411566600033, 0.0 ], [ -100.464493689700006, 27.056965081500003, 0.0 ], [ -100.461596529600001, 27.057911497500005, 0.0 ], [ -100.458224649900004, 27.059012890499982, 0.0 ], [ -100.455791238523801, 27.059211736954889, 0.0 ], [ -100.454898065324002, 27.056149799117609, 0.0 ], [ -100.451779016681996, 27.045455713130035, 0.0 ], [ -100.451773756552001, 27.045437674435973, 0.0 ], [ -100.451733220248002, 27.04529865972523, 0.0 ], [ -100.451687980342001, 27.045143531200086, 0.0 ], [ -100.451687418616999, 27.045141605055704, 0.0 ], [ -100.451310930899012, 27.043850579906305, 0.0 ], [ -100.451307700900998, 27.043839505815424, 0.0 ], [ -100.451264648717, 27.043691906722319, 0.0 ], [ -100.451221466006004, 27.043543827456208, 0.0 ], [ -100.451218377445997, 27.043533235895804, 0.0 ], [ -100.450065498271996, 27.039579657286289, 0.0 ], [ -100.449577923630002, 27.038397072704683, 0.0 ], [ -100.449552385646996, 27.038335139013896, 0.0 ], [ -100.449065840474006, 27.037155016433516, 0.0 ], [ -100.448376856386005, 27.035483812745408, 0.0 ], [ -100.443568347476997, 27.032004801518372, 0.0 ], [ -100.448538337556002, 27.028321282172517, 0.0 ], [ -100.443768408031005, 27.024847889773628, 0.0 ], [ -100.442669075770993, 27.031355344816564, 0.0 ], [ -100.442669075356037, 27.031355347284869, 0.0 ], [ -100.442669071500006, 27.03135534450001, 0.0 ], [ -100.441737602100005, 27.036895637700013, 0.0 ], [ -100.441310216600002, 27.039437532400004, 0.0 ], [ -100.441300417299999, 27.039495807000026, 0.0 ], [ -100.441214913300001, 27.040004350500023, 0.0 ], [ -100.434054527459622, 27.042689538015264, 0.0 ], [ -100.431671462250009, 27.039238199571688, 0.0 ], [ -100.421292818957994, 27.043157472185616, 0.0 ], [ -100.418728279038007, 27.038855766695086, 0.0 ], [ -100.416173256665004, 27.03456963371303, 0.0 ], [ -100.413613936120996, 27.030275902328203, 0.0 ], [ -100.410212341152999, 27.024568524629203, 0.0 ], [ -100.415411481497998, 27.015869972774802, 0.0 ], [ -100.436817099707994, 26.980041143812297, 0.0 ], [ -100.433093152628004, 26.9778948174229, 0.0 ], [ -100.452093871974, 26.952334207045304, 0.0 ], [ -100.448834280181998, 26.912957316405404, 0.0 ], [ -100.465046220952999, 26.915698671862764, 0.0 ], [ -100.466030920793997, 26.915865114735823, 0.0 ], [ -100.463288570580914, 26.912130094563295, 0.0 ], [ -100.466413074568322, 26.912685027753867, 0.0 ], [ -100.473240940872003, 26.913917280511711, 0.0 ], [ -100.486041724947, 26.916226504580013, 0.0 ], [ -100.486324319226995, 26.916277473767902, 0.0 ], [ -100.487543209712001, 26.916497284154826, 0.0 ], [ -100.487826127787002, 26.916548317138599, 0.0 ], [ -100.496982614912994, 26.91819920553408, 0.0 ], [ -100.500991619554, 26.91892182664192, 0.0 ], [ -100.501436274360003, 26.923314677761592, 0.0 ], [ -100.501638261638007, 26.923401200755386, 0.0 ], [ -100.501712254571999, 26.92343290339749, 0.0 ], [ -100.501875919786883, 26.923503005005564, 0.0 ], [ -100.50188, 26.923603, 0.0 ], [ -100.501879862194002, 26.923590597468856, 0.0 ], [ -100.501880362035095, 26.923602847261282, 0.0 ], [ -100.501879178279111, 26.923513467860069, 0.0 ], [ -100.502857915183668, 26.923695353117974, 0.0 ], [ -100.503088553270004, 26.923739513115969, 0.0 ], [ -100.503088553312764, 26.923739513124147, 0.0 ], [ -100.503256373200003, 26.925371956899983, 0.0 ], [ -100.502947793299995, 26.926347281, 0.0 ], [ -100.502203891199997, 26.926441672800006, 0.0 ], [ -100.5026067453, 26.9305772451, 0.0 ], [ -100.502611901174404, 26.930628294866249, 0.0 ], [ -100.502593, 26.93063, 0.0 ], [ -100.502695529194881, 26.931555233947208, 0.0 ], [ -100.502810912914285, 26.932598732747834, 0.0 ], [ -100.502929139353554, 26.933769275283403, 0.0 ], [ -100.50312609037563, 26.935998848095025, 0.0 ], [ -100.503156, 26.936338, 0.0 ], [ -100.50346, 26.939105, 0.0 ], [ -100.50346036500784, 26.939105110166256, 0.0 ], [ -100.503460402399497, 26.939105450155989, 0.0 ], [ -100.503468372960867, 26.939107855685215, 0.0 ], [ -100.503538477899994, 26.939801881200033, 0.0 ], [ -100.504300358400002, 26.947310371100009, 0.0 ], [ -100.504793822748795, 26.952313009477489, 0.0 ], [ -100.504712725887202, 26.952320522478004, 0.0 ], [ -100.504714581291921, 26.952343228235591, 0.0 ], [ -100.5045413, 26.952359299999987, 0.0 ], [ -100.5045463, 26.952428299999987, 0.0 ], [ -100.5048103, 26.954524299999989, 0.0 ], [ -100.504984453879615, 26.954508424877712, 0.0 ], [ -100.505129583708623, 26.955663992065084, 0.0 ], [ -100.505142779675523, 26.955769319247743, 0.0 ], [ -100.505246945523609, 26.956758338463992, 0.0 ], [ -100.505569, 26.960458, 0.0 ], [ -100.505633676571065, 26.960451963801177, 0.0 ], [ -100.505742803573, 26.961417682375469, 0.0 ], [ -100.514668259634007, 26.960592080629894, 0.0 ], [ -100.514575731776006, 26.959594433496989, 0.0 ], [ -100.514479101264484, 26.959603480255964, 0.0 ], [ -100.514478941776119, 26.95960163539781, 0.0 ], [ -100.514577488800001, 26.959592471099981, 0.0 ], [ -100.514013258600002, 26.953626980300019, 0.0 ], [ -100.513812233300001, 26.951478590300006, 0.0 ], [ -100.513377961100005, 26.946460518400016, 0.0 ], [ -100.513108877517766, 26.942799884441634, 0.0 ], [ -100.513361169196003, 26.943145102460434, 0.0 ], [ -100.513395368907993, 26.943191883775608, 0.0 ], [ -100.513623303543994, 26.943503764400447, 0.0 ], [ -100.514679049095008, 26.94494832021844, 0.0 ], [ -100.515050856764006, 26.945129924697095, 0.0 ], [ -100.515838622703995, 26.945695736580426, 0.0 ], [ -100.516405181891997, 26.946249936265218, 0.0 ], [ -100.518828493875006, 26.947509402722758, 0.0 ], [ -100.519114804872999, 26.9487494039358, 0.0 ], [ -100.520298538207001, 26.949186739432893, 0.0 ], [ -100.521758493636995, 26.949274941216416, 0.0 ], [ -100.521876863670997, 26.950344506938706, 0.0 ], [ -100.521578570141003, 26.951130429168693, 0.0 ], [ -100.522584057474006, 26.9526979085731, 0.0 ], [ -100.520946444162007, 26.954547416175114, 0.0 ], [ -100.520629743272011, 26.954958687473024, 0.0 ], [ -100.520709364585016, 26.956275666387437, 0.0 ], [ -100.520835621141998, 26.958363736215688, 0.0 ], [ -100.521036597307003, 26.959862536329378, 0.0 ], [ -100.521334437261999, 26.961008853819003, 0.0 ], [ -100.521779779316006, 26.962722823270219, 0.0 ], [ -100.522515054569993, 26.962649188828994, 0.0 ], [ -100.523022471559003, 26.960800643129211, 0.0 ], [ -100.524709522752005, 26.959784631887491, 0.0 ], [ -100.527200793076005, 26.960563135781232, 0.0 ], [ -100.527848647324006, 26.961018186161628, 0.0 ], [ -100.528473545748, 26.961642050497709, 0.0 ], [ -100.528838355168006, 26.962447043144341, 0.0 ], [ -100.529054726824995, 26.962757012182788, 0.0 ], [ -100.531005735071005, 26.964295562870603, 0.0 ], [ -100.531519807833007, 26.964729674399535, 0.0 ], [ -100.533521689899999, 26.965959627299206, 0.0 ], [ -100.535756853663997, 26.967663239012488, 0.0 ], [ -100.536992034999002, 26.968009797197446, 0.0 ], [ -100.538704984445005, 26.968253172406708, 0.0 ], [ -100.539487518044993, 26.969446733203014, 0.0 ], [ -100.539377006501994, 26.969763367869401, 0.0 ], [ -100.539610033355004, 26.971288793474713, 0.0 ], [ -100.538661142650994, 26.971760813389306, 0.0 ], [ -100.538285521437004, 26.972053239728293, 0.0 ], [ -100.538073086202999, 26.972718044502923, 0.0 ], [ -100.538003510703007, 26.973346043655386, 0.0 ], [ -100.537147049013001, 26.981077100653494, 0.0 ], [ -100.530119695490001, 26.980492872451595, 0.0 ], [ -100.519495169251996, 26.979608927184014, 0.0 ], [ -100.519698336499005, 26.983620322508386, 0.0 ], [ -100.519485015989005, 26.984275574809221, 0.0 ], [ -100.523970004958997, 26.984663363687535, 0.0 ], [ -100.528281149790004, 26.9850359854488, 0.0 ], [ -100.533828094537, 26.985515227600093, 0.0 ], [ -100.534000926730002, 26.985530162737451, 0.0 ], [ -100.535289498034004, 26.993941939596787, 0.0 ], [ -100.535443208141999, 26.994945198832696, 0.0 ], [ -100.540900059928006, 26.995333801355805, 0.0 ], [ -100.540862626215002, 26.997890746181234, 0.0 ], [ -100.540829857779002, 27.000128518114153, 0.0 ], [ -100.536677336853998, 26.999424311637906, 0.0 ], [ -100.536531529539019, 27.000054410605998, 0.0 ], [ -100.535799591400007, 27.003217143984177, 0.0 ], [ -100.531869661472996, 27.002620290684199, 0.0 ], [ -100.531698816293996, 27.003461149222026, 0.0 ], [ -100.531275102010994, 27.005546446678906, 0.0 ], [ -100.531183482524995, 27.005997316771481, 0.0 ], [ -100.539542592017, 27.007079597992444, 0.0 ], [ -100.539630466416995, 27.008674275998708, 0.0 ], [ -100.539118171468999, 27.009138449476815, 0.0 ], [ -100.53866452343, 27.011417478514254, 0.0 ], [ -100.537901219640005, 27.015252028727375, 0.0 ], [ -100.533584484322006, 27.015880505589497, 0.0 ], [ -100.532000862928996, 27.01611104629529, 0.0 ], [ -100.528999908588005, 27.016523797405796, 0.0 ], [ -100.524032773762002, 27.017206829860104, 0.0 ], [ -100.521897853726998, 27.016040442035106, 0.0 ], [ -100.519574868397001, 27.014776856787769, 0.0 ], [ -100.518639855733753, 27.004004090896281, 0.0 ], [ -100.521797, 27.004142, 0.0 ], [ -100.522156, 27.003045, 0.0 ], [ -100.523592, 26.998654, 0.0 ], [ -100.523498776883628, 26.998636493978189, 0.0 ], [ -100.523533077222993, 26.998526342020185, 0.0 ], [ -100.518121131794999, 26.997519963664413, 0.0 ], [ -100.517915870794994, 26.997481784703908, 0.0 ], [ -100.517885074603996, 26.997476055506993, 0.0 ], [ -100.517679813743996, 26.997437876241786, 0.0 ], [ -100.516425900466004, 26.997204665680815, 0.0 ], [ -100.516024466453999, 26.998823549395503, 0.0 ], [ -100.509565406633996, 26.999346937242713, 0.0 ], [ -100.509404280829003, 26.999359695085957, 0.0 ], [ -100.509334026800005, 26.999365255033908, 0.0 ], [ -100.509112940622003, 26.999382753450401, 0.0 ], [ -100.509163779374006, 26.999881700886217, 0.0 ], [ -100.509375784791999, 27.001962000972004, 0.0 ], [ -100.509541484720003, 27.003587869403987, 0.0 ], [ -100.510107753330004, 27.009143739365644, 0.0 ], [ -100.508890944848005, 27.008882648008122, 0.0 ], [ -100.508636647990002, 27.006619943984902, 0.0 ], [ -100.507837374838999, 27.006522593338907, 0.0 ], [ -100.506752859043004, 27.006390475987782, 0.0 ], [ -100.506826604839006, 27.0084147708682, 0.0 ], [ -100.503581190073007, 27.008324007961914, 0.0 ], [ -100.498780705531999, 27.008189619866307, 0.0 ], [ -100.488909587251996, 27.007929918814696, 0.0 ], [ -100.488616472125997, 27.007922188263116, 0.0 ], [ -100.487209361799003, 27.007885112506656, 0.0 ], [ -100.486696698874994, 27.007548162903891, 0.0 ], [ -100.486468386732994, 27.007398109693401, 0.0 ], [ -100.485745470560005, 27.00692296820171, 0.0 ], [ -100.482231471475998, 27.010067803602492, 0.0 ], [ -100.483222430702, 27.010728131643916, 0.0 ], [ -100.483449516549015, 27.010879445404218, 0.0 ], [ -100.484774413455, 27.011762271685328, 0.0 ], [ -100.485001653572994, 27.011913675063365, 0.0 ], [ -100.490255245388994, 27.015414018061275, 0.0 ], [ -100.487088238704999, 27.018240579795101, 0.0 ], [ -100.486269245770018, 27.018971499321523, 0.0 ], [ -100.491224175683996, 27.019601256605434, 0.0 ], [ -100.493147735265012, 27.019845687885944, 0.0 ], [ -100.492885864786004, 27.020196555675149, 0.0 ], [ -100.491312479054997, 27.02112887987829, 0.0 ], [ -100.489227567419007, 27.0232308060219, 0.0 ], [ -100.490202106896007, 27.027223513992006, 0.0 ], [ -100.479834353054997, 27.030643356877434, 0.0 ], [ -100.478366737802006, 27.031127377042722, 0.0 ], [ -100.482150698522005, 27.031471142089401, 0.0 ], [ -100.480099285814021, 27.034405205548591, 0.0 ], [ -100.489929872876004, 27.034575465425497, 0.0 ], [ -100.490014023458997, 27.034576920099109, 0.0 ], [ -100.497599517558001, 27.034704374850598, 0.0 ], [ -100.497595000117997, 27.034770609937624, 0.0 ], [ -100.497378670624016, 27.037944937804923, 0.0 ], [ -100.497177254424997, 27.038580212893894, 0.0 ], [ -100.497106705410999, 27.038802712035682, 0.0 ], [ -100.496885225403005, 27.039501257906402, 0.0 ], [ -100.497148802503006, 27.039613785606111, 0.0 ], [ -100.496868742765002, 27.041688126380969, 0.0 ], [ -100.498113389950007, 27.042194311406313, 0.0 ], [ -100.493113058616004, 27.04648435174018, 0.0 ], [ -100.492428051684996, 27.048469641527149, 0.0 ], [ -100.492496338809019, 27.049443125327088, 0.0 ], [ -100.493565444630008, 27.050556456663788, 0.0 ], [ -100.493822825490483, 27.050820898461009, 0.0 ], [ -100.491771, 27.050168, 0.0 ], [ -100.492162, 27.049195, 0.0 ], [ -100.490465, 27.048637, 0.0 ], [ -100.486443, 27.054422, 0.0 ], [ -100.485702, 27.055517, 0.0 ], [ -100.484908932074816, 27.056771236334029, 0.0 ], [ -100.483589107500009, 27.058685524900017, 0.0 ], [ -100.4814518604, 27.061789102600009, 0.0 ], [ -100.494592212399994, 27.068387421400022, 0.0 ], [ -100.495024886500005, 27.067796299899999, 0.0 ], [ -100.496590599565948, 27.065218748150066, 0.0 ], [ -100.496590601176138, 27.065218745635821, 0.0 ], [ -100.495024886509, 27.067796299969125, 0.0 ] ], [ [ -100.515293683899998, 26.96831119039998, 0.0 ], [ -100.514779516600001, 26.962101542399967, 0.0 ], [ -100.514669555800012, 26.960593726500033, 0.0 ], [ -100.505736799900006, 26.961429772099969, 0.0 ], [ -100.505891421100003, 26.962947168900019, 0.0 ], [ -100.506541100299998, 26.969151630700001, 0.0 ], [ -100.507148137300007, 26.975344603099998, 0.0 ], [ -100.507571135500015, 26.979568329200042, 0.0 ], [ -100.516185565300006, 26.978760806599993, 0.0 ], [ -100.515848034499996, 26.974531680000045, 0.0 ], [ -100.515293683899998, 26.96831119039998, 0.0 ] ], [ [ -100.516729, 26.986697, 0.0 ], [ -100.516102, 26.978789, 0.0 ], [ -100.507456, 26.979587, 0.0 ], [ -100.507789, 26.983086, 0.0 ], [ -100.507994, 26.984964, 0.0 ], [ -100.513756, 26.984913, 0.0 ], [ -100.513802, 26.986696, 0.0 ], [ -100.516729, 26.986697, 0.0 ] ], [ [ -100.516827498500007, 26.986713555500007, 0.0 ], [ -100.513791633300002, 26.986731579500002, 0.0 ], [ -100.513748307399993, 26.98491774010002, 0.0 ], [ -100.508104349, 26.984964367100009, 0.0 ], [ -100.508596387300003, 26.990358208900005, 0.0 ], [ -100.508596627153651, 26.990360429087939, 0.0 ], [ -100.508510160384702, 26.990365508060648, 0.0 ], [ -100.508510212360065, 26.99036598752128, 0.0 ], [ -100.50851, 26.990366, 0.0 ], [ -100.509113, 26.99593, 0.0 ], [ -100.509198292103832, 26.995929435601798, 0.0 ], [ -100.509552911200004, 26.999211542799994, 0.0 ], [ -100.513151972800003, 26.998892147100008, 0.0 ], [ -100.512784378199996, 26.997612757499994, 0.0 ], [ -100.512890597400002, 26.997296437200006, 0.0 ], [ -100.513279258500006, 26.997291106199995, 0.0 ], [ -100.514042313111446, 26.995897306980162, 0.0 ], [ -100.514090305198067, 26.995896987932856, 0.0 ], [ -100.513440798200008, 26.997128712399995, 0.0 ], [ -100.514611701, 26.996923238300027, 0.0 ], [ -100.514586778500004, 26.997353191100011, 0.0 ], [ -100.514987526300004, 26.997379129100011, 0.0 ], [ -100.515385481699994, 26.997163696900028, 0.0 ], [ -100.516230109299997, 26.997052327499947, 0.0 ], [ -100.517626375299997, 26.997167585700005, 0.0 ], [ -100.517414146600004, 26.993584216700008, 0.0 ], [ -100.517072118399994, 26.989856206500004, 0.0 ], [ -100.516827498500007, 26.986713555500007, 0.0 ] ] ], [ [ [ -100.496592904951356, 27.065214952957408, 0.0 ], [ -100.496592904887535, 27.065214952925832, 0.0 ], [ -100.496592905479844, 27.065214951950679, 0.0 ], [ -100.496592905543281, 27.065214951982938, 0.0 ], [ -100.496592904951356, 27.065214952957408, 0.0 ] ] ], [ [ [ -100.499229412115994, 27.060874262564198, 0.0 ], [ -100.498556019301006, 27.061982966143923, 0.0 ], [ -100.496655907457082, 27.065111231450636, 0.0 ], [ -100.498556019299997, 27.061982966, 0.0 ], [ -100.498526844685571, 27.061968281000617, 0.0 ], [ -100.499186, 27.060902, 0.0 ], [ -100.500188636746529, 27.059294937658056, 0.0 ], [ -100.499229412115994, 27.060874262564198, 0.0 ] ] ], [ [ [ -100.501189229762659, 27.057647450591791, 0.0 ], [ -100.500442, 27.057473, 0.0 ], [ -100.500299859320748, 27.05743242252403, 0.0 ], [ -100.500460445976998, 27.057470815065102, 0.0 ], [ -100.501139377439699, 27.057630668807786, 0.0 ], [ -100.501190081402115, 27.057646048336228, 0.0 ], [ -100.501189229762659, 27.057647450591791, 0.0 ] ] ], [ [ [ -100.497486557268999, 27.053248179493266, 0.0 ], [ -100.498785013350997, 27.055603904052106, 0.0 ], [ -100.499063201751198, 27.057080064429499, 0.0 ], [ -100.49894, 27.057045, 0.0 ], [ -100.498675, 27.055434, 0.0 ], [ -100.497399357910112, 27.053215370961063, 0.0 ], [ -100.497486557268999, 27.053248179493266, 0.0 ] ] ], [ [ [ -100.513042120625997, 26.942049749191792, 0.0 ], [ -100.513056796109709, 26.942214655934293, 0.0 ], [ -100.513042120607849, 26.942049749188207, 0.0 ], [ -100.513042120625997, 26.942049749191792, 0.0 ] ] ], [ [ [ -100.512484717750013, 26.935321806109307, 0.0 ], [ -100.512420501693427, 26.935308785380336, 0.0 ], [ -100.512420501684488, 26.935308785259412, 0.0 ], [ -100.512484717739952, 26.93532180598779, 0.0 ], [ -100.512484717750013, 26.935321806109307, 0.0 ] ] ], [ [ [ -100.515329121113041, 26.993547620736614, 0.0 ], [ -100.515329601547208, 26.993545857654329, 0.0 ], [ -100.515341807900001, 26.993523560199979, 0.0 ], [ -100.515329121113041, 26.993547620736614, 0.0 ] ] ] ] } },
{ "type": "Feature", "properties": { "fid": 91, "ID": "91", "NOM_SEDATU": "SNL-LAM-009-2", "PROPIETARIO": "ND", "SEGMENTO": "18", "ESTRUCTURA": null, "TIPO DE PROPIEDAD": null, "EJIDO": null, "KM INICIO": null, "KM FIN": null, "KM LINEALE": null, "KM EFECTIV": null, "M2": null, "AREA_M2": 46559.638, "IDENTIFICA": null, "ESTATUS": null, "ANUENCIA": null, "LEVANTAMIE": null, "NEGOCIACION": null, "C.O.P": null, "ESTATUS AC": null, "OBSERVACIO": null, "EXCEL": null }, "geometry": { "type": "MultiPolygon", "coordinates": [ [ [ [ -100.512626852571302, 27.033785707055252, 0.0 ], [ -100.512599823559896, 27.033511686289572, 0.0 ], [ -100.513986422207921, 27.033610044500929, 0.0 ], [ -100.513987817107406, 27.033143849706438, 0.0 ], [ -100.514108968943802, 27.033128864612085, 0.0 ], [ -100.514255363087798, 27.033123801665646, 0.0 ], [ -100.514455823676997, 27.033130494458081, 0.0 ], [ -100.514762893108298, 27.033142367283414, 0.0 ], [ -100.515097334165404, 27.033156899207906, 0.0 ], [ -100.515267647054898, 27.033240956355232, 0.0 ], [ -100.515700779163694, 27.033456763709722, 0.0 ], [ -100.51574379367031, 27.033701599719027, 0.0 ], [ -100.515436558506593, 27.034226176869169, 0.0 ], [ -100.51526321165791, 27.034512529298532, 0.0 ], [ -100.515119555000396, 27.034754510762244, 0.0 ], [ -100.514606530668502, 27.034795248839909, 0.0 ], [ -100.513633087757299, 27.034901215325164, 0.0 ], [ -100.513447054606203, 27.034909620505491, 0.0 ], [ -100.512770706934901, 27.035002450084903, 0.0 ], [ -100.512684586379606, 27.034301342010423, 0.0 ], [ -100.512626852571302, 27.033785707055252, 0.0 ] ] ] ] } },
{ "type": "Feature", "properties": { "fid": 92, "ID": "92", "NOM_SEDATU": "SNL-LAM-007", "PROPIETARIO": "ND", "SEGMENTO": "18", "ESTRUCTURA": null, "TIPO DE PROPIEDAD": null, "EJIDO": null, "KM INICIO": null, "KM FIN": null, "KM LINEALE": null, "KM EFECTIV": null, "M2": null, "AREA_M2": 10546.04, "IDENTIFICA": null, "ESTATUS": null, "ANUENCIA": null, "LEVANTAMIE": null, "NEGOCIACION": null, "C.O.P": null, "ESTATUS AC": null, "OBSERVACIO": null, "EXCEL": null }, "geometry": { "type": "MultiPolygon", "coordinates": [ [ [ [ -100.517584755106299, 27.029415323769719, 0.0 ], [ -100.517733740470803, 27.028881801816642, 0.0 ], [ -100.518622862884499, 27.028943767071734, 0.0 ], [ -100.518084162762094, 27.029813378685706, 0.0 ], [ -100.518026993565002, 27.02990089697709, 0.0 ], [ -100.517828782958802, 27.030199331002368, 0.0 ], [ -100.517688460793295, 27.030404397703741, 0.0 ], [ -100.517341315747615, 27.030270452011361, 0.0 ], [ -100.517457079436795, 27.02985635949014, 0.0 ], [ -100.517483487554102, 27.029765139042588, 0.0 ], [ -100.517584755106299, 27.029415323769719, 0.0 ] ] ] ] } },
{ "type": "Feature", "properties": { "fid": 93, "ID": "93", "NOM_SEDATU": "SNL-LAM-006-11", "PROPIETARIO": "Guillermina Botello Alburne", "SEGMENTO": "18", "ESTRUCTURA": null, "TIPO DE PROPIEDAD": null, "EJIDO": null, "KM INICIO": null, "KM FIN": null, "KM LINEALE": null, "KM EFECTIV": null, "M2": null, "AREA_M2": 26772.069, "IDENTIFICA": null, "ESTATUS": null, "ANUENCIA": null, "LEVANTAMIE": null, "NEGOCIACION": null, "C.O.P": null, "ESTATUS AC": null, "OBSERVACIO": null, "EXCEL": "NO" }, "geometry": { "type": "MultiPolygon", "coordinates": [ [ [ [ -100.518144718564102, 27.028781899828861, 0.0 ], [ -100.5177604716839, 27.028757667440583, 0.0 ], [ -100.517886935707509, 27.02817121377166, 0.0 ], [ -100.517928350953198, 27.027974104536209, 0.0 ], [ -100.517939107342599, 27.02791200318358, 0.0 ], [ -100.517991206683007, 27.027586640376814, 0.0 ], [ -100.5180630692672, 27.027150696904563, 0.0 ], [ -100.518145136162104, 27.026642453300024, 0.0 ], [ -100.518731492860994, 27.026723784410809, 0.0 ], [ -100.519267986525705, 27.02680137079124, 0.0 ], [ -100.519471573356199, 27.026834106540392, 0.0 ], [ -100.519469776487796, 27.026840643203162, 0.0 ], [ -100.51899632712842, 27.028210004742391, 0.0 ], [ -100.518828947953608, 27.028572025290135, 0.0 ], [ -100.518720254886304, 27.02880404021041, 0.0 ], [ -100.518689854349304, 27.028819359743427, 0.0 ], [ -100.518144718564102, 27.028781899828861, 0.0 ] ] ] ] } },
{ "type": "Feature", "properties": { "fid": 94, "ID": "94", "NOM_SEDATU": "SNL-LAM-006-10", "PROPIETARIO": "ND", "SEGMENTO": "18", "ESTRUCTURA": null, "TIPO DE PROPIEDAD": null, "EJIDO": null, "KM INICIO": null, "KM FIN": null, "KM LINEALE": null, "KM EFECTIV": null, "M2": null, "AREA_M2": 22386.7, "IDENTIFICA": null, "ESTATUS": null, "ANUENCIA": null, "LEVANTAMIE": null, "NEGOCIACION": null, "C.O.P": null, "ESTATUS AC": null, "OBSERVACIO": null, "EXCEL": null }, "geometry": { "type": "MultiPolygon", "coordinates": [ [ [ [ -100.518274606948296, 27.02589679923291, 0.0 ], [ -100.518426024945697, 27.025130167663406, 0.0 ], [ -100.518597774867004, 27.025162801380898, 0.0 ], [ -100.519345624002895, 27.025380219066513, 0.0 ], [ -100.519823322167497, 27.025523020441653, 0.0 ], [ -100.519695148852605, 27.026014144337033, 0.0 ], [ -100.519660601768905, 27.026146518126623, 0.0 ], [ -100.519583703827706, 27.026426234026054, 0.0 ], [ -100.519471573356199, 27.026834106540392, 0.0 ], [ -100.519267986525705, 27.02680137079124, 0.0 ], [ -100.518731492860994, 27.026723784410809, 0.0 ], [ -100.518145136162104, 27.026642453300024, 0.0 ], [ -100.518199500340401, 27.026309369817024, 0.0 ], [ -100.518232907670395, 27.026107926481494, 0.0 ], [ -100.518274606948296, 27.02589679923291, 0.0 ] ] ] ] } },
{ "type": "Feature", "properties": { "fid": 95, "ID": "95", "NOM_SEDATU": "SNL-LAM-009-3", "PROPIETARIO": "ND", "SEGMENTO": "18", "ESTRUCTURA": null, "TIPO DE PROPIEDAD": null, "EJIDO": null, "KM INICIO": null, "KM FIN": null, "KM LINEALE": null, "KM EFECTIV": null, "M2": null, "AREA_M2": 49270.114, "IDENTIFICA": null, "ESTATUS": null, "ANUENCIA": null, "LEVANTAMIE": null, "NEGOCIACION": null, "C.O.P": null, "ESTATUS AC": null, "OBSERVACIO": null, "EXCEL": null }, "geometry": { "type": "MultiPolygon", "coordinates": [ [ [ [ -100.51510222283261, 27.034797427882435, 0.0 ], [ -100.5131172965378, 27.038059896100751, 0.0 ], [ -100.512683968190302, 27.038063712659792, 0.0 ], [ -100.512579137260303, 27.035080480542693, 0.0 ], [ -100.51510222283261, 27.034797427882435, 0.0 ] ] ] ] } },
{ "type": "Feature", "properties": { "fid": 96, "ID": "96", "NOM_SEDATU": "SNL-LAM-016", "PROPIETARIO": "Julio Cruz Quedea / Ejido Dolores?", "SEGMENTO": "18", "ESTRUCTURA": "DDV Troncal", "TIPO DE PROPIEDAD": "Privada", "EJIDO": "N/A", "KM INICIO": 287.21749, "KM FIN": 287.77792, "KM LINEALE": 0.56043, "KM EFECTIV": 0.56043, "M2": 2300.635, "AREA_M2": 510641.232, "IDENTIFICA": false, "ESTATUS": null, "ANUENCIA": false, "LEVANTAMIE": null, "NEGOCIACION": false, "C.O.P": "NO", "ESTATUS AC": null, "OBSERVACIO": null, "EXCEL": "SI, REVISAR PROPIETARIO." }, "geometry": { "type": "MultiPolygon", "coordinates": [ [ [ [ -100.4678273759571, 27.078415495680087, 0.0 ], [ -100.468809739061399, 27.08718986277275, 0.0 ], [ -100.463678645458899, 27.089346453771469, 0.0 ], [ -100.462782447031202, 27.080670658192084, 0.0 ], [ -100.4678273759571, 27.078415495680087, 0.0 ] ] ] ] } },
{ "type": "Feature", "properties": { "fid": 97, "ID": "97", "NOM_SEDATU": "SNL-LAM-011", "PROPIETARIO": "Gutierrez Vazquez Rosa Amelia", "SEGMENTO": "18", "ESTRUCTURA": null, "TIPO DE PROPIEDAD": null, "EJIDO": null, "KM INICIO": null, "KM FIN": null, "KM LINEALE": null, "KM EFECTIV": null, "M2": null, "AREA_M2": 45191.98, "IDENTIFICA": null, "ESTATUS": null, "ANUENCIA": null, "LEVANTAMIE": null, "NEGOCIACION": null, "C.O.P": null, "ESTATUS AC": null, "OBSERVACIO": null, "EXCEL": "NO" }, "geometry": { "type": "MultiPolygon", "coordinates": [ [ [ [ -100.503073116173297, 27.051658766859276, 0.0 ], [ -100.504414728558501, 27.052367415622928, 0.0 ], [ -100.502898964858403, 27.054828036456513, 0.0 ], [ -100.501624635266097, 27.054376431149635, 0.0 ], [ -100.502977791057802, 27.052024363638047, 0.0 ], [ -100.503073116173297, 27.051658766859276, 0.0 ] ] ] ] } },
{ "type": "Feature", "properties": { "fid": 98, "ID": "98", "NOM_SEDATU": "SNL-LAM-010", "PROPIETARIO": "Duarte Roque Francisco", "SEGMENTO": "18", "ESTRUCTURA": null, "TIPO DE PROPIEDAD": null, "EJIDO": null, "KM INICIO": null, "KM FIN": null, "KM LINEALE": null, "KM EFECTIV": null, "M2": null, "AREA_M2": 21394.483, "IDENTIFICA": null, "ESTATUS": null, "ANUENCIA": null, "LEVANTAMIE": null, "NEGOCIACION": null, "C.O.P": null, "ESTATUS AC": null, "OBSERVACIO": null, "EXCEL": "NO" }, "geometry": { "type": "MultiPolygon", "coordinates": [ [ [ [ -100.503166336427995, 27.051301243417768, 0.0 ], [ -100.503326574665394, 27.050669036324329, 0.0 ], [ -100.505103530862499, 27.051249205887064, 0.0 ], [ -100.504749861444196, 27.051823359840519, 0.0 ], [ -100.504414728558501, 27.052367415622928, 0.0 ], [ -100.503073116173297, 27.051658766859276, 0.0 ], [ -100.503166336427995, 27.051301243417768, 0.0 ] ] ] ] } },
{ "type": "Feature", "properties": { "fid": 103, "ID": "103", "NOM_SEDATU": "SNL-LAM-017", "PROPIETARIO": "ND", "SEGMENTO": "18", "ESTRUCTURA": null, "TIPO DE PROPIEDAD": null, "EJIDO": null, "KM INICIO": null, "KM FIN": null, "KM LINEALE": null, "KM EFECTIV": null, "M2": null, "AREA_M2": 9614214.923, "IDENTIFICA": null, "ESTATUS": null, "ANUENCIA": null, "LEVANTAMIE": null, "NEGOCIACION": null, "C.O.P": null, "ESTATUS AC": null, "OBSERVACIO": null, "EXCEL": null }, "geometry": { "type": "MultiPolygon", "coordinates": [ [ [ [ -100.353872180349796, 27.086122832863712, 0.0 ], [ -100.378909892742698, 27.124798816471415, 0.0 ], [ -100.361509180543905, 27.13228486010739, 0.0 ], [ -100.336071152311902, 27.098587618550972, 0.0 ], [ -100.337154532512002, 27.097559061525494, 0.0 ], [ -100.338263896195798, 27.098717603246588, 0.0 ], [ -100.353872180349796, 27.086122832863712, 0.0 ] ] ] ] } },
{ "type": "Feature", "properties": { "fid": 106, "ID": "106", "NOM_SEDATU": "SNL-LAM-015", "PROPIETARIO": "ND", "SEGMENTO": "18", "ESTRUCTURA": null, "TIPO DE PROPIEDAD": null, "EJIDO": null, "KM INICIO": null, "KM FIN": null, "KM LINEALE": null, "KM EFECTIV": null, "M2": null, "AREA_M2": 467542.791, "IDENTIFICA": null, "ESTATUS": null, "ANUENCIA": null, "LEVANTAMIE": null, "NEGOCIACION": null, "C.O.P": null, "ESTATUS AC": null, "OBSERVACIO": null, "EXCEL": null }, "geometry": { "type": "MultiPolygon", "coordinates": [ [ [ [ -100.4856313899068, 27.076032702533716, 0.0 ], [ -100.480770139207806, 27.067920601088062, 0.0 ], [ -100.480844181109802, 27.067860405591137, 0.0 ], [ -100.484292815778701, 27.065056580882622, 0.0 ], [ -100.485423517260813, 27.066945042493586, 0.0 ], [ -100.486462710496014, 27.068680618140899, 0.0 ], [ -100.487089732944128, 27.069727771156579, 0.0 ], [ -100.488130395686795, 27.071465687623295, 0.0 ], [ -100.488131972066753, 27.071468306755044, 0.0 ], [ -100.489164113088208, 27.073191939939068, 0.0 ], [ -100.4856313899068, 27.076032702533716, 0.0 ] ] ] ] } },
{ "type": "Feature", "properties": { "fid": 108, "ID": "108", "NOM_SEDATU": "SNL-LAM-009-6", "PROPIETARIO": "ND", "SEGMENTO": "18", "ESTRUCTURA": null, "TIPO DE PROPIEDAD": null, "EJIDO": null, "KM INICIO": null, "KM FIN": null, "KM LINEALE": null, "KM EFECTIV": null, "M2": null, "AREA_M2": 64806.797, "IDENTIFICA": null, "ESTATUS": null, "ANUENCIA": null, "LEVANTAMIE": null, "NEGOCIACION": null, "C.O.P": null, "ESTATUS AC": null, "OBSERVACIO": null, "EXCEL": null }, "geometry": { "type": "MultiPolygon", "coordinates": [ [ [ [ -100.509602108646902, 27.04378896972991, 0.0 ], [ -100.507433205346899, 27.043092718426788, 0.0 ], [ -100.508377395115403, 27.040823257968412, 0.0 ], [ -100.509621285362599, 27.041381894677901, 0.0 ], [ -100.5109516237669, 27.041540576899255, 0.0 ], [ -100.509602108646902, 27.04378896972991, 0.0 ] ] ] ] } },
{ "type": "Feature", "properties": { "fid": 110, "ID": "110", "NOM_SEDATU": "ND-03", "PROPIETARIO": "Garza Enrriquez María de los Angeles", "SEGMENTO": "18", "ESTRUCTURA": null, "TIPO DE PROPIEDAD": null, "EJIDO": null, "KM INICIO": null, "KM FIN": null, "KM LINEALE": null, "KM EFECTIV": null, "M2": null, "AREA_M2": 27000106.65, "IDENTIFICA": null, "ESTATUS": null, "ANUENCIA": null, "LEVANTAMIE": null, "NEGOCIACION": null, "C.O.P": null, "ESTATUS AC": null, "OBSERVACIO": null, "EXCEL": "NO" }, "geometry": { "type": "MultiPolygon", "coordinates": [ [ [ [ -100.392289206268401, 27.046609913342976, 0.0 ], [ -100.402266350850397, 27.033117939770328, 0.0 ], [ -100.402364757585502, 27.033271779050139, 0.0 ], [ -100.443488469367793, 27.097515617818342, 0.0 ], [ -100.443493140877806, 27.09752290860208, 0.0 ], [ -100.410664710886707, 27.111399012842725, 0.0 ], [ -100.377433553747906, 27.066737334941006, 0.0 ], [ -100.377984035058205, 27.065998669035654, 0.0 ], [ -100.377965264057295, 27.065973345945913, 0.0 ], [ -100.392289206268401, 27.046609913342976, 0.0 ] ] ] ] } },
{ "type": "Feature", "properties": { "fid": 111, "ID": "111", "NOM_SEDATU": "ND-21", "PROPIETARIO": "Desconocido", "SEGMENTO": "18", "ESTRUCTURA": null, "TIPO DE PROPIEDAD": null, "EJIDO": null, "KM INICIO": null, "KM FIN": null, "KM LINEALE": null, "KM EFECTIV": null, "M2": null, "AREA_M2": 23807731.03, "IDENTIFICA": false, "ESTATUS": null, "ANUENCIA": false, "LEVANTAMIE": null, "NEGOCIACION": false, "C.O.P": null, "ESTATUS AC": null, "OBSERVACIO": null, "EXCEL": "NO" }, "geometry": { "type": "MultiPolygon", "coordinates": [ [ [ [ -100.473553367199997, 27.055843606600007, 0.0 ], [ -100.4789108656, 27.064786953900011, 0.0 ], [ -100.478913450199997, 27.064791404500006, 0.0 ], [ -100.478995195899998, 27.064931926599979, 0.0 ], [ -100.479033144400006, 27.064997157300002, 0.0 ], [ -100.479125339600003, 27.065155627400014, 0.0 ], [ -100.4791302621, 27.065163861400002, 0.0 ], [ -100.4807433557, 27.067861453, 0.0 ], [ -100.485633988499998, 27.076049786999985, 0.0 ], [ -100.485718031100006, 27.076190520700017, 0.0 ], [ -100.485737657800001, 27.076223367799969, 0.0 ], [ -100.485877475, 27.076457450400021, 0.0 ], [ -100.486934907199995, 27.075598150100014, 0.0 ], [ -100.488867988, 27.074027216500017, 0.0 ], [ -100.489667798900001, 27.073377232300032, 0.0 ], [ -100.489757218199998, 27.073304536699972, 0.0 ], [ -100.490201073199998, 27.07294383510003, 0.0 ], [ -100.490299890299994, 27.072863510699971, 0.0 ], [ -100.490888907200002, 27.072384813899998, 0.0 ], [ -100.491129005600001, 27.072189683200001, 0.0 ], [ -100.491377010099995, 27.071988123100006, 0.0 ], [ -100.491854649400011, 27.071599927799998, 0.0 ], [ -100.492585761800015, 27.071005727599967, 0.0 ], [ -100.492655369800019, 27.070949156499999, 0.0 ], [ -100.495329705900005, 27.07270524090001, 0.0 ], [ -100.495187018600006, 27.072916029500004, 0.0 ], [ -100.494944404500004, 27.073274387400012, 0.0 ], [ -100.494612363599998, 27.073764860799997, 0.0 ], [ -100.494292951299997, 27.074526771500011, 0.0 ], [ -100.494001385700003, 27.074839741699993, 0.0 ], [ -100.493916937700007, 27.074930393100001, 0.0 ], [ -100.493086408699995, 27.077543260000017, 0.0 ], [ -100.494076994899999, 27.078443138099999, 0.0 ], [ -100.494294262, 27.079699955, 0.0 ], [ -100.496382665699997, 27.080077774599989, 0.0 ], [ -100.495114143699993, 27.084705624799994, 0.0 ], [ -100.495799579199996, 27.085315115600007, 0.0 ], [ -100.495922329799996, 27.08542427810001, 0.0 ], [ -100.497317870700002, 27.086368541099997, 0.0 ], [ -100.496132659400004, 27.089030937600004, 0.0 ], [ -100.496029719199996, 27.089097077699986, 0.0 ], [ -100.492447863400002, 27.091398342199973, 0.0 ], [ -100.491240284, 27.092174153299979, 0.0 ], [ -100.489502223100004, 27.093290719900008, 0.0 ], [ -100.490057574700003, 27.093514254700001, 0.0 ], [ -100.496160969, 27.095970762099999, 0.0 ], [ -100.489959345499997, 27.098263205300004, 0.0 ], [ -100.488390273600004, 27.098843168799991, 0.0 ], [ -100.484895253700017, 27.099422091100006, 0.0 ], [ -100.483571334199993, 27.098933325899974, 0.0 ], [ -100.482444498600003, 27.098448462800036, 0.0 ], [ -100.476221751799997, 27.095770726899989, 0.0 ], [ -100.471629868099996, 27.093794498, 0.0 ], [ -100.463063647800013, 27.090107227900035, 0.0 ], [ -100.461872571100002, 27.090581221899988, 0.0 ], [ -100.461320535499993, 27.091278976200002, 0.0 ], [ -100.472804948299995, 27.102045414499973, 0.0 ], [ -100.465438456800001, 27.10375830999995, 0.0 ], [ -100.465362726600006, 27.103775916700009, 0.0 ], [ -100.464353611500002, 27.104010533300002, 0.0 ], [ -100.457253738899993, 27.093575811300013, 0.0 ], [ -100.457156077299999, 27.093432325900007, 0.0 ], [ -100.457115376100006, 27.093372517500004, 0.0 ], [ -100.456551248899999, 27.092543686099994, 0.0 ], [ -100.456530137700014, 27.092512678499993, 0.0 ], [ -100.45642222550002, 27.092354130799997, 0.0 ], [ -100.4538181546, 27.088527940400002, 0.0 ], [ -100.4536405363, 27.088266956899989, 0.0 ], [ -100.453462928700006, 27.088005982299975, 0.0 ], [ -100.452820596099997, 27.087062135199986, 0.0 ], [ -100.452636548699999, 27.086791686399977, 0.0 ], [ -100.452452492199996, 27.086521228099986, 0.0 ], [ -100.446892234100005, 27.078350035200014, 0.0 ], [ -100.442090121700019, 27.070356237, 0.0 ], [ -100.439108899199994, 27.073030896900001, 0.0 ], [ -100.425595033799993, 27.05033071, 0.0 ], [ -100.435710879, 27.046462353699997, 0.0 ], [ -100.43394903, 27.042729096499993, 0.0 ], [ -100.434054524299995, 27.042689539200023, 0.0 ], [ -100.434054527459622, 27.042689538015264, 0.0 ], [ -100.434054528491004, 27.042689539508899, 0.0 ], [ -100.441214917592006, 27.040004350752181, 0.0 ], [ -100.441300421598996, 27.039495807316595, 0.0 ], [ -100.441310220906999, 27.039437532724694, 0.0 ], [ -100.441737606434998, 27.036895637949986, 0.0 ], [ -100.442669075356037, 27.031355347284869, 0.0 ], [ -100.443568343199999, 27.032004801199992, 0.0 ], [ -100.448376852, 27.03548381240002, 0.0 ], [ -100.449065836100004, 27.037155016100019, 0.0 ], [ -100.449552381299995, 27.038335138700013, 0.0 ], [ -100.449577919299998, 27.03839707240002, 0.0 ], [ -100.450065493899999, 27.039579657, 0.0 ], [ -100.451218373100005, 27.043533235600016, 0.0 ], [ -100.451221461599999, 27.043543827200004, 0.0 ], [ -100.451264644299997, 27.043691906400021, 0.0 ], [ -100.451307696499995, 27.043839505499992, 0.0 ], [ -100.4513109265, 27.04385057959998, 0.0 ], [ -100.451687414199995, 27.045141604800012, 0.0 ], [ -100.451687975900001, 27.045143530899981, 0.0 ], [ -100.451733215800004, 27.045298659399997, 0.0 ], [ -100.451773752199998, 27.045437674100015, 0.0 ], [ -100.451779012299994, 27.045455712800013, 0.0 ], [ -100.454898060900007, 27.056149798800011, 0.0 ], [ -100.455791234299994, 27.059211737300011, 0.0 ], [ -100.455791238523801, 27.059211736954889, 0.0 ], [ -100.455791238716003, 27.059211737613815, 0.0 ], [ -100.458224654348996, 27.059012890801316, 0.0 ], [ -100.461596534066999, 27.057911497851197, 0.0 ], [ -100.464493694190011, 27.05696508182303, 0.0 ], [ -100.467878019737, 27.056411566913617, 0.0 ], [ -100.472112714640005, 27.055228697835798, 0.0 ], [ -100.473031336539137, 27.054972081900956, 0.0 ], [ -100.473553367199997, 27.055843606600007, 0.0 ] ] ] ] } },
{ "type": "Feature", "properties": { "fid": 116, "ID": "116", "NOM_SEDATU": "SNL-LAM-009-2", "PROPIETARIO": "SANCHEZ CA/AMAR JOSE FELIPE Y CO", "SEGMENTO": "18", "ESTRUCTURA": null, "TIPO DE PROPIEDAD": null, "EJIDO": null, "KM INICIO": null, "KM FIN": null, "KM LINEALE": null, "KM EFECTIV": null, "M2": null, "AREA_M2": 46557.667, "IDENTIFICA": null, "ESTATUS": null, "ANUENCIA": null, "LEVANTAMIE": null, "NEGOCIACION": null, "C.O.P": null, "ESTATUS AC": null, "OBSERVACIO": null, "EXCEL": "NO" }, "geometry": { "type": "MultiPolygon", "coordinates": [ [ [ [ -100.512627, 27.033786, 0.0 ], [ -100.5126, 27.033512, 0.0 ], [ -100.513986, 27.03361, 0.0 ], [ -100.513988, 27.033144, 0.0 ], [ -100.514109, 27.033129, 0.0 ], [ -100.514255, 27.033124, 0.0 ], [ -100.514456, 27.03313, 0.0 ], [ -100.514763, 27.033142, 0.0 ], [ -100.515097, 27.033157, 0.0 ], [ -100.515268, 27.033241, 0.0 ], [ -100.515701, 27.033457, 0.0 ], [ -100.515744, 27.033702, 0.0 ], [ -100.515437, 27.034226, 0.0 ], [ -100.515263, 27.034513, 0.0 ], [ -100.51512, 27.034755, 0.0 ], [ -100.514607, 27.034795, 0.0 ], [ -100.513633, 27.034901, 0.0 ], [ -100.513447, 27.03491, 0.0 ], [ -100.512771, 27.035002, 0.0 ], [ -100.512685, 27.034301, 0.0 ], [ -100.512627, 27.033786, 0.0 ] ] ] ] } },
{ "type": "Feature", "properties": { "fid": 117, "ID": "117", "NOM_SEDATU": "SNL-LAM-007", "PROPIETARIO": "Ferrocarriles Nacionales de Mexico", "SEGMENTO": "18", "ESTRUCTURA": null, "TIPO DE PROPIEDAD": null, "EJIDO": null, "KM INICIO": null, "KM FIN": null, "KM LINEALE": null, "KM EFECTIV": null, "M2": null, "AREA_M2": 10542.704, "IDENTIFICA": null, "ESTATUS": null, "ANUENCIA": null, "LEVANTAMIE": null, "NEGOCIACION": null, "C.O.P": null, "ESTATUS AC": null, "OBSERVACIO": null, "EXCEL": "NO" }, "geometry": { "type": "MultiPolygon", "coordinates": [ [ [ [ -100.517585, 27.029415, 0.0 ], [ -100.517734, 27.028882, 0.0 ], [ -100.518623, 27.028944, 0.0 ], [ -100.518084, 27.029813, 0.0 ], [ -100.518027, 27.029901, 0.0 ], [ -100.517829, 27.030199, 0.0 ], [ -100.517688, 27.030404, 0.0 ], [ -100.517341, 27.03027, 0.0 ], [ -100.517457, 27.029856, 0.0 ], [ -100.517483, 27.029765, 0.0 ], [ -100.517585, 27.029415, 0.0 ] ] ] ] } },
{ "type": "Feature", "properties": { "fid": 118, "ID": "118", "NOM_SEDATU": "SNL-LAM-006-11", "PROPIETARIO": "ND", "SEGMENTO": "18", "ESTRUCTURA": null, "TIPO DE PROPIEDAD": null, "EJIDO": null, "KM INICIO": null, "KM FIN": null, "KM LINEALE": null, "KM EFECTIV": null, "M2": null, "AREA_M2": 26775.989, "IDENTIFICA": null, "ESTATUS": null, "ANUENCIA": null, "LEVANTAMIE": null, "NEGOCIACION": null, "C.O.P": null, "ESTATUS AC": null, "OBSERVACIO": null, "EXCEL": null }, "geometry": { "type": "MultiPolygon", "coordinates": [ [ [ [ -100.518145, 27.028782, 0.0 ], [ -100.51776, 27.028758, 0.0 ], [ -100.517887, 27.028171, 0.0 ], [ -100.517928, 27.027974, 0.0 ], [ -100.517939, 27.027912, 0.0 ], [ -100.517991, 27.027587, 0.0 ], [ -100.518063, 27.027151, 0.0 ], [ -100.518145, 27.026642, 0.0 ], [ -100.518731, 27.026724, 0.0 ], [ -100.519268, 27.026801, 0.0 ], [ -100.519472, 27.026834, 0.0 ], [ -100.51947, 27.026841, 0.0 ], [ -100.518996, 27.02821, 0.0 ], [ -100.518829, 27.028572, 0.0 ], [ -100.51872, 27.028804, 0.0 ], [ -100.51869, 27.028819, 0.0 ], [ -100.518145, 27.028782, 0.0 ] ] ] ] } },
{ "type": "Feature", "properties": { "fid": 119, "ID": "119", "NOM_SEDATU": "SNL-LAM-006-10", "PROPIETARIO": "Gerardo Elizondo Gonzalez", "SEGMENTO": "18", "ESTRUCTURA": null, "TIPO DE PROPIEDAD": null, "EJIDO": null, "KM INICIO": null, "KM FIN": null, "KM LINEALE": null, "KM EFECTIV": null, "M2": null, "AREA_M2": 22385.043, "IDENTIFICA": null, "ESTATUS": null, "ANUENCIA": null, "LEVANTAMIE": null, "NEGOCIACION": null, "C.O.P": null, "ESTATUS AC": null, "OBSERVACIO": null, "EXCEL": "NO" }, "geometry": { "type": "MultiPolygon", "coordinates": [ [ [ [ -100.518275, 27.025897, 0.0 ], [ -100.518426, 27.02513, 0.0 ], [ -100.518598, 27.025163, 0.0 ], [ -100.519346, 27.02538, 0.0 ], [ -100.519823, 27.025523, 0.0 ], [ -100.519695, 27.026014, 0.0 ], [ -100.519661, 27.026147, 0.0 ], [ -100.519584, 27.026426, 0.0 ], [ -100.519472, 27.026834, 0.0 ], [ -100.519268, 27.026801, 0.0 ], [ -100.518731, 27.026724, 0.0 ], [ -100.518145, 27.026642, 0.0 ], [ -100.5182, 27.026309, 0.0 ], [ -100.518233, 27.026108, 0.0 ], [ -100.518275, 27.025897, 0.0 ] ] ] ] } },
{ "type": "Feature", "properties": { "fid": 120, "ID": "120", "NOM_SEDATU": "SNL-LAM-009-3", "PROPIETARIO": "Flores Ramirez Higinio", "SEGMENTO": "18", "ESTRUCTURA": null, "TIPO DE PROPIEDAD": null, "EJIDO": null, "KM INICIO": null, "KM FIN": null, "KM LINEALE": null, "KM EFECTIV": null, "M2": null, "AREA_M2": 49272.967, "IDENTIFICA": null, "ESTATUS": null, "ANUENCIA": null, "LEVANTAMIE": null, "NEGOCIACION": null, "C.O.P": null, "ESTATUS AC": null, "OBSERVACIO": null, "EXCEL": "NO" }, "geometry": { "type": "MultiPolygon", "coordinates": [ [ [ [ -100.515102, 27.034797, 0.0 ], [ -100.513117, 27.03806, 0.0 ], [ -100.512684, 27.038064, 0.0 ], [ -100.512579, 27.03508, 0.0 ], [ -100.515102, 27.034797, 0.0 ] ] ] ] } },
{ "type": "Feature", "properties": { "fid": 121, "ID": "121", "NOM_SEDATU": "SNL-LAM-011", "PROPIETARIO": "ND", "SEGMENTO": "18", "ESTRUCTURA": null, "TIPO DE PROPIEDAD": null, "EJIDO": null, "KM INICIO": null, "KM FIN": null, "KM LINEALE": null, "KM EFECTIV": null, "M2": null, "AREA_M2": 45188.42, "IDENTIFICA": null, "ESTATUS": null, "ANUENCIA": null, "LEVANTAMIE": null, "NEGOCIACION": null, "C.O.P": null, "ESTATUS AC": null, "OBSERVACIO": null, "EXCEL": null }, "geometry": { "type": "MultiPolygon", "coordinates": [ [ [ [ -100.503073, 27.051659, 0.0 ], [ -100.504415, 27.052367, 0.0 ], [ -100.502899, 27.054828, 0.0 ], [ -100.501625, 27.054376, 0.0 ], [ -100.502978, 27.052024, 0.0 ], [ -100.503073, 27.051659, 0.0 ] ] ] ] } },
{ "type": "Feature", "properties": { "fid": 122, "ID": "122", "NOM_SEDATU": "SNL-LAM-010", "PROPIETARIO": "ND", "SEGMENTO": "18", "ESTRUCTURA": null, "TIPO DE PROPIEDAD": null, "EJIDO": null, "KM INICIO": null, "KM FIN": null, "KM LINEALE": null, "KM EFECTIV": null, "M2": null, "AREA_M2": 21399.199, "IDENTIFICA": null, "ESTATUS": null, "ANUENCIA": null, "LEVANTAMIE": null, "NEGOCIACION": null, "C.O.P": null, "ESTATUS AC": null, "OBSERVACIO": null, "EXCEL": null }, "geometry": { "type": "MultiPolygon", "coordinates": [ [ [ [ -100.503166, 27.051301, 0.0 ], [ -100.503327, 27.050669, 0.0 ], [ -100.505104, 27.051249, 0.0 ], [ -100.50475, 27.051823, 0.0 ], [ -100.504415, 27.052367, 0.0 ], [ -100.503073, 27.051659, 0.0 ], [ -100.503166, 27.051301, 0.0 ] ] ] ] } },
{ "type": "Feature", "properties": { "fid": 124, "ID": "124", "NOM_SEDATU": "ND-06", "PROPIETARIO": "Bodega de Productos Internacional SA de CV\n", "SEGMENTO": "18", "ESTRUCTURA": null, "TIPO DE PROPIEDAD": null, "EJIDO": null, "KM INICIO": null, "KM FIN": null, "KM LINEALE": null, "KM EFECTIV": null, "M2": null, "AREA_M2": 504925.93, "IDENTIFICA": null, "ESTATUS": null, "ANUENCIA": null, "LEVANTAMIE": null, "NEGOCIACION": null, "C.O.P": null, "ESTATUS AC": null, "OBSERVACIO": null, "EXCEL": null }, "geometry": { "type": "MultiPolygon", "coordinates": [ [ [ [ -100.506114, 26.939906, 0.0 ], [ -100.505293961843108, 26.933994490337295, 0.0 ], [ -100.505276856983173, 26.933865172401497, 0.0 ], [ -100.508348464195677, 26.934483062790175, 0.0 ], [ -100.512420501693427, 26.935308785380336, 0.0 ], [ -100.512916, 26.94201, 0.0 ], [ -100.508339302219625, 26.941125346397083, 0.0 ], [ -100.506226010806628, 26.940709900616046, 0.0 ], [ -100.506114, 26.939906, 0.0 ] ] ] ] } },
{ "type": "Feature", "properties": { "fid": 125, "ID": "125", "NOM_SEDATU": "ND-02", "PROPIETARIO": "Bodega de Productos Internacional SA de CV", "SEGMENTO": "18", "ESTRUCTURA": null, "TIPO DE PROPIEDAD": null, "EJIDO": null, "KM INICIO": null, "KM FIN": null, "KM LINEALE": null, "KM EFECTIV": null, "M2": null, "AREA_M2": 469023.223, "IDENTIFICA": null, "ESTATUS": null, "ANUENCIA": null, "LEVANTAMIE": null, "NEGOCIACION": null, "C.O.P": null, "ESTATUS AC": null, "OBSERVACIO": null, "EXCEL": null }, "geometry": { "type": "MultiPolygon", "coordinates": [ [ [ [ -100.501697, 26.919118, 0.0 ], [ -100.511165, 26.920759, 0.0 ], [ -100.511683, 26.925335, 0.0 ], [ -100.511674, 26.925333, 0.0 ], [ -100.503122, 26.923744, 0.0 ], [ -100.50278156647029, 26.923680734640836, 0.0 ], [ -100.501894170221007, 26.923510822074384, 0.0 ], [ -100.501875919786883, 26.923503005005564, 0.0 ], [ -100.501697, 26.919118, 0.0 ] ] ] ] } },
{ "type": "Feature", "properties": { "fid": 126, "ID": "126", "NOM_SEDATU": "SNL-LAM-017", "PROPIETARIO": "Garza Flores Rigoberto", "SEGMENTO": "18", "ESTRUCTURA": null, "TIPO DE PROPIEDAD": null, "EJIDO": null, "KM INICIO": null, "KM FIN": null, "KM LINEALE": null, "KM EFECTIV": null, "M2": null, "AREA_M2": 9614268.352, "IDENTIFICA": null, "ESTATUS": null, "ANUENCIA": null, "LEVANTAMIE": null, "NEGOCIACION": null, "C.O.P": null, "ESTATUS AC": null, "OBSERVACIO": null, "EXCEL": "NO" }, "geometry": { "type": "MultiPolygon", "coordinates": [ [ [ [ -100.353872, 27.086123, 0.0 ], [ -100.37891, 27.124799, 0.0 ], [ -100.361509, 27.132285, 0.0 ], [ -100.336071, 27.098588, 0.0 ], [ -100.337155, 27.097559, 0.0 ], [ -100.338264, 27.098718, 0.0 ], [ -100.353872, 27.086123, 0.0 ] ] ] ] } },
{ "type": "Feature", "properties": { "fid": 127, "ID": "127", "NOM_SEDATU": "SNL-LAM-014", "PROPIETARIO": "Angel Macias Garza", "SEGMENTO": "18", "ESTRUCTURA": "DDV Troncal", "TIPO DE PROPIEDAD": "Privada", "EJIDO": "N/A", "KM INICIO": 238.89065, "KM FIN": 284.64739, "KM LINEALE": 45.75674, "KM EFECTIV": 45.75674, "M2": 1005.926, "AREA_M2": 5850.717, "IDENTIFICA": false, "ESTATUS": null, "ANUENCIA": false, "LEVANTAMIE": null, "NEGOCIACION": false, "C.O.P": "NO", "ESTATUS AC": "Sin información de propietario", "OBSERVACIO": null, "EXCEL": "SI" }, "geometry": { "type": "MultiPolygon", "coordinates": [ [ [ [ -100.48813, 27.071466, 0.0 ], [ -100.488130343281924, 27.071465586707465, 0.0 ], [ -100.488130399403005, 27.07146568042792, 0.0 ], [ -100.488228300334455, 27.071629173405881, 0.0 ], [ -100.48813, 27.071466, 0.0 ] ] ], [ [ [ -100.494637, 27.068419, 0.0 ], [ -100.489774362747269, 27.072660165310729, 0.0 ], [ -100.494585587431118, 27.068393297232642, 0.0 ], [ -100.494637, 27.068419, 0.0 ] ] ], [ [ [ -100.484293, 27.065057, 0.0 ], [ -100.480844, 27.06786, 0.0 ], [ -100.48077, 27.067921, 0.0 ], [ -100.479396783943088, 27.065609570546595, 0.0 ], [ -100.480743360359995, 27.067861453343205, 0.0 ], [ -100.484245181877, 27.064977013609504, 0.0 ], [ -100.485468822799817, 27.067020709299435, 0.0 ], [ -100.484293, 27.065057, 0.0 ] ] ] ] } },
{ "type": "Feature", "properties": { "fid": 128, "ID": "128", "NOM_SEDATU": "SNL-LAM-012", "PROPIETARIO": "Alfredo González Veliz", "SEGMENTO": "18", "ESTRUCTURA": "DDV Troncal", "TIPO DE PROPIEDAD": "Privada", "EJIDO": "N/A", "KM INICIO": 282.53118, "KM FIN": 282.93867, "KM LINEALE": 0.40749, "KM EFECTIV": 0.40749, "M2": 1126.326, "AREA_M2": 3906.781, "IDENTIFICA": false, "ESTATUS": null, "ANUENCIA": false, "LEVANTAMIE": null, "NEGOCIACION": false, "C.O.P": "NO", "ESTATUS AC": null, "OBSERVACIO": null, "EXCEL": "SI, NO COINCIDE SUPERFICIE" }, "geometry": { "type": "MultiPolygon", "coordinates": [ [ [ [ -100.501213, 27.057653, 0.0 ], [ -100.500188636746529, 27.059294937658056, 0.0 ], [ -100.501189229762659, 27.057647450591791, 0.0 ], [ -100.501213, 27.057653, 0.0 ] ] ], [ [ [ -100.499843, 27.057302, 0.0 ], [ -100.500299859320748, 27.05743242252403, 0.0 ], [ -100.499074390575004, 27.057139435282298, 0.0 ], [ -100.499063201751198, 27.057080064429499, 0.0 ], [ -100.499843, 27.057302, 0.0 ] ] ], [ [ [ -100.493864, 27.050834, 0.0 ], [ -100.495395, 27.05235, 0.0 ], [ -100.497098, 27.053004, 0.0 ], [ -100.497329, 27.053093, 0.0 ], [ -100.497399357910112, 27.053215370961063, 0.0 ], [ -100.495581317941003, 27.052531323215661, 0.0 ], [ -100.495554063453994, 27.052599589608104, 0.0 ], [ -100.493822825490483, 27.050820898461009, 0.0 ], [ -100.493864, 27.050834, 0.0 ] ] ] ] } },
{ "type": "Feature", "properties": { "fid": 129, "ID": "129", "NOM_SEDATU": "ND-20", "PROPIETARIO": "Treviño Garza Adolfo José", "SEGMENTO": "18", "ESTRUCTURA": "DDV Troncal", "TIPO DE PROPIEDAD": "Privada", "EJIDO": "N/A", "KM INICIO": null, "KM FIN": null, "KM LINEALE": null, "KM EFECTIV": null, "M2": null, "AREA_M2": 840050.375, "IDENTIFICA": null, "ESTATUS": null, "ANUENCIA": null, "LEVANTAMIE": null, "NEGOCIACION": null, "C.O.P": null, "ESTATUS AC": null, "OBSERVACIO": null, "EXCEL": "NO, SOLO SE ENCUENTRA EL REGISTRO DE LA OTRA PARCELA LAM 003" }, "geometry": { "type": "MultiPolygon", "coordinates": [ [ [ [ -100.496936, 26.87296, 0.0 ], [ -100.507284, 26.872818, 0.0 ], [ -100.507916, 26.880849, 0.0 ], [ -100.497655, 26.879798, 0.0 ], [ -100.496936, 26.87296, 0.0 ] ] ] ] } },
{ "type": "Feature", "properties": { "fid": 130, "ID": "130", "NOM_SEDATU": "ND-01", "PROPIETARIO": "Desconocido", "SEGMENTO": "18", "ESTRUCTURA": null, "TIPO DE PROPIEDAD": null, "EJIDO": null, "KM INICIO": null, "KM FIN": null, "KM LINEALE": null, "KM EFECTIV": null, "M2": null, "AREA_M2": 301399.118, "IDENTIFICA": null, "ESTATUS": null, "ANUENCIA": null, "LEVANTAMIE": null, "NEGOCIACION": null, "C.O.P": null, "ESTATUS AC": null, "OBSERVACIO": null, "EXCEL": null }, "geometry": { "type": "MultiPolygon", "coordinates": [ [ [ [ -100.496697, 26.870686, 0.0 ], [ -100.507048, 26.869825, 0.0 ], [ -100.507198, 26.871719, 0.0 ], [ -100.507284, 26.872818, 0.0 ], [ -100.496936, 26.87296, 0.0 ], [ -100.496833, 26.871975, 0.0 ], [ -100.496697, 26.870686, 0.0 ] ] ] ] } },
{ "type": "Feature", "properties": { "fid": 131, "ID": "131", "NOM_SEDATU": "SNL-LAM-015", "PROPIETARIO": "Perez Vergara Lorenzo", "SEGMENTO": "18", "ESTRUCTURA": null, "TIPO DE PROPIEDAD": null, "EJIDO": null, "KM INICIO": null, "KM FIN": null, "KM LINEALE": null, "KM EFECTIV": null, "M2": null, "AREA_M2": 467578.698, "IDENTIFICA": null, "ESTATUS": null, "ANUENCIA": null, "LEVANTAMIE": null, "NEGOCIACION": null, "C.O.P": null, "ESTATUS AC": null, "OBSERVACIO": null, "EXCEL": "NO" }, "geometry": { "type": "MultiPolygon", "coordinates": [ [ [ [ -100.485631, 27.076033, 0.0 ], [ -100.48077, 27.067921, 0.0 ], [ -100.480844, 27.06786, 0.0 ], [ -100.484293, 27.065057, 0.0 ], [ -100.485468822799817, 27.067020709299435, 0.0 ], [ -100.486462710496014, 27.068680618140899, 0.0 ], [ -100.486618679011343, 27.06894109386219, 0.0 ], [ -100.48813, 27.071466, 0.0 ], [ -100.488228300334455, 27.071629173405881, 0.0 ], [ -100.489164188080096, 27.073192065170403, 0.0 ], [ -100.485631, 27.076033, 0.0 ] ] ] ] } },
{ "type": "Feature", "properties": { "fid": 132, "ID": "132", "NOM_SEDATU": "ND-19", "PROPIETARIO": "Quiroga de Gonzalez Dora Ofelia", "SEGMENTO": "18", "ESTRUCTURA": "DDV Troncal", "TIPO DE PROPIEDAD": "Privada", "EJIDO": "N/A", "KM INICIO": 293.58, "KM FIN": 295.27, "KM LINEALE": 1.68, "KM EFECTIV": 1.68, "M2": null, "AREA_M2": 8800548.424000001, "IDENTIFICA": false, "ESTATUS": "ND", "ANUENCIA": false, "LEVANTAMIE": "ND", "NEGOCIACION": false, "C.O.P": "NO", "ESTATUS AC": "ND", "OBSERVACIO": "ND", "EXCEL": "SI" }, "geometry": { "type": "MultiPolygon", "coordinates": [ [ [ [ -100.410665, 27.111399, 0.0 ], [ -100.395257, 27.117831, 0.0 ], [ -100.366785, 27.075478, 0.0 ], [ -100.377434, 27.066737, 0.0 ], [ -100.410665, 27.111399, 0.0 ] ] ] ] } },
{ "type": "Feature", "properties": { "fid": 133, "ID": "133", "NOM_SEDATU": "SNL-LAM-006-2", "PROPIETARIO": "Fermin Hernandez Peña", "SEGMENTO": "18", "ESTRUCTURA": "DDV Troncal", "TIPO DE PROPIEDAD": "Privada", "EJIDO": "N/A", "KM INICIO": 274.20047, "KM FIN": 274.54949, "KM LINEALE": 0.34902, "KM EFECTIV": 0.34902, "M2": 2131.163, "AREA_M2": 529228.195, "IDENTIFICA": false, "ESTATUS": null, "ANUENCIA": null, "LEVANTAMIE": null, "NEGOCIACION": null, "C.O.P": "NO", "ESTATUS AC": null, "OBSERVACIO": null, "EXCEL": "SI, REVISAR PORQUE HAY UNA CONFUSION DE PROPIETARIOS ENTRE EXCEL Y PPT" }, "geometry": { "type": "MultiPolygon", "coordinates": [ [ [ [ -100.5155945, 27.013012299999978, 0.0 ], [ -100.5154365, 27.012627299999966, 0.0 ], [ -100.5153985, 27.012677300000011, 0.0 ], [ -100.5149796, 27.0112373, 0.0 ], [ -100.5146746, 27.0103823, 0.0 ], [ -100.5139206, 27.0097213, 0.0 ], [ -100.5134835, 27.0094953, 0.0 ], [ -100.5140526, 27.0071233, 0.0 ], [ -100.5140836, 27.006993300000023, 0.0 ], [ -100.5148456, 27.003818299999974, 0.0 ], [ -100.5182356, 27.003966299999984, 0.0 ], [ -100.5194265, 27.017553300000017, 0.0 ], [ -100.5188126, 27.0174643, 0.0 ], [ -100.5184636, 27.0172883, 0.0 ], [ -100.5180446, 27.016887300000011, 0.0 ], [ -100.5175005, 27.016034300000015, 0.0 ], [ -100.5169546, 27.0150263, 0.0 ], [ -100.5166676, 27.014551300000015, 0.0 ], [ -100.5163846, 27.014268299999973, 0.0 ], [ -100.5160346, 27.013974300000015, 0.0 ], [ -100.5155945, 27.013012299999978, 0.0 ] ] ] ] } },
{ "type": "Feature", "properties": { "fid": 134, "ID": "134", "NOM_SEDATU": "SNL-LAM-006-1", "PROPIETARIO": "Fermin Hernandez Peña", "SEGMENTO": "18", "ESTRUCTURA": "DDV Troncal", "TIPO DE PROPIEDAD": "Privada", "EJIDO": "N/A", "KM INICIO": 274.20047, "KM FIN": 274.54949, "KM LINEALE": 0.34902, "KM EFECTIV": 0.34902, "M2": 2131.163, "AREA_M2": 444349.509, "IDENTIFICA": true, "ESTATUS": null, "ANUENCIA": null, "LEVANTAMIE": null, "NEGOCIACION": null, "C.O.P": "NO", "ESTATUS AC": null, "OBSERVACIO": null, "EXCEL": "SI" }, "geometry": { "type": "MultiPolygon", "coordinates": [ [ [ [ -100.518592, 27.004002, 0.0 ], [ -100.518193, 26.997646, 0.0 ], [ -100.519428, 26.997872, 0.0 ], [ -100.523498776883628, 26.998636493978189, 0.0 ], [ -100.522111181354006, 27.00309243533599, 0.0 ], [ -100.521798011998001, 27.004098054130388, 0.0 ], [ -100.518636285983007, 27.003962958205104, 0.0 ], [ -100.518639855733753, 27.004004090896281, 0.0 ], [ -100.518592, 27.004002, 0.0 ] ] ], [ [ [ -100.516552, 26.997333, 0.0 ], [ -100.51765, 26.997558, 0.0 ], [ -100.518214, 27.003986, 0.0 ], [ -100.514824, 27.003838, 0.0 ], [ -100.51601, 26.9989, 0.0 ], [ -100.516106, 26.998894, 0.0 ], [ -100.516552, 26.997333, 0.0 ] ] ] ] } },
{ "type": "Feature", "properties": { "fid": 135, "ID": "135", "NOM_SEDATU": "SNL-LAM-009-6", "PROPIETARIO": "Capetillo Vergara Juan Héctor", "SEGMENTO": "18", "ESTRUCTURA": null, "TIPO DE PROPIEDAD": null, "EJIDO": null, "KM INICIO": null, "KM FIN": null, "KM LINEALE": null, "KM EFECTIV": null, "M2": null, "AREA_M2": 64820.924, "IDENTIFICA": null, "ESTATUS": null, "ANUENCIA": null, "LEVANTAMIE": null, "NEGOCIACION": null, "C.O.P": null, "ESTATUS AC": null, "OBSERVACIO": null, "EXCEL": "NO" }, "geometry": { "type": "MultiPolygon", "coordinates": [ [ [ [ -100.509602, 27.043789, 0.0 ], [ -100.507433, 27.043093, 0.0 ], [ -100.508377, 27.040823, 0.0 ], [ -100.509621, 27.041382, 0.0 ], [ -100.510952, 27.041541, 0.0 ], [ -100.509602, 27.043789, 0.0 ] ] ] ] } },
{ "type": "Feature", "properties": { "fid": 136, "ID": "136", "NOM_SEDATU": "ND-18", "PROPIETARIO": "Chavez Valdez Juan José", "SEGMENTO": "18", "ESTRUCTURA": "DDV Troncal", "TIPO DE PROPIEDAD": "Privada", "EJIDO": "N/A", "KM INICIO": 288.56, "KM FIN": 289.6, "KM LINEALE": 1.38, "KM EFECTIV": 1.38, "M2": null, "AREA_M2": 9314602.346000001, "IDENTIFICA": false, "ESTATUS": "ND", "ANUENCIA": false, "LEVANTAMIE": "ND", "NEGOCIACION": false, "C.O.P": "NO", "ESTATUS AC": "ND", "OBSERVACIO": "ND", "EXCEL": "SI" }, "geometry": { "type": "MultiPolygon", "coordinates": [ [ [ [ -100.443488, 27.097516, 0.0 ], [ -100.402365, 27.033272, 0.0 ], [ -100.402266, 27.033118, 0.0 ], [ -100.403639, 27.031261, 0.0 ], [ -100.403815, 27.031291, 0.0 ], [ -100.40854, 27.032077, 0.0 ], [ -100.40894, 27.032144, 0.0 ], [ -100.415347, 27.03321, 0.0 ], [ -100.416229, 27.034675, 0.0 ], [ -100.418801, 27.039061, 0.0 ], [ -100.421304, 27.04329, 0.0 ], [ -100.423387, 27.046711, 0.0 ], [ -100.439117, 27.07315, 0.0 ], [ -100.442067, 27.070479, 0.0 ], [ -100.44683, 27.078356, 0.0 ], [ -100.456212, 27.092145, 0.0 ], [ -100.443493, 27.097523, 0.0 ], [ -100.443488, 27.097516, 0.0 ] ] ] ] } },
{ "type": "Feature", "properties": { "fid": 138, "ID": "138", "NOM_SEDATU": "ND-04", "PROPIETARIO": "Cazares Elizondo de Quiroga Humbertina y Cops", "SEGMENTO": "18", "ESTRUCTURA": "Troncal", "TIPO DE PROPIEDAD": "Privada", "EJIDO": "N/A", "KM INICIO": 262.4, "KM FIN": 266.8, "KM LINEALE": 4.4, "KM EFECTIV": 4.4, "M2": 21827.93, "AREA_M2": 45374645.07, "IDENTIFICA": true, "ESTATUS": "Recopilación Expediente SEDATU/RAN", "ANUENCIA": true, "LEVANTAMIE": "Anuencia", "NEGOCIACION": false, "C.O.P": "NO", "ESTATUS AC": null, "OBSERVACIO": null, "EXCEL": "SI" }, "geometry": { "type": "MultiPolygon", "coordinates": [ [ [ [ -100.463234, 26.91212, 0.0 ], [ -100.40205, 26.901286, 0.0 ], [ -100.383387, 26.866554, 0.0 ], [ -100.496888, 26.879891, 0.0 ], [ -100.501034, 26.918899, 0.0 ], [ -100.497019, 26.918201, 0.0 ], [ -100.485891, 26.916185, 0.0 ], [ -100.473302, 26.913908, 0.0 ], [ -100.466283719566945, 26.912661679473604, 0.0 ], [ -100.463280898712995, 26.91211964525597, 0.0 ], [ -100.463288231682384, 26.912129632973702, 0.0 ], [ -100.463234, 26.91212, 0.0 ] ] ], [ [ [ -100.497655, 26.879798, 0.0 ], [ -100.507916, 26.880849, 0.0 ], [ -100.509456, 26.899844, 0.0 ], [ -100.510494, 26.912724, 0.0 ], [ -100.511163, 26.92067, 0.0 ], [ -100.501696, 26.919028, 0.0 ], [ -100.497655, 26.879798, 0.0 ] ] ] ] } },
{ "type": "Feature", "properties": { "fid": 139, "ID": "139", "NOM_SEDATU": "SNL-LAM-006-5-GS", "PROPIETARIO": "Desconocido", "SEGMENTO": "18", "ESTRUCTURA": null, "TIPO DE PROPIEDAD": null, "EJIDO": null, "KM INICIO": null, "KM FIN": null, "KM LINEALE": null, "KM EFECTIV": null, "M2": null, "AREA_M2": 3965.966, "IDENTIFICA": null, "ESTATUS": null, "ANUENCIA": null, "LEVANTAMIE": null, "NEGOCIACION": null, "C.O.P": null, "ESTATUS AC": null, "OBSERVACIO": null, "EXCEL": "NO" }, "geometry": { "type": "MultiPolygon", "coordinates": [ [ [ [ -100.5198689, 27.021973299999964, 0.0 ], [ -100.5189676, 27.0219542, 0.0 ], [ -100.5190535, 27.0215193, 0.0 ], [ -100.5198099, 27.021538500000013, 0.0 ], [ -100.5198689, 27.021973299999964, 0.0 ] ] ] ] } },
{ "type": "Feature", "properties": { "fid": 140, "ID": "140", "NOM_SEDATU": "SNL-LAM-006-6-GS", "PROPIETARIO": "Desconocido", "SEGMENTO": "18", "ESTRUCTURA": null, "TIPO DE PROPIEDAD": null, "EJIDO": null, "KM INICIO": null, "KM FIN": null, "KM LINEALE": null, "KM EFECTIV": null, "M2": null, "AREA_M2": 4156.514, "IDENTIFICA": null, "ESTATUS": null, "ANUENCIA": null, "LEVANTAMIE": null, "NEGOCIACION": null, "C.O.P": null, "ESTATUS AC": null, "OBSERVACIO": null, "EXCEL": "NO" }, "geometry": { "type": "MultiPolygon", "coordinates": [ [ [ [ -100.5198742, 27.0224417, 0.0 ], [ -100.5188979, 27.02244640000001, 0.0 ], [ -100.5189837, 27.0220307, 0.0 ], [ -100.5198367, 27.0220307, 0.0 ], [ -100.5198742, 27.0224417, 0.0 ] ] ] ] } },
{ "type": "Feature", "properties": { "fid": 141, "ID": "141", "NOM_SEDATU": "SNL-LAM-006-7-GS", "PROPIETARIO": "Desconocido", "SEGMENTO": "18", "ESTRUCTURA": null, "TIPO DE PROPIEDAD": null, "EJIDO": null, "KM INICIO": null, "KM FIN": null, "KM LINEALE": null, "KM EFECTIV": null, "M2": null, "AREA_M2": 4863.928, "IDENTIFICA": null, "ESTATUS": null, "ANUENCIA": null, "LEVANTAMIE": null, "NEGOCIACION": null, "C.O.P": null, "ESTATUS AC": null, "OBSERVACIO": null, "EXCEL": "NO" }, "geometry": { "type": "MultiPolygon", "coordinates": [ [ [ [ -100.5199064, 27.022911499999953, 0.0 ], [ -100.518796, 27.0229067, 0.0 ], [ -100.5188925, 27.022490899999969, 0.0 ], [ -100.5198742, 27.0224814, 0.0 ], [ -100.5199064, 27.022911499999953, 0.0 ] ] ] ] } },
{ "type": "Feature", "properties": { "fid": 142, "ID": "142", "NOM_SEDATU": "SNL-LAM-006-9-GS", "PROPIETARIO": "Desconocido", "SEGMENTO": "18", "ESTRUCTURA": null, "TIPO DE PROPIEDAD": null, "EJIDO": null, "KM INICIO": null, "KM FIN": null, "KM LINEALE": null, "KM EFECTIV": null, "M2": null, "AREA_M2": 27497.046, "IDENTIFICA": null, "ESTATUS": null, "ANUENCIA": null, "LEVANTAMIE": null, "NEGOCIACION": null, "C.O.P": null, "ESTATUS AC": null, "OBSERVACIO": null, "EXCEL": "NO" }, "geometry": { "type": "MultiPolygon", "coordinates": [ [ [ [ -100.5199222, 27.025473900000016, 0.0 ], [ -100.5184309, 27.025082099999988, 0.0 ], [ -100.518742100000011, 27.023486, 0.0 ], [ -100.5199491, 27.0235195, 0.0 ], [ -100.5200081, 27.0244179, 0.0 ], [ -100.5199222, 27.025473900000016, 0.0 ] ] ] ] } },
{ "type": "Feature", "properties": { "fid": 143, "ID": "143", "NOM_SEDATU": "SNL-LAM-007-3-GS", "PROPIETARIO": "Desconocido", "SEGMENTO": "18", "ESTRUCTURA": null, "TIPO DE PROPIEDAD": null, "EJIDO": null, "KM INICIO": null, "KM FIN": null, "KM LINEALE": null, "KM EFECTIV": null, "M2": null, "AREA_M2": 10779.969, "IDENTIFICA": null, "ESTATUS": null, "ANUENCIA": null, "LEVANTAMIE": null, "NEGOCIACION": null, "C.O.P": null, "ESTATUS AC": null, "OBSERVACIO": null, "EXCEL": "NO" }, "geometry": { "type": "MultiPolygon", "coordinates": [ [ [ [ -100.5170591, 27.0315534, 0.0 ], [ -100.5158038, 27.031338399999974, 0.0 ], [ -100.5159326, 27.030616800000011, 0.0 ], [ -100.5173917, 27.030917899999977, 0.0 ], [ -100.5170591, 27.0315534, 0.0 ] ] ] ] } },
{ "type": "Feature", "properties": { "fid": 144, "ID": "144", "NOM_SEDATU": "SNL-LAM-009-4-GS", "PROPIETARIO": "Desconocido", "SEGMENTO": "18", "ESTRUCTURA": null, "TIPO DE PROPIEDAD": null, "EJIDO": null, "KM INICIO": null, "KM FIN": null, "KM LINEALE": null, "KM EFECTIV": null, "M2": null, "AREA_M2": 102505.081, "IDENTIFICA": null, "ESTATUS": null, "ANUENCIA": null, "LEVANTAMIE": null, "NEGOCIACION": null, "C.O.P": null, "ESTATUS AC": null, "OBSERVACIO": null, "EXCEL": "NO" }, "geometry": { "type": "MultiPolygon", "coordinates": [ [ [ [ -100.5131315, 27.038121900000057, 0.0 ], [ -100.5116885, 27.040296, 0.0 ], [ -100.5104118, 27.040124, 0.0 ], [ -100.50882390000001, 27.039808600000018, 0.0 ], [ -100.5089634, 27.037582, 0.0 ], [ -100.5126005, 27.0374291, 0.0 ], [ -100.5126005, 27.0381267, 0.0 ], [ -100.5131315, 27.038121900000057, 0.0 ] ] ] ] } },
{ "type": "Feature", "properties": { "fid": 145, "ID": "145", "NOM_SEDATU": "SNL-LAM-009-5-GS", "PROPIETARIO": "Desconocido", "SEGMENTO": "18", "ESTRUCTURA": null, "TIPO DE PROPIEDAD": null, "EJIDO": null, "KM INICIO": null, "KM FIN": null, "KM LINEALE": null, "KM EFECTIV": null, "M2": null, "AREA_M2": 36697.01, "IDENTIFICA": null, "ESTATUS": null, "ANUENCIA": null, "LEVANTAMIE": null, "NEGOCIACION": null, "C.O.P": null, "ESTATUS AC": null, "OBSERVACIO": null, "EXCEL": "NO" }, "geometry": { "type": "MultiPolygon", "coordinates": [ [ [ [ -100.5116414, 27.040339599999974, 0.0 ], [ -100.510952, 27.041541, 0.0 ], [ -100.5096566, 27.0413621, 0.0 ], [ -100.5084496, 27.040826899999988, 0.0 ], [ -100.50875, 27.04049250000001, 0.0 ], [ -100.5088627, 27.0398713, 0.0 ], [ -100.5116414, 27.040339599999974, 0.0 ] ] ] ] } },
{ "type": "Feature", "properties": { "fid": 146, "ID": "146", "NOM_SEDATU": "SNL-LAM-009-7-GS", "PROPIETARIO": "ND", "SEGMENTO": "18", "ESTRUCTURA": null, "TIPO DE PROPIEDAD": null, "EJIDO": null, "KM INICIO": null, "KM FIN": null, "KM LINEALE": null, "KM EFECTIV": null, "M2": null, "AREA_M2": 34965.453, "IDENTIFICA": null, "ESTATUS": null, "ANUENCIA": null, "LEVANTAMIE": null, "NEGOCIACION": null, "C.O.P": null, "ESTATUS AC": null, "OBSERVACIO": null, "EXCEL": null }, "geometry": { "type": "MultiPolygon", "coordinates": [ [ [ [ -100.5096163, 27.0438372, 0.0 ], [ -100.508581, 27.045542800000014, 0.0 ], [ -100.5078622, 27.045370800000018, 0.0 ], [ -100.5078729, 27.0451797, 0.0 ], [ -100.5077871, 27.044854799999985, 0.0 ], [ -100.5076583, 27.044539499999981, 0.0 ], [ -100.5074867, 27.0442528, 0.0 ], [ -100.5073418, 27.0439566, 0.0 ], [ -100.507315, 27.0436317, 0.0 ], [ -100.5074813, 27.0431539, 0.0 ], [ -100.5096163, 27.0438372, 0.0 ] ] ] ] } },
{ "type": "Feature", "properties": { "fid": 147, "ID": "147", "NOM_SEDATU": "SNL-LAM-009-8-GS", "PROPIETARIO": "Desconocido", "SEGMENTO": "18", "ESTRUCTURA": null, "TIPO DE PROPIEDAD": null, "EJIDO": null, "KM INICIO": null, "KM FIN": null, "KM LINEALE": null, "KM EFECTIV": null, "M2": null, "AREA_M2": 34965.453, "IDENTIFICA": null, "ESTATUS": null, "ANUENCIA": null, "LEVANTAMIE": null, "NEGOCIACION": null, "C.O.P": null, "ESTATUS AC": null, "OBSERVACIO": null, "EXCEL": "NO" }, "geometry": { "type": "MultiPolygon", "coordinates": [ [ [ [ -100.5096163, 27.0438372, 0.0 ], [ -100.508581, 27.045542800000014, 0.0 ], [ -100.5078622, 27.045370800000018, 0.0 ], [ -100.5078729, 27.0451797, 0.0 ], [ -100.5077871, 27.044854799999985, 0.0 ], [ -100.5076583, 27.044539499999981, 0.0 ], [ -100.5074867, 27.0442528, 0.0 ], [ -100.5073418, 27.0439566, 0.0 ], [ -100.507315, 27.0436317, 0.0 ], [ -100.5074813, 27.0431539, 0.0 ], [ -100.5096163, 27.0438372, 0.0 ] ] ] ] } },
{ "type": "Feature", "properties": { "fid": 148, "ID": "148", "NOM_SEDATU": "SNL-LAM-009-9-GS", "PROPIETARIO": "Desconocido", "SEGMENTO": "18", "ESTRUCTURA": null, "TIPO DE PROPIEDAD": null, "EJIDO": null, "KM INICIO": null, "KM FIN": null, "KM LINEALE": null, "KM EFECTIV": null, "M2": null, "AREA_M2": 16250.552, "IDENTIFICA": null, "ESTATUS": null, "ANUENCIA": null, "LEVANTAMIE": null, "NEGOCIACION": null, "C.O.P": null, "ESTATUS AC": null, "OBSERVACIO": null, "EXCEL": "NO" }, "geometry": { "type": "MultiPolygon", "coordinates": [ [ [ [ -100.508581, 27.045542800000014, 0.0 ], [ -100.5068576, 27.0485088, 0.0 ], [ -100.5074584, 27.045967, 0.0 ], [ -100.5079144, 27.0456565, 0.0 ], [ -100.5078661, 27.0455132, 0.0 ], [ -100.5078622, 27.045370800000018, 0.0 ], [ -100.508581, 27.045542800000014, 0.0 ] ] ] ] } },
{ "type": "Feature", "properties": { "fid": 149, "ID": "149", "NOM_SEDATU": "SNL-LAM-009-11-GS", "PROPIETARIO": "ND", "SEGMENTO": "18", "ESTRUCTURA": null, "TIPO DE PROPIEDAD": null, "EJIDO": null, "KM INICIO": null, "KM FIN": null, "KM LINEALE": null, "KM EFECTIV": null, "M2": null, "AREA_M2": 69759.09, "IDENTIFICA": null, "ESTATUS": null, "ANUENCIA": null, "LEVANTAMIE": null, "NEGOCIACION": null, "C.O.P": null, "ESTATUS AC": null, "OBSERVACIO": null, "EXCEL": null }, "geometry": { "type": "MultiPolygon", "coordinates": [ [ [ [ -100.5068105, 27.048472100000033, 0.0 ], [ -100.5056495, 27.0504537, 0.0 ], [ -100.5051171, 27.050200799999978, 0.0 ], [ -100.5047255, 27.05008140000001, 0.0 ], [ -100.504232, 27.0499715, 0.0 ], [ -100.5038511, 27.049847300000014, 0.0 ], [ -100.503776, 27.050028900000015, 0.0 ], [ -100.5033951, 27.0499237, 0.0 ], [ -100.5033522, 27.0497422, 0.0 ], [ -100.5034166, 27.0489682, 0.0 ], [ -100.5036419, 27.0479458, 0.0 ], [ -100.5037438, 27.0480605, 0.0 ], [ -100.5038672, 27.048151200000035, 0.0 ], [ -100.5039101, 27.048242, 0.0 ], [ -100.50387790000002, 27.048485700000047, 0.0 ], [ -100.5040818, 27.048810599999978, 0.0 ], [ -100.5043714, 27.048844, 0.0 ], [ -100.5045967, 27.0487484, 0.0 ], [ -100.5046075, 27.0486195, 0.0 ], [ -100.5047201, 27.048614700000012, 0.0 ], [ -100.5048059, 27.048423599999975, 0.0 ], [ -100.5047469, 27.048289800000024, 0.0 ], [ -100.5049132, 27.0481082, 0.0 ], [ -100.5048579, 27.0477841, 0.0 ], [ -100.5047989, 27.0473254, 0.0 ], [ -100.505201200000016, 27.0470961, 0.0 ], [ -100.5054533, 27.047134300000018, 0.0 ], [ -100.5056518, 27.047163, 0.0 ], [ -100.5057859, 27.047206, 0.0 ], [ -100.5058181, 27.047339799999982, 0.0 ], [ -100.5058503, 27.0473828, 0.0 ], [ -100.5058449, 27.0474974, 0.0 ], [ -100.5060327, 27.0476981, 0.0 ], [ -100.5061185, 27.0478987, 0.0 ], [ -100.5062204, 27.0479752, 0.0 ], [ -100.5062848, 27.048099400000012, 0.0 ], [ -100.5063867, 27.048142400000014, 0.0 ], [ -100.5063921, 27.0483096, 0.0 ], [ -100.5068105, 27.048472100000033, 0.0 ] ] ] ] } },
{ "type": "Feature", "properties": { "fid": 150, "ID": "150", "NOM_SEDATU": "SNL-LAM-009-12-GS", "PROPIETARIO": "Desconocido", "SEGMENTO": "18", "ESTRUCTURA": null, "TIPO DE PROPIEDAD": null, "EJIDO": null, "KM INICIO": null, "KM FIN": null, "KM LINEALE": null, "KM EFECTIV": null, "M2": null, "AREA_M2": 69759.09, "IDENTIFICA": null, "ESTATUS": null, "ANUENCIA": null, "LEVANTAMIE": null, "NEGOCIACION": null, "C.O.P": null, "ESTATUS AC": null, "OBSERVACIO": null, "EXCEL": "NO" }, "geometry": { "type": "MultiPolygon", "coordinates": [ [ [ [ -100.5068105, 27.048472100000033, 0.0 ], [ -100.5056495, 27.0504537, 0.0 ], [ -100.5051171, 27.050200799999978, 0.0 ], [ -100.5047255, 27.05008140000001, 0.0 ], [ -100.504232, 27.0499715, 0.0 ], [ -100.5038511, 27.049847300000014, 0.0 ], [ -100.503776, 27.050028900000015, 0.0 ], [ -100.5033951, 27.0499237, 0.0 ], [ -100.5033522, 27.0497422, 0.0 ], [ -100.5034166, 27.0489682, 0.0 ], [ -100.5036419, 27.0479458, 0.0 ], [ -100.5037438, 27.0480605, 0.0 ], [ -100.5038672, 27.048151200000035, 0.0 ], [ -100.5039101, 27.048242, 0.0 ], [ -100.50387790000002, 27.048485700000047, 0.0 ], [ -100.5040818, 27.048810599999978, 0.0 ], [ -100.5043714, 27.048844, 0.0 ], [ -100.5045967, 27.0487484, 0.0 ], [ -100.5046075, 27.0486195, 0.0 ], [ -100.5047201, 27.048614700000012, 0.0 ], [ -100.5048059, 27.048423599999975, 0.0 ], [ -100.5047469, 27.048289800000024, 0.0 ], [ -100.5049132, 27.0481082, 0.0 ], [ -100.5048579, 27.0477841, 0.0 ], [ -100.5047989, 27.0473254, 0.0 ], [ -100.505201200000016, 27.0470961, 0.0 ], [ -100.5054533, 27.047134300000018, 0.0 ], [ -100.5056518, 27.047163, 0.0 ], [ -100.5057859, 27.047206, 0.0 ], [ -100.5058181, 27.047339799999982, 0.0 ], [ -100.5058503, 27.0473828, 0.0 ], [ -100.5058449, 27.0474974, 0.0 ], [ -100.5060327, 27.0476981, 0.0 ], [ -100.5061185, 27.0478987, 0.0 ], [ -100.5062204, 27.0479752, 0.0 ], [ -100.5062848, 27.048099400000012, 0.0 ], [ -100.5063867, 27.048142400000014, 0.0 ], [ -100.5063921, 27.0483096, 0.0 ], [ -100.5068105, 27.048472100000033, 0.0 ] ] ] ] } },
{ "type": "Feature", "properties": { "fid": 151, "ID": "151", "NOM_SEDATU": "SNL-LAM-009-13-GS", "PROPIETARIO": "ND", "SEGMENTO": "18", "ESTRUCTURA": null, "TIPO DE PROPIEDAD": null, "EJIDO": null, "KM INICIO": null, "KM FIN": null, "KM LINEALE": null, "KM EFECTIV": null, "M2": null, "AREA_M2": 20074.639, "IDENTIFICA": null, "ESTATUS": null, "ANUENCIA": null, "LEVANTAMIE": null, "NEGOCIACION": null, "C.O.P": null, "ESTATUS AC": null, "OBSERVACIO": null, "EXCEL": null }, "geometry": { "type": "MultiPolygon", "coordinates": [ [ [ [ -100.5055932, 27.0504865, 0.0 ], [ -100.5051318, 27.051217399999988, 0.0 ], [ -100.5032328, 27.0506202, 0.0 ], [ -100.5033884, 27.0499609, 0.0 ], [ -100.5038068, 27.050075599999964, 0.0 ], [ -100.5038765, 27.049894, 0.0 ], [ -100.5042306, 27.0500135, 0.0 ], [ -100.5046597, 27.0501043, 0.0 ], [ -100.50518550000001, 27.050266700000016, 0.0 ], [ -100.5055932, 27.0504865, 0.0 ] ] ] ] } },
{ "type": "Feature", "properties": { "fid": 152, "ID": "152", "NOM_SEDATU": "SNL-LAM-009-14-GS", "PROPIETARIO": "Desconocido", "SEGMENTO": "18", "ESTRUCTURA": null, "TIPO DE PROPIEDAD": null, "EJIDO": null, "KM INICIO": null, "KM FIN": null, "KM LINEALE": null, "KM EFECTIV": null, "M2": null, "AREA_M2": 20074.639, "IDENTIFICA": null, "ESTATUS": null, "ANUENCIA": null, "LEVANTAMIE": null, "NEGOCIACION": null, "C.O.P": null, "ESTATUS AC": null, "OBSERVACIO": null, "EXCEL": "NO" }, "geometry": { "type": "MultiPolygon", "coordinates": [ [ [ [ -100.5055932, 27.0504865, 0.0 ], [ -100.5051318, 27.051217399999988, 0.0 ], [ -100.5032328, 27.0506202, 0.0 ], [ -100.5033884, 27.0499609, 0.0 ], [ -100.5038068, 27.050075599999964, 0.0 ], [ -100.5038765, 27.049894, 0.0 ], [ -100.5042306, 27.0500135, 0.0 ], [ -100.5046597, 27.0501043, 0.0 ], [ -100.50518550000001, 27.050266700000016, 0.0 ], [ -100.5055932, 27.0504865, 0.0 ] ] ] ] } },
{ "type": "Feature", "properties": { "fid": 153, "ID": "153", "NOM_SEDATU": "SNL-LAM-011-1-GS", "PROPIETARIO": "ND", "SEGMENTO": "18", "ESTRUCTURA": null, "TIPO DE PROPIEDAD": null, "EJIDO": null, "KM INICIO": null, "KM FIN": null, "KM LINEALE": null, "KM EFECTIV": null, "M2": null, "AREA_M2": 48441.512, "IDENTIFICA": null, "ESTATUS": null, "ANUENCIA": null, "LEVANTAMIE": null, "NEGOCIACION": null, "C.O.P": null, "ESTATUS AC": null, "OBSERVACIO": null, "EXCEL": null }, "geometry": { "type": "MultiPolygon", "coordinates": [ [ [ [ -100.4998656, 27.057244299999979, 0.0 ], [ -100.5015929, 27.054444799999963, 0.0 ], [ -100.502899, 27.054828, 0.0 ], [ -100.501213, 27.057653, 0.0 ], [ -100.501190081402115, 27.057646048336228, 0.0 ], [ -100.501191910038997, 27.057643037418593, 0.0 ], [ -100.501139377439699, 27.057630668807786, 0.0 ], [ -100.4998656, 27.057244299999979, 0.0 ] ] ] ] } },
{ "type": "Feature", "properties": { "fid": 154, "ID": "154", "NOM_SEDATU": "SNL-LAM-011-2-GS", "PROPIETARIO": "Desconocido", "SEGMENTO": "18", "ESTRUCTURA": null, "TIPO DE PROPIEDAD": null, "EJIDO": null, "KM INICIO": null, "KM FIN": null, "KM LINEALE": null, "KM EFECTIV": null, "M2": null, "AREA_M2": 48441.512, "IDENTIFICA": null, "ESTATUS": null, "ANUENCIA": null, "LEVANTAMIE": null, "NEGOCIACION": null, "C.O.P": null, "ESTATUS AC": null, "OBSERVACIO": null, "EXCEL": "NO" }, "geometry": { "type": "MultiPolygon", "coordinates": [ [ [ [ -100.4998656, 27.057244299999979, 0.0 ], [ -100.5015929, 27.054444799999963, 0.0 ], [ -100.502899, 27.054828, 0.0 ], [ -100.501213, 27.057653, 0.0 ], [ -100.501190081402115, 27.057646048336228, 0.0 ], [ -100.501191910038997, 27.057643037418593, 0.0 ], [ -100.501139377439699, 27.057630668807786, 0.0 ], [ -100.4998656, 27.057244299999979, 0.0 ] ] ] ] } },
{ "type": "Feature", "properties": { "fid": 155, "ID": "155", "NOM_SEDATU": "ND-09", "PROPIETARIO": "ND", "SEGMENTO": "18", "ESTRUCTURA": null, "TIPO DE PROPIEDAD": null, "EJIDO": null, "KM INICIO": null, "KM FIN": null, "KM LINEALE": null, "KM EFECTIV": null, "M2": null, "AREA_M2": 0.001, "IDENTIFICA": null, "ESTATUS": null, "ANUENCIA": null, "LEVANTAMIE": null, "NEGOCIACION": null, "C.O.P": null, "ESTATUS AC": null, "OBSERVACIO": null, "EXCEL": null }, "geometry": { "type": "MultiPolygon", "coordinates": [ [ [ [ -100.496593, 27.065215, 0.0 ], [ -100.496592905543281, 27.065214951982938, 0.0 ], [ -100.496593058409999, 27.065214700320233, 0.0 ], [ -100.496593954204954, 27.065213225567547, 0.0 ], [ -100.496593, 27.065215, 0.0 ] ] ] ] } },
{ "type": "Feature", "properties": { "fid": 156, "ID": "156", "NOM_SEDATU": "ND-17", "PROPIETARIO": "ND", "SEGMENTO": "18", "ESTRUCTURA": null, "TIPO DE PROPIEDAD": null, "EJIDO": null, "KM INICIO": null, "KM FIN": null, "KM LINEALE": null, "KM EFECTIV": null, "M2": null, "AREA_M2": 0.003, "IDENTIFICA": null, "ESTATUS": null, "ANUENCIA": null, "LEVANTAMIE": null, "NEGOCIACION": null, "C.O.P": null, "ESTATUS AC": null, "OBSERVACIO": null, "EXCEL": null }, "geometry": { "type": "MultiPolygon", "coordinates": [ [ [ [ -100.496593, 27.065215, 0.0 ], [ -100.496590601176166, 27.065218745635779, 0.0 ], [ -100.496592904951356, 27.065214952957408, 0.0 ], [ -100.496593, 27.065215, 0.0 ] ] ] ] } },
{ "type": "Feature", "properties": { "fid": 157, "ID": "157", "NOM_SEDATU": "ND-37", "PROPIETARIO": "Ejido Dolores", "SEGMENTO": "18", "ESTRUCTURA": null, "TIPO DE PROPIEDAD": null, "EJIDO": "Ejido Dolores", "KM INICIO": 285.11, "KM FIN": 286.73, "KM LINEALE": 1.61, "KM EFECTIV": 1.61, "M2": 6306.82, "AREA_M2": 1449693.007, "IDENTIFICA": true, "ESTATUS": "LIBERADO", "ANUENCIA": true, "LEVANTAMIE": "SI", "NEGOCIACION": true, "C.O.P": "SI", "ESTATUS AC": "LIBERADO", "OBSERVACIO": null, "EXCEL": "NO" }, "geometry": { "type": "MultiPolygon", "coordinates": [ [ [ [ -100.485631, 27.076033, 0.0 ], [ -100.4767449, 27.0832351, 0.0 ], [ -100.4750712, 27.084648899999987, 0.0 ], [ -100.4719384, 27.0760897, 0.0 ], [ -100.4790975, 27.0653285, 0.0 ], [ -100.485631, 27.076033, 0.0 ] ] ] ] } },
{ "type": "Feature", "properties": { "fid": 158, "ID": "158", "NOM_SEDATU": "ND-16", "PROPIETARIO": "Ejido Dolores", "SEGMENTO": "18", "ESTRUCTURA": "Troncal", "TIPO DE PROPIEDAD": "Social", "EJIDO": "Ejido Dolores", "KM INICIO": 287.0, "KM FIN": 287.22, "KM LINEALE": 0.217, "KM EFECTIV": 0.217, "M2": 283.031, "AREA_M2": 474718.414, "IDENTIFICA": true, "ESTATUS": "NO LIBERADO", "ANUENCIA": false, "LEVANTAMIE": "SI", "NEGOCIACION": true, "C.O.P": "NO", "ESTATUS AC": "NO LIBERADO", "OBSERVACIO": null, "EXCEL": "NO" }, "geometry": { "type": "MultiPolygon", "coordinates": [ [ [ [ -100.4750712, 27.084648899999987, 0.0 ], [ -100.46881, 27.08719, 0.0 ], [ -100.4682278, 27.081037199999983, 0.0 ], [ -100.4717683, 27.076127099999979, 0.0 ], [ -100.4750712, 27.084648899999987, 0.0 ] ] ] ] } },
{ "type": "Feature", "properties": { "fid": 159, "ID": "159", "NOM_SEDATU": "ND-15", "PROPIETARIO": "Ejido Dolores", "SEGMENTO": "18", "ESTRUCTURA": null, "TIPO DE PROPIEDAD": null, "EJIDO": null, "KM INICIO": 288.0, "KM FIN": 288.57, "KM LINEALE": 0.56, "KM EFECTIV": 0.56, "M2": 191.78, "AREA_M2": 965848.664, "IDENTIFICA": true, "ESTATUS": "NO LIBERADO", "ANUENCIA": false, "LEVANTAMIE": "SI", "NEGOCIACION": true, "C.O.P": "NO", "ESTATUS AC": "NO LIBERADO", "OBSERVACIO": null, "EXCEL": "NO" }, "geometry": { "type": "MultiPolygon", "coordinates": [ [ [ [ -100.4631475, 27.087665600000019, 0.0 ], [ -100.4612485, 27.090407, 0.0 ], [ -100.4600254, 27.0909133, 0.0 ], [ -100.4571179, 27.0865767, 0.0 ], [ -100.4496429, 27.075771, 0.0 ], [ -100.4520247, 27.073249, 0.0 ], [ -100.4548571, 27.075771, 0.0 ], [ -100.4561016, 27.076191300000012, 0.0 ], [ -100.4576037, 27.077452300000033, 0.0 ], [ -100.4607365, 27.08291640000002, 0.0 ], [ -100.4608652, 27.084483, 0.0 ], [ -100.4631475, 27.087665600000019, 0.0 ] ] ] ] } },
{ "type": "Feature", "properties": { "fid": 160, "ID": "160", "NOM_SEDATU": "ND-14", "PROPIETARIO": "Ejido Dolores", "SEGMENTO": "18", "ESTRUCTURA": null, "TIPO DE PROPIEDAD": null, "EJIDO": null, "KM INICIO": 288.21, "KM FIN": 288.3, "KM LINEALE": 0.084, "KM EFECTIV": 0.084, "M2": 11.49, "AREA_M2": 332015.858, "IDENTIFICA": true, "ESTATUS": "NO LIBERADO", "ANUENCIA": false, "LEVANTAMIE": "SI", "NEGOCIACION": true, "C.O.P": "NO", "ESTATUS AC": "", "OBSERVACIO": null, "EXCEL": "NO" }, "geometry": { "type": "MultiPolygon", "coordinates": [ [ [ [ -100.4600254, 27.0909133, 0.0 ], [ -100.4583225, 27.091589700000011, 0.0 ], [ -100.4482976, 27.077007299999973, 0.0 ], [ -100.4494348, 27.0758991, 0.0 ], [ -100.4600254, 27.0909133, 0.0 ] ] ] ] } },
{ "type": "Feature", "properties": { "fid": 161, "ID": "161", "NOM_SEDATU": "SNL-LAM-016-7-GS", "PROPIETARIO": "ND", "SEGMENTO": "18", "ESTRUCTURA": null, "TIPO DE PROPIEDAD": null, "EJIDO": null, "KM INICIO": null, "KM FIN": null, "KM LINEALE": null, "KM EFECTIV": null, "M2": null, "AREA_M2": 8898129.605, "IDENTIFICA": null, "ESTATUS": null, "ANUENCIA": null, "LEVANTAMIE": null, "NEGOCIACION": null, "C.O.P": null, "ESTATUS AC": null, "OBSERVACIO": null, "EXCEL": null }, "geometry": { "type": "MultiPolygon", "coordinates": [ [ [ [ -100.395257, 27.117831, 0.0 ], [ -100.3792843, 27.1247338, 0.0 ], [ -100.353872, 27.086123, 0.0 ], [ -100.3666929, 27.075950699999979, 0.0 ], [ -100.395257, 27.117831, 0.0 ] ] ] ] } },
{ "type": "Feature", "properties": { "fid": 162, "ID": "162", "NOM_SEDATU": "SNL-LAM-016-8-GS", "PROPIETARIO": "ND", "SEGMENTO": "18", "ESTRUCTURA": null, "TIPO DE PROPIEDAD": null, "EJIDO": null, "KM INICIO": null, "KM FIN": null, "KM LINEALE": null, "KM EFECTIV": null, "M2": null, "AREA_M2": 8898129.605, "IDENTIFICA": null, "ESTATUS": null, "ANUENCIA": null, "LEVANTAMIE": null, "NEGOCIACION": null, "C.O.P": null, "ESTATUS AC": null, "OBSERVACIO": null, "EXCEL": null }, "geometry": { "type": "MultiPolygon", "coordinates": [ [ [ [ -100.395257, 27.117831, 0.0 ], [ -100.3792843, 27.1247338, 0.0 ], [ -100.353872, 27.086123, 0.0 ], [ -100.3666929, 27.075950699999979, 0.0 ], [ -100.395257, 27.117831, 0.0 ] ] ] ] } },
{ "type": "Feature", "properties": { "fid": 163, "ID": "163", "NOM_SEDATU": "SNL-LAM-016-9-GS", "PROPIETARIO": "ND", "SEGMENTO": "18", "ESTRUCTURA": null, "TIPO DE PROPIEDAD": null, "EJIDO": null, "KM INICIO": null, "KM FIN": null, "KM LINEALE": null, "KM EFECTIV": null, "M2": null, "AREA_M2": 8898129.605, "IDENTIFICA": null, "ESTATUS": null, "ANUENCIA": null, "LEVANTAMIE": null, "NEGOCIACION": null, "C.O.P": null, "ESTATUS AC": null, "OBSERVACIO": null, "EXCEL": null }, "geometry": { "type": "MultiPolygon", "coordinates": [ [ [ [ -100.395257, 27.117831, 0.0 ], [ -100.3792843, 27.1247338, 0.0 ], [ -100.353872, 27.086123, 0.0 ], [ -100.3666929, 27.075950699999979, 0.0 ], [ -100.395257, 27.117831, 0.0 ] ] ] ] } },
{ "type": "Feature", "properties": { "fid": 164, "ID": "164", "NOM_SEDATU": "SNL-LAM-016-7, SNL-LAM-016-8, SNL-LAM-016-9,-GS SNL-LAM-016-10-GS", "PROPIETARIO": "Desconocido", "SEGMENTO": "18", "ESTRUCTURA": null, "TIPO DE PROPIEDAD": null, "EJIDO": null, "KM INICIO": null, "KM FIN": null, "KM LINEALE": null, "KM EFECTIV": null, "M2": null, "AREA_M2": 8898129.605, "IDENTIFICA": null, "ESTATUS": null, "ANUENCIA": null, "LEVANTAMIE": null, "NEGOCIACION": null, "C.O.P": null, "ESTATUS AC": null, "OBSERVACIO": null, "EXCEL": "NO" }, "geometry": { "type": "MultiPolygon", "coordinates": [ [ [ [ -100.395257, 27.117831, 0.0 ], [ -100.3792843, 27.1247338, 0.0 ], [ -100.353872, 27.086123, 0.0 ], [ -100.3666929, 27.075950699999979, 0.0 ], [ -100.395257, 27.117831, 0.0 ] ] ] ] } },
{ "type": "Feature", "properties": { "fid": 165, "ID": "165", "NOM_SEDATU": "SNL-LAM-017-1-GS", "PROPIETARIO": "ND", "SEGMENTO": "18", "ESTRUCTURA": null, "TIPO DE PROPIEDAD": null, "EJIDO": null, "KM INICIO": null, "KM FIN": null, "KM LINEALE": null, "KM EFECTIV": null, "M2": null, "AREA_M2": 21089299.23, "IDENTIFICA": null, "ESTATUS": null, "ANUENCIA": null, "LEVANTAMIE": null, "NEGOCIACION": null, "C.O.P": null, "ESTATUS AC": null, "OBSERVACIO": null, "EXCEL": null }, "geometry": { "type": "MultiPolygon", "coordinates": [ [ [ [ -100.361509, 27.132285, 0.0 ], [ -100.321714, 27.148920400000019, 0.0 ], [ -100.310041, 27.1557175, 0.0 ], [ -100.300428, 27.137387300000015, 0.0 ], [ -100.2950206, 27.1272281, 0.0 ], [ -100.3354469, 27.0987313, 0.0 ], [ -100.361509, 27.132285, 0.0 ] ] ] ] } },
{ "type": "Feature", "properties": { "fid": 166, "ID": "166", "NOM_SEDATU": "SNL-LAM-017-2-GS", "PROPIETARIO": "ND", "SEGMENTO": "18", "ESTRUCTURA": null, "TIPO DE PROPIEDAD": null, "EJIDO": null, "KM INICIO": null, "KM FIN": null, "KM LINEALE": null, "KM EFECTIV": null, "M2": null, "AREA_M2": 21089299.23, "IDENTIFICA": null, "ESTATUS": null, "ANUENCIA": null, "LEVANTAMIE": null, "NEGOCIACION": null, "C.O.P": null, "ESTATUS AC": null, "OBSERVACIO": null, "EXCEL": null }, "geometry": { "type": "MultiPolygon", "coordinates": [ [ [ [ -100.361509, 27.132285, 0.0 ], [ -100.321714, 27.148920400000019, 0.0 ], [ -100.310041, 27.1557175, 0.0 ], [ -100.300428, 27.137387300000015, 0.0 ], [ -100.2950206, 27.1272281, 0.0 ], [ -100.3354469, 27.0987313, 0.0 ], [ -100.361509, 27.132285, 0.0 ] ] ] ] } },
{ "type": "Feature", "properties": { "fid": 167, "ID": "167", "NOM_SEDATU": "SNL-LAM-017-3-GS", "PROPIETARIO": "ND", "SEGMENTO": "18", "ESTRUCTURA": null, "TIPO DE PROPIEDAD": null, "EJIDO": null, "KM INICIO": null, "KM FIN": null, "KM LINEALE": null, "KM EFECTIV": null, "M2": null, "AREA_M2": 21089299.23, "IDENTIFICA": null, "ESTATUS": null, "ANUENCIA": null, "LEVANTAMIE": null, "NEGOCIACION": null, "C.O.P": null, "ESTATUS AC": null, "OBSERVACIO": null, "EXCEL": null }, "geometry": { "type": "MultiPolygon", "coordinates": [ [ [ [ -100.361509, 27.132285, 0.0 ], [ -100.321714, 27.148920400000019, 0.0 ], [ -100.310041, 27.1557175, 0.0 ], [ -100.300428, 27.137387300000015, 0.0 ], [ -100.2950206, 27.1272281, 0.0 ], [ -100.3354469, 27.0987313, 0.0 ], [ -100.361509, 27.132285, 0.0 ] ] ] ] } },
{ "type": "Feature", "properties": { "fid": 168, "ID": "168", "NOM_SEDATU": "SNL-LAM-017-4-GS", "PROPIETARIO": "ND", "SEGMENTO": "18", "ESTRUCTURA": null, "TIPO DE PROPIEDAD": null, "EJIDO": null, "KM INICIO": null, "KM FIN": null, "KM LINEALE": null, "KM EFECTIV": null, "M2": null, "AREA_M2": 21089299.23, "IDENTIFICA": null, "ESTATUS": null, "ANUENCIA": null, "LEVANTAMIE": null, "NEGOCIACION": null, "C.O.P": null, "ESTATUS AC": null, "OBSERVACIO": null, "EXCEL": null }, "geometry": { "type": "MultiPolygon", "coordinates": [ [ [ [ -100.361509, 27.132285, 0.0 ], [ -100.321714, 27.148920400000019, 0.0 ], [ -100.310041, 27.1557175, 0.0 ], [ -100.300428, 27.137387300000015, 0.0 ], [ -100.2950206, 27.1272281, 0.0 ], [ -100.3354469, 27.0987313, 0.0 ], [ -100.361509, 27.132285, 0.0 ] ] ] ] } },
{ "type": "Feature", "properties": { "fid": 169, "ID": "169", "NOM_SEDATU": "SNL-LAM-017-5-GS", "PROPIETARIO": "ND", "SEGMENTO": "18", "ESTRUCTURA": null, "TIPO DE PROPIEDAD": null, "EJIDO": null, "KM INICIO": null, "KM FIN": null, "KM LINEALE": null, "KM EFECTIV": null, "M2": null, "AREA_M2": 21089299.23, "IDENTIFICA": null, "ESTATUS": null, "ANUENCIA": null, "LEVANTAMIE": null, "NEGOCIACION": null, "C.O.P": null, "ESTATUS AC": null, "OBSERVACIO": null, "EXCEL": null }, "geometry": { "type": "MultiPolygon", "coordinates": [ [ [ [ -100.361509, 27.132285, 0.0 ], [ -100.321714, 27.148920400000019, 0.0 ], [ -100.310041, 27.1557175, 0.0 ], [ -100.300428, 27.137387300000015, 0.0 ], [ -100.2950206, 27.1272281, 0.0 ], [ -100.3354469, 27.0987313, 0.0 ], [ -100.361509, 27.132285, 0.0 ] ] ] ] } },
{ "type": "Feature", "properties": { "fid": 170, "ID": "170", "NOM_SEDATU": "SNL-LAM-017-6-GS", "PROPIETARIO": "ND", "SEGMENTO": "18", "ESTRUCTURA": null, "TIPO DE PROPIEDAD": null, "EJIDO": null, "KM INICIO": null, "KM FIN": null, "KM LINEALE": null, "KM EFECTIV": null, "M2": null, "AREA_M2": 21089299.23, "IDENTIFICA": null, "ESTATUS": null, "ANUENCIA": null, "LEVANTAMIE": null, "NEGOCIACION": null, "C.O.P": null, "ESTATUS AC": null, "OBSERVACIO": null, "EXCEL": null }, "geometry": { "type": "MultiPolygon", "coordinates": [ [ [ [ -100.361509, 27.132285, 0.0 ], [ -100.321714, 27.148920400000019, 0.0 ], [ -100.310041, 27.1557175, 0.0 ], [ -100.300428, 27.137387300000015, 0.0 ], [ -100.2950206, 27.1272281, 0.0 ], [ -100.3354469, 27.0987313, 0.0 ], [ -100.361509, 27.132285, 0.0 ] ] ] ] } },
{ "type": "Feature", "properties": { "fid": 171, "ID": "171", "NOM_SEDATU": "SNL-LAM-017-7-GS", "PROPIETARIO": "ND", "SEGMENTO": "18", "ESTRUCTURA": null, "TIPO DE PROPIEDAD": null, "EJIDO": null, "KM INICIO": null, "KM FIN": null, "KM LINEALE": null, "KM EFECTIV": null, "M2": null, "AREA_M2": 21089299.23, "IDENTIFICA": null, "ESTATUS": null, "ANUENCIA": false, "LEVANTAMIE": null, "NEGOCIACION": null, "C.O.P": null, "ESTATUS AC": null, "OBSERVACIO": null, "EXCEL": null }, "geometry": { "type": "MultiPolygon", "coordinates": [ [ [ [ -100.361509, 27.132285, 0.0 ], [ -100.321714, 27.148920400000019, 0.0 ], [ -100.310041, 27.1557175, 0.0 ], [ -100.300428, 27.137387300000015, 0.0 ], [ -100.2950206, 27.1272281, 0.0 ], [ -100.3354469, 27.0987313, 0.0 ], [ -100.361509, 27.132285, 0.0 ] ] ] ] } },
{ "type": "Feature", "properties": { "fid": 172, "ID": "172", "NOM_SEDATU": "SNL-LAM-017-8-GS", "PROPIETARIO": "ND", "SEGMENTO": "18", "ESTRUCTURA": null, "TIPO DE PROPIEDAD": null, "EJIDO": null, "KM INICIO": null, "KM FIN": null, "KM LINEALE": null, "KM EFECTIV": null, "M2": null, "AREA_M2": 21089299.23, "IDENTIFICA": null, "ESTATUS": null, "ANUENCIA": null, "LEVANTAMIE": null, "NEGOCIACION": null, "C.O.P": null, "ESTATUS AC": null, "OBSERVACIO": null, "EXCEL": null }, "geometry": { "type": "MultiPolygon", "coordinates": [ [ [ [ -100.361509, 27.132285, 0.0 ], [ -100.321714, 27.148920400000019, 0.0 ], [ -100.310041, 27.1557175, 0.0 ], [ -100.300428, 27.137387300000015, 0.0 ], [ -100.2950206, 27.1272281, 0.0 ], [ -100.3354469, 27.0987313, 0.0 ], [ -100.361509, 27.132285, 0.0 ] ] ] ] } },
{ "type": "Feature", "properties": { "fid": 173, "ID": "173", "NOM_SEDATU": "SNL-LAM-017-10-GS", "PROPIETARIO": "ND", "SEGMENTO": "18", "ESTRUCTURA": null, "TIPO DE PROPIEDAD": null, "EJIDO": null, "KM INICIO": null, "KM FIN": null, "KM LINEALE": null, "KM EFECTIV": null, "M2": null, "AREA_M2": 21089299.23, "IDENTIFICA": null, "ESTATUS": null, "ANUENCIA": null, "LEVANTAMIE": null, "NEGOCIACION": null, "C.O.P": null, "ESTATUS AC": null, "OBSERVACIO": null, "EXCEL": null }, "geometry": { "type": "MultiPolygon", "coordinates": [ [ [ [ -100.361509, 27.132285, 0.0 ], [ -100.321714, 27.148920400000019, 0.0 ], [ -100.310041, 27.1557175, 0.0 ], [ -100.300428, 27.137387300000015, 0.0 ], [ -100.2950206, 27.1272281, 0.0 ], [ -100.3354469, 27.0987313, 0.0 ], [ -100.361509, 27.132285, 0.0 ] ] ] ] } },
{ "type": "Feature", "properties": { "fid": 174, "ID": "174", "NOM_SEDATU": "SNL-LAM-017-11-GS", "PROPIETARIO": "ND", "SEGMENTO": "18", "ESTRUCTURA": null, "TIPO DE PROPIEDAD": null, "EJIDO": null, "KM INICIO": null, "KM FIN": null, "KM LINEALE": null, "KM EFECTIV": null, "M2": null, "AREA_M2": 21089299.23, "IDENTIFICA": null, "ESTATUS": null, "ANUENCIA": null, "LEVANTAMIE": null, "NEGOCIACION": null, "C.O.P": null, "ESTATUS AC": null, "OBSERVACIO": null, "EXCEL": null }, "geometry": { "type": "MultiPolygon", "coordinates": [ [ [ [ -100.361509, 27.132285, 0.0 ], [ -100.321714, 27.148920400000019, 0.0 ], [ -100.310041, 27.1557175, 0.0 ], [ -100.300428, 27.137387300000015, 0.0 ], [ -100.2950206, 27.1272281, 0.0 ], [ -100.3354469, 27.0987313, 0.0 ], [ -100.361509, 27.132285, 0.0 ] ] ] ] } },
{ "type": "Feature", "properties": { "fid": 175, "ID": "175", "NOM_SEDATU": "SNL-LAM-017-12-GS", "PROPIETARIO": "ND", "SEGMENTO": "18", "ESTRUCTURA": null, "TIPO DE PROPIEDAD": null, "EJIDO": null, "KM INICIO": null, "KM FIN": null, "KM LINEALE": null, "KM EFECTIV": null, "M2": null, "AREA_M2": 21089299.23, "IDENTIFICA": null, "ESTATUS": null, "ANUENCIA": null, "LEVANTAMIE": null, "NEGOCIACION": null, "C.O.P": null, "ESTATUS AC": null, "OBSERVACIO": null, "EXCEL": null }, "geometry": { "type": "MultiPolygon", "coordinates": [ [ [ [ -100.361509, 27.132285, 0.0 ], [ -100.321714, 27.148920400000019, 0.0 ], [ -100.310041, 27.1557175, 0.0 ], [ -100.300428, 27.137387300000015, 0.0 ], [ -100.2950206, 27.1272281, 0.0 ], [ -100.3354469, 27.0987313, 0.0 ], [ -100.361509, 27.132285, 0.0 ] ] ] ] } },
{ "type": "Feature", "properties": { "fid": 176, "ID": "176", "NOM_SEDATU": "SNL-LAM-017-13-GS", "PROPIETARIO": "ND", "SEGMENTO": "18", "ESTRUCTURA": null, "TIPO DE PROPIEDAD": null, "EJIDO": null, "KM INICIO": null, "KM FIN": null, "KM LINEALE": null, "KM EFECTIV": null, "M2": null, "AREA_M2": 21089299.23, "IDENTIFICA": null, "ESTATUS": null, "ANUENCIA": null, "LEVANTAMIE": null, "NEGOCIACION": null, "C.O.P": null, "ESTATUS AC": null, "OBSERVACIO": null, "EXCEL": null }, "geometry": { "type": "MultiPolygon", "coordinates": [ [ [ [ -100.361509, 27.132285, 0.0 ], [ -100.321714, 27.148920400000019, 0.0 ], [ -100.310041, 27.1557175, 0.0 ], [ -100.300428, 27.137387300000015, 0.0 ], [ -100.2950206, 27.1272281, 0.0 ], [ -100.3354469, 27.0987313, 0.0 ], [ -100.361509, 27.132285, 0.0 ] ] ] ] } },
{ "type": "Feature", "properties": { "fid": 177, "ID": "177", "NOM_SEDATU": "SNL-LAM-017-14-GS", "PROPIETARIO": "ND", "SEGMENTO": "18", "ESTRUCTURA": null, "TIPO DE PROPIEDAD": null, "EJIDO": null, "KM INICIO": null, "KM FIN": null, "KM LINEALE": null, "KM EFECTIV": null, "M2": null, "AREA_M2": 21089299.23, "IDENTIFICA": null, "ESTATUS": null, "ANUENCIA": null, "LEVANTAMIE": null, "NEGOCIACION": null, "C.O.P": null, "ESTATUS AC": null, "OBSERVACIO": null, "EXCEL": null }, "geometry": { "type": "MultiPolygon", "coordinates": [ [ [ [ -100.361509, 27.132285, 0.0 ], [ -100.321714, 27.148920400000019, 0.0 ], [ -100.310041, 27.1557175, 0.0 ], [ -100.300428, 27.137387300000015, 0.0 ], [ -100.2950206, 27.1272281, 0.0 ], [ -100.3354469, 27.0987313, 0.0 ], [ -100.361509, 27.132285, 0.0 ] ] ] ] } },
{ "type": "Feature", "properties": { "fid": 178, "ID": "178", "NOM_SEDATU": "SNL-LAM-017-15-GS", "PROPIETARIO": "ND", "SEGMENTO": "18", "ESTRUCTURA": null, "TIPO DE PROPIEDAD": null, "EJIDO": null, "KM INICIO": null, "KM FIN": null, "KM LINEALE": null, "KM EFECTIV": null, "M2": null, "AREA_M2": 21089299.23, "IDENTIFICA": null, "ESTATUS": null, "ANUENCIA": null, "LEVANTAMIE": null, "NEGOCIACION": null, "C.O.P": null, "ESTATUS AC": null, "OBSERVACIO": null, "EXCEL": null }, "geometry": { "type": "MultiPolygon", "coordinates": [ [ [ [ -100.361509, 27.132285, 0.0 ], [ -100.321714, 27.148920400000019, 0.0 ], [ -100.310041, 27.1557175, 0.0 ], [ -100.300428, 27.137387300000015, 0.0 ], [ -100.2950206, 27.1272281, 0.0 ], [ -100.3354469, 27.0987313, 0.0 ], [ -100.361509, 27.132285, 0.0 ] ] ] ] } },
{ "type": "Feature", "properties": { "fid": 179, "ID": "179", "NOM_SEDATU": "SNL-LAM-017-16-GS", "PROPIETARIO": "ND", "SEGMENTO": "18", "ESTRUCTURA": null, "TIPO DE PROPIEDAD": null, "EJIDO": null, "KM INICIO": null, "KM FIN": null, "KM LINEALE": null, "KM EFECTIV": null, "M2": null, "AREA_M2": 21089299.23, "IDENTIFICA": null, "ESTATUS": null, "ANUENCIA": null, "LEVANTAMIE": null, "NEGOCIACION": null, "C.O.P": null, "ESTATUS AC": null, "OBSERVACIO": null, "EXCEL": null }, "geometry": { "type": "MultiPolygon", "coordinates": [ [ [ [ -100.361509, 27.132285, 0.0 ], [ -100.321714, 27.148920400000019, 0.0 ], [ -100.310041, 27.1557175, 0.0 ], [ -100.300428, 27.137387300000015, 0.0 ], [ -100.2950206, 27.1272281, 0.0 ], [ -100.3354469, 27.0987313, 0.0 ], [ -100.361509, 27.132285, 0.0 ] ] ] ] } },
{ "type": "Feature", "properties": { "fid": 180, "ID": "180", "NOM_SEDATU": "SNL-LAM-017-17-GS", "PROPIETARIO": "ND", "SEGMENTO": "18", "ESTRUCTURA": null, "TIPO DE PROPIEDAD": null, "EJIDO": null, "KM INICIO": null, "KM FIN": null, "KM LINEALE": null, "KM EFECTIV": null, "M2": null, "AREA_M2": 21089299.23, "IDENTIFICA": null, "ESTATUS": null, "ANUENCIA": null, "LEVANTAMIE": null, "NEGOCIACION": null, "C.O.P": null, "ESTATUS AC": null, "OBSERVACIO": null, "EXCEL": null }, "geometry": { "type": "MultiPolygon", "coordinates": [ [ [ [ -100.361509, 27.132285, 0.0 ], [ -100.321714, 27.148920400000019, 0.0 ], [ -100.310041, 27.1557175, 0.0 ], [ -100.300428, 27.137387300000015, 0.0 ], [ -100.2950206, 27.1272281, 0.0 ], [ -100.3354469, 27.0987313, 0.0 ], [ -100.361509, 27.132285, 0.0 ] ] ] ] } },
{ "type": "Feature", "properties": { "fid": 181, "ID": "181", "NOM_SEDATU": "SNL-LAM-017-18-GS", "PROPIETARIO": "ND", "SEGMENTO": "18", "ESTRUCTURA": null, "TIPO DE PROPIEDAD": null, "EJIDO": null, "KM INICIO": null, "KM FIN": null, "KM LINEALE": null, "KM EFECTIV": null, "M2": null, "AREA_M2": 21089299.23, "IDENTIFICA": null, "ESTATUS": null, "ANUENCIA": null, "LEVANTAMIE": null, "NEGOCIACION": null, "C.O.P": null, "ESTATUS AC": null, "OBSERVACIO": null, "EXCEL": null }, "geometry": { "type": "MultiPolygon", "coordinates": [ [ [ [ -100.361509, 27.132285, 0.0 ], [ -100.321714, 27.148920400000019, 0.0 ], [ -100.310041, 27.1557175, 0.0 ], [ -100.300428, 27.137387300000015, 0.0 ], [ -100.2950206, 27.1272281, 0.0 ], [ -100.3354469, 27.0987313, 0.0 ], [ -100.361509, 27.132285, 0.0 ] ] ] ] } },
{ "type": "Feature", "properties": { "fid": 182, "ID": "182", "NOM_SEDATU": "SNL-LAM-017-19-GS", "PROPIETARIO": "ND", "SEGMENTO": "18", "ESTRUCTURA": null, "TIPO DE PROPIEDAD": null, "EJIDO": null, "KM INICIO": null, "KM FIN": null, "KM LINEALE": null, "KM EFECTIV": null, "M2": null, "AREA_M2": 21089299.23, "IDENTIFICA": null, "ESTATUS": null, "ANUENCIA": null, "LEVANTAMIE": null, "NEGOCIACION": null, "C.O.P": null, "ESTATUS AC": null, "OBSERVACIO": null, "EXCEL": null }, "geometry": { "type": "MultiPolygon", "coordinates": [ [ [ [ -100.361509, 27.132285, 0.0 ], [ -100.321714, 27.148920400000019, 0.0 ], [ -100.310041, 27.1557175, 0.0 ], [ -100.300428, 27.137387300000015, 0.0 ], [ -100.2950206, 27.1272281, 0.0 ], [ -100.3354469, 27.0987313, 0.0 ], [ -100.361509, 27.132285, 0.0 ] ] ] ] } },
{ "type": "Feature", "properties": { "fid": 183, "ID": "183", "NOM_SEDATU": "SNL-LAM-017-20-GS", "PROPIETARIO": "ND", "SEGMENTO": "18", "ESTRUCTURA": null, "TIPO DE PROPIEDAD": null, "EJIDO": null, "KM INICIO": null, "KM FIN": null, "KM LINEALE": null, "KM EFECTIV": null, "M2": null, "AREA_M2": 21089299.23, "IDENTIFICA": null, "ESTATUS": null, "ANUENCIA": null, "LEVANTAMIE": null, "NEGOCIACION": null, "C.O.P": null, "ESTATUS AC": null, "OBSERVACIO": null, "EXCEL": null }, "geometry": { "type": "MultiPolygon", "coordinates": [ [ [ [ -100.361509, 27.132285, 0.0 ], [ -100.321714, 27.148920400000019, 0.0 ], [ -100.310041, 27.1557175, 0.0 ], [ -100.300428, 27.137387300000015, 0.0 ], [ -100.2950206, 27.1272281, 0.0 ], [ -100.3354469, 27.0987313, 0.0 ], [ -100.361509, 27.132285, 0.0 ] ] ] ] } },
{ "type": "Feature", "properties": { "fid": 184, "ID": "184", "NOM_SEDATU": "SNL-LAM-017-21-GS", "PROPIETARIO": "ND", "SEGMENTO": "18", "ESTRUCTURA": null, "TIPO DE PROPIEDAD": null, "EJIDO": null, "KM INICIO": null, "KM FIN": null, "KM LINEALE": null, "KM EFECTIV": null, "M2": null, "AREA_M2": 21089299.23, "IDENTIFICA": null, "ESTATUS": null, "ANUENCIA": null, "LEVANTAMIE": null, "NEGOCIACION": null, "C.O.P": null, "ESTATUS AC": null, "OBSERVACIO": null, "EXCEL": null }, "geometry": { "type": "MultiPolygon", "coordinates": [ [ [ [ -100.361509, 27.132285, 0.0 ], [ -100.321714, 27.148920400000019, 0.0 ], [ -100.310041, 27.1557175, 0.0 ], [ -100.300428, 27.137387300000015, 0.0 ], [ -100.2950206, 27.1272281, 0.0 ], [ -100.3354469, 27.0987313, 0.0 ], [ -100.361509, 27.132285, 0.0 ] ] ] ] } },
{ "type": "Feature", "properties": { "fid": 185, "ID": "185", "NOM_SEDATU": "SNL-LAM-017-22-GS", "PROPIETARIO": "ND", "SEGMENTO": "18", "ESTRUCTURA": null, "TIPO DE PROPIEDAD": null, "EJIDO": null, "KM INICIO": null, "KM FIN": null, "KM LINEALE": null, "KM EFECTIV": null, "M2": null, "AREA_M2": 21089299.23, "IDENTIFICA": null, "ESTATUS": null, "ANUENCIA": null, "LEVANTAMIE": null, "NEGOCIACION": null, "C.O.P": null, "ESTATUS AC": null, "OBSERVACIO": null, "EXCEL": null }, "geometry": { "type": "MultiPolygon", "coordinates": [ [ [ [ -100.361509, 27.132285, 0.0 ], [ -100.321714, 27.148920400000019, 0.0 ], [ -100.310041, 27.1557175, 0.0 ], [ -100.300428, 27.137387300000015, 0.0 ], [ -100.2950206, 27.1272281, 0.0 ], [ -100.3354469, 27.0987313, 0.0 ], [ -100.361509, 27.132285, 0.0 ] ] ] ] } },
{ "type": "Feature", "properties": { "fid": 186, "ID": "186", "NOM_SEDATU": "SNL-LAM-017-23-GS", "PROPIETARIO": "ND", "SEGMENTO": "18", "ESTRUCTURA": null, "TIPO DE PROPIEDAD": null, "EJIDO": null, "KM INICIO": null, "KM FIN": null, "KM LINEALE": null, "KM EFECTIV": null, "M2": null, "AREA_M2": 21089299.23, "IDENTIFICA": null, "ESTATUS": null, "ANUENCIA": null, "LEVANTAMIE": null, "NEGOCIACION": null, "C.O.P": null, "ESTATUS AC": null, "OBSERVACIO": null, "EXCEL": null }, "geometry": { "type": "MultiPolygon", "coordinates": [ [ [ [ -100.361509, 27.132285, 0.0 ], [ -100.321714, 27.148920400000019, 0.0 ], [ -100.310041, 27.1557175, 0.0 ], [ -100.300428, 27.137387300000015, 0.0 ], [ -100.2950206, 27.1272281, 0.0 ], [ -100.3354469, 27.0987313, 0.0 ], [ -100.361509, 27.132285, 0.0 ] ] ] ] } },
{ "type": "Feature", "properties": { "fid": 187, "ID": "187", "NOM_SEDATU": "SNL-LAM-017-24-GS", "PROPIETARIO": "ND", "SEGMENTO": "18", "ESTRUCTURA": null, "TIPO DE PROPIEDAD": null, "EJIDO": null, "KM INICIO": null, "KM FIN": null, "KM LINEALE": null, "KM EFECTIV": null, "M2": null, "AREA_M2": 21089299.23, "IDENTIFICA": null, "ESTATUS": null, "ANUENCIA": null, "LEVANTAMIE": null, "NEGOCIACION": null, "C.O.P": null, "ESTATUS AC": null, "OBSERVACIO": null, "EXCEL": null }, "geometry": { "type": "MultiPolygon", "coordinates": [ [ [ [ -100.361509, 27.132285, 0.0 ], [ -100.321714, 27.148920400000019, 0.0 ], [ -100.310041, 27.1557175, 0.0 ], [ -100.300428, 27.137387300000015, 0.0 ], [ -100.2950206, 27.1272281, 0.0 ], [ -100.3354469, 27.0987313, 0.0 ], [ -100.361509, 27.132285, 0.0 ] ] ] ] } },
{ "type": "Feature", "properties": { "fid": 188, "ID": "188", "NOM_SEDATU": "SNL-LAM-017-1-GS, hasta -024-GS", "PROPIETARIO": "ND", "SEGMENTO": "18", "ESTRUCTURA": null, "TIPO DE PROPIEDAD": null, "EJIDO": null, "KM INICIO": null, "KM FIN": null, "KM LINEALE": null, "KM EFECTIV": null, "M2": null, "AREA_M2": 21089299.23, "IDENTIFICA": null, "ESTATUS": null, "ANUENCIA": null, "LEVANTAMIE": null, "NEGOCIACION": null, "C.O.P": "", "ESTATUS AC": null, "OBSERVACIO": null, "EXCEL": "NO" }, "geometry": { "type": "MultiPolygon", "coordinates": [ [ [ [ -100.361509, 27.132285, 0.0 ], [ -100.321714, 27.148920400000019, 0.0 ], [ -100.310041, 27.1557175, 0.0 ], [ -100.300428, 27.137387300000015, 0.0 ], [ -100.2950206, 27.1272281, 0.0 ], [ -100.3354469, 27.0987313, 0.0 ], [ -100.361509, 27.132285, 0.0 ] ] ] ] } },
{ "type": "Feature", "properties": { "fid": 189, "ID": "189", "NOM_SEDATU": "SNL-LAM-017-25-GS", "PROPIETARIO": "ND", "SEGMENTO": "18", "ESTRUCTURA": null, "TIPO DE PROPIEDAD": null, "EJIDO": null, "KM INICIO": null, "KM FIN": null, "KM LINEALE": null, "KM EFECTIV": null, "M2": null, "AREA_M2": 12284064.88, "IDENTIFICA": null, "ESTATUS": null, "ANUENCIA": null, "LEVANTAMIE": null, "NEGOCIACION": null, "C.O.P": null, "ESTATUS AC": null, "OBSERVACIO": null, "EXCEL": null }, "geometry": { "type": "MultiPolygon", "coordinates": [ [ [ [ -100.310041, 27.1557175, 0.0 ], [ -100.2749641, 27.1752143, 0.0 ], [ -100.2702863, 27.1692583, 0.0 ], [ -100.2769811, 27.164638499999988, 0.0 ], [ -100.264171, 27.147988, 0.0 ], [ -100.2944125, 27.1273807, 0.0 ], [ -100.310041, 27.1557175, 0.0 ] ] ] ] } },
{ "type": "Feature", "properties": { "fid": 190, "ID": "190", "NOM_SEDATU": "SNL-LAM-017-26-GS", "PROPIETARIO": "ND", "SEGMENTO": "18", "ESTRUCTURA": null, "TIPO DE PROPIEDAD": null, "EJIDO": null, "KM INICIO": null, "KM FIN": null, "KM LINEALE": null, "KM EFECTIV": null, "M2": null, "AREA_M2": 12284064.88, "IDENTIFICA": null, "ESTATUS": null, "ANUENCIA": null, "LEVANTAMIE": null, "NEGOCIACION": null, "C.O.P": null, "ESTATUS AC": null, "OBSERVACIO": null, "EXCEL": null }, "geometry": { "type": "MultiPolygon", "coordinates": [ [ [ [ -100.310041, 27.1557175, 0.0 ], [ -100.2749641, 27.1752143, 0.0 ], [ -100.2702863, 27.1692583, 0.0 ], [ -100.2769811, 27.164638499999988, 0.0 ], [ -100.264171, 27.147988, 0.0 ], [ -100.2944125, 27.1273807, 0.0 ], [ -100.310041, 27.1557175, 0.0 ] ] ] ] } },
{ "type": "Feature", "properties": { "fid": 191, "ID": "191", "NOM_SEDATU": "SNL-LAM-017-27-GS", "PROPIETARIO": "ND", "SEGMENTO": "18", "ESTRUCTURA": null, "TIPO DE PROPIEDAD": null, "EJIDO": null, "KM INICIO": null, "KM FIN": null, "KM LINEALE": null, "KM EFECTIV": null, "M2": null, "AREA_M2": 12284064.88, "IDENTIFICA": null, "ESTATUS": null, "ANUENCIA": null, "LEVANTAMIE": null, "NEGOCIACION": null, "C.O.P": null, "ESTATUS AC": null, "OBSERVACIO": null, "EXCEL": null }, "geometry": { "type": "MultiPolygon", "coordinates": [ [ [ [ -100.310041, 27.1557175, 0.0 ], [ -100.2749641, 27.1752143, 0.0 ], [ -100.2702863, 27.1692583, 0.0 ], [ -100.2769811, 27.164638499999988, 0.0 ], [ -100.264171, 27.147988, 0.0 ], [ -100.2944125, 27.1273807, 0.0 ], [ -100.310041, 27.1557175, 0.0 ] ] ] ] } },
{ "type": "Feature", "properties": { "fid": 192, "ID": "192", "NOM_SEDATU": "SNL-LAM-017-28-GS", "PROPIETARIO": "ND", "SEGMENTO": "18", "ESTRUCTURA": null, "TIPO DE PROPIEDAD": null, "EJIDO": null, "KM INICIO": null, "KM FIN": null, "KM LINEALE": null, "KM EFECTIV": null, "M2": null, "AREA_M2": 12284064.88, "IDENTIFICA": null, "ESTATUS": null, "ANUENCIA": null, "LEVANTAMIE": null, "NEGOCIACION": null, "C.O.P": null, "ESTATUS AC": null, "OBSERVACIO": null, "EXCEL": null }, "geometry": { "type": "MultiPolygon", "coordinates": [ [ [ [ -100.310041, 27.1557175, 0.0 ], [ -100.2749641, 27.1752143, 0.0 ], [ -100.2702863, 27.1692583, 0.0 ], [ -100.2769811, 27.164638499999988, 0.0 ], [ -100.264171, 27.147988, 0.0 ], [ -100.2944125, 27.1273807, 0.0 ], [ -100.310041, 27.1557175, 0.0 ] ] ] ] } },
{ "type": "Feature", "properties": { "fid": 193, "ID": "193", "NOM_SEDATU": "SNL-LAM-017-29-GS", "PROPIETARIO": "ND", "SEGMENTO": "18", "ESTRUCTURA": null, "TIPO DE PROPIEDAD": null, "EJIDO": null, "KM INICIO": null, "KM FIN": null, "KM LINEALE": null, "KM EFECTIV": null, "M2": null, "AREA_M2": 12284064.88, "IDENTIFICA": null, "ESTATUS": null, "ANUENCIA": null, "LEVANTAMIE": null, "NEGOCIACION": null, "C.O.P": null, "ESTATUS AC": null, "OBSERVACIO": null, "EXCEL": null }, "geometry": { "type": "MultiPolygon", "coordinates": [ [ [ [ -100.310041, 27.1557175, 0.0 ], [ -100.2749641, 27.1752143, 0.0 ], [ -100.2702863, 27.1692583, 0.0 ], [ -100.2769811, 27.164638499999988, 0.0 ], [ -100.264171, 27.147988, 0.0 ], [ -100.2944125, 27.1273807, 0.0 ], [ -100.310041, 27.1557175, 0.0 ] ] ] ] } },
{ "type": "Feature", "properties": { "fid": 194, "ID": "194", "NOM_SEDATU": "SNL-LAM-017-30-GS", "PROPIETARIO": "ND", "SEGMENTO": "18", "ESTRUCTURA": null, "TIPO DE PROPIEDAD": null, "EJIDO": null, "KM INICIO": null, "KM FIN": null, "KM LINEALE": null, "KM EFECTIV": null, "M2": null, "AREA_M2": 12284064.88, "IDENTIFICA": null, "ESTATUS": null, "ANUENCIA": null, "LEVANTAMIE": null, "NEGOCIACION": null, "C.O.P": null, "ESTATUS AC": null, "OBSERVACIO": null, "EXCEL": null }, "geometry": { "type": "MultiPolygon", "coordinates": [ [ [ [ -100.310041, 27.1557175, 0.0 ], [ -100.2749641, 27.1752143, 0.0 ], [ -100.2702863, 27.1692583, 0.0 ], [ -100.2769811, 27.164638499999988, 0.0 ], [ -100.264171, 27.147988, 0.0 ], [ -100.2944125, 27.1273807, 0.0 ], [ -100.310041, 27.1557175, 0.0 ] ] ] ] } },
{ "type": "Feature", "properties": { "fid": 195, "ID": "195", "NOM_SEDATU": "SNL-LAM-017-31-GS", "PROPIETARIO": "ND", "SEGMENTO": "18", "ESTRUCTURA": null, "TIPO DE PROPIEDAD": null, "EJIDO": null, "KM INICIO": null, "KM FIN": null, "KM LINEALE": null, "KM EFECTIV": null, "M2": null, "AREA_M2": 12284064.88, "IDENTIFICA": null, "ESTATUS": null, "ANUENCIA": null, "LEVANTAMIE": null, "NEGOCIACION": null, "C.O.P": null, "ESTATUS AC": null, "OBSERVACIO": null, "EXCEL": null }, "geometry": { "type": "MultiPolygon", "coordinates": [ [ [ [ -100.310041, 27.1557175, 0.0 ], [ -100.2749641, 27.1752143, 0.0 ], [ -100.2702863, 27.1692583, 0.0 ], [ -100.2769811, 27.164638499999988, 0.0 ], [ -100.264171, 27.147988, 0.0 ], [ -100.2944125, 27.1273807, 0.0 ], [ -100.310041, 27.1557175, 0.0 ] ] ] ] } },
{ "type": "Feature", "properties": { "fid": 196, "ID": "196", "NOM_SEDATU": "SNL-LAM-017-32-GS", "PROPIETARIO": "ND", "SEGMENTO": "18", "ESTRUCTURA": null, "TIPO DE PROPIEDAD": null, "EJIDO": null, "KM INICIO": null, "KM FIN": null, "KM LINEALE": null, "KM EFECTIV": null, "M2": null, "AREA_M2": 12284064.88, "IDENTIFICA": null, "ESTATUS": null, "ANUENCIA": null, "LEVANTAMIE": null, "NEGOCIACION": null, "C.O.P": null, "ESTATUS AC": null, "OBSERVACIO": null, "EXCEL": null }, "geometry": { "type": "MultiPolygon", "coordinates": [ [ [ [ -100.310041, 27.1557175, 0.0 ], [ -100.2749641, 27.1752143, 0.0 ], [ -100.2702863, 27.1692583, 0.0 ], [ -100.2769811, 27.164638499999988, 0.0 ], [ -100.264171, 27.147988, 0.0 ], [ -100.2944125, 27.1273807, 0.0 ], [ -100.310041, 27.1557175, 0.0 ] ] ] ] } },
{ "type": "Feature", "properties": { "fid": 197, "ID": "197", "NOM_SEDATU": "SNL-LAM-017-33-GS", "PROPIETARIO": "ND", "SEGMENTO": "18", "ESTRUCTURA": null, "TIPO DE PROPIEDAD": null, "EJIDO": null, "KM INICIO": null, "KM FIN": null, "KM LINEALE": null, "KM EFECTIV": null, "M2": null, "AREA_M2": 12284064.88, "IDENTIFICA": null, "ESTATUS": null, "ANUENCIA": null, "LEVANTAMIE": null, "NEGOCIACION": null, "C.O.P": null, "ESTATUS AC": null, "OBSERVACIO": null, "EXCEL": null }, "geometry": { "type": "MultiPolygon", "coordinates": [ [ [ [ -100.310041, 27.1557175, 0.0 ], [ -100.2749641, 27.1752143, 0.0 ], [ -100.2702863, 27.1692583, 0.0 ], [ -100.2769811, 27.164638499999988, 0.0 ], [ -100.264171, 27.147988, 0.0 ], [ -100.2944125, 27.1273807, 0.0 ], [ -100.310041, 27.1557175, 0.0 ] ] ] ] } },
{ "type": "Feature", "properties": { "fid": 198, "ID": "198", "NOM_SEDATU": "SNL-LAM-017-34-GS", "PROPIETARIO": "ND", "SEGMENTO": "18", "ESTRUCTURA": null, "TIPO DE PROPIEDAD": null, "EJIDO": null, "KM INICIO": null, "KM FIN": null, "KM LINEALE": null, "KM EFECTIV": null, "M2": null, "AREA_M2": 12284064.88, "IDENTIFICA": null, "ESTATUS": null, "ANUENCIA": null, "LEVANTAMIE": null, "NEGOCIACION": null, "C.O.P": null, "ESTATUS AC": null, "OBSERVACIO": null, "EXCEL": null }, "geometry": { "type": "MultiPolygon", "coordinates": [ [ [ [ -100.310041, 27.1557175, 0.0 ], [ -100.2749641, 27.1752143, 0.0 ], [ -100.2702863, 27.1692583, 0.0 ], [ -100.2769811, 27.164638499999988, 0.0 ], [ -100.264171, 27.147988, 0.0 ], [ -100.2944125, 27.1273807, 0.0 ], [ -100.310041, 27.1557175, 0.0 ] ] ] ] } },
{ "type": "Feature", "properties": { "fid": 199, "ID": "199", "NOM_SEDATU": "SNL-LAM-017-35-GS", "PROPIETARIO": "ND", "SEGMENTO": "18", "ESTRUCTURA": null, "TIPO DE PROPIEDAD": null, "EJIDO": null, "KM INICIO": null, "KM FIN": null, "KM LINEALE": null, "KM EFECTIV": null, "M2": null, "AREA_M2": 12284064.88, "IDENTIFICA": null, "ESTATUS": null, "ANUENCIA": null, "LEVANTAMIE": null, "NEGOCIACION": null, "C.O.P": null, "ESTATUS AC": null, "OBSERVACIO": null, "EXCEL": null }, "geometry": { "type": "MultiPolygon", "coordinates": [ [ [ [ -100.310041, 27.1557175, 0.0 ], [ -100.2749641, 27.1752143, 0.0 ], [ -100.2702863, 27.1692583, 0.0 ], [ -100.2769811, 27.164638499999988, 0.0 ], [ -100.264171, 27.147988, 0.0 ], [ -100.2944125, 27.1273807, 0.0 ], [ -100.310041, 27.1557175, 0.0 ] ] ] ] } },
{ "type": "Feature", "properties": { "fid": 200, "ID": "200", "NOM_SEDATU": "SNL-LAM-017-36-GS", "PROPIETARIO": "ND", "SEGMENTO": "18", "ESTRUCTURA": null, "TIPO DE PROPIEDAD": null, "EJIDO": null, "KM INICIO": null, "KM FIN": null, "KM LINEALE": null, "KM EFECTIV": null, "M2": null, "AREA_M2": 12284064.88, "IDENTIFICA": null, "ESTATUS": null, "ANUENCIA": null, "LEVANTAMIE": null, "NEGOCIACION": null, "C.O.P": null, "ESTATUS AC": null, "OBSERVACIO": null, "EXCEL": null }, "geometry": { "type": "MultiPolygon", "coordinates": [ [ [ [ -100.310041, 27.1557175, 0.0 ], [ -100.2749641, 27.1752143, 0.0 ], [ -100.2702863, 27.1692583, 0.0 ], [ -100.2769811, 27.164638499999988, 0.0 ], [ -100.264171, 27.147988, 0.0 ], [ -100.2944125, 27.1273807, 0.0 ], [ -100.310041, 27.1557175, 0.0 ] ] ] ] } },
{ "type": "Feature", "properties": { "fid": 201, "ID": "201", "NOM_SEDATU": "SNL-LAM-017-37-GS", "PROPIETARIO": "ND", "SEGMENTO": "18", "ESTRUCTURA": null, "TIPO DE PROPIEDAD": null, "EJIDO": null, "KM INICIO": null, "KM FIN": null, "KM LINEALE": null, "KM EFECTIV": null, "M2": null, "AREA_M2": 12284064.88, "IDENTIFICA": null, "ESTATUS": null, "ANUENCIA": null, "LEVANTAMIE": null, "NEGOCIACION": null, "C.O.P": null, "ESTATUS AC": null, "OBSERVACIO": null, "EXCEL": null }, "geometry": { "type": "MultiPolygon", "coordinates": [ [ [ [ -100.310041, 27.1557175, 0.0 ], [ -100.2749641, 27.1752143, 0.0 ], [ -100.2702863, 27.1692583, 0.0 ], [ -100.2769811, 27.164638499999988, 0.0 ], [ -100.264171, 27.147988, 0.0 ], [ -100.2944125, 27.1273807, 0.0 ], [ -100.310041, 27.1557175, 0.0 ] ] ] ] } },
{ "type": "Feature", "properties": { "fid": 202, "ID": "202", "NOM_SEDATU": "SNL-LAM-017-38-GS", "PROPIETARIO": "ND", "SEGMENTO": "18", "ESTRUCTURA": null, "TIPO DE PROPIEDAD": null, "EJIDO": null, "KM INICIO": null, "KM FIN": null, "KM LINEALE": null, "KM EFECTIV": null, "M2": null, "AREA_M2": 12284064.88, "IDENTIFICA": null, "ESTATUS": null, "ANUENCIA": null, "LEVANTAMIE": null, "NEGOCIACION": null, "C.O.P": null, "ESTATUS AC": null, "OBSERVACIO": null, "EXCEL": null }, "geometry": { "type": "MultiPolygon", "coordinates": [ [ [ [ -100.310041, 27.1557175, 0.0 ], [ -100.2749641, 27.1752143, 0.0 ], [ -100.2702863, 27.1692583, 0.0 ], [ -100.2769811, 27.164638499999988, 0.0 ], [ -100.264171, 27.147988, 0.0 ], [ -100.2944125, 27.1273807, 0.0 ], [ -100.310041, 27.1557175, 0.0 ] ] ] ] } },
{ "type": "Feature", "properties": { "fid": 203, "ID": "203", "NOM_SEDATU": "SNL-LAM-017-39-GS", "PROPIETARIO": "ND", "SEGMENTO": "18", "ESTRUCTURA": null, "TIPO DE PROPIEDAD": null, "EJIDO": null, "KM INICIO": null, "KM FIN": null, "KM LINEALE": null, "KM EFECTIV": null, "M2": null, "AREA_M2": 12284064.88, "IDENTIFICA": null, "ESTATUS": null, "ANUENCIA": null, "LEVANTAMIE": null, "NEGOCIACION": null, "C.O.P": null, "ESTATUS AC": null, "OBSERVACIO": null, "EXCEL": null }, "geometry": { "type": "MultiPolygon", "coordinates": [ [ [ [ -100.310041, 27.1557175, 0.0 ], [ -100.2749641, 27.1752143, 0.0 ], [ -100.2702863, 27.1692583, 0.0 ], [ -100.2769811, 27.164638499999988, 0.0 ], [ -100.264171, 27.147988, 0.0 ], [ -100.2944125, 27.1273807, 0.0 ], [ -100.310041, 27.1557175, 0.0 ] ] ] ] } },
{ "type": "Feature", "properties": { "fid": 204, "ID": "204", "NOM_SEDATU": "SNL-LAM-017-25-GS, hasta -040-GS", "PROPIETARIO": "Desconocido", "SEGMENTO": "18", "ESTRUCTURA": null, "TIPO DE PROPIEDAD": null, "EJIDO": null, "KM INICIO": null, "KM FIN": null, "KM LINEALE": null, "KM EFECTIV": null, "M2": null, "AREA_M2": 12284064.88, "IDENTIFICA": null, "ESTATUS": null, "ANUENCIA": null, "LEVANTAMIE": null, "NEGOCIACION": null, "C.O.P": null, "ESTATUS AC": null, "OBSERVACIO": null, "EXCEL": "NO" }, "geometry": { "type": "MultiPolygon", "coordinates": [ [ [ [ -100.310041, 27.1557175, 0.0 ], [ -100.2749641, 27.1752143, 0.0 ], [ -100.2702863, 27.1692583, 0.0 ], [ -100.2769811, 27.164638499999988, 0.0 ], [ -100.264171, 27.147988, 0.0 ], [ -100.2944125, 27.1273807, 0.0 ], [ -100.310041, 27.1557175, 0.0 ] ] ] ] } },
{ "type": "Feature", "properties": { "fid": 205, "ID": "205", "NOM_SEDATU": "SNL-LAM-017-41-GS", "PROPIETARIO": "ND", "SEGMENTO": "18", "ESTRUCTURA": null, "TIPO DE PROPIEDAD": null, "EJIDO": null, "KM INICIO": null, "KM FIN": null, "KM LINEALE": null, "KM EFECTIV": null, "M2": null, "AREA_M2": 1500832.719, "IDENTIFICA": null, "ESTATUS": null, "ANUENCIA": null, "LEVANTAMIE": null, "NEGOCIACION": null, "C.O.P": null, "ESTATUS AC": null, "OBSERVACIO": null, "EXCEL": null }, "geometry": { "type": "MultiPolygon", "coordinates": [ [ [ [ -100.2749641, 27.1752143, 0.0 ], [ -100.269540100000015, 27.178155599999979, 0.0 ], [ -100.2631028, 27.181782300000012, 0.0 ], [ -100.2573093, 27.184836400000048, 0.0 ], [ -100.2565368, 27.1855617, 0.0 ], [ -100.2526744, 27.1813242, 0.0 ], [ -100.2532752, 27.1809425, 0.0 ], [ -100.255936, 27.179186399999956, 0.0 ], [ -100.2702863, 27.1692583, 0.0 ], [ -100.2749641, 27.1752143, 0.0 ] ] ] ] } },
{ "type": "Feature", "properties": { "fid": 206, "ID": "206", "NOM_SEDATU": "SNL-LAM-017-42-GS", "PROPIETARIO": "ND", "SEGMENTO": "18", "ESTRUCTURA": null, "TIPO DE PROPIEDAD": null, "EJIDO": null, "KM INICIO": null, "KM FIN": null, "KM LINEALE": null, "KM EFECTIV": null, "M2": null, "AREA_M2": 1500832.719, "IDENTIFICA": null, "ESTATUS": null, "ANUENCIA": null, "LEVANTAMIE": null, "NEGOCIACION": null, "C.O.P": null, "ESTATUS AC": null, "OBSERVACIO": null, "EXCEL": null }, "geometry": { "type": "MultiPolygon", "coordinates": [ [ [ [ -100.2749641, 27.1752143, 0.0 ], [ -100.269540100000015, 27.178155599999979, 0.0 ], [ -100.2631028, 27.181782300000012, 0.0 ], [ -100.2573093, 27.184836400000048, 0.0 ], [ -100.2565368, 27.1855617, 0.0 ], [ -100.2526744, 27.1813242, 0.0 ], [ -100.2532752, 27.1809425, 0.0 ], [ -100.255936, 27.179186399999956, 0.0 ], [ -100.2702863, 27.1692583, 0.0 ], [ -100.2749641, 27.1752143, 0.0 ] ] ] ] } },
{ "type": "Feature", "properties": { "fid": 207, "ID": "207", "NOM_SEDATU": "SNL-LAM-017-43-GS", "PROPIETARIO": "ND", "SEGMENTO": "18", "ESTRUCTURA": null, "TIPO DE PROPIEDAD": null, "EJIDO": null, "KM INICIO": null, "KM FIN": null, "KM LINEALE": null, "KM EFECTIV": null, "M2": null, "AREA_M2": 1500832.719, "IDENTIFICA": null, "ESTATUS": null, "ANUENCIA": null, "LEVANTAMIE": null, "NEGOCIACION": null, "C.O.P": null, "ESTATUS AC": null, "OBSERVACIO": null, "EXCEL": null }, "geometry": { "type": "MultiPolygon", "coordinates": [ [ [ [ -100.2749641, 27.1752143, 0.0 ], [ -100.269540100000015, 27.178155599999979, 0.0 ], [ -100.2631028, 27.181782300000012, 0.0 ], [ -100.2573093, 27.184836400000048, 0.0 ], [ -100.2565368, 27.1855617, 0.0 ], [ -100.2526744, 27.1813242, 0.0 ], [ -100.2532752, 27.1809425, 0.0 ], [ -100.255936, 27.179186399999956, 0.0 ], [ -100.2702863, 27.1692583, 0.0 ], [ -100.2749641, 27.1752143, 0.0 ] ] ] ] } },
{ "type": "Feature", "properties": { "fid": 208, "ID": "208", "NOM_SEDATU": "SNL-LAM-017-44-GS", "PROPIETARIO": "ND", "SEGMENTO": "18", "ESTRUCTURA": null, "TIPO DE PROPIEDAD": null, "EJIDO": null, "KM INICIO": null, "KM FIN": null, "KM LINEALE": null, "KM EFECTIV": null, "M2": null, "AREA_M2": 1500832.719, "IDENTIFICA": null, "ESTATUS": null, "ANUENCIA": null, "LEVANTAMIE": null, "NEGOCIACION": null, "C.O.P": null, "ESTATUS AC": null, "OBSERVACIO": null, "EXCEL": null }, "geometry": { "type": "MultiPolygon", "coordinates": [ [ [ [ -100.2749641, 27.1752143, 0.0 ], [ -100.269540100000015, 27.178155599999979, 0.0 ], [ -100.2631028, 27.181782300000012, 0.0 ], [ -100.2573093, 27.184836400000048, 0.0 ], [ -100.2565368, 27.1855617, 0.0 ], [ -100.2526744, 27.1813242, 0.0 ], [ -100.2532752, 27.1809425, 0.0 ], [ -100.255936, 27.179186399999956, 0.0 ], [ -100.2702863, 27.1692583, 0.0 ], [ -100.2749641, 27.1752143, 0.0 ] ] ] ] } },
{ "type": "Feature", "properties": { "fid": 209, "ID": "209", "NOM_SEDATU": "SNL-LAM-017-45-GS", "PROPIETARIO": "ND", "SEGMENTO": "18", "ESTRUCTURA": null, "TIPO DE PROPIEDAD": null, "EJIDO": null, "KM INICIO": null, "KM FIN": null, "KM LINEALE": null, "KM EFECTIV": null, "M2": null, "AREA_M2": 1500832.719, "IDENTIFICA": null, "ESTATUS": null, "ANUENCIA": null, "LEVANTAMIE": null, "NEGOCIACION": null, "C.O.P": null, "ESTATUS AC": null, "OBSERVACIO": null, "EXCEL": null }, "geometry": { "type": "MultiPolygon", "coordinates": [ [ [ [ -100.2749641, 27.1752143, 0.0 ], [ -100.269540100000015, 27.178155599999979, 0.0 ], [ -100.2631028, 27.181782300000012, 0.0 ], [ -100.2573093, 27.184836400000048, 0.0 ], [ -100.2565368, 27.1855617, 0.0 ], [ -100.2526744, 27.1813242, 0.0 ], [ -100.2532752, 27.1809425, 0.0 ], [ -100.255936, 27.179186399999956, 0.0 ], [ -100.2702863, 27.1692583, 0.0 ], [ -100.2749641, 27.1752143, 0.0 ] ] ] ] } },
{ "type": "Feature", "properties": { "fid": 210, "ID": "210", "NOM_SEDATU": "SNL-LAM-017-46-GS", "PROPIETARIO": "ND", "SEGMENTO": "18", "ESTRUCTURA": null, "TIPO DE PROPIEDAD": null, "EJIDO": null, "KM INICIO": null, "KM FIN": null, "KM LINEALE": null, "KM EFECTIV": null, "M2": null, "AREA_M2": 1500832.719, "IDENTIFICA": null, "ESTATUS": null, "ANUENCIA": null, "LEVANTAMIE": null, "NEGOCIACION": null, "C.O.P": null, "ESTATUS AC": null, "OBSERVACIO": null, "EXCEL": null }, "geometry": { "type": "MultiPolygon", "coordinates": [ [ [ [ -100.2749641, 27.1752143, 0.0 ], [ -100.269540100000015, 27.178155599999979, 0.0 ], [ -100.2631028, 27.181782300000012, 0.0 ], [ -100.2573093, 27.184836400000048, 0.0 ], [ -100.2565368, 27.1855617, 0.0 ], [ -100.2526744, 27.1813242, 0.0 ], [ -100.2532752, 27.1809425, 0.0 ], [ -100.255936, 27.179186399999956, 0.0 ], [ -100.2702863, 27.1692583, 0.0 ], [ -100.2749641, 27.1752143, 0.0 ] ] ] ] } },
{ "type": "Feature", "properties": { "fid": 211, "ID": "211", "NOM_SEDATU": "SNL-LAM-017-47-GS", "PROPIETARIO": "ND", "SEGMENTO": "18", "ESTRUCTURA": null, "TIPO DE PROPIEDAD": null, "EJIDO": null, "KM INICIO": null, "KM FIN": null, "KM LINEALE": null, "KM EFECTIV": null, "M2": null, "AREA_M2": 1500832.719, "IDENTIFICA": null, "ESTATUS": null, "ANUENCIA": null, "LEVANTAMIE": null, "NEGOCIACION": null, "C.O.P": null, "ESTATUS AC": null, "OBSERVACIO": null, "EXCEL": null }, "geometry": { "type": "MultiPolygon", "coordinates": [ [ [ [ -100.2749641, 27.1752143, 0.0 ], [ -100.269540100000015, 27.178155599999979, 0.0 ], [ -100.2631028, 27.181782300000012, 0.0 ], [ -100.2573093, 27.184836400000048, 0.0 ], [ -100.2565368, 27.1855617, 0.0 ], [ -100.2526744, 27.1813242, 0.0 ], [ -100.2532752, 27.1809425, 0.0 ], [ -100.255936, 27.179186399999956, 0.0 ], [ -100.2702863, 27.1692583, 0.0 ], [ -100.2749641, 27.1752143, 0.0 ] ] ] ] } },
{ "type": "Feature", "properties": { "fid": 212, "ID": "212", "NOM_SEDATU": "SNL-LAM-017-48-GS", "PROPIETARIO": "ND", "SEGMENTO": "18", "ESTRUCTURA": null, "TIPO DE PROPIEDAD": null, "EJIDO": null, "KM INICIO": null, "KM FIN": null, "KM LINEALE": null, "KM EFECTIV": null, "M2": null, "AREA_M2": 1500832.719, "IDENTIFICA": null, "ESTATUS": null, "ANUENCIA": null, "LEVANTAMIE": null, "NEGOCIACION": null, "C.O.P": null, "ESTATUS AC": null, "OBSERVACIO": null, "EXCEL": null }, "geometry": { "type": "MultiPolygon", "coordinates": [ [ [ [ -100.2749641, 27.1752143, 0.0 ], [ -100.269540100000015, 27.178155599999979, 0.0 ], [ -100.2631028, 27.181782300000012, 0.0 ], [ -100.2573093, 27.184836400000048, 0.0 ], [ -100.2565368, 27.1855617, 0.0 ], [ -100.2526744, 27.1813242, 0.0 ], [ -100.2532752, 27.1809425, 0.0 ], [ -100.255936, 27.179186399999956, 0.0 ], [ -100.2702863, 27.1692583, 0.0 ], [ -100.2749641, 27.1752143, 0.0 ] ] ] ] } },
{ "type": "Feature", "properties": { "fid": 213, "ID": "213", "NOM_SEDATU": "SNL-LAM-017-41-GS, hasta -017-49-GS", "PROPIETARIO": "Desconocido", "SEGMENTO": "18", "ESTRUCTURA": null, "TIPO DE PROPIEDAD": null, "EJIDO": null, "KM INICIO": null, "KM FIN": null, "KM LINEALE": null, "KM EFECTIV": null, "M2": null, "AREA_M2": 1500832.719, "IDENTIFICA": null, "ESTATUS": null, "ANUENCIA": null, "LEVANTAMIE": null, "NEGOCIACION": null, "C.O.P": null, "ESTATUS AC": null, "OBSERVACIO": null, "EXCEL": "NO" }, "geometry": { "type": "MultiPolygon", "coordinates": [ [ [ [ -100.2749641, 27.1752143, 0.0 ], [ -100.269540100000015, 27.178155599999979, 0.0 ], [ -100.2631028, 27.181782300000012, 0.0 ], [ -100.2573093, 27.184836400000048, 0.0 ], [ -100.2565368, 27.1855617, 0.0 ], [ -100.2526744, 27.1813242, 0.0 ], [ -100.2532752, 27.1809425, 0.0 ], [ -100.255936, 27.179186399999956, 0.0 ], [ -100.2702863, 27.1692583, 0.0 ], [ -100.2749641, 27.1752143, 0.0 ] ] ] ] } },
{ "type": "Feature", "properties": { "fid": 214, "ID": "214", "NOM_SEDATU": "ND-13", "PROPIETARIO": "ND", "SEGMENTO": "18", "ESTRUCTURA": null, "TIPO DE PROPIEDAD": null, "EJIDO": null, "KM INICIO": null, "KM FIN": null, "KM LINEALE": null, "KM EFECTIV": null, "M2": null, "AREA_M2": 25697.81, "IDENTIFICA": null, "ESTATUS": null, "ANUENCIA": null, "LEVANTAMIE": null, "NEGOCIACION": null, "C.O.P": null, "ESTATUS AC": null, "OBSERVACIO": null, "EXCEL": null }, "geometry": { "type": "MultiPolygon", "coordinates": [ [ [ [ -100.2342985, 27.198086100000012, 0.0 ], [ -100.2330217, 27.1988591, 0.0 ], [ -100.2318952, 27.1992598, 0.0 ], [ -100.2255437, 27.200481300000018, 0.0 ], [ -100.225533, 27.200109099999988, 0.0 ], [ -100.22958850000002, 27.199441100000012, 0.0 ], [ -100.2322814, 27.198906800000017, 0.0 ], [ -100.2342985, 27.198086100000012, 0.0 ] ] ] ] } },
{ "type": "Feature", "properties": { "fid": 216, "ID": "216", "NOM_SEDATU": "ND-08", "PROPIETARIO": "ND", "SEGMENTO": "18", "ESTRUCTURA": null, "TIPO DE PROPIEDAD": null, "EJIDO": null, "KM INICIO": null, "KM FIN": null, "KM LINEALE": null, "KM EFECTIV": null, "M2": null, "AREA_M2": 600.769, "IDENTIFICA": null, "ESTATUS": null, "ANUENCIA": null, "LEVANTAMIE": null, "NEGOCIACION": null, "C.O.P": null, "ESTATUS AC": null, "OBSERVACIO": null, "EXCEL": null }, "geometry": { "type": "MultiPolygon", "coordinates": [ [ [ [ -100.1535439, 27.220569699999988, 0.0 ], [ -100.153364200000013, 27.2207415, 0.0 ], [ -100.1532006, 27.2205769, 0.0 ], [ -100.1534044, 27.220421800000018, 0.0 ], [ -100.1535439, 27.220569699999988, 0.0 ] ] ] ] } },
{ "type": "Feature", "properties": { "fid": 218, "ID": "218", "NOM_SEDATU": "ND-12", "PROPIETARIO": "ND", "SEGMENTO": "18", "ESTRUCTURA": null, "TIPO DE PROPIEDAD": null, "EJIDO": null, "KM INICIO": null, "KM FIN": null, "KM LINEALE": null, "KM EFECTIV": null, "M2": null, "AREA_M2": 484.209, "IDENTIFICA": null, "ESTATUS": null, "ANUENCIA": null, "LEVANTAMIE": null, "NEGOCIACION": null, "C.O.P": null, "ESTATUS AC": null, "OBSERVACIO": null, "EXCEL": null }, "geometry": { "type": "MultiPolygon", "coordinates": [ [ [ [ -100.1530666, 27.2209992, 0.0 ], [ -100.1528748, 27.2211507, 0.0 ], [ -100.1527474, 27.2210004, 0.0 ], [ -100.1529553, 27.220874, 0.0 ], [ -100.1530666, 27.2209992, 0.0 ] ] ] ] } },
{ "type": "Feature", "properties": { "fid": 219, "ID": "219", "NOM_SEDATU": "ND-11", "PROPIETARIO": "ND", "SEGMENTO": "18", "ESTRUCTURA": null, "TIPO DE PROPIEDAD": null, "EJIDO": null, "KM INICIO": null, "KM FIN": null, "KM LINEALE": null, "KM EFECTIV": null, "M2": null, "AREA_M2": 555.535, "IDENTIFICA": null, "ESTATUS": null, "ANUENCIA": null, "LEVANTAMIE": null, "NEGOCIACION": null, "C.O.P": null, "ESTATUS AC": null, "OBSERVACIO": null, "EXCEL": null }, "geometry": { "type": "MultiPolygon", "coordinates": [ [ [ [ -100.1527729, 27.22122720000003, 0.0 ], [ -100.1525583, 27.2213715, 0.0 ], [ -100.1524376, 27.221222400000023, 0.0 ], [ -100.1526481, 27.2210709, 0.0 ], [ -100.1527729, 27.22122720000003, 0.0 ] ] ] ] } },
{ "type": "Feature", "properties": { "fid": 220, "ID": "220", "NOM_SEDATU": "ND-10", "PROPIETARIO": "ND", "SEGMENTO": "18", "ESTRUCTURA": null, "TIPO DE PROPIEDAD": null, "EJIDO": null, "KM INICIO": null, "KM FIN": null, "KM LINEALE": null, "KM EFECTIV": null, "M2": null, "AREA_M2": 486.546, "IDENTIFICA": null, "ESTATUS": null, "ANUENCIA": null, "LEVANTAMIE": null, "NEGOCIACION": null, "C.O.P": null, "ESTATUS AC": null, "OBSERVACIO": null, "EXCEL": null }, "geometry": { "type": "MultiPolygon", "coordinates": [ [ [ [ -100.1525583, 27.2213715, 0.0 ], [ -100.1523638, 27.2215014, 0.0 ], [ -100.1522337, 27.2213607, 0.0 ], [ -100.1524363, 27.221230700000014, 0.0 ], [ -100.1525583, 27.2213715, 0.0 ] ] ] ] } },
{ "type": "Feature", "properties": { "fid": 221, "ID": "221", "NOM_SEDATU": "ND-26", "PROPIETARIO": "ND", "SEGMENTO": "18", "ESTRUCTURA": null, "TIPO DE PROPIEDAD": null, "EJIDO": null, "KM INICIO": null, "KM FIN": null, "KM LINEALE": null, "KM EFECTIV": null, "M2": null, "AREA_M2": 873.492, "IDENTIFICA": null, "ESTATUS": null, "ANUENCIA": null, "LEVANTAMIE": null, "NEGOCIACION": null, "C.O.P": null, "ESTATUS AC": null, "OBSERVACIO": null, "EXCEL": null }, "geometry": { "type": "MultiPolygon", "coordinates": [ [ [ [ -100.1525164, 27.22162609999997, 0.0 ], [ -100.1519558, 27.222055399999959, 0.0 ], [ -100.1518566, 27.2219719, 0.0 ], [ -100.1524467, 27.221556899999989, 0.0 ], [ -100.1525164, 27.22162609999997, 0.0 ] ] ] ] } },
{ "type": "Feature", "properties": { "fid": 222, "ID": "222", "NOM_SEDATU": "SNL-LAM-003", "PROPIETARIO": "Treviño Garza Adolfo José", "SEGMENTO": "18", "ESTRUCTURA": "DDV Troncal", "TIPO DE PROPIEDAD": "Privada", "EJIDO": "N/A", "KM INICIO": 258.07808, "KM FIN": 259.396, "KM LINEALE": 1.31792, "KM EFECTIV": 1.31792, "M2": null, "AREA_M2": 3645346.218, "IDENTIFICA": true, "ESTATUS": null, "ANUENCIA": true, "LEVANTAMIE": "ANUENCIA", "NEGOCIACION": false, "C.O.P": "NO", "ESTATUS AC": "En proceso de Acercamiento", "OBSERVACIO": "Se realizará cita con SEDATU y el Lic. Adolfo para lidiar con los temas legales de Dulces Nombres y el proyecto.", "EXCEL": "SI" }, "geometry": { "type": "MultiPolygon", "coordinates": [ [ [ [ -100.5068763, 26.869825, 0.0 ], [ -100.4965253, 26.870686, 0.0 ], [ -100.4946643, 26.852972, 0.0 ], [ -100.493009300000011, 26.837796, 0.0 ], [ -100.5046593, 26.84165, 0.0 ], [ -100.5068763, 26.869825, 0.0 ] ] ] ] } },
{ "type": "Feature", "properties": { "fid": 223, "ID": "223", "NOM_SEDATU": "ND-05", "PROPIETARIO": "Bodega de productos internacional", "SEGMENTO": null, "ESTRUCTURA": null, "TIPO DE PROPIEDAD": null, "EJIDO": null, "KM INICIO": null, "KM FIN": null, "KM LINEALE": null, "KM EFECTIV": null, "M2": null, "AREA_M2": null, "IDENTIFICA": null, "ESTATUS": null, "ANUENCIA": null, "LEVANTAMIE": null, "NEGOCIACION": null, "C.O.P": null, "ESTATUS AC": null, "OBSERVACIO": null, "EXCEL": null }, "geometry": { "type": "MultiPolygon", "coordinates": [ ] } }
]
}
