{"type": "FeatureCollection", "name": "TAP_LIMITES_MUNICIPALES_ESTATALES", "features": [{"type": "Feature", "properties": {"id": "MUN_hidalgo_mineral_de_la_reforma", "nivel": "municipio", "nombre": "Mineral De La Reforma", "municipio": "Mineral De La Reforma", "estado": "Hidalgo", "proyecto": "TAP"}, "geometry": {"type": "MultiPolygon", "coordinates": [[[[-98.73672201237777, 20.05960749860913], [-98.73472244508584, 20.05844252411337], [-98.732935961449, 20.05742865454906], [-98.73415810126902, 20.05517742491958], [-98.73601373976946, 20.05607880523925], [-98.73624687766176, 20.05618167506698], [-98.73752304681045, 20.05679654883534], [-98.73745546165966, 20.05688526141428], [-98.73838072333211, 20.05734293005005], [-98.73904447423344, 20.05764454956401], [-98.73977483336968, 20.05798947442668], [-98.74068451708204, 20.05849055789886], [-98.74075955900473, 20.0583898161914], [-98.74191406120694, 20.05895004287548], [-98.74203994991063, 20.05783536416423], [-98.74263733235006, 20.05812213105077], [-98.74287324026234, 20.05821870239348], [-98.74337685122735, 20.05840744809334], [-98.74377618396866, 20.05862699026423], [-98.74388430893994, 20.05865342281015], [-98.74458081521442, 20.05893735767935], [-98.7457666740083, 20.05952582228196], [-98.74728824702068, 20.06022598558103], [-98.7482911579306, 20.06067790397771], [-98.74851282586201, 20.06075034820679], [-98.74978073105589, 20.06125165245236], [-98.75079911904534, 20.06176876933209], [-98.75116012344166, 20.06200673266192], [-98.75143766907955, 20.06211919015004], [-98.7532717164388, 20.06294853124797], [-98.75340472919407, 20.06539104579297], [-98.7536650211295, 20.06551459259331], [-98.75375446162656, 20.06557371772473], [-98.75457965623669, 20.06604552567299], [-98.7549177191463, 20.06622829907327], [-98.75514738051972, 20.06631934050247], [-98.75700308584919, 20.06748009443583], [-98.75699778527996, 20.06750707728191], [-98.75697191756366, 20.06763911230082], [-98.75695206327975, 20.06774044356952], [-98.75633371275316, 20.07064970536239], [-98.75600430534445, 20.0704684617706], [-98.75445969447723, 20.06959798563933], [-98.75240683866883, 20.06843808520445], [-98.75189359984907, 20.06813926368691], [-98.75186985780716, 20.06812596920449], [-98.7518461255797, 20.06811266586018], [-98.75126553941686, 20.06779643148743], [-98.75092835122311, 20.06762444155753], [-98.7508100245202, 20.06756602924577], [-98.75070924330666, 20.06751276243945], [-98.74944993567132, 20.06679092567078], [-98.74853764953365, 20.06630547984026], [-98.74825970601732, 20.06616534986428], [-98.74729815490363, 20.06557840047909], [-98.74722104610808, 20.06554660470121], [-98.74682168310724, 20.06530326578182], [-98.74663286749133, 20.06520572386653], [-98.74637798212025, 20.06506513263917], [-98.74612015645187, 20.06490912530644], [-98.74602663466978, 20.06485425184026], [-98.74493940484476, 20.06426064826704], [-98.74480698581664, 20.06417425261686], [-98.74461702753746, 20.06404929745452], [-98.74427023894722, 20.06387617111277], [-98.7438814191127, 20.06361624724812], [-98.74314970377438, 20.06318831907174], [-98.74193159045058, 20.06252947737349], [-98.74151706705356, 20.06229195667164], [-98.74140712664669, 20.06223276503125], [-98.74055723398538, 20.06177553550172], [-98.73996870505746, 20.06140389845379], [-98.73988296010047, 20.06135028560128], [-98.7387614577589, 20.06076059962042], [-98.73672201237777, 20.05960749860913]]], [[[-98.69914036539615, 20.04803870815496], [-98.69903915491359, 20.04678723145142], [-98.69899719827622, 20.04626855974038], [-98.70124610224947, 20.04665980084243], [-98.70127224766362, 20.04666428669885], [-98.70182524747314, 20.04679350517921], [-98.70203347572432, 20.04681696546001], [-98.70209766251622, 20.04682449061761], [-98.70329361191034, 20.04703469935033], [-98.70472504743428, 20.04725966132547], [-98.70540797307338, 20.04740665073492], [-98.70545652000699, 20.0474066256607], [-98.70619000845039, 20.04753427864091], [-98.70751866385241, 20.04776581553402], [-98.70881256501501, 20.04799227954668], [-98.7096183187296, 20.04812740481303], [-98.71042902932695, 20.04826079239516], [-98.71061564109411, 20.04829571507186], [-98.71119963726427, 20.04840494098278], [-98.71190656631667, 20.04853567227383], [-98.71203833666235, 20.04856151547704], [-98.71337263502944, 20.04880528365885], [-98.71482656200222, 20.04907127178705], [-98.71647862273328, 20.04936868366654], [-98.7166583565737, 20.04940362234899], [-98.71916144961004, 20.04986402762211], [-98.71811173411933, 20.05187752592159], [-98.71638599773586, 20.05509071633782], [-98.71558596470484, 20.05641332145798], [-98.71541457062317, 20.05717255345634], [-98.71520453667682, 20.05731231081611], [-98.70666874708938, 20.05521263516766], [-98.69939282950304, 20.05410028043066], [-98.69938564906583, 20.05218292801101], [-98.69937876592054, 20.05035147994163], [-98.69937080598477, 20.05028509044354], [-98.69917352069267, 20.04864061697068], [-98.6991659357888, 20.04857735519449], [-98.69914390674057, 20.04852875087205], [-98.69914036539615, 20.04803870815496]]], [[[-98.71373847058804, 20.02382533184756], [-98.71454152108906, 20.02277678093235], [-98.71540498768378, 20.02200635343303], [-98.71562629649307, 20.02196601316561], [-98.71562188895489, 20.02160193796502], [-98.71566103818638, 20.02046508081588], [-98.71560513768442, 20.01916515648761], [-98.71638995782716, 20.01906889505764], [-98.71632221455108, 20.0176991744296], [-98.71630730821762, 20.0170282682213], [-98.71512091647995, 20.01682539726431], [-98.71491832934714, 20.01612058492154], [-98.71491218778296, 20.01601615253923], [-98.71489957237934, 20.01592470128448], [-98.71473050245024, 20.0147004515526], [-98.71468003349221, 20.01434211875312], [-98.71466270801983, 20.01421900018718], [-98.71453829774516, 20.01421700418445], [-98.71433754713989, 20.01417676567934], [-98.7141409564658, 20.01413945526695], [-98.71394466274882, 20.01410414597337], [-98.71374441538438, 20.01406967571006], [-98.71277344866644, 20.01386683707545], [-98.71253732696586, 20.01381751446717], [-98.71199537915511, 20.01370809002317], [-98.71170866661365, 20.01365379764093], [-98.71155354043087, 20.0136244193127], [-98.71147825709355, 20.01360908581054], [-98.71064593513768, 20.01345798794068], [-98.71057338143125, 20.01344482599745], [-98.71052333685995, 20.01343432838788], [-98.70952329640711, 20.01325300952579], [-98.70866336937641, 20.01309712167868], [-98.70826154354715, 20.01302237987909], [-98.70714213677348, 20.01281417131481], [-98.70676621274255, 20.0127442678035], [-98.70595520819495, 20.01259829496648], [-98.70582129233509, 20.01257418636265], [-98.70489641339442, 20.01239628251457], [-98.70473297371583, 20.01236724255264], [-98.70460898537516, 20.01234519836877], [-98.70453217919604, 20.01233139707687], [-98.70401656444538, 20.0122086965348], [-98.70326484009203, 20.01210588188978], [-98.69756435613816, 20.01083538543937], [-98.69525136726674, 20.01031982350796], [-98.68991931134805, 20.00913116721005], [-98.68911286055462, 20.00890124354708], [-98.68969685211157, 20.00726258663556], [-98.69033241683208, 20.00627313722855], [-98.69120385723602, 20.0052691086545], [-98.69338442511665, 20.00276435922931], [-98.69812726225962, 20.00480783450922], [-98.69944483547305, 20.0051616171383], [-98.70543773361004, 20.00673370498065], [-98.70657976407628, 20.00694160112135], [-98.70673354812617, 20.00697098260554], [-98.70779355382939, 20.00713057977957], [-98.70887780345791, 20.00731547797188], [-98.71012622269906, 20.00751901766687], [-98.71122220603823, 20.00769224738748], [-98.71234229970956, 20.00786903847933], [-98.71361640723275, 20.00805843423701], [-98.71341953087672, 20.0064230511443], [-98.71344906706992, 20.00617463336358], [-98.71404326236063, 20.00629577544699], [-98.71459071155488, 20.00640820420548], [-98.71643551961127, 20.00674066616562], [-98.71653774301808, 20.00675734197984], [-98.72017204064574, 20.00743661469511], [-98.7227863301992, 20.00792364627391], [-98.72358352643123, 20.00802641208231], [-98.72719223385572, 20.00848094194804], [-98.72696161735144, 20.00939564669446], [-98.72667307069266, 20.0105865244302], [-98.72323128714277, 20.00988849764504], [-98.72311619274672, 20.00986520989926], [-98.72121754494563, 20.00948090388907], [-98.72118440862302, 20.00947420291399], [-98.71978398150043, 20.00919606745015], [-98.71806954648967, 20.00884368837715], [-98.71803741329565, 20.00883717163533], [-98.71730724105547, 20.00868937227072], [-98.71722618614271, 20.00889618838051], [-98.71744130804254, 20.0094653275054], [-98.71812874063727, 20.01130831286001], [-98.71868583640219, 20.01288570915419], [-98.71913543758441, 20.01417025391254], [-98.71917527583742, 20.01422472495856], [-98.71928268297289, 20.01459822465941], [-98.72002645312973, 20.01610465620727], [-98.72084941912746, 20.01761739512643], [-98.72246724831389, 20.01783715941938], [-98.72249894764005, 20.01784148048124], [-98.72469796952018, 20.01814115033575], [-98.72414428245908, 20.01954122008661], [-98.72320566485895, 20.02186400306023], [-98.72303145608805, 20.02231187993519], [-98.7230032528755, 20.02237362217582], [-98.72237987161436, 20.02373857142074], [-98.72233915070261, 20.02373986802247], [-98.71974923877522, 20.02378103969551], [-98.71751727813466, 20.02380008741803], [-98.71748630638525, 20.02379815687498], [-98.7155159922266, 20.02381124694107], [-98.71525812031238, 20.02382054473125], [-98.71423425740704, 20.02382775460648], [-98.71373847058804, 20.02382533184756]]], [[[-98.75524198099998, 20.01952552000006], [-98.75662935520799, 20.01717024804283], [-98.75784053281514, 20.01785335889582], [-98.75664114643179, 20.01986193339267], [-98.75637831693952, 20.02016266464174], [-98.75524198099998, 20.01952552000006]]], [[[-98.7595920666638, 20.01224066679119], [-98.7604921212264, 20.0107318771944], [-98.7604928045186, 20.0107307317575], [-98.76156769179659, 20.0113177359911], [-98.7616637302117, 20.0113683714887], [-98.76176872991711, 20.01142699654129], [-98.76269125112302, 20.0119535316375], [-98.7628225517382, 20.0129406379295], [-98.76288460040459, 20.01342756299459], [-98.7629922778716, 20.0143225538825], [-98.7624154715115, 20.0139591111279], [-98.7621056895917, 20.01374689542249], [-98.7608779317185, 20.0130187990188], [-98.76076316776762, 20.0129524294183], [-98.76068633631189, 20.0128226512258], [-98.7595920666638, 20.01224066679119]]], [[[-98.74853178349063, 20.08080254041087], [-98.74850922103617, 20.08082509141565], [-98.74848335271673, 20.08084956406554], [-98.74847673546581, 20.07854194462169], [-98.74855726192447, 20.07831255850441], [-98.74853178349063, 20.08080254041087]]], [[[-98.76051440163134, 20.01273120894819], [-98.76040616831904, 20.01285330088783], [-98.76003183012838, 20.01264596084686], [-98.76013267952253, 20.01252819169634], [-98.76051440163134, 20.01273120894819]]], [[[-98.76269125125091, 20.0119535311392], [-98.7604921212264, 20.0107318771944], [-98.7621730737917, 20.0079199198229], [-98.76269125125091, 20.0119535311392]]], [[[-98.74857573470831, 20.06632566188134], [-98.74854426132501, 20.06630899813526], [-98.74854389053634, 20.06622398692057], [-98.74857540225575, 20.06623655114885], [-98.74857573470831, 20.06632566188134]]], [[[-98.75787603493065, 20.01787291318038], [-98.75784053281514, 20.01785335889582], [-98.75750134522106, 20.01766205664901], [-98.75751784445653, 20.0176219929436], [-98.75786375960392, 20.01782251554169], [-98.75789049874585, 20.01783805923162], [-98.75787603493065, 20.01787291318038]]], [[[-98.75476575499995, 20.02244365600006], [-98.75481088930914, 20.02246217485105], [-98.75476631045252, 20.02251658051108], [-98.75473055308818, 20.02249777244866], [-98.75476575499995, 20.02244365600006]]], [[[-98.75446020743395, 20.02225901946858], [-98.75441400488651, 20.02232619138409], [-98.75441092093038, 20.02232431199117], [-98.75446020743395, 20.02225901946858]]], [[[-98.75079911896312, 20.06176876991805], [-98.74978073096781, 20.06125165297846], [-98.74845444990866, 20.06073127070034], [-98.74843570175646, 20.06072494142105], [-98.74847635428537, 20.05869195724361], [-98.75133953098846, 20.05999025218364], [-98.7510235593169, 20.06191499579985], [-98.75079911896312, 20.06176876991805]]], [[[-98.74845760953686, 20.07250774103444], [-98.74846053018119, 20.06979151585568], [-98.74971556280988, 20.07000198713215], [-98.74964006284046, 20.07290195820211], [-98.74845760953686, 20.07250774103444]]], [[[-98.74845758019288, 20.0728535886326], [-98.74845760953686, 20.07250774103444], [-98.74964006284046, 20.07290195820211], [-98.74960314982917, 20.07329681476264], [-98.74845758019288, 20.0728535886326]]], [[[-98.74836400449128, 20.07466741254906], [-98.74838434642312, 20.07463708275689], [-98.74836289443651, 20.07748278647365], [-98.74831323782391, 20.07745637210081], [-98.74698675077683, 20.07670120910137], [-98.74736128855766, 20.0760284259968], [-98.74836400449128, 20.07466741254906]]], [[[-98.74829890724719, 20.07765368807608], [-98.748370363126, 20.0775714766331], [-98.74838086520298, 20.0784087540487], [-98.74831568541953, 20.07838453596869], [-98.74818070123138, 20.07833036019461], [-98.74805845640834, 20.07827292583832], [-98.74808543276913, 20.07815683119998], [-98.74813466207284, 20.07802129724965], [-98.74821378945757, 20.0777876085116], [-98.74829890724719, 20.07765368807608]]], [[[-98.74802748131236, 20.07836470947571], [-98.74805292728428, 20.07831561252893], [-98.74836851501279, 20.07846466047215], [-98.74837096081754, 20.08011122661669], [-98.74782587624797, 20.07990912282679], [-98.7479159584209, 20.07909915221228], [-98.74798796255146, 20.07848928376156], [-98.74802748131236, 20.07836470947571]]], [[[-98.75316350738092, 20.04826245927446], [-98.74885378734666, 20.04651495302663], [-98.74852942188808, 20.04637274494377], [-98.74846203796173, 20.04635609928689], [-98.74748290974043, 20.04595905920018], [-98.74953747738542, 20.04205053139324], [-98.75131659299396, 20.03762287881456], [-98.75515602602955, 20.03900244245924], [-98.75352368949135, 20.04837442488131], [-98.75316350738092, 20.04826245927446]]], [[[-98.7485211839, 20.05519092], [-98.74845724489998, 20.0541487377], [-98.7520320172, 20.05529517759999], [-98.75199326059999, 20.056363745], [-98.7485211839, 20.05519092]]], [[[-98.7484423922, 20.06973075889998], [-98.7484240745, 20.06629780769999], [-98.74853787656104, 20.06635686778839], [-98.74857592401747, 20.06637661332852], [-98.74984833589997, 20.0670369511], [-98.7497515522, 20.0699555787], [-98.7484423922, 20.06973075889998]]], [[[-98.74846203796173, 20.04635609928689], [-98.74885378734666, 20.04651495302663], [-98.7495875546893, 20.04683664766987], [-98.75155676714976, 20.04764808967381], [-98.75272007862719, 20.04812461453237], [-98.75316350738092, 20.04826245927446], [-98.75351814579422, 20.04840625175105], [-98.75352368949135, 20.04837442488131], [-98.75361099020373, 20.04840156290026], [-98.75346236535451, 20.0491433525136], [-98.75337375895404, 20.04970965405552], [-98.75326346109519, 20.05025616136072], [-98.7531864393538, 20.05068981387697], [-98.75308493949936, 20.05122305493895], [-98.75299500158904, 20.05175980197808], [-98.75288988173449, 20.0517669295558], [-98.75278066358464, 20.05288550430326], [-98.75268573210238, 20.05341411297983], [-98.75258823668352, 20.05390148502193], [-98.75248559813916, 20.0545075161818], [-98.7523672432111, 20.05501580920617], [-98.75195093521678, 20.05494189482496], [-98.7513898867139, 20.05485712370816], [-98.7507317429766, 20.05471959674364], [-98.74835377784007, 20.05402207463673], [-98.74836332483864, 20.0562760786495], [-98.74525943509205, 20.05520744477993], [-98.7430962082634, 20.05442389385455], [-98.74285480320007, 20.05433603648465], [-98.74287940713621, 20.05422718800566], [-98.74296078562782, 20.05412754628048], [-98.74299319979075, 20.05407903903934], [-98.74303766758266, 20.05399025979122], [-98.74307501573809, 20.05389206493044], [-98.74338994949717, 20.05267846526376], [-98.74424861815284, 20.0529033913482], [-98.74540133418854, 20.05040275075651], [-98.7458411097708, 20.04944601577455], [-98.74657255020568, 20.04785810916369], [-98.74714631154015, 20.04661728090644], [-98.74725947979756, 20.04636573251659], [-98.74740972474254, 20.04604630093666], [-98.74744951129541, 20.04596914112865], [-98.7479353520689, 20.04618489919117], [-98.74833306088617, 20.04632423837083], [-98.74846203796173, 20.04635609928689]]], [[[-98.74543749886165, 20.04044793993398], [-98.74717617074218, 20.0360001212745], [-98.748130777731, 20.03591017581489], [-98.74832763214965, 20.03471142746754], [-98.74847796697388, 20.03480470900548], [-98.74852353350434, 20.03482583804676], [-98.7485538904831, 20.03483892097733], [-98.75182920678161, 20.03624499942768], [-98.74953747738542, 20.04205053139324], [-98.74857932987375, 20.04165712180442], [-98.74835446046553, 20.04156404160208], [-98.74543749886165, 20.04044793993398]]], [[[-98.75807667499951, 20.01470889662063], [-98.75858880808856, 20.01499068601192], [-98.75877286655964, 20.01509195932399], [-98.75896287613057, 20.01519650198176], [-98.75929344921809, 20.01537839444642], [-98.75786290089951, 20.01781964012065], [-98.7566566083419, 20.01712867469574], [-98.75807667499951, 20.01470889662063]]], [[[-98.75993921491397, 20.01627229855076], [-98.76006139846538, 20.01584367486142], [-98.76014063840842, 20.01588775567743], [-98.76023460954114, 20.01594176875805], [-98.76023429756158, 20.01594225045433], [-98.75993921491397, 20.01627229855076]]], [[[-98.74612253994769, 20.03166947545116], [-98.74838688964621, 20.03296750470098], [-98.74854709611907, 20.03301833393377], [-98.7486083257653, 20.03303776041749], [-98.7483232411664, 20.03366187593117], [-98.7479095309048, 20.03456757269697], [-98.7464020849342, 20.03376968652337], [-98.74696899940808, 20.03304709916659], [-98.74562050334468, 20.03231303045713], [-98.74612253994769, 20.03166947545116]]], [[[-98.75217706184446, 20.0355511672076], [-98.75206792085301, 20.03579623520839], [-98.7518292067816, 20.03624499942772], [-98.7485538904831, 20.03483892097733], [-98.74852353350434, 20.03482583804676], [-98.74847796697388, 20.03480470900548], [-98.74832763214965, 20.03471142746754], [-98.7479095309048, 20.03456757269696], [-98.7483232411664, 20.03366187593117], [-98.7486083257653, 20.03303776041749], [-98.74880011184328, 20.03261789364582], [-98.75281596891544, 20.03435726055336], [-98.75217706184446, 20.0355511672076]]], [[[-98.75667732199996, 20.02035358900002], [-98.75854244016837, 20.01824360504432], [-98.75909375199996, 20.01855338100006], [-98.75767835599999, 20.02093664300002], [-98.75667732199996, 20.02035358900002]]], [[[-98.75502632999996, 20.02254715400005], [-98.75568474676496, 20.02147340047493], [-98.75568476607997, 20.02147337697181], [-98.75570252941263, 20.02144440238692], [-98.75570253989997, 20.0214443912], [-98.75577775649953, 20.02136022293989], [-98.75577779697021, 20.02136017369369], [-98.75667732199996, 20.02035358900002], [-98.75767835599999, 20.02093664300002], [-98.756324507, 20.02316588100007], [-98.75502632999996, 20.02254715400005]]], [[[-98.75637831696976, 20.02016266482092], [-98.75446633799999, 20.02226261200012], [-98.75391499499993, 20.02196115000006], [-98.75421073299998, 20.02153778500009], [-98.75424216599998, 20.021293714], [-98.75421699099998, 20.02124481599999], [-98.75524198099998, 20.01952552000001], [-98.75637831696976, 20.02016266482092]]], [[[-98.74704486385826, 20.03044456328324], [-98.74833714092004, 20.02882090789656], [-98.74965245161198, 20.02936129823757], [-98.74928484104565, 20.0316164291372], [-98.74859045063695, 20.03129456116968], [-98.7483817141809, 20.03117902994869], [-98.74837959370396, 20.03117786497031], [-98.74704486385826, 20.03044456328324]]], [[[-98.74881592045585, 20.0325852328223], [-98.74880011184328, 20.03261789364582], [-98.74860909646605, 20.03303797160419], [-98.7486083257653, 20.03303776041749], [-98.74854710601795, 20.03302098502683], [-98.7483870795605, 20.03296756809459], [-98.74612253994769, 20.03166947545116], [-98.74704486385826, 20.03044456328324], [-98.74837959370396, 20.03117786497031], [-98.7483817141809, 20.03117902994869], [-98.74859045063695, 20.03129456116968], [-98.74928484104565, 20.0316164291372], [-98.74881592045585, 20.0325852328223]]], [[[-98.74856622187988, 20.0657370682665], [-98.74856475018005, 20.06487210521781], [-98.74909415290159, 20.06497655966121], [-98.74857349743968, 20.06572656006767], [-98.74856622187988, 20.0657370682665]]], [[[-98.74969247200184, 20.06135015398186], [-98.7506843008349, 20.06180970657381], [-98.75067393867877, 20.06227218389207], [-98.74906109132687, 20.06482511205567], [-98.74843954740165, 20.06471966110141], [-98.74843063905675, 20.06337278589041], [-98.74969247200184, 20.06135015398186]]], [[[-98.75664114599994, 20.01986193300008], [-98.75784053298239, 20.01785335861577], [-98.75828276331826, 20.01809877490307], [-98.75664114599994, 20.01986193300008]]], [[[-98.75228934959964, 20.02516631268005], [-98.75064712057889, 20.02866559654174], [-98.75041147144394, 20.02916770665], [-98.75023217602333, 20.02953854533381], [-98.74969610001304, 20.02926147556086], [-98.7492004306727, 20.02900209839853], [-98.74897360965639, 20.02887321899333], [-98.74917955546924, 20.02863635453295], [-98.74942507762972, 20.02837637452465], [-98.74956438391786, 20.02828787751253], [-98.75013118190338, 20.02757598123273], [-98.75228934959964, 20.02516631268005]]], [[[-98.74867571996154, 20.06081808958831], [-98.74973643579935, 20.06127898767107], [-98.74969247200184, 20.06135015398186], [-98.74872521827001, 20.06291587469741], [-98.74859248389981, 20.06312515325923], [-98.74850407264006, 20.06326454844487], [-98.748497560021, 20.06228525967435], [-98.74849724202713, 20.06223744357558], [-98.74848731120578, 20.06074416438582], [-98.74867571996154, 20.06081808958831]]], [[[-98.7490767359111, 20.06497982122806], [-98.74909415290158, 20.06497655966122], [-98.74909003779506, 20.06498284672326], [-98.7490767359111, 20.06497982122806]]], [[[-98.75811937719975, 20.01800810378586], [-98.75784053298239, 20.0178533586158], [-98.75786375960392, 20.01782251554169], [-98.75830200970924, 20.0180772731508], [-98.7585802316693, 20.01822986894945], [-98.75900526037816, 20.01846296408033], [-98.75909375199996, 20.01855338100007], [-98.75854244016837, 20.01824360504435], [-98.75828276331823, 20.01809877490311], [-98.75814058949501, 20.01801987556228], [-98.75811937719975, 20.01800810378586]]], [[[-98.7488878283275, 20.0290471584931], [-98.7488862996318, 20.0290465292768], [-98.74888747432931, 20.0290437268805], [-98.7489726919531, 20.0288750356214], [-98.74917047790689, 20.0289881217607], [-98.749184332203, 20.0289960430817], [-98.7491603134726, 20.0290421318895], [-98.74922126457318, 20.0290682713069], [-98.7491783227875, 20.0291665057825], [-98.7488878283275, 20.0290471584931]]], [[[-98.7483217983423, 20.0727813976779], [-98.74832184066089, 20.0727339429698], [-98.7483219324499, 20.0726907793955], [-98.7483220987666, 20.0726437669119], [-98.7483223226266, 20.0726000894941], [-98.7483321314341, 20.0720265569805], [-98.74833340128009, 20.0719828955296], [-98.7483348426839, 20.0719359025101], [-98.74833622695859, 20.0718927586654], [-98.7483378074158, 20.0718453274368], [-98.7483379401133, 20.0718414677577], [-98.74834323045532, 20.0736838436785], [-98.7483118354015, 20.07366680094], [-98.7483164561147, 20.0734001175874], [-98.7483177463885, 20.0733564272842], [-98.74831920969449, 20.0733094075832], [-98.7483206140491, 20.0732662412424], [-98.748322216465, 20.0732187897004], [-98.7483227245492, 20.0732040720459], [-98.74832229024831, 20.0730528185866], [-98.7483221207769, 20.0729925631745], [-98.7483220413079, 20.0729624173812], [-98.7483219265666, 20.0729121663218], [-98.7483218560093, 20.0728719437492], [-98.74832180538442, 20.0728236645712], [-98.7483217983423, 20.0727813976779]]], [[[-98.74860343455809, 20.0464051902457], [-98.74852942475968, 20.0463727431405], [-98.74846203574779, 20.0463561013517], [-98.7484390432601, 20.0463467790542], [-98.7484308760076, 20.0441557142339], [-98.7485938816466, 20.043845611866], [-98.74860343455809, 20.0464051902457]]], [[[-98.7485613672638, 20.0551571023552], [-98.74850014088058, 20.0551355715076], [-98.7484799176838, 20.0541674825733], [-98.74855631008919, 20.0541892970544], [-98.7485597541966, 20.0546687821392], [-98.7485610437922, 20.0551200248682], [-98.7485613672638, 20.0551571023552]]], [[[-98.74860109768849, 20.0312433026845], [-98.7483793567234, 20.0311222948881], [-98.7483778558268, 20.0307616876408], [-98.7484256626249, 20.0307622526121], [-98.748424574983, 20.0305023948818], [-98.7484245410667, 20.0304936654874], [-98.7484245071503, 20.030484936093], [-98.7484244731908, 20.0304762338084], [-98.7484244392169, 20.0304675405603], [-98.7484244147758, 20.0304588653989], [-98.7484243903202, 20.0304501992741], [-98.7484243849589, 20.0304415512496], [-98.74842437000729, 20.0304329212846], [-98.74842437414999, 20.0304243094199], [-98.7484243878398, 20.0304157066054], [-98.7484243933761, 20.030412227526], [-98.7484756564708, 20.0301934883821], [-98.7485863751807, 20.029816910217], [-98.7487180806484, 20.0294464162735], [-98.7488703981968, 20.0290830451806], [-98.7488878283275, 20.0290471584931], [-98.7491775135743, 20.0291661744983], [-98.7491151376406, 20.0293029181713], [-98.74901267155671, 20.0295533666269], [-98.7489203347524, 20.0298073175064], [-98.74883828084229, 20.0300644005435], [-98.74876661563631, 20.0303242454026], [-98.74870545452312, 20.0305864727237], [-98.7486548746475, 20.0308507030906], [-98.74861495314181, 20.0311165661221], [-98.74860109768849, 20.0312433026845]]], [[[-98.756665265398, 20.0198812810675], [-98.7578405344217, 20.0178533606844], [-98.7578771019708, 20.0178736526875], [-98.7578748277482, 20.0178790896161], [-98.75787134440418, 20.0178874437158], [-98.7578674292494, 20.0178968273983], [-98.7578635045473, 20.017906202031], [-98.7578595702701, 20.0179155856871], [-98.75785564556702, 20.0179249603196], [-98.7578517017282, 20.0179343439625], [-98.7578477579026, 20.0179437185686], [-98.75784381409052, 20.0179530841381], [-98.7578398607033, 20.017962458731], [-98.7578359073156, 20.0179718333238], [-98.7578322994148, 20.0179803589478], [-98.757828681939, 20.0179888935952], [-98.75782506447662, 20.017997419206], [-98.7578214470001, 20.0180059538532], [-98.7578178199762, 20.0180144794507], [-98.7578141833912, 20.0180230050351], [-98.7578105468196, 20.0180315215827], [-98.75780691023371, 20.0180400471669], [-98.75780326410062, 20.0180485637013], [-98.75779928216458, 20.018057847888], [-98.757795300242, 20.018067123038], [-98.7577913087443, 20.0180764072115], [-98.7577873076992, 20.0180856823351], [-98.75778330665372, 20.0180949574587], [-98.7577792960607, 20.0181042235325], [-98.7577752854534, 20.0181134986427], [-98.757771255738, 20.0181227646901], [-98.7577672355967, 20.0181320217139], [-98.7577634841249, 20.0181406465426], [-98.7577597231057, 20.0181492623215], [-98.7577559620999, 20.0181578690637], [-98.7577521915191, 20.0181664848294], [-98.75774841139092, 20.0181750915453], [-98.75774463126241, 20.0181836982611], [-98.7577408415865, 20.0181922959271], [-98.75773704233559, 20.0182009026165], [-98.75773324309809, 20.0182095002693], [-98.7575548967975, 20.0185958964652], [-98.7573641191641, 20.0189769528623], [-98.7571926275402, 20.0192939659377], [-98.756665265398, 20.0198812810675]]], [[[-98.7485231958735, 20.0697446366753], [-98.74851342879589, 20.0663441772917], [-98.74858232605479, 20.0663799335598], [-98.74858244002621, 20.0664104411273], [-98.7486111312712, 20.0664103463931], [-98.7486224031351, 20.0694319505283], [-98.7486224307352, 20.069438637615], [-98.74862244875712, 20.0694453337247], [-98.7486224763428, 20.069452029848], [-98.7486225039285, 20.0694587259712], [-98.74862252195041, 20.0694654220809], [-98.7486225495361, 20.0694721182041], [-98.7486225771218, 20.0694788143274], [-98.74862259515801, 20.0694855014005], [-98.7486226227437, 20.0694921975237], [-98.7486226365294, 20.0694955501036], [-98.7486226503151, 20.0694989026834], [-98.7486226641151, 20.0695022462268], [-98.7486226683369, 20.0695055987931], [-98.7486226821225, 20.0695089513729], [-98.7486226959226, 20.0695122949163], [-98.7486227097082, 20.0695156474961], [-98.7486227139444, 20.0695189910259], [-98.7486227277301, 20.0695223436057], [-98.748622747523, 20.0695279282221], [-98.7486227673159, 20.0695335128385], [-98.7486227871089, 20.0695390974549], [-98.74862279735231, 20.0695446730212], [-98.74862281714522, 20.0695502576376], [-98.7486228369382, 20.069555842254], [-98.7486228567311, 20.0695614268703], [-98.7486228669601, 20.0695670114731], [-98.7486228867675, 20.0695725870529], [-98.74862289876761, 20.0695770601625], [-98.74862291078212, 20.0695815242355], [-98.74862292278232, 20.0695859973451], [-98.7486229347969, 20.0695904614181], [-98.748622946797, 20.0695949345277], [-98.7486229588115, 20.0695993986007], [-98.7486229708117, 20.0696038717103], [-98.7486229828262, 20.0696083357833], [-98.7486229948264, 20.0696128088929], [-98.748623005401, 20.0696181766189], [-98.74862301599002, 20.0696235353084], [-98.7486230265646, 20.0696289030344], [-98.7486230371536, 20.0696342617239], [-98.7486230477282, 20.0696396294499], [-98.74862305831732, 20.0696449881393], [-98.7486230688919, 20.0696503558653], [-98.7486230794809, 20.0696557145548], [-98.7486230804916, 20.0696610822672], [-98.74862309214619, 20.0696657722534], [-98.7486230942225, 20.0696704712626], [-98.7486231058626, 20.0696751702854], [-98.7486231079533, 20.069679860258], [-98.74862311002948, 20.0696845592672], [-98.7486231216841, 20.0696892492534], [-98.74862312376038, 20.0696939482625], [-98.7486231258366, 20.0696986472717], [-98.74862312792729, 20.0697033372443], [-98.748623129082, 20.0697086145914], [-98.74862313025112, 20.0697138829019], [-98.7486231314202, 20.0697191512124], [-98.74862313257492, 20.0697244285595], [-98.748623133744, 20.06972969687], [-98.7486231349131, 20.0697349651805], [-98.74862312650389, 20.0697402425139], [-98.748623127673, 20.0697455108245], [-98.74862312882769, 20.0697507881715], [-98.7486231257607, 20.0697527129523], [-98.7486231226792, 20.0697546467697], [-98.7486231196122, 20.0697565715506], [-98.7486231165307, 20.069758505368], [-98.7486231230275, 20.0697604301624], [-98.7486231208532, 20.0697617946784], [-98.7485231958735, 20.0697446366753]]], [[[-98.74853221438539, 20.072882464528], [-98.7485312041734, 20.0725322788108], [-98.7485490030084, 20.0725382140442], [-98.7485486346225, 20.0725893151956], [-98.7485486078161, 20.0725941316372], [-98.7485485810097, 20.0725989480788], [-98.7485485542033, 20.0726037645204], [-98.7485485273969, 20.072608580962], [-98.7485485101546, 20.0726133974172], [-98.7485484833482, 20.0726182138588], [-98.7485484565418, 20.0726230303004], [-98.7485484392995, 20.0726278467556], [-98.7485484124931, 20.0726326631972], [-98.7485483946457, 20.0726378591865], [-98.74854837681272, 20.0726430461393], [-98.74854834941559, 20.0726482330785], [-98.7485483315682, 20.0726534290678], [-98.74854831373518, 20.0726586160206], [-98.74854829588782, 20.0726638120099], [-98.7485482780548, 20.0726689989626], [-98.7485482697858, 20.072674185929], [-98.7485482519384, 20.0726793819183], [-98.7485482347824, 20.0726841441543], [-98.74854822717609, 20.0726889154405], [-98.74854821002019, 20.0726936776765], [-98.7485482024139, 20.0726984489626], [-98.7485481948076, 20.0727032202488], [-98.7485481872157, 20.0727079824984], [-98.7485481700453, 20.0727127537709], [-98.7485481624534, 20.0727175160205], [-98.74854815484711, 20.0727222873066], [-98.7485481560413, 20.0727275375423], [-98.7485481476859, 20.0727327787278], [-98.74854813931599, 20.0727380289498], [-98.7485481309462, 20.0727432791719], [-98.7485481321548, 20.072748520371], [-98.748548123785, 20.072753770593], [-98.7485481249792, 20.0727590208286], [-98.74854811662381, 20.0727642620141], [-98.748548117818, 20.0727695122497], [-98.7485481199342, 20.0727741841477], [-98.74854811247188, 20.0727788650685], [-98.74854811458812, 20.0727835369664], [-98.74854811668982, 20.0727882179008], [-98.748548118806, 20.0727928897987], [-98.7485481209078, 20.0727975707332], [-98.74854812302398, 20.0728022426311], [-98.74854812514022, 20.072806914529], [-98.74854812724192, 20.0728115954634], [-98.74854812829209, 20.0728169360643], [-98.7485481293278, 20.0728222857017], [-98.7485481399276, 20.0728276353527], [-98.7485481409777, 20.0728329759535], [-98.74854815157751, 20.0728383256045], [-98.7485481526132, 20.0728436752419], [-98.74854816322741, 20.0728490158563], [-98.7485481642631, 20.0728543654937], [-98.7485481748629, 20.0728597151447], [-98.7485481773248, 20.0728641701659], [-98.74854818935081, 20.0728686252008], [-98.7485481918127, 20.072873080222], [-98.7485482038386, 20.0728775352568], [-98.7485482158646, 20.0728819902916], [-98.7485482183265, 20.0728864453129], [-98.7485482243611, 20.0728886592755], [-98.74853221438539, 20.072882464528]]], [[[-98.7485490030084, 20.0725382140442], [-98.7485312041734, 20.0725322788108], [-98.7485233625687, 20.0698020551528], [-98.7486230109521, 20.0698187609351], [-98.7486230089074, 20.0698200441223], [-98.74862299102068, 20.0698252672229], [-98.74862298269791, 20.0698304903371], [-98.74862296481122, 20.0698357134377], [-98.7486229469244, 20.0698409365383], [-98.7486229296281, 20.0698457891412], [-98.7486229123318, 20.069850641744], [-98.74862289503538, 20.0698554943469], [-98.74862286817522, 20.0698603469361], [-98.7486228508932, 20.0698651905025], [-98.7486228335968, 20.0698700431053], [-98.7486228067366, 20.0698748956946], [-98.7486227798763, 20.0698797482838], [-98.74862276258, 20.0698846008867], [-98.7486223415532, 20.0699507568714], [-98.74862174836132, 20.0700169216473], [-98.7486209830327, 20.0700830771412], [-98.7486200455529, 20.0701492323897], [-98.7486189454856, 20.0702153874064], [-98.7486176732667, 20.0702815421777], [-98.7486162289102, 20.0703476876671], [-98.7486146124017, 20.070413832911], [-98.74861283331921, 20.0704799688865], [-98.74861269169119, 20.0704848213121], [-98.7486125596271, 20.0704896737514], [-98.7486124180136, 20.0704945171405], [-98.74861227638561, 20.0704993695661], [-98.7486121347575, 20.0705042219917], [-98.7486119931439, 20.0705090653808], [-98.7486118515159, 20.0705139178064], [-98.7486117098879, 20.070518770232], [-98.7486115682742, 20.0705236136211], [-98.74861140692781, 20.0705288365172], [-98.7486112455815, 20.0705340594133], [-98.7486110938135, 20.0705392732864], [-98.74861093246712, 20.0705444961825], [-98.7486107711207, 20.0705497190786], [-98.74861060978871, 20.0705549329381], [-98.7486104484423, 20.0705601558342], [-98.7486102870959, 20.0705653787302], [-98.7486101257494, 20.0705706016263], [-98.7486099746581, 20.0705753907825], [-98.7486098235668, 20.0705801799388], [-98.7486096628972, 20.070584978118], [-98.74860951180591, 20.0705897672742], [-98.7486093607145, 20.0705945564305], [-98.7486092096088, 20.0705993546233], [-98.74860904895351, 20.0706041437659], [-98.7486088978477, 20.0706089419587], [-98.74860873719238, 20.0706137311013], [-98.7486085662099, 20.0706189991664], [-98.7486083952274, 20.0706242672315], [-98.7486082146809, 20.0706295352829], [-98.74860804369838, 20.070634803348], [-98.7486078727159, 20.070640071413], [-98.74860769215502, 20.070645348501], [-98.7486075116085, 20.0706506165524], [-98.74860734062588, 20.0706558846175], [-98.7486071600793, 20.0706611526689], [-98.7486069995823, 20.0706658424097], [-98.7486068390709, 20.070670541187], [-98.7486066785738, 20.0706752309278], [-98.7486065180767, 20.0706799206685], [-98.7486063575653, 20.0706846194459], [-98.7486061970682, 20.0706893091866], [-98.7486060365711, 20.0706939989274], [-98.7486058664957, 20.0706986976911], [-98.7486057059986, 20.0707033874319], [-98.7486055157439, 20.0707087458349], [-98.7486053350388, 20.0707141132882], [-98.7486051447842, 20.0707194716912], [-98.74860495452951, 20.0707248300943], [-98.74860476427489, 20.0707301884974], [-98.7486045740058, 20.0707355559369], [-98.7486043837511, 20.07074091434], [-98.7486041934963, 20.0707462727431], [-98.7486040032416, 20.0707516311461], [-98.74860384310442, 20.0707560949736], [-98.7486036829528, 20.0707605678377], [-98.7486035228155, 20.0707650316652], [-98.7486033626783, 20.0707694954927], [-98.748603202541, 20.0707739593202], [-98.7486030423894, 20.0707784321842], [-98.7486028822521, 20.0707828960117], [-98.7486027221148, 20.0707873598392], [-98.7486025619775, 20.0707918236667], [-98.7486023617987, 20.0707974079693], [-98.7486021520703, 20.0708029832218], [-98.7486019518914, 20.0708085675245], [-98.74860175172691, 20.0708141427906], [-98.7486015419841, 20.0708197270796], [-98.7486013418196, 20.0708253023456], [-98.74860113207669, 20.0708308866347], [-98.7486009319121, 20.0708364619007], [-98.74860073173312, 20.0708420462033], [-98.7486006020733, 20.0708453895421], [-98.748600481963, 20.0708487419309], [-98.74860036186719, 20.0708520852832], [-98.7486002321929, 20.0708554376585], [-98.748600112097, 20.0708587810108], [-98.7485999920011, 20.0708621243632], [-98.74859986232691, 20.0708654767384], [-98.748599742231, 20.0708688200907], [-98.7485996125567, 20.070872172466], [-98.7485993723648, 20.0708788591706], [-98.7485991225946, 20.0708855548982], [-98.7485988728388, 20.0708922415892], [-98.74859862306852, 20.0708989373168], [-98.74859838287648, 20.0709056240214], [-98.7485981331062, 20.0709123197489], [-98.7485978833503, 20.0709190064399], [-98.74859763359431, 20.0709256931309], [-98.7485973838239, 20.0709323888584], [-98.7485737592728, 20.0715693957861], [-98.7485735190785, 20.0715760824902], [-98.7485732693201, 20.0715827691806], [-98.7485730195473, 20.0715894649076], [-98.7485727697889, 20.071596151598], [-98.7485725200304, 20.0716028382884], [-98.7485722798359, 20.0716095249925], [-98.7485720300774, 20.0716162116829], [-98.7485717803045, 20.0716229074098], [-98.7485715305459, 20.0716295941002], [-98.74857141044862, 20.0716329374522], [-98.7485712903514, 20.0716362808042], [-98.74857116070451, 20.0716396151061], [-98.74857104060709, 20.0716429584581], [-98.7485709205098, 20.0716463018101], [-98.7485707908485, 20.0716496451485], [-98.7485706707512, 20.0716529885005], [-98.7485705506539, 20.0716563318525], [-98.7485704209925, 20.0716596751909], [-98.7485702208399, 20.0716652414198], [-98.7485700206728, 20.0716708166853], [-98.7485698109562, 20.0716763829007], [-98.7485696108035, 20.0716819491296], [-98.74856941063639, 20.0716875243951], [-98.74856920091962, 20.0716930906104], [-98.7485690007525, 20.0716986658759], [-98.7485688005998, 20.0717042321048], [-98.748568600447, 20.0717097983338], [-98.7485684307579, 20.0717142531106], [-98.7485682706328, 20.0717187079011], [-98.74856811050762, 20.0717231626915], [-98.7485679503825, 20.071727617482], [-98.74856779025731, 20.0717320722724], [-98.7485676301322, 20.0717365270628], [-98.748567470007, 20.0717409818533], [-98.7485673098818, 20.0717454366437], [-98.748567149771, 20.0717498823976], [-98.7485669595278, 20.0717552317635], [-98.748566769299, 20.0717605720928], [-98.7485665886342, 20.0717659124357], [-98.7485663983909, 20.0717712618016], [-98.74856620816202, 20.0717766021309], [-98.7485660179188, 20.0717819514967], [-98.7485658276899, 20.071787291826], [-98.74856564702499, 20.0717926321689], [-98.74856545678162, 20.0717979815347], [-98.7485652963106, 20.0718026532018], [-98.7485651358396, 20.0718073248688], [-98.74856497536851, 20.0718119965359], [-98.7485648148975, 20.071816668203], [-98.74856465442642, 20.07182133987], [-98.7485644939409, 20.0718260205736], [-98.74856433346991, 20.0718306922407], [-98.7485641729988, 20.0718353639077], [-98.7485640125277, 20.0718400355748], [-98.7485638320067, 20.0718452855523], [-98.748563661064, 20.071850526507], [-98.7485634805574, 20.0718557674481], [-98.7485633096004, 20.0718610174393], [-98.7485631290937, 20.0718662583803], [-98.7485629581366, 20.0718715083715], [-98.7485627871939, 20.0718767493262], [-98.7485626162513, 20.0718819902808], [-98.74856243573008, 20.0718872402584], [-98.7485622846789, 20.0718920023043], [-98.7485621336276, 20.0718967643502], [-98.74856197299792, 20.071901535419], [-98.7485618219466, 20.0719062974649], [-98.7485616708809, 20.0719110685473], [-98.7485615198296, 20.0719158305932], [-98.7485613687782, 20.0719205926391], [-98.74856121771249, 20.0719253637215], [-98.74856106666108, 20.0719301257674], [-98.7485609053687, 20.0719353125164], [-98.74856073449791, 20.0719405082884], [-98.7485605827695, 20.0719456950511], [-98.7485604214771, 20.0719508818001], [-98.7485602601846, 20.0719560685492], [-98.7485600988922, 20.0719612552982], [-98.7485599471637, 20.0719664420609], [-98.7485597858713, 20.0719716288099], [-98.7485596341284, 20.0719768246091], [-98.74855949256892, 20.0719816318512], [-98.748559341431, 20.0719864481162], [-98.7485591998571, 20.0719912643948], [-98.7485590582832, 20.0719960806734], [-98.7485589262733, 20.0720008969657], [-98.74855878469931, 20.0720057132443], [-98.74855864312542, 20.0720105295229], [-98.7485585111154, 20.0720153458151], [-98.7485583695415, 20.0720201620937], [-98.74855666199572, 20.0720833883897], [-98.7485551074727, 20.072146614903], [-98.7485537155221, 20.0722098506837], [-98.7485524765803, 20.0722730957182], [-98.7485514002401, 20.0723363319471], [-98.748550467345, 20.0723995774162], [-98.7485497066016, 20.0724628231299], [-98.748549089318, 20.0725260690473], [-98.7485490030084, 20.0725382140442]]], [[[-98.7485820034882, 20.0607777017661], [-98.7485437550212, 20.0607625834174], [-98.7485369536977, 20.0596892201834], [-98.74857792565538, 20.0596934533509], [-98.7485783647624, 20.0598200381148], [-98.74858099381932, 20.060180799412], [-98.74858178461919, 20.0605428774178], [-98.7485820034882, 20.0607777017661]]], [[[-98.74857792565538, 20.0596934533509], [-98.7485369536977, 20.0596892201834], [-98.7485309449083, 20.0587066663546], [-98.74852770850109, 20.0570403286841], [-98.74852182502111, 20.0564413497747], [-98.748566834688, 20.056455754816], [-98.7485669078736, 20.056475852238], [-98.74856716315419, 20.0565677544547], [-98.7485689718415, 20.056747096669], [-98.7485684981809, 20.056918402129], [-98.7485688058036, 20.0570554962684], [-98.74856882030979, 20.0570583970259], [-98.74857792565538, 20.0596934533509]]], [[[-98.75481628871519, 20.0224637231136], [-98.7547679979665, 20.0225178848803], [-98.7547305498627, 20.0224977717517], [-98.75476575149811, 20.0224436460856], [-98.75481628871519, 20.0224637231136]]], [[[-98.76207358910669, 20.0113064152598], [-98.7618575633587, 20.0114776941658], [-98.7617687281453, 20.0114269877315], [-98.7616637287483, 20.0113683705381], [-98.76156768503111, 20.0113177356337], [-98.7614631614839, 20.0112606551873], [-98.76149612861582, 20.0112333005577], [-98.7617750231916, 20.0110112937528], [-98.7620817546934, 20.010771539824], [-98.76248013581369, 20.0104581965706], [-98.7625473948705, 20.0109346249347], [-98.7623766080176, 20.0110688607773], [-98.76207358910669, 20.0113064152598]]], [[[-98.76048689187532, 20.0127597864536], [-98.76040693893411, 20.0128537314034], [-98.7600291494955, 20.0126444741751], [-98.7601315088076, 20.0125275615554], [-98.7605130840525, 20.0127304980555], [-98.76048689187532, 20.0127597864536]]], [[[-98.7578890547289, 20.0178349923473], [-98.7578739593761, 20.0178717597397], [-98.7578405344356, 20.0178533516478], [-98.7574969308053, 20.0176595612933], [-98.7575131310687, 20.0176192982784], [-98.7578629008578, 20.0178196395373], [-98.7578890547289, 20.0178349923473]]], [[[-98.7544662842846, 20.0222626707029], [-98.75441405904022, 20.022326116544], [-98.75440972197501, 20.0223237700482], [-98.7544649087901, 20.0222618374281], [-98.7544662842846, 20.0222626707029]]], [[[-98.7485505923493, 20.0339549574178], [-98.7485538904831, 20.0348389209773], [-98.74852353350431, 20.0348258380468], [-98.7484779669739, 20.0348047090055], [-98.74832763214968, 20.0347114274675], [-98.7483244663675, 20.0339553137199], [-98.7483232411664, 20.0336618759312], [-98.7485476616851, 20.0331705684515], [-98.7485505923493, 20.0339549574178]]], [[[-98.7485538904831, 20.0348389209773], [-98.7485793298737, 20.0416571218044], [-98.74835446046552, 20.0415640416021], [-98.7483395189901, 20.0375567756392], [-98.7483392116694, 20.0374795576002], [-98.74832763214968, 20.0347114274675], [-98.7484779669739, 20.0348047090055], [-98.74852353350431, 20.0348258380468], [-98.7485538904831, 20.0348389209773]]], [[[-98.7485864969484, 20.0435768445386], [-98.74839741337088, 20.0440201179962], [-98.7483772417149, 20.0415734720475], [-98.7485793298737, 20.0416571218044], [-98.7485864969484, 20.0435768445386]]], [[[-98.7485734974397, 20.0657265600677], [-98.7485662218799, 20.0657370682665], [-98.7485647501801, 20.0648721052178], [-98.74859902475582, 20.0648789765733], [-98.74860090302512, 20.0653808243283], [-98.7485722119673, 20.0653809190629], [-98.7485734974397, 20.0657265600677]]], [[[-98.7485924577169, 20.0631181400423], [-98.74859853745619, 20.0647466355271], [-98.74843954740162, 20.0647196611014], [-98.7484306390567, 20.0633727858904], [-98.7485924577169, 20.0631181400423]]], [[[-98.75567112629949, 20.0214956117241], [-98.7550263207304, 20.0225471596173], [-98.75476575149811, 20.0224436460856], [-98.7548238926975, 20.0223816361161], [-98.75486059016151, 20.0224110558857], [-98.75511218309899, 20.0221307362271], [-98.7551383106408, 20.0221016202838], [-98.7551644381869, 20.0220724952998], [-98.7551949235152, 20.0220385056085], [-98.7552298145649, 20.0219995609076], [-98.75525887295622, 20.0219670693081], [-98.75528791224158, 20.0219345596039], [-98.7553126033616, 20.0219068694316], [-98.755335838743, 20.021880767686], [-98.755361372848, 20.0218520213889], [-98.7553891961414, 20.0218206124527], [-98.7554161287993, 20.0217901420883], [-98.75544043729529, 20.0217625417347], [-98.75546470759488, 20.0217349051785], [-98.7554919280166, 20.0217038116738], [-98.75551908157068, 20.0216726728894], [-98.7555443580212, 20.0216435647448], [-98.75556897375, 20.0216151063196], [-98.7555946241211, 20.0215853119017], [-98.7556213091332, 20.0215541814907], [-98.755647438859, 20.0215235292491], [-98.75567112629949, 20.0214956117241]]], [[[-98.7578922062476, 20.0178373009911], [-98.7578916208849, 20.0178387099016], [-98.7578637569264, 20.0178225143492], [-98.7579787096842, 20.0176263511774], [-98.75797525478471, 20.0176348679772], [-98.7579712145235, 20.0176447936879], [-98.75796717424791, 20.0176547284351], [-98.7579639305405, 20.0176626852536], [-98.7579606868326, 20.0176706420721], [-98.75795744313828, 20.0176785898539], [-98.7579541994298, 20.0176865466723], [-98.7579509461603, 20.0176945034775], [-98.7579477024511, 20.0177024602957], [-98.75794444919478, 20.0177104080641], [-98.75794119592422, 20.0177183648691], [-98.75793793310639, 20.0177263126244], [-98.757934017697, 20.0177358680038], [-98.75793010230092, 20.0177454143465], [-98.7579261869043, 20.0177549606891], [-98.7579222612552, 20.017764958848], [-98.7579183274276, 20.0177740533348], [-98.75791440248271, 20.0177835906275], [-98.7579104679627, 20.0177931369435], [-98.7579065334561, 20.0178026742229], [-98.7579025893744, 20.0178122205257], [-98.7578991347017, 20.0178205837018], [-98.757895670468, 20.0178289468648], [-98.7578922062476, 20.0178373009911]]], [[[-98.7557777969702, 20.0213601736937], [-98.75568474676498, 20.0214734004749], [-98.75570253675399, 20.0214443904153], [-98.7557777969702, 20.0213601736937]]], [[[-98.7579779686475, 20.0176232777178], [-98.7578629008578, 20.0178196395373], [-98.7575147454192, 20.017620222223], [-98.7575758322376, 20.0174684004746], [-98.75772234529582, 20.0171160015536], [-98.7578659884903, 20.0167580049068], [-98.7579996179196, 20.0164270229389], [-98.75814051717519, 20.0160807246907], [-98.7582776983214, 20.0157396353608], [-98.7584152081913, 20.0154020164132], [-98.75853978284451, 20.0151014207751], [-98.7585888064492, 20.0149906897147], [-98.7589628761306, 20.0151965019818], [-98.75894759377678, 20.0152308383782], [-98.7588141693044, 20.0155547818921], [-98.7586775724574, 20.0158897456307], [-98.758540808605, 20.0162272573426], [-98.758405552429, 20.0165662891379], [-98.7582677629676, 20.0169047390109], [-98.7581322585404, 20.0172427852319], [-98.7579936013569, 20.0175852007412], [-98.7579779686475, 20.0176232777178]]], [[[-98.75511218309899, 20.0221307362271], [-98.75486059016151, 20.0224110558857], [-98.7548238926975, 20.0223816361161], [-98.75570251759021, 20.0214444174987], [-98.75567112629949, 20.0214956117241], [-98.755647438859, 20.0215235292491], [-98.7556213091332, 20.0215541814907], [-98.7555946241211, 20.0215853119017], [-98.75556897375, 20.0216151063196], [-98.7555443580212, 20.0216435647448], [-98.75551908157068, 20.0216726728894], [-98.7554919280166, 20.0217038116738], [-98.75546470759488, 20.0217349051785], [-98.75544043729529, 20.0217625417347], [-98.7554161287993, 20.0217901420883], [-98.7553891961414, 20.0218206124527], [-98.755361372848, 20.0218520213889], [-98.755335838743, 20.021880767686], [-98.7553126033616, 20.0219068694316], [-98.75528791224158, 20.0219345596039], [-98.75525887295622, 20.0219670693081], [-98.7552298145649, 20.0219995609076], [-98.7551949235152, 20.0220385056085], [-98.7551644381869, 20.0220724952998], [-98.7551383106408, 20.0221016202838], [-98.75511218309899, 20.0221307362271]]], [[[-98.7563783209557, 20.0201626659287], [-98.7544940777837, 20.0222321384202], [-98.75449072603641, 20.0222294499018], [-98.75480231310601, 20.0218822978201], [-98.7548284023627, 20.0218532180152], [-98.7548631880375, 20.0218144358992], [-98.75489359675171, 20.0217805365188], [-98.754919609431, 20.0217514927403], [-98.75494847628372, 20.0217192178043], [-98.7549773144558, 20.021686933787], [-98.7550017757353, 20.0216594963642], [-98.7550247621115, 20.021633674449], [-98.7550499993243, 20.0216052621397], [-98.7550774873994, 20.0215742413619], [-98.7551040561419, 20.0215441681514], [-98.7551279815296, 20.0215170101038], [-98.7551518687211, 20.0214898158535], [-98.755178591124, 20.0214592819771], [-98.75520526579561, 20.0214286938108], [-98.7552300250352, 20.0214001904476], [-98.7552541044173, 20.0213723458132], [-98.7552791801015, 20.0213432283912], [-98.7553052329925, 20.0213128200818], [-98.75533074011669, 20.0212829170639], [-98.7553547436744, 20.0212546204801], [-98.7553786612728, 20.021226260518], [-98.7554870931958, 20.0210957319682], [-98.7555938059127, 20.0209639448874], [-98.75569877071442, 20.0208309173125], [-98.7558019875751, 20.0206966673195], [-98.755903427772, 20.0205612219817], [-98.7560030912935, 20.0204245903387], [-98.7561009398424, 20.0202868084872], [-98.7561969829685, 20.0201478854799], [-98.7562394254392, 20.0200847870815], [-98.7563783209557, 20.0201626659287]]], [[[-98.7485612570195, 20.0807726730806], [-98.74851390279379, 20.080820671013], [-98.74852890600341, 20.0785141245354], [-98.7485550311762, 20.078445194842], [-98.7485550632971, 20.0785809960311], [-98.748556984378, 20.0789777119557], [-98.7485582797026, 20.0793349915091], [-98.7485588175609, 20.0797474199742], [-98.7485596330922, 20.0800876830094], [-98.74856071212162, 20.0805565905805], [-98.7485612570195, 20.0807726730806]]], [[[-98.74939900216378, 20.0473349988858], [-98.74942305693561, 20.054310686701], [-98.748624968973, 20.0540591325739], [-98.7484000399962, 20.0540103947409], [-98.748399540906, 20.0537654850088], [-98.7483978033754, 20.0533135547976], [-98.7483959040338, 20.0528611453952], [-98.7483941842357, 20.0524100826739], [-98.7483928102322, 20.0520780862454], [-98.748392444669, 20.051989427954], [-98.7483923132703, 20.0519578630339], [-98.74839042202248, 20.0515063662675], [-98.7483888379729, 20.0510541198801], [-98.7483853801372, 20.0501514068284], [-98.74838331698558, 20.0496997561041], [-98.74838156607672, 20.0492021729101], [-98.7483808459958, 20.0487958334184], [-98.74837864038291, 20.0483435588992], [-98.7483774285816, 20.0478917195263], [-98.74837493683259, 20.0474389746522], [-98.7483734851491, 20.0469876409403], [-98.7483568121842, 20.0463128291497], [-98.74859550766139, 20.0464109443132], [-98.7485934521231, 20.0473359069949], [-98.74939900216378, 20.0473349988858]]], [[[-98.7607005374528, 20.0125208489216], [-98.7605130840525, 20.0127304980555], [-98.7601315088076, 20.0125275615554], [-98.7602547937179, 20.012386757279], [-98.7603867195251, 20.012246949593], [-98.7606403812826, 20.0119848150313], [-98.76091586448268, 20.0117253934211], [-98.76121881770419, 20.0114633516343], [-98.7614631614839, 20.0112606551873], [-98.76156768503111, 20.0113177356337], [-98.7616637287483, 20.0113683705381], [-98.7617687281453, 20.0114269877315], [-98.7618575633587, 20.0114776941658], [-98.76184145402709, 20.0114904593196], [-98.7616245687374, 20.0116671587475], [-98.7615131190636, 20.0117587484555], [-98.76140209526831, 20.0118531309793], [-98.76115427205718, 20.0120737964563], [-98.7609570612428, 20.0122627029277], [-98.7607874338651, 20.0124249613013], [-98.76074235084359, 20.0124665772782], [-98.7607005374528, 20.0125208489216]]], [[[-98.7485735047515, 20.0662861486917], [-98.7485738927152, 20.0663247624381], [-98.74853764835699, 20.0663054810849], [-98.74853759555378, 20.0662185945446], [-98.7485732938128, 20.0662384715335], [-98.7485735047515, 20.0662861486917]]], [[[-98.74942305693561, 20.054310686701], [-98.748624968973, 20.0540591325739], [-98.7484000399962, 20.0540103947409], [-98.748399540906, 20.0537654850088], [-98.7483978033754, 20.0533135547976], [-98.7483959040338, 20.0528611453952], [-98.7483941842357, 20.0524100826739], [-98.7483928102322, 20.0520780862454], [-98.748392444669, 20.051989427954], [-98.7483923132703, 20.0519578630339], [-98.74839042202248, 20.0515063662675], [-98.7483888379729, 20.0510541198801], [-98.7483853801372, 20.0501514068284], [-98.74838331698558, 20.0496997561041], [-98.74838156607672, 20.0492021729101], [-98.7483808459958, 20.0487958334184], [-98.74837864038291, 20.0483435588992], [-98.7483774285816, 20.0478917195263], [-98.74837493683259, 20.0474389746522], [-98.7483734851491, 20.0469876409403], [-98.7483568121842, 20.0463128291497], [-98.74859550766139, 20.0464109443132], [-98.7485934521231, 20.0473359069949], [-98.74939900216378, 20.0473349988858], [-98.74942305693561, 20.054310686701]]], [[[-98.74911942063241, 20.0893731971491], [-98.7485732676829, 20.0891818006776], [-98.74857438277759, 20.0884828637352], [-98.7490283472883, 20.0884914520583], [-98.7493142353182, 20.0884600882465], [-98.74911942063241, 20.0893731971491]]], [[[-98.7493142353182, 20.0884600882465], [-98.74902834703181, 20.0884914520579], [-98.74857438276541, 20.0884828714915], [-98.7485903953136, 20.0877655538076], [-98.7494856467238, 20.0878224236052], [-98.7493142353182, 20.0884600882465]]], [[[-98.7490247914109, 20.0849586813958], [-98.7489205730954, 20.0858564411262], [-98.7488548450926, 20.0863227166021], [-98.74879521301199, 20.0876686078272], [-98.7486065254227, 20.0876553518026], [-98.74861517390359, 20.084914100909], [-98.7490247914109, 20.0849586813958]]], [[[-98.749024791407, 20.0849586813991], [-98.74861517390369, 20.084914100909], [-98.74860850773972, 20.0844536433172], [-98.7490523752245, 20.084509471455], [-98.749024791407, 20.0849586813991]]], [[[-98.7490523752242, 20.0845094714546], [-98.74860850773972, 20.0844536433174], [-98.7486084444685, 20.0840497010762], [-98.7490904215125, 20.0841045216662], [-98.7490523752242, 20.0845094714546]]], [[[-98.7495846425557, 20.0841505198082], [-98.74909042150328, 20.0841045216796], [-98.7486084444693, 20.0840497010773], [-98.7485879797545, 20.0840473061278], [-98.7485853988752, 20.0835177194142], [-98.74858498450762, 20.083333255819], [-98.74858409814252, 20.08330324485], [-98.7488727741613, 20.0833036555706], [-98.7489244605363, 20.083308436464], [-98.749256106787, 20.0833115555575], [-98.7494012214621, 20.083312938381], [-98.7494061759426, 20.083330598181], [-98.7495846425557, 20.0841505198082]]], [[[-98.7494012214643, 20.0833129383836], [-98.7492083767875, 20.0833111045016], [-98.7489244605741, 20.0833084364605], [-98.7488727741607, 20.0833036555751], [-98.748584099377, 20.0833032448517], [-98.74858409814308, 20.0833032448545], [-98.7486003718425, 20.0826204838785], [-98.74909577957489, 20.0826193950787], [-98.74916389157272, 20.0827575757249], [-98.7493842709778, 20.0832295257792], [-98.7494012214643, 20.0833129383836]]], [[[-98.7504210979026, 20.0843578242141], [-98.74969967935779, 20.0842177548101], [-98.7496157259659, 20.0838686692], [-98.750486178248, 20.0840340679839], [-98.7504210979026, 20.0843578242141]]], [[[-98.7485022016221, 20.0632777661181], [-98.7484927502068, 20.0607437878918], [-98.748512826, 20.0607503489999], [-98.7485837315965, 20.0607783839626], [-98.7485924860863, 20.0631251491907], [-98.74852255899998, 20.0632354009999], [-98.7485022016221, 20.0632777661181]]]]}}, {"type": "Feature", "properties": {"id": "MUN_null_mineral_de_la_reforma", "nivel": "municipio", "nombre": "Mineral De La Reforma", "municipio": "Mineral De La Reforma", "estado": "Null", "proyecto": "TAP"}, "geometry": {"type": "MultiPolygon", "coordinates": [[[[-98.7485698528922, 20.0315144397249], [-98.74856167764, 20.0316429370394], [-98.7485559098103, 20.0317612110214], [-98.7485512377063, 20.0318917743414], [-98.74854836354248, 20.0320083021306], [-98.74854630560638, 20.0321419053889], [-98.7485454140588, 20.0322534084311], [-98.7485450728456, 20.0323932178037], [-98.748545178872, 20.0324771795867], [-98.74854570363722, 20.0326456718423], [-98.7485471042226, 20.0330209844275], [-98.7483870795612, 20.0329675680948], [-98.74837959370491, 20.0311778649708], [-98.7483817141809, 20.0311790299487], [-98.748590450637, 20.0312945611697], [-98.7485920063096, 20.0312952822688], [-98.74857940229, 20.0313956134504], [-98.7485698528922, 20.0315144397249]]], [[[-98.7496092913074, 20.0282453052593], [-98.7493714455461, 20.0286369959526], [-98.749184332203, 20.0289960430817], [-98.7489726919531, 20.0288750356214], [-98.748978260126, 20.0288640132145], [-98.74920764691171, 20.0286050741014], [-98.74925281116761, 20.0285547826852], [-98.7496368960706, 20.0281270937103], [-98.74989302531749, 20.0278418850595], [-98.7496092913074, 20.0282453052593]]], [[[-98.7485482243621, 20.0728886596368], [-98.7485482183265, 20.0728864453129], [-98.7485482158646, 20.0728819902916], [-98.7485482038386, 20.0728775352568], [-98.7485481918127, 20.072873080222], [-98.74854818935071, 20.0728686252008], [-98.7485481773248, 20.0728641701659], [-98.7485481748629, 20.0728597151447], [-98.7485481642631, 20.0728543654937], [-98.74854816322741, 20.0728490158563], [-98.7485481526132, 20.0728436752419], [-98.74854815157751, 20.0728383256045], [-98.7485481409777, 20.0728329759535], [-98.7485481399276, 20.0728276353527], [-98.7485481293278, 20.0728222857017], [-98.74854812829209, 20.0728169360643], [-98.74854812724192, 20.0728115954634], [-98.74854812514012, 20.072806914529], [-98.74854812302398, 20.0728022426311], [-98.7485481209078, 20.0727975707332], [-98.748548118806, 20.0727928897987], [-98.74854811668982, 20.0727882179008], [-98.74854811458802, 20.0727835369664], [-98.74854811247188, 20.0727788650685], [-98.7485481199342, 20.0727741841477], [-98.748548117818, 20.0727695122497], [-98.74854811662371, 20.0727642620141], [-98.7485481249792, 20.0727590208286], [-98.748548123785, 20.072753770593], [-98.7485481321548, 20.072748520371], [-98.7485481309462, 20.0727432791719], [-98.74854813931609, 20.0727380289498], [-98.7485481476859, 20.0727327787278], [-98.7485481560413, 20.0727275375423], [-98.74854815484711, 20.0727222873066], [-98.7485481624534, 20.0727175160205], [-98.7485481700453, 20.0727127537709], [-98.7485481872157, 20.0727079824984], [-98.7485481948076, 20.0727032202488], [-98.7485482024139, 20.0726984489626], [-98.74854821002019, 20.0726936776765], [-98.74854822717609, 20.0726889154405], [-98.7485482347824, 20.0726841441543], [-98.7485482519384, 20.0726793819183], [-98.7485482697858, 20.072674185929], [-98.7485482780548, 20.0726689989626], [-98.74854829588782, 20.0726638120099], [-98.74854831373518, 20.0726586160206], [-98.7485483315682, 20.0726534290678], [-98.74854834941559, 20.0726482330785], [-98.7485483768126, 20.0726430461393], [-98.7485483946457, 20.0726378591865], [-98.7485484124931, 20.0726326631972], [-98.7485484392995, 20.0726278467556], [-98.7485484565418, 20.0726230303004], [-98.7485484833482, 20.0726182138588], [-98.7485485101546, 20.0726133974172], [-98.7485485273969, 20.072608580962], [-98.7485485542033, 20.0726037645204], [-98.7485485810097, 20.0725989480788], [-98.7485486078161, 20.0725941316372], [-98.7485486346225, 20.0725893151956], [-98.7485490030084, 20.0725382140442], [-98.7485490030301, 20.0725382109904], [-98.74858711166141, 20.072550916126], [-98.7485740592276, 20.0728986553559], [-98.7485482243621, 20.0728886596368]]], [[[-98.74860734062588, 20.0706558846175], [-98.7486075116085, 20.0706506165524], [-98.7486076921549, 20.070645348501], [-98.7486078727159, 20.070640071413], [-98.74860804369838, 20.070634803348], [-98.7486082146809, 20.0706295352829], [-98.7486083952274, 20.0706242672315], [-98.7486085662099, 20.0706189991664], [-98.74860873719238, 20.0706137311013], [-98.7486088978477, 20.0706089419587], [-98.74860904895351, 20.0706041437659], [-98.7486092096088, 20.0705993546233], [-98.7486093607145, 20.0705945564305], [-98.74860951180591, 20.0705897672742], [-98.7486096628972, 20.070584978118], [-98.7486098235668, 20.0705801799388], [-98.7486099746581, 20.0705753907825], [-98.7486101257494, 20.0705706016263], [-98.7486102870959, 20.0705653787302], [-98.7486104484423, 20.0705601558342], [-98.74861060978871, 20.0705549329381], [-98.7486107711207, 20.0705497190786], [-98.74861093246712, 20.0705444961825], [-98.7486110938135, 20.0705392732864], [-98.7486112455815, 20.0705340594133], [-98.74861140692781, 20.0705288365172], [-98.7486115682742, 20.0705236136211], [-98.7486117098879, 20.070518770232], [-98.7486118515159, 20.0705139178064], [-98.7486119931439, 20.0705090653808], [-98.7486121347575, 20.0705042219917], [-98.7486122763855, 20.0704993695661], [-98.7486124180136, 20.0704945171405], [-98.7486125596271, 20.0704896737514], [-98.74861269169119, 20.0704848213121], [-98.74861283331921, 20.0704799688865], [-98.7486146124017, 20.070413832911], [-98.7486162289102, 20.0703476876671], [-98.7486176732667, 20.0702815421777], [-98.7486189454856, 20.0702153874064], [-98.7486200455529, 20.0701492323897], [-98.7486209830327, 20.0700830771412], [-98.74862174836132, 20.0700169216473], [-98.7486223415532, 20.0699507568714], [-98.74862276258, 20.0698846008867], [-98.7486227798763, 20.0698797482838], [-98.7486228067366, 20.0698748956946], [-98.74862281338291, 20.0698736949584], [-98.7486559369067, 20.0698792584996], [-98.7486592884832, 20.0707776950754], [-98.7486210322347, 20.0707776406545], [-98.74862116187958, 20.0708123961405], [-98.74862138309692, 20.0708726503875], [-98.7486214884491, 20.070902794085], [-98.74862164633541, 20.0709530410289], [-98.7486217514244, 20.0709932584865], [-98.7486218435005, 20.0710415306337], [-98.74862188683521, 20.0710837894783], [-98.7486218852738, 20.0711312342066], [-98.74862183057029, 20.0711743867549], [-98.74862170466598, 20.071221386305], [-98.7486215183793, 20.0712650498226], [-98.74861126482412, 20.0718719206657], [-98.7486099759304, 20.0719155675756], [-98.7486085139834, 20.0719625469748], [-98.7486071108319, 20.0720056792539], [-98.7486055095656, 20.0720530997929], [-98.7486040386183, 20.072095335787], [-98.74860231580851, 20.0721435804566], [-98.7486008520975, 20.0721837743304], [-98.7485989967888, 20.0722339909354], [-98.74859787313989, 20.0722641160814], [-98.7485956164544, 20.0723243328881], [-98.74858711166141, 20.072550916126], [-98.7485490030301, 20.0725382109904], [-98.748549089318, 20.0725260690473], [-98.7485497066016, 20.0724628231299], [-98.748550467345, 20.0723995774162], [-98.7485514002401, 20.0723363319471], [-98.7485524765803, 20.0722730957182], [-98.7485537155221, 20.0722098506837], [-98.7485551074727, 20.072146614903], [-98.74855666199572, 20.0720833883897], [-98.7485583695415, 20.0720201620937], [-98.7485585111155, 20.0720153458151], [-98.74855864312542, 20.0720105295229], [-98.74855878469931, 20.0720057132443], [-98.7485589262733, 20.0720008969657], [-98.7485590582832, 20.0719960806734], [-98.7485591998571, 20.0719912643948], [-98.748559341431, 20.0719864481162], [-98.74855949256892, 20.0719816318512], [-98.7485596341284, 20.0719768246091], [-98.7485597858713, 20.0719716288099], [-98.7485599471637, 20.0719664420609], [-98.7485600988922, 20.0719612552982], [-98.7485602601846, 20.0719560685492], [-98.7485604214771, 20.0719508818001], [-98.7485605827695, 20.0719456950511], [-98.74856073449791, 20.0719405082884], [-98.7485609053687, 20.0719353125164], [-98.74856106666108, 20.0719301257674], [-98.74856121771249, 20.0719253637215], [-98.7485613687782, 20.0719205926391], [-98.7485615198296, 20.0719158305932], [-98.7485616708809, 20.0719110685473], [-98.7485618219466, 20.0719062974649], [-98.74856197299792, 20.071901535419], [-98.7485621336276, 20.0718967643502], [-98.7485622846789, 20.0718920023043], [-98.74856243573018, 20.0718872402584], [-98.7485626162513, 20.0718819902808], [-98.7485627871939, 20.0718767493262], [-98.7485629581366, 20.0718715083715], [-98.7485631290937, 20.0718662583803], [-98.7485633096004, 20.0718610174393], [-98.7485634805574, 20.0718557674481], [-98.748563661064, 20.071850526507], [-98.7485638320067, 20.0718452855523], [-98.7485640125277, 20.0718400355748], [-98.7485641729988, 20.0718353639077], [-98.74856433346982, 20.0718306922407], [-98.748564493941, 20.0718260205736], [-98.74856465442642, 20.07182133987], [-98.7485648148975, 20.071816668203], [-98.74856497536851, 20.0718119965359], [-98.7485651358396, 20.0718073248688], [-98.7485652963106, 20.0718026532018], [-98.74856545678162, 20.0717979815347], [-98.74856564702499, 20.0717926321689], [-98.7485658276899, 20.071787291826], [-98.7485660179188, 20.0717819514967], [-98.74856620816202, 20.0717766021309], [-98.7485663983909, 20.0717712618016], [-98.7485665886342, 20.0717659124357], [-98.748566769299, 20.0717605720928], [-98.7485669595278, 20.0717552317635], [-98.748567149771, 20.0717498823976], [-98.7485673098818, 20.0717454366437], [-98.748567470007, 20.0717409818533], [-98.7485676301322, 20.0717365270628], [-98.74856779025731, 20.0717320722724], [-98.7485679503825, 20.071727617482], [-98.74856811050762, 20.0717231626915], [-98.7485682706328, 20.0717187079011], [-98.7485684307579, 20.0717142531106], [-98.748568600447, 20.0717097983338], [-98.7485688005998, 20.0717042321048], [-98.7485690007525, 20.0716986658759], [-98.74856920091962, 20.0716930906104], [-98.74856941063639, 20.0716875243951], [-98.7485696108035, 20.0716819491296], [-98.7485698109562, 20.0716763829007], [-98.7485700206729, 20.0716708166853], [-98.7485702208399, 20.0716652414198], [-98.7485704209925, 20.0716596751909], [-98.7485705506539, 20.0716563318525], [-98.7485706707512, 20.0716529885005], [-98.7485707908485, 20.0716496451485], [-98.7485709205098, 20.0716463018101], [-98.7485710406072, 20.0716429584581], [-98.74857116070442, 20.0716396151061], [-98.74857129035131, 20.0716362808042], [-98.74857141044862, 20.0716329374522], [-98.7485715305459, 20.0716295941002], [-98.7485717803045, 20.0716229074098], [-98.7485720300774, 20.0716162116829], [-98.7485722798359, 20.0716095249925], [-98.7485725200304, 20.0716028382884], [-98.7485727697889, 20.071596151598], [-98.7485730195473, 20.0715894649076], [-98.7485732693201, 20.0715827691806], [-98.7485735190785, 20.0715760824902], [-98.7485737592728, 20.0715693957861], [-98.7485973838239, 20.0709323888584], [-98.74859763359431, 20.0709256931309], [-98.7485978833503, 20.0709190064399], [-98.7485981331062, 20.0709123197489], [-98.74859838287658, 20.0709056240214], [-98.74859862306852, 20.0708989373168], [-98.7485988728388, 20.0708922415892], [-98.7485991225946, 20.0708855548982], [-98.7485993723648, 20.0708788591706], [-98.7485996125567, 20.070872172466], [-98.748599742231, 20.0708688200907], [-98.74859986232691, 20.0708654767384], [-98.7485999920011, 20.0708621243632], [-98.748600112097, 20.0708587810108], [-98.7486002321929, 20.0708554376585], [-98.74860036186719, 20.0708520852832], [-98.748600481963, 20.0708487419309], [-98.7486006020733, 20.0708453895421], [-98.74860073173312, 20.0708420462033], [-98.7486009319121, 20.0708364619007], [-98.74860113207669, 20.0708308866347], [-98.7486013418196, 20.0708253023456], [-98.7486015419841, 20.0708197270796], [-98.74860175172691, 20.0708141427906], [-98.7486019518914, 20.0708085675245], [-98.7486021520703, 20.0708029832218], [-98.7486023617987, 20.0707974079693], [-98.7486025619775, 20.0707918236667], [-98.7486027221148, 20.0707873598392], [-98.7486028822521, 20.0707828960117], [-98.7486030423894, 20.0707784321842], [-98.74860320254112, 20.0707739593202], [-98.7486033626783, 20.0707694954927], [-98.7486035228155, 20.0707650316652], [-98.7486036829528, 20.0707605678377], [-98.74860384310442, 20.0707560949736], [-98.7486040032416, 20.0707516311461], [-98.7486041934963, 20.0707462727431], [-98.7486043837511, 20.07074091434], [-98.7486045740058, 20.0707355559369], [-98.74860476427489, 20.0707301884974], [-98.74860495452951, 20.0707248300943], [-98.7486051447842, 20.0707194716912], [-98.7486053350388, 20.0707141132882], [-98.7486055157439, 20.0707087458349], [-98.7486057059986, 20.0707033874319], [-98.7486058664957, 20.0706986976911], [-98.7486060365711, 20.0706939989274], [-98.7486061970682, 20.0706893091866], [-98.7486063575653, 20.0706846194459], [-98.7486065180767, 20.0706799206685], [-98.7486066785738, 20.0706752309278], [-98.7486068390709, 20.070670541187], [-98.7486069995823, 20.0706658424097], [-98.7486071600793, 20.0706611526689], [-98.74860734062588, 20.0706558846175]]], [[[-98.7486263016204, 20.0552264287333], [-98.7485211839, 20.05519092], [-98.7485181489014, 20.0551414509178], [-98.7485613672638, 20.0551571023552], [-98.7485610437922, 20.0551200248682], [-98.7485597541966, 20.0546687821392], [-98.7485562468223, 20.0541804891002], [-98.7485872562135, 20.0541904342627], [-98.7486257970042, 20.0542027948452], [-98.7486263016204, 20.0552264287333]]], [[[-98.7486353498102, 20.0464191858844], [-98.74860343457068, 20.0464051936083], [-98.7485938816691, 20.0438456179056], [-98.74862552206281, 20.043785426313], [-98.7486353498102, 20.0464191858844]]], [[[-98.7486212838505, 20.0426496348335], [-98.74862441206481, 20.0434879588321], [-98.7485864969484, 20.0435768445387], [-98.74858303512269, 20.0426495804783], [-98.7486212838505, 20.0426496348335]]], [[[-98.7485476624306, 20.0331705668195], [-98.7483893780419, 20.0335170876463], [-98.748387079548, 20.0329675649519], [-98.7485470943294, 20.033018333366], [-98.7485476624306, 20.0331705668195]]], [[[-98.7486248351914, 20.0577361435049], [-98.748571162015, 20.0577360671812], [-98.7485689271185, 20.0570748335415], [-98.7486258486582, 20.0570996933227], [-98.7486248351914, 20.0577361435049]]], [[[-98.7486268010091, 20.0562396045822], [-98.7484760485153, 20.056266089263], [-98.74847416748489, 20.0557617974074], [-98.74852118029999, 20.0551931941], [-98.7486263031688, 20.0552295700182], [-98.7486268010091, 20.0562396045822]]]]}}, {"type": "Feature", "properties": {"id": "MUN_estado_de_mexico_nextlalpan", "nivel": "municipio", "nombre": "Nextlalpan", "municipio": "Nextlalpan", "estado": "Estado De México", "proyecto": "TAP"}, "geometry": {"type": "MultiPolygon", "coordinates": [[[[-99.05927716686253, 19.72728512876441], [-99.05974282173632, 19.72690745512617], [-99.0611444334723, 19.72788998694745], [-99.06073928446484, 19.72826700206777], [-99.05927716686253, 19.72728512876441]]], [[[-99.0590431086617, 19.73014762141491], [-99.06060804150711, 19.72906943534793], [-99.05964981570392, 19.73052455922139], [-99.0590431086617, 19.73014762141491]]], [[[-99.05873128020923, 19.72995388567121], [-99.06057226242703, 19.72870478396616], [-99.06086566613921, 19.72891115938306], [-99.06060804150711, 19.72906943534793], [-99.0590431086617, 19.73014762141491], [-99.05873128020923, 19.72995388567121]]], [[[-99.06057226242703, 19.72870478396616], [-99.05873128020923, 19.72995388567121], [-99.05712343270858, 19.72895492945767], [-99.05797479423019, 19.72822429009656], [-99.05881605633812, 19.72751285280356], [-99.06057226242703, 19.72870478396616]]], [[[-99.05897619879435, 19.72268842302843], [-99.05966941719662, 19.72208257235849], [-99.0612170678222, 19.72309367293181], [-99.06052476400546, 19.7237142061392], [-99.05897619879435, 19.72268842302843]]], [[[-99.05964981570392, 19.73052455922139], [-99.06060804150711, 19.72906943534793], [-99.06086566613921, 19.72891115938306], [-99.06118268934333, 19.72911513373237], [-99.059784761071, 19.73060839929699], [-99.05964981570392, 19.73052455922139]]], [[[-99.0569122701153, 19.73571397545794], [-99.05674279526609, 19.73268219230327], [-99.0580535739827, 19.73262188895799], [-99.06025868365192, 19.73612797114791], [-99.05695192071826, 19.73642390711224], [-99.0569122701153, 19.73571397545794]]], [[[-99.05011516152769, 19.7404530514797], [-99.05266485804233, 19.74033392861129], [-99.05277941990701, 19.74186261591807], [-99.05286627881095, 19.74302071357436], [-99.0503285329758, 19.74312287751423], [-99.05011516152769, 19.7404530514797]]], [[[-99.05687788854793, 19.73569568440001], [-99.05691753899421, 19.73640561606374], [-99.05704104970012, 19.73861669773249], [-99.05476175312656, 19.73868988957337], [-99.0545442111442, 19.73582953831639], [-99.05687788854793, 19.73569568440001]]], [[[-99.08153601565003, 19.70578828325464], [-99.0798106600334, 19.7041431306996], [-99.0819597200113, 19.7022673342578], [-99.08251884457106, 19.70318691924135], [-99.08153601565003, 19.70578828325464]]], [[[-99.07975731093053, 19.71049595322162], [-99.07753728745922, 19.71637124215868], [-99.0718771903777, 19.71106721711594], [-99.07610668921862, 19.70748150579947], [-99.07975731093053, 19.71049595322162]]], [[[-99.07728783719557, 19.71649946244884], [-99.0758599196907, 19.71710608118652], [-99.07054600894756, 19.71223299339418], [-99.07092444337192, 19.71190178308887], [-99.07270693262893, 19.71356203270269], [-99.0732465496901, 19.7130897446715], [-99.071464060133, 19.71142950033389], [-99.07170175319531, 19.71122032251436], [-99.07728783719557, 19.71649946244884]]], [[[-99.07559838705474, 19.71721635381122], [-99.07117837054781, 19.71910965195354], [-99.06694699002588, 19.71537498136226], [-99.0703707031269, 19.71238622441042], [-99.07559838705474, 19.71721635381122]]], [[[-99.066398280576, 19.72110448554762], [-99.06561741251738, 19.7217634955376], [-99.06250629385067, 19.71966661193674], [-99.06323057851536, 19.71896806240989], [-99.066398280576, 19.72110448554762]]], [[[-99.06493912047004, 19.72233617099116], [-99.06418888626258, 19.72295417192903], [-99.06108006688281, 19.72086765555913], [-99.0617668970421, 19.72026769097211], [-99.06493912047004, 19.72233617099116]]], [[[-99.06418888626258, 19.72295417192903], [-99.0635005382509, 19.72355894478574], [-99.06038858775854, 19.72147730668116], [-99.06108006688281, 19.72086765555913], [-99.06418888626258, 19.72295417192903]]], [[[-99.0635005382509, 19.72355894478574], [-99.06280037568608, 19.72412804117785], [-99.06121706782227, 19.72309367293274], [-99.05966941719655, 19.72208257235938], [-99.06038858775854, 19.72147730668116], [-99.0635005382509, 19.72355894478574]]], [[[-99.06208648576502, 19.72474867736675], [-99.06139465175929, 19.7253372670984], [-99.05830968497646, 19.7232899697482], [-99.05897619879427, 19.72268842302932], [-99.06208648576502, 19.72474867736675]]], [[[-99.05805222380079, 19.7325977382227], [-99.05778037321411, 19.7326093164769], [-99.05674144528057, 19.73265804155777], [-99.05477288520282, 19.73278701323395], [-99.05426477637234, 19.72757275242067], [-99.05477910255037, 19.72753737728194], [-99.05805222380079, 19.7325977382227]]], [[[-99.05691092007763, 19.73568982472205], [-99.05666307248589, 19.73570404214117], [-99.05457724278762, 19.73582367906841], [-99.05457297806775, 19.73576504500517], [-99.0545347030217, 19.73523750911211], [-99.05452902294219, 19.73515910837188], [-99.05449071949276, 19.73463129014661], [-99.05435887986197, 19.73281413432339], [-99.05477288520282, 19.73278701323395], [-99.05674144528057, 19.73265804155777], [-99.05679403855072, 19.73359891029875], [-99.05691092007763, 19.73568982472205]]], [[[-99.05457723238575, 19.73582368104201], [-99.05452845347838, 19.73582635067894], [-99.05449226895156, 19.73533533187636], [-99.05444434646525, 19.73468519316405], [-99.05430136738919, 19.73274544040792], [-99.05435887986197, 19.73281413432339], [-99.05449071949276, 19.73463129014661], [-99.05452902294219, 19.73515910837188], [-99.0545347030217, 19.73523750911211], [-99.05457297806775, 19.73576504500517], [-99.05457723238575, 19.73582368104201]]], [[[-99.0544922638732, 19.73533533757945], [-99.05233564025055, 19.73549527220972], [-99.0522950529229, 19.73495265135963], [-99.05209357554872, 19.73225898782207], [-99.05425597550958, 19.73212962868645], [-99.05430136738919, 19.73274544040792], [-99.0544922638732, 19.73533533757945]]], [[[-99.05249678916768, 19.73765064190432], [-99.04994918300133, 19.73779172471198], [-99.04974694272214, 19.73513638333843], [-99.0522950529229, 19.73495265135963], [-99.05233564025055, 19.73549527220972], [-99.05249678916768, 19.73765064190432]]], [[[-99.05014646071852, 19.74041759628677], [-99.05008892774818, 19.74055384498815], [-99.05007244944119, 19.74033909824746], [-99.0500649030849, 19.74024055869802], [-99.05003215239168, 19.73981361199346], [-99.05001955961866, 19.73964939753081], [-99.04988305733845, 19.73786933468872], [-99.04988305662617, 19.73786932540002], [-99.04932973334064, 19.73088343345283], [-99.04937022568288, 19.73084813298053], [-99.0495448598846, 19.73241145136221], [-99.04974694272214, 19.73513638333843], [-99.04994918300133, 19.73779172471198], [-99.05008319366647, 19.7395754369139], [-99.05009555184172, 19.73973992411034], [-99.05012768321778, 19.74016759080277], [-99.05013509817539, 19.74026628311256], [-99.05014646622782, 19.74041759045855], [-99.05014646071852, 19.74041759628677]]], [[[-99.05011001893558, 19.74061326501227], [-99.04759232249843, 19.74077592976357], [-99.04752002486512, 19.73990337174969], [-99.04736788763047, 19.73806720016059], [-99.04990414809487, 19.7379287547558], [-99.05011001893558, 19.74061326501227]]], [[[-99.05011001893558, 19.74061326501227], [-99.050347504731, 19.7433121409025], [-99.04783239908461, 19.74342432795957], [-99.04783221275356, 19.74342433626961], [-99.04781782059818, 19.74326483557214], [-99.04759428694035, 19.7408012156839], [-99.05011001893558, 19.74061326501227]]], [[[-99.04781849334769, 19.74323942315317], [-99.0457303755811, 19.74339750916281], [-99.0454686226361, 19.74009836696199], [-99.04755028304605, 19.73990113816339], [-99.04762258084266, 19.74077369616494], [-99.04781849334769, 19.74323942315317]]], [[[-99.04781849334769, 19.74323942315317], [-99.04783128363178, 19.7433990530284], [-99.048088266007, 19.74660626730379], [-99.04599666555502, 19.74676924173498], [-99.04573038228045, 19.74339751178969], [-99.04781849334769, 19.74323942315317]]], [[[-99.04599665582913, 19.74676924249275], [-99.04593698341901, 19.74677389231498], [-99.04585974309425, 19.74580645402945], [-99.04561536214806, 19.74274639006801], [-99.04498075750494, 19.73479789258091], [-99.04504375030368, 19.73474286903156], [-99.04546862310595, 19.74009837288391], [-99.0457303755811, 19.74339750916281], [-99.04599665582913, 19.74676924249275]]], [[[-99.0458760538997, 19.74570853305423], [-99.04367039431868, 19.74586949571286], [-99.04361407004494, 19.74521883190623], [-99.04340225235862, 19.74277184383097], [-99.04563167514104, 19.74264846925256], [-99.0458760538997, 19.74570853305423]]], [[[-99.04361271205916, 19.74536503064037], [-99.04366903637995, 19.74601569443671], [-99.0438621216449, 19.74829524309461], [-99.04156372644412, 19.74843681648169], [-99.04131836399546, 19.74554004421809], [-99.04361271205916, 19.74536503064037]]], [[[-99.0441186874671, 19.751139278474], [-99.04181246784312, 19.75137361965416], [-99.04156372644412, 19.74843681648169], [-99.0438621216449, 19.74829524309461], [-99.0441186874671, 19.751139278474]]], [[[-99.04179477041451, 19.75135044217332], [-99.0417213966071, 19.75139810793138], [-99.04147251796331, 19.7484718630966], [-99.04063055225187, 19.73862284166983], [-99.04070973160964, 19.73855360064796], [-99.04079914113078, 19.7396075960582], [-99.04130066728278, 19.74551686667205], [-99.04154602937601, 19.74841363896803], [-99.04179477041451, 19.75135044217332]]], [[[-99.0417204772718, 19.7513867604992], [-99.0393940723153, 19.75158368408404], [-99.03916669867805, 19.74863482624339], [-99.04147159704354, 19.74846050975962], [-99.0417204772718, 19.7513867604992]]], [[[-99.0419639982823, 19.7543925063301], [-99.03967142084699, 19.75453378670978], [-99.03948096631065, 19.75180356797978], [-99.03946454895251, 19.7515891468252], [-99.0417213966071, 19.75139810793138], [-99.04179095807012, 19.75139221919497], [-99.0419639982823, 19.7543925063301]]], [[[-99.036443915359, 19.74217992071728], [-99.03700689069417, 19.7489907337122], [-99.03725301213504, 19.75191743121677], [-99.03733876418936, 19.7536049561491], [-99.03740722975039, 19.75495227192352], [-99.03734183680672, 19.75495323609944], [-99.03728245849904, 19.75403922442769], [-99.03714984152292, 19.75199780970486], [-99.03707610222231, 19.75086269449373], [-99.03707332846454, 19.75082949244861], [-99.03704388149372, 19.75047705440319], [-99.03696276966475, 19.74950633646185], [-99.03670070315464, 19.74636956808072], [-99.03655475334075, 19.74458026663051], [-99.03635228907771, 19.74226014224942], [-99.036443915359, 19.74217992071728]]], [[[-99.03967227786679, 19.75452989436185], [-99.0396984095468, 19.7548604675044], [-99.03745859480551, 19.75506551308033], [-99.03730437043787, 19.7520306725415], [-99.03948182332063, 19.75179967563159], [-99.03967227786679, 19.75452989436185]]], [[[-99.03310863824238, 19.7609752073767], [-99.03304242823161, 19.76095889594202], [-99.03294039735069, 19.75970469437186], [-99.03266544181747, 19.75613646945553], [-99.03263378112602, 19.75596690896919], [-99.03231159068926, 19.75117626920588], [-99.03709760483238, 19.75089862566922], [-99.03710037859639, 19.7509318277137], [-99.03236690742138, 19.75121485195782], [-99.03272076136815, 19.75571937526464], [-99.03272007999547, 19.75586230493515], [-99.03273913868277, 19.75611288302933], [-99.03276317452026, 19.7564294386977], [-99.03276317804152, 19.7564294850335], [-99.03279681823024, 19.75687207895496], [-99.03281598592305, 19.75712429850021], [-99.03283479511609, 19.75737179796608], [-99.03285436975972, 19.75762936873227], [-99.03287149517112, 19.75785471085605], [-99.03289232015123, 19.75812874566545], [-99.03310863824238, 19.7609752073767]]], [[[-99.06250629385067, 19.71966661193674], [-99.06561741251738, 19.7217634955376], [-99.06493912047004, 19.72233617099116], [-99.0617668970421, 19.72026769097211], [-99.06250629385067, 19.71966661193674]]], [[[-99.066398280576, 19.72110448554762], [-99.06323057851536, 19.71896806240989], [-99.06404687196763, 19.71827601080849], [-99.0672850965174, 19.72037278422241], [-99.066398280576, 19.72110448554762]]], [[[-99.06404687196763, 19.71827601080849], [-99.0656557061854, 19.71682506761479], [-99.06586110088831, 19.71701303024831], [-99.0658317956952, 19.71730548070094], [-99.0672850965174, 19.72037278422241], [-99.06404687196763, 19.71827601080849]]], [[[-99.0672850965174, 19.72037278422241], [-99.0658317956952, 19.71730548070094], [-99.06586110088831, 19.71701303024831], [-99.06588791732226, 19.71726370582686], [-99.06731835028413, 19.72034534671795], [-99.0672850965174, 19.72037278422241]]], [[[-99.06139465175929, 19.7253372670984], [-99.06070736620171, 19.72595468050229], [-99.0575725895005, 19.72395870839711], [-99.05830968497646, 19.7232899697482], [-99.06139465175929, 19.7253372670984]]], [[[-99.06070736620171, 19.72595468050229], [-99.05998225893177, 19.72655716580285], [-99.058552819264, 19.72562908149775], [-99.05689271443993, 19.72456108547724], [-99.0575725895005, 19.72395870839711], [-99.06070736620171, 19.72595468050229]]], [[[-99.058552819264, 19.72562908149775], [-99.05998225893177, 19.72655716580285], [-99.05968523439579, 19.72684937568608], [-99.05921720410586, 19.72722939053478], [-99.05781731342023, 19.72628678635005], [-99.058552819264, 19.72562908149775]]], [[[-99.0635005382509, 19.72355894478574], [-99.06358852411167, 19.72360106200115], [-99.05974282173634, 19.72690745512705], [-99.05927716686247, 19.72728512876532], [-99.05921720410586, 19.72722939053478], [-99.05968523439579, 19.72684937568608], [-99.05998225893177, 19.72655716580285], [-99.06070736620171, 19.72595468050229], [-99.06139465175929, 19.7253372670984], [-99.06208648576502, 19.72474867736675], [-99.06280037568608, 19.72412804117785], [-99.0635005382509, 19.72355894478574]]], [[[-99.08153601565003, 19.70578828325464], [-99.08097750905642, 19.70726650558143], [-99.07882869315252, 19.70500021246897], [-99.0798106600334, 19.7041431306996], [-99.08153601565003, 19.70578828325464]]], [[[-99.08097750905642, 19.70726650558143], [-99.08050837754587, 19.70848356640813], [-99.07764338654002, 19.70603475413673], [-99.07882869315252, 19.70500021246897], [-99.08097750905642, 19.70726650558143]]], [[[-99.08050837754587, 19.70848356640813], [-99.07975731093053, 19.71049595322162], [-99.07610668921862, 19.70748150579947], [-99.07604659204733, 19.70742841100609], [-99.07764338654002, 19.70603475413673], [-99.08050837754587, 19.70848356640813]]], [[[-99.07753728745922, 19.71637124215868], [-99.0774823744813, 19.7165165634705], [-99.07728783719557, 19.71649946244884], [-99.07170175319531, 19.71122032251436], [-99.0718771903777, 19.71106721711594], [-99.07753728745922, 19.71637124215868]]], [[[-99.071464060133, 19.71142950033389], [-99.0732465496901, 19.7130897446715], [-99.07270693262893, 19.71356203270269], [-99.07092444337192, 19.71190178308887], [-99.071464060133, 19.71142950033389]]], [[[-99.0758599196907, 19.71710608118652], [-99.07559838705474, 19.71721635381122], [-99.0703707031269, 19.71238622441042], [-99.07054600894756, 19.71223299339418], [-99.0758599196907, 19.71710608118652]]], [[[-99.07117837054781, 19.71910965195354], [-99.06744375350918, 19.72060874523675], [-99.06588790948933, 19.71726370929203], [-99.06586110598764, 19.71701297936048], [-99.06579795718676, 19.71695520721872], [-99.06727587366633, 19.71566526814217], [-99.07117837054781, 19.71910965195354]]], [[[-99.05471187126534, 19.73831487787177], [-99.05290608401792, 19.73854812931161], [-99.05270144527213, 19.73857456106973], [-99.05256722066181, 19.73859189779393], [-99.05249678916768, 19.73765064190432], [-99.05233564025055, 19.73549527220972], [-99.0544922638732, 19.73533533757945], [-99.05452845347838, 19.73582635067894], [-99.05471187126534, 19.73831487787177]]], [[[-99.05249678916768, 19.73765064190432], [-99.05256722066181, 19.73859189779393], [-99.05269615664609, 19.7402984729738], [-99.05014646622782, 19.74041759045855], [-99.04994918300133, 19.73779172471198], [-99.05249678916768, 19.73765064190432]]], [[[-99.04595329650685, 19.74667597118026], [-99.04603938207059, 19.74890307006859], [-99.04394682035309, 19.7490373014588], [-99.0438634794227, 19.74814904440677], [-99.04367039431868, 19.74586949571286], [-99.04587605613224, 19.74570853289129], [-99.04595329650685, 19.74667597118026]]], [[[-99.03714984152292, 19.75199780970486], [-99.03734183680672, 19.75495323609944], [-99.03733825571528, 19.75495352776385], [-99.03729364841566, 19.75474932829413], [-99.0365317936933, 19.7547982419399], [-99.03498237020173, 19.75489771006784], [-99.03492674653666, 19.7546368879595], [-99.03723600035822, 19.75446856464884], [-99.037217028624, 19.75425077741571], [-99.03724260409763, 19.75424913533312], [-99.03722465045982, 19.75399848421302], [-99.03720669138016, 19.75399963728264], [-99.037189888275, 19.75374915798839], [-99.03705528021281, 19.75207147235856], [-99.03714984152292, 19.75199780970486]]], [[[-99.03705528021281, 19.75207147235856], [-99.037189888275, 19.75374915798839], [-99.03487804692668, 19.75389614787203], [-99.03705528021281, 19.75207147235856]]], [[[-99.037189888275, 19.75374915798839], [-99.03720669138016, 19.75399963728264], [-99.03491338299212, 19.75414686509169], [-99.03489486269426, 19.75414686973249], [-99.03487804692668, 19.75389614787203], [-99.037189888275, 19.75374915798839]]], [[[-99.03491338299212, 19.75414686509169], [-99.03720669138016, 19.75399963728264], [-99.03722465045982, 19.75399848421302], [-99.03724260409763, 19.75424913533312], [-99.037217028624, 19.75425077741571], [-99.03721418585171, 19.7542181435778], [-99.03493041189914, 19.75438465384266], [-99.03491338299212, 19.75414686509169]]], [[[-99.03493041189914, 19.75438465384266], [-99.03721418585171, 19.7542181435778], [-99.037217028624, 19.75425077741571], [-99.03723600035822, 19.75446856464884], [-99.03492674653666, 19.7546368879595], [-99.03490495461459, 19.75438650977059], [-99.03493041189914, 19.75438465384266]]], [[[-99.03498237020173, 19.75489771006784], [-99.03729364841566, 19.75474932829413], [-99.03733825571528, 19.75495352776385], [-99.03734688904609, 19.75499304862297], [-99.03734500005805, 19.75499317366226], [-99.03500032044106, 19.75514836139297], [-99.03498237020173, 19.75489771006784]]], [[[-99.03501403654636, 19.75514748092137], [-99.03734500005805, 19.75499317366226], [-99.03736484298886, 19.7552436997025], [-99.03691338315588, 19.75527268543486], [-99.03503165429898, 19.75539348843673], [-99.03501403654636, 19.75514748092137]]], [[[-99.03691338315588, 19.75527268543486], [-99.03693484143996, 19.7555316135509], [-99.03504965388805, 19.75565363035156], [-99.03504958557123, 19.75565264299372], [-99.03503165429898, 19.75539348843673], [-99.03691338315588, 19.75527268543486]]], [[[-99.03693490088705, 19.75553233087281], [-99.03733701906246, 19.75550579200478], [-99.03735497304865, 19.75575644307091], [-99.03661556987794, 19.75582008673153], [-99.03502680551398, 19.75592208034554], [-99.03500382653604, 19.75565558037807], [-99.03504965388805, 19.75565363035156], [-99.03693490088705, 19.75553233087281]]], [[[-99.03661556987794, 19.75582008673153], [-99.03634658641165, 19.75608916432807], [-99.03618942667563, 19.75609925325791], [-99.03504475594008, 19.75617273163728], [-99.03502680551398, 19.75592208034554], [-99.03661556987794, 19.75582008673153]]], [[[-99.03618942667563, 19.75609925325791], [-99.03621150261505, 19.75637413486574], [-99.03506560454136, 19.7564380090428], [-99.03504475594008, 19.75617273163728], [-99.03618942667563, 19.75609925325791]]], [[[-99.03506560454136, 19.7564380090428], [-99.03495427224284, 19.7566562124159], [-99.03491444743445, 19.75619687365653], [-99.0348782321664, 19.75589360665414], [-99.03485864438287, 19.75564306528015], [-99.03269580475776, 19.75579317115761], [-99.03269648615186, 19.75565024148608], [-99.03487804692668, 19.75389614787203], [-99.03489486269426, 19.75414686973249], [-99.03491338299212, 19.75414686509169], [-99.03493041189914, 19.75438465384266], [-99.03490495461459, 19.75438650977059], [-99.03492674653666, 19.7546368879595], [-99.03498237020173, 19.75489771006784], [-99.03500032044106, 19.75514836139297], [-99.03501403654636, 19.75514748092137], [-99.03503165429898, 19.75539348843673], [-99.03504958557123, 19.75565264299372], [-99.03500382653604, 19.75565558037807], [-99.03502680551398, 19.75592208034554], [-99.03504475594008, 19.75617273163728], [-99.03506560454136, 19.7564380090428]]], [[[-99.0348782321664, 19.75589360665414], [-99.03271484024337, 19.75604371595581], [-99.03269580475776, 19.75579317115761], [-99.03485864438287, 19.75564306528015], [-99.0348782321664, 19.75589360665414]]], [[[-99.0348782321664, 19.75589360665414], [-99.03491444743445, 19.75619687365653], [-99.03273889917782, 19.75636030493054], [-99.0327148633988, 19.75604374925641], [-99.0348782321664, 19.75589360665414]]], [[[-99.03491444743445, 19.75619687365653], [-99.0349520090769, 19.75665636466721], [-99.03277254280603, 19.7568029451959], [-99.03273890269907, 19.75636035126636], [-99.03491444743445, 19.75619687365653]]], [[[-99.0349520090769, 19.75665636466721], [-99.03496030481871, 19.75690924670219], [-99.03497815080993, 19.75714789861704], [-99.03500917722748, 19.75740465168404], [-99.03502712397348, 19.75762993517008], [-99.03503378486025, 19.75791505320806], [-99.03286804449496, 19.75805961192937], [-99.03284721956545, 19.75778557711497], [-99.03283009419567, 19.75756023498705], [-99.0328105195996, 19.75730266421616], [-99.03279171045232, 19.75705516474575], [-99.03277254280603, 19.7568029451959], [-99.0349520090769, 19.75665636466721]]], [[[-99.05481354639639, 19.72748306826924], [-99.06288990052921, 19.73255899218666], [-99.06042581710402, 19.73625858595932], [-99.05481354639639, 19.72748306826924]]], [[[-99.05781731, 19.72628679], [-99.05628356, 19.72521245], [-99.05689271, 19.72456109], [-99.05855282, 19.72562908], [-99.05781731, 19.72628679]]], [[[-99.0545700112293, 19.7359159723734], [-99.05453076967709, 19.7359504169172], [-99.05452827934009, 19.7359185298833], [-99.0545700112293, 19.7359159723734]]], [[[-99.05813726696091, 19.7327846267775], [-99.0581177180296, 19.7328017852598], [-99.0580378295861, 19.7326759534684], [-99.05788902737011, 19.7324480353483], [-99.05789007685108, 19.7324471222767], [-99.05789887338871, 19.7324394109117], [-99.0579076699255, 19.7324316995462], [-99.0579107515748, 19.7324289965007], [-99.0581392228076, 19.7327829091215], [-99.05813726696091, 19.7327846267775]]], [[[-99.0567688067876, 19.7334290298861], [-99.05672285165, 19.7326669037623], [-99.0576932134883, 19.7326195205069], [-99.0567688067876, 19.7334290298861]]], [[[-99.0568006886561, 19.7339578985264], [-99.0567688067876, 19.7334290298861], [-99.057604026631, 19.7326976194564], [-99.0580378295861, 19.7326759534684], [-99.0581177180296, 19.7328017852598], [-99.0568006886561, 19.7339578985264]]], [[[-99.05923894060379, 19.7260160158203], [-99.0592405564452, 19.726024200063], [-99.0592421942409, 19.7260323960465], [-99.0592438549443, 19.7260406019631], [-99.0592455356927, 19.7260488178136], [-99.0592472374409, 19.7260570454053], [-99.059248959234, 19.7260652829309], [-99.0592507010726, 19.726073532198], [-99.05925246104741, 19.7260817913997], [-99.0592542391591, 19.7260900623434], [-99.059256034453, 19.7260983441258], [-99.05925784597481, 19.7261066367472], [-99.0592596746792, 19.7261149411108], [-99.05926151865738, 19.7261232572175], [-99.0592633769548, 19.7261315841638], [-99.05926524957181, 19.7261399228533], [-99.0592671365086, 19.7261482741898], [-99.05926903490172, 19.7261566363669], [-99.05927096577769, 19.726165094325], [-99.0592728870819, 19.7261734745684], [-99.0592748188883, 19.7261818665563], [-99.0592767611973, 19.7261902711925], [-99.0592787130545, 19.7261986884772], [-99.0592806735056, 19.7262071184108], [-99.0592826425506, 19.7262155609932], [-99.0592846182808, 19.7262240162252], [-99.0592866006966, 19.7262324850104], [-99.05928858979789, 19.7262409673488], [-99.05929058463042, 19.7262494632407], [-99.0592925832852, 19.726257971783], [-99.0592945857629, 19.7262664947832], [-99.05958211496461, 19.7274899163509], [-99.0592771668625, 19.7272851287653], [-99.05921720410589, 19.7272293905348], [-99.0585395574465, 19.7267731055903], [-99.0582984840803, 19.7266107809155], [-99.05823897251008, 19.7265568245465], [-99.05820468416438, 19.7265239725191], [-99.0581560631247, 19.7264727306515], [-99.058126523847, 19.7264419513029], [-99.0580919670467, 19.7264016305435], [-99.05804937922609, 19.726347277976], [-99.0580085677589, 19.7262911264677], [-99.05798476141682, 19.7262581944427], [-99.05796211665708, 19.7262230208723], [-99.0578928205707, 19.7260935670917], [-99.05786473904199, 19.7260478798545], [-99.05786128593219, 19.7260443204059], [-99.0577573579004, 19.7257281596381], [-99.0577543151317, 19.7257085757128], [-99.0582973654189, 19.7252366758966], [-99.0593650715434, 19.7243088474906], [-99.0592994187629, 19.724515906044], [-99.0592477475465, 19.7247264866445], [-99.0592102654584, 19.7249397436115], [-99.0591871230819, 19.7251548205124], [-99.0591784134141, 19.7253708536028], [-99.0591841714911, 19.7255869752947], [-99.0592043742467, 19.7258023176408], [-99.05923894060379, 19.7260160158203]]]]}}, {"type": "Feature", "properties": {"id": "MUN_mexico_nextlalpan", "nivel": "municipio", "nombre": "Nextlalpan", "municipio": "Nextlalpan", "estado": "México", "proyecto": "TAP"}, "geometry": {"type": "MultiPolygon", "coordinates": [[[[-99.09427390677844, 19.72168561579754], [-99.09381815226577, 19.72075034993861], [-99.09325997896006, 19.7196049543199], [-99.09491669531776, 19.71993975437872], [-99.09497969065723, 19.71994379109976], [-99.09602769657347, 19.7201645681396], [-99.09669142654283, 19.72029832779267], [-99.09703647699753, 19.72036972880104], [-99.09790971867994, 19.72053487496039], [-99.09806452890713, 19.72057581405452], [-99.09888694121642, 19.72074241890969], [-99.09926649496188, 19.72081864563142], [-99.09932017462275, 19.7208295091578], [-99.09985508400007, 19.72093420031421], [-99.1004410818253, 19.72105593964811], [-99.10082129440684, 19.72113501235201], [-99.1015233171101, 19.72127443326404], [-99.10161409099533, 19.72129288613548], [-99.1023544537486, 19.72144258221046], [-99.1026303042611, 19.72000998071347], [-99.1027468845004, 19.71940748352404], [-99.10275652941333, 19.71936773783882], [-99.1027779337062, 19.71925239959089], [-99.10278864662946, 19.71918682168547], [-99.1028003696197, 19.71912908598526], [-99.10417079255254, 19.71966237218568], [-99.10420751603169, 19.72052673698332], [-99.10421239491555, 19.72064134537188], [-99.10426068430154, 19.72177451220297], [-99.10430983473088, 19.72293108392558], [-99.10435835962193, 19.72407169100348], [-99.10440595625612, 19.72519032669453], [-99.10445592202063, 19.72636444933325], [-99.10444425499888, 19.72751001009037], [-99.10450109045462, 19.72868122106544], [-99.10455028027654, 19.72979037434725], [-99.10457202385284, 19.73025308815027], [-99.10454184461288, 19.73033233619475], [-99.10288239886343, 19.7297788537497], [-99.10142221751806, 19.72928774430626], [-99.09981007518745, 19.72874556733582], [-99.09941367514456, 19.72861217350732], [-99.09862661189715, 19.72857923859662], [-99.09761274811163, 19.72853684043289], [-99.09756388690204, 19.72843656238575], [-99.09694301674861, 19.72716259182486], [-99.09641376105681, 19.72607659536119], [-99.09588222085604, 19.72498591310762], [-99.09534585698188, 19.7238852931551], [-99.09480172531482, 19.72276873249697], [-99.09427390677844, 19.72168561579754]]], [[[-99.05502104618456, 19.72744924276599], [-99.05492574096127, 19.7261858843904], [-99.05492329194132, 19.72599425066942], [-99.0549192543667, 19.72567503430887], [-99.05491859986253, 19.72562443961118], [-99.05487348179645, 19.72483533587067], [-99.05487448230157, 19.72473491666927], [-99.05474973758885, 19.72468868913816], [-99.0534610353018, 19.70820765423516], [-99.05356287717632, 19.70822263480195], [-99.05443968970499, 19.70825310086579], [-99.05538438494321, 19.70829897759193], [-99.05632544518201, 19.70833682800131], [-99.05733102621227, 19.7083884448277], [-99.05837890555952, 19.70836180530362], [-99.05929615519668, 19.70842163698703], [-99.0602649511589, 19.7084561399762], [-99.0611843019884, 19.70851668084724], [-99.06218980478054, 19.7085658345004], [-99.06316766420802, 19.70859734022483], [-99.06400284794029, 19.70865196199098], [-99.06482495902874, 19.70867418231801], [-99.06565122909612, 19.70871788958737], [-99.06596420812407, 19.70875432124548], [-99.06586866047992, 19.71023241859585], [-99.06580831007449, 19.71047301406879], [-99.06580571099832, 19.71050027568415], [-99.0657985336919, 19.71057551875948], [-99.06582859162374, 19.71211752074776], [-99.06583245265014, 19.71283016504166], [-99.06583882020517, 19.7140031661128], [-99.06584935947856, 19.71593868643536], [-99.06585044754054, 19.7160389547482], [-99.06585393340059, 19.71635652480008], [-99.06586109553304, 19.71701298018836], [-99.06588791732226, 19.71726370582686], [-99.06896326326031, 19.72388883777161], [-99.06890861445122, 19.72390784049347], [-99.06835522986572, 19.72472853724068], [-99.0679209747466, 19.72534826015804], [-99.06768761575518, 19.72571815628721], [-99.06702781758715, 19.72666855626662], [-99.06655760345991, 19.72738623328007], [-99.06632027981172, 19.72773769505112], [-99.0660394089437, 19.72815377946379], [-99.06551527174243, 19.72892361163544], [-99.06490985767658, 19.72979643103542], [-99.06432091130786, 19.7307276923451], [-99.06419856052317, 19.73094139158825], [-99.06322261266872, 19.73235175189539], [-99.06311140944582, 19.73247569749875], [-99.06135232741978, 19.73138285438209], [-99.06070826974532, 19.73098272144815], [-99.06007964113864, 19.73059217692625], [-99.05992570817114, 19.73049653608836], [-99.05976246134665, 19.7303951212203], [-99.05874418261666, 19.72976246933082], [-99.05802573492667, 19.72931609992105], [-99.05713458444865, 19.72876242404501], [-99.05571428231993, 19.72787997928956], [-99.05502104618456, 19.72744924276599]]]]}}, {"type": "Feature", "properties": {"id": "MUN_null_null", "nivel": "municipio", "nombre": "Null", "municipio": "Null", "estado": "Null", "proyecto": "TAP"}, "geometry": {"type": "MultiPolygon", "coordinates": [[[[-98.89932189585872, 19.8634143362832], [-98.8994485513355, 19.8632744455688], [-98.8994505709273, 19.8632721995902], [-98.8994630893865, 19.8632582778684], [-98.8994630901931, 19.8632582769714], [-98.89951008294278, 19.8632992860225], [-98.8992576253082, 19.8635838406494], [-98.8992094060781, 19.8635455468414], [-98.8992078065947, 19.8635442402203], [-98.8992641319216, 19.8634801073005], [-98.89932189585872, 19.8634143362832]]], [[[-98.8999336572604, 19.8627360159731], [-98.8999863232356, 19.8627624936535], [-98.89951008294278, 19.8632992860225], [-98.8994630901931, 19.8632582769714], [-98.8996961087895, 19.8629991609581], [-98.8998720777843, 19.8628042309254], [-98.8999336572604, 19.8627360159731]]], [[[-98.8985880845107, 19.8642345444689], [-98.8985838406129, 19.8642392592716], [-98.89832954975721, 19.8645227529084], [-98.8982848833877, 19.8645725744937], [-98.8981965760736, 19.8645021092104], [-98.8984964451821, 19.8641618272687], [-98.8984964452357, 19.8641618273113], [-98.8985880845107, 19.8642345444689]]], [[[-98.8975955767609, 19.8653407969759], [-98.8973922872229, 19.8655665009912], [-98.89730956466252, 19.8655004032721], [-98.8976036611193, 19.8651713975029], [-98.8976872810339, 19.8652382004744], [-98.8975955767609, 19.8653407969759]]], [[[-98.89203047848, 19.8710492461328], [-98.8918862638856, 19.870934662338], [-98.89200121318429, 19.8708065359034], [-98.8920177125008, 19.87078790297], [-98.8921617256173, 19.8709037426544], [-98.89203047848, 19.8710492461328]]], [[[-98.938322985266, 19.82989775079], [-98.9383505854403, 19.8298776370522], [-98.93837593509602, 19.8298591898331], [-98.9384286470126, 19.8298209007876], [-98.9384570179858, 19.8298003228045], [-98.93848065679128, 19.8297831898432], [-98.9385101883316, 19.829761797127], [-98.9385279057219, 19.829748967278], [-98.938563309925, 19.8297233346746], [-98.9397444487177, 19.8288682243248], [-98.9397553217391, 19.8288809067073], [-98.9377930916622, 19.8304489244968], [-98.9361668796771, 19.8317483914236], [-98.9362567862965, 19.8318523293153], [-98.9354401674928, 19.8324900105836], [-98.93507078129112, 19.8324302062265], [-98.9352351038563, 19.8319324346667], [-98.93522031989691, 19.8319280735372], [-98.9353716898209, 19.8314267076805], [-98.9356179794122, 19.8306490144217], [-98.9356463889415, 19.8305624018846], [-98.93602999973521, 19.8297469996396], [-98.93602938771438, 19.8297467409661], [-98.9360461756685, 19.8297112059278], [-98.93614607839228, 19.8296982015121], [-98.93620156131291, 19.8296211071409], [-98.9362030004675, 19.8296210001168], [-98.9366050002758, 19.8290730001173], [-98.9375969997429, 19.8302220002187], [-98.9377125535356, 19.8303557228027], [-98.9382973518754, 19.8299164608759], [-98.938322985266, 19.82989775079]]], [[[-98.9383062504526, 19.8298625724219], [-98.9396705769758, 19.8287828017655], [-98.9397444487177, 19.8288682243248], [-98.938563309925, 19.8297233346746], [-98.9385279057219, 19.829748967278], [-98.9385101883316, 19.829761797127], [-98.93848065679128, 19.8297831898432], [-98.9384570179858, 19.8298003228045], [-98.9384286470126, 19.8298209007876], [-98.9384038112944, 19.8298389307792], [-98.93837593509602, 19.8298591898331], [-98.9383505854403, 19.8298776370522], [-98.938322985266, 19.82989775079], [-98.9383207413254, 19.8298993886666], [-98.9383062504526, 19.8298625724219]]], [[[-99.0587911164279, 19.7248076121992], [-99.05879698476312, 19.7247576650006], [-99.05887753425928, 19.7243957419895], [-99.0589946867955, 19.7240428975636], [-99.0591473427488, 19.7237024428967], [-99.0593340693497, 19.7233775728732], [-99.05955311413472, 19.723071336111], [-99.0598024213961, 19.7227866063547], [-99.0598178146357, 19.7227707542403], [-99.0598332724723, 19.7227550091119], [-99.059848791124, 19.7227393684872], [-99.05986436686942, 19.7227238298487], [-99.05987999604538, 19.722708390645], [-99.0598956750465, 19.7226930482934], [-99.0599114003233, 19.7226778001824], [-99.05992716838071, 19.7226626436727], [-99.0599429757766, 19.7226475761008], [-99.0599588191209, 19.7226325947802], [-99.0599746950732, 19.7226176970035], [-99.0599906003417, 19.7226028800444], [-99.0600065316817, 19.7225881411597], [-99.06002248589368, 19.7225734775913], [-99.0600384598221, 19.7225588865676], [-99.0600544503537, 19.7225443653059], [-99.06007045441551, 19.7225299110137], [-99.06008646897371, 19.7225155208908], [-99.0601024910318, 19.7225011921304], [-99.0601185176289, 19.7224869219218], [-99.0601345458383, 19.7224727074509], [-99.0601505727654, 19.7224585459025], [-99.0601665955466, 19.7224444344619], [-99.0601826113472, 19.7224303703162], [-99.0601986173599, 19.7224163506557], [-99.06021461080338, 19.7224023726755], [-99.0602305889204, 19.7223884335777], [-99.0602465489759, 19.7223745305718], [-99.06026248825599, 19.7223606608765], [-99.060278404066, 19.7223468217214], [-99.0602942937289, 19.7223330103485], [-99.0624399876144, 19.7204680414963], [-99.0624569905221, 19.7204532624477], [-99.0624739798643, 19.7204384928726], [-99.06249095442608, 19.7204237315182], [-99.0625079129948, 19.7204089771354], [-99.06252485435928, 19.7203942284782], [-99.0625417773099, 19.7203794843047], [-99.0625586806381, 19.7203647433769], [-99.0625755631363, 19.7203500044612], [-99.0625924235971, 19.7203352663287], [-99.06260926081359, 19.7203205277554], [-99.0626260735788, 19.7203057875222], [-99.0626428606851, 19.7202910444157], [-99.06265962092442, 19.720276297228], [-99.0626763530877, 19.7202615447571], [-99.06269305596459, 19.7202467858074], [-99.0627097283431, 19.7202320191896], [-99.0627263690097, 19.7202172437212], [-99.0627429767485, 19.7202024582268], [-99.0627595503413, 19.7201876615381], [-99.0627760885673, 19.7201728524946], [-99.0627925902028, 19.7201580299434], [-99.06280905402072, 19.7201431927395], [-99.0628254787908, 19.7201283397469], [-99.0628418632788, 19.7201134698378], [-99.0628582062468, 19.7200985818932], [-99.0628745064523, 19.7200836748038], [-99.06289076264862, 19.720068747469], [-99.0629069735841, 19.7200537987986], [-99.06292313800249, 19.7200388277123], [-99.0629392546419, 19.72002383314], [-99.0629553222273, 19.7200088140302], [-99.0630180239562, 19.7199495024884], [-99.06308012776371, 19.7198896294866], [-99.0631416280441, 19.7198292004304], [-99.06320251924629, 19.7197682207744], [-99.06326279587411, 19.7197066960237], [-99.06332245248689, 19.7196446317321], [-99.06338148370018, 19.7195820335024], [-99.0634398841856, 19.7195189069857], [-99.06349764867102, 19.7194552578812], [-99.0635122618152, 19.7194389609721], [-99.06352684544072, 19.7194226195861], [-99.06354140075801, 19.719406234841], [-99.06355592898828, 19.7193898078476], [-99.0635704313632, 19.7193733397119], [-99.0635849091248, 19.7193568315341], [-99.06359936352489, 19.7193402844093], [-99.0636137958247, 19.7193236994276], [-99.06362820729531, 19.7193070776743], [-99.0636425992165, 19.7192904202304], [-99.0636569728769, 19.7192737281729], [-99.0636713295739, 19.7192570025747], [-99.06368567061308, 19.7192402445052], [-99.06369999730789, 19.7192234550304], [-99.0637143109797, 19.7192066352131], [-99.0637286129574, 19.7191897861138], [-99.0637429045768, 19.7191729087895], [-99.0637571871811, 19.7191560042962], [-99.0637714621199, 19.7191390736873], [-99.0637857307494, 19.7191221180142], [-99.0637999944319, 19.7191051383278], [-99.0638142545356, 19.7190881356775], [-99.0638285124344, 19.7190711111117], [-99.0638427695077, 19.7190540656788], [-99.06385702714, 19.7190370004266], [-99.0638712867205, 19.7190199164035], [-99.0638855496433, 19.7190028146581], [-99.0638998173069, 19.7189856962395], [-99.0639140911136, 19.7189685621984], [-99.0639283724699, 19.7189514135862], [-99.0639426627856, 19.7189342514568], [-99.0657532183969, 19.7167595320867], [-99.06571563967249, 19.7167316885848], [-99.0657791509909, 19.7166553974002], [-99.06581672984488, 19.7166832409903], [-99.0671127314727, 19.7151264342457], [-99.067134652851, 19.7151001018262], [-99.0671565858679, 19.7150737597378], [-99.06717853274499, 19.7150474096399], [-99.067200495706, 19.7150210531953], [-99.06722247697608, 19.7149946920704], [-99.0672444787817, 19.7149683279359], [-99.06726650335, 19.7149419624667], [-99.0672885529084, 19.7149155973435], [-99.0673106296844, 19.714889234252], [-99.0673327359049, 19.7148628748847], [-99.0673548737956, 19.7148365209406], [-99.06737704558111, 19.7148101741254], [-99.0673992534841, 19.7147838361531], [-99.0674116490816, 19.7147691665325], [-99.0673670934076, 19.7147350720115], [-99.06743132456349, 19.7146593240727], [-99.0674759042944, 19.7146934369922], [-99.0676691444178, 19.7144552271138], [-99.06770031246768, 19.7144795361496], [-99.0679060142364, 19.7143076681008], [-99.0678838568029, 19.71428998545], [-99.06792536460881, 19.7142433399093], [-99.0679499924314, 19.7142629940398], [-99.06802455879858, 19.7141995717538], [-99.0681577080894, 19.7140935320737], [-99.0681332438278, 19.7140736956215], [-99.0681751366117, 19.7140273598087], [-99.06819960087141, 19.7140471962552], [-99.06839330071212, 19.71386819506], [-99.0683811797816, 19.7138581902442], [-99.0684235022786, 19.7138122060238], [-99.0684384356745, 19.713824238847], [-99.0686314079583, 19.71364555995], [-99.068673965979, 19.7135997850034], [-99.06887543056799, 19.7134290301475], [-99.0689180653241, 19.7133833054473], [-99.0691199714244, 19.7132129246228], [-99.0691644682272, 19.7131692527987], [-99.0693680022883, 19.7129967091773], [-99.0694157681441, 19.7129552472935], [-99.069614777362, 19.712782502272], [-99.0696622609404, 19.7127412852403], [-99.0698612696288, 19.7125685399428], [-99.06990875308088, 19.7125273228452], [-99.0701078108125, 19.71235462849], [-99.07015524456529, 19.7123133601082], [-99.0703542257238, 19.7121406372364], [-99.07040170892319, 19.7120994200072], [-99.0706007185265, 19.7119266764684], [-99.070648199096, 19.7118854565866], [-99.07084720566618, 19.7117127101851], [-99.07089468861301, 19.7116714928243], [-99.07109369465378, 19.711498746147], [-99.0711411774742, 19.7114575287203], [-99.07135665927498, 19.711271364151], [-99.07135621237998, 19.7112709024252], [-99.07135633588459, 19.7112707602023], [-99.07137220874982, 19.7112580026712], [-99.0714379805203, 19.7112008077139], [-99.0715837618229, 19.7110742615037], [-99.0716584061439, 19.7110094659931], [-99.07174239055631, 19.7109365626528], [-99.0718872011261, 19.7108108584322], [-99.07205208845691, 19.7106677260014], [-99.0721399837152, 19.7105914272987], [-99.0722157388406, 19.7105256669143], [-99.0723288669344, 19.7104274641985], [-99.0724116353726, 19.7103556155629], [-99.0725461174835, 19.7102388757222], [-99.0726649410416, 19.7101357283703], [-99.0727955187723, 19.7100223773115], [-99.072930209759, 19.7099054553764], [-99.0730143863002, 19.7098323836517], [-99.0731015787505, 19.7097566937737], [-99.0731805947488, 19.709688101598], [-99.0732346105202, 19.7096412115553], [-99.0732809484986, 19.7096009864207], [-99.0733515736515, 19.7095396779812], [-99.0734185714771, 19.7094815182909], [-99.0734944820316, 19.7094156215286], [-99.07359644008838, 19.709327113202], [-99.073720208069, 19.7092196717839], [-99.07383902638702, 19.7091165006152], [-99.07390341868651, 19.709060642108], [-99.0739362629394, 19.7090290592941], [-99.07404373259389, 19.7089376603632], [-99.07418712407159, 19.7088178869544], [-99.0741913637298, 19.7088143821889], [-99.07433177288749, 19.7086994774693], [-99.0744373130362, 19.7086146014086], [-99.074477688698, 19.7085825094357], [-99.0746245709712, 19.7084668650721], [-99.07465765400129, 19.7084409312337], [-99.07465243988771, 19.7084349851492], [-99.0748017390434, 19.7083095475174], [-99.07517638451229, 19.7079835312643], [-99.0753136773991, 19.7078693018091], [-99.0771656164668, 19.7062519039988], [-99.0773926824297, 19.7064860980884], [-99.0773583935004, 19.70651593253], [-99.0773305603257, 19.7065524217647], [-99.07728468139518, 19.7065925634917], [-99.0772390384746, 19.7066329458217], [-99.07719363297102, 19.70667356751], [-99.0771484662838, 19.7067144273047], [-99.0771035398054, 19.7067555239464], [-99.0770588549206, 19.7067968561685], [-99.07701441300671, 19.7068384226971], [-99.0769702154337, 19.7068802222511], [-99.07692626357301, 19.7069222535333], [-99.0767855518804, 19.7070446865983], [-99.07578775960701, 19.7080041796478], [-99.07577911913388, 19.7080124883579], [-99.07577047696292, 19.7080207985017], [-99.0757618329897, 19.7080291099818], [-99.0757531871098, 19.7080374227007], [-99.0757445392187, 19.7080457365608], [-99.07573588921191, 19.7080540514647], [-99.07572723698482, 19.7080623673147], [-99.0757185824327, 19.708070684013], [-99.07570992545098, 19.7080790014619], [-99.075701265935, 19.7080873195633], [-99.07569260378011, 19.7080956382194], [-99.07568393888138, 19.7081039573321], [-99.07567527113422, 19.7081122768033], [-99.0756666004339, 19.7081205965346], [-99.0756579266755, 19.7081289164278], [-99.07564924975439, 19.7081372363842], [-99.0756405695657, 19.7081455563056], [-99.0756318860047, 19.708153876093], [-99.0756231989666, 19.7081621956478], [-99.0756145083466, 19.708170514871], [-99.07560581403999, 19.7081788336635], [-99.07559711594212, 19.7081871519264], [-99.07558841394821, 19.7081954695602], [-99.0755797079535, 19.7082037864655], [-99.0755709978535, 19.7082121025429], [-99.0755622835434, 19.7082204176925], [-99.0755535649187, 19.7082287318147], [-99.0755448418748, 19.7082370448093], [-99.07553611430728, 19.7082453565763], [-99.0755273821116, 19.7082536670155], [-99.0755186451834, 19.7082619760263], [-99.0754511436241, 19.7083259658306], [-99.0753834501578, 19.7083897735769], [-99.0753155653318, 19.708453398749], [-99.0752474896949, 19.7085168408323], [-99.0751792237977, 19.7085800993137], [-99.075110768192, 19.7086431736814], [-99.0750421234313, 19.7087060634253], [-99.07497329007072, 19.7087687680366], [-99.0749042686757, 19.7088312869993], [-99.074895306926, 19.7088393784386], [-99.074886343771, 19.7088474653665], [-99.0748773793145, 19.7088555478838], [-99.07486841366, 19.7088636260917], [-99.0748594469109, 19.7088717000913], [-99.0748504791706, 19.7088797699838], [-99.0748415105422, 19.7088878358703], [-99.07483254112852, 19.7088958978522], [-99.07482357103251, 19.7089039560307], [-99.0748146003568, 19.708912010507], [-99.07480562920381, 19.7089200613825], [-99.0747966576761, 19.7089281087584], [-99.0747876858758, 19.7089361527362], [-99.07477871390522, 19.7089441934171], [-99.0747697418661, 19.7089522309026], [-99.0747607698606, 19.7089602652939], [-99.07475179799029, 19.7089682966924], [-99.0747428263569, 19.7089763251994], [-99.074733855062, 19.7089843509163], [-99.07472488420709, 19.7089923739445], [-99.0747159138934, 19.7090003943852], [-99.0747069442222, 19.7090084123397], [-99.0746979752947, 19.7090164279093], [-99.0746890072119, 19.7090244411952], [-99.07468004007481, 19.7090324522987], [-99.07467107398432, 19.709040461321], [-99.07466210904131, 19.7090484683631], [-99.0746531453464, 19.7090564735263], [-99.0746441830003, 19.7090644769115], [-99.0746352221036, 19.7090724786198], [-99.07462626275688, 19.7090804787523], [-99.0679906716994, 19.7150052775604], [-99.0679861925867, 19.7150092766569], [-99.06798171446641, 19.7150132749226], [-99.0679772373679, 19.715017272387], [-99.0679727613202, 19.7150212690792], [-99.06796828635278, 19.7150252650288], [-99.0679638124948, 19.7150292602651], [-99.06795933977531, 19.7150332548174], [-99.0679548682237, 19.7150372487149], [-99.067950397869, 19.715041241987], [-99.0679459287404, 19.7150452346629], [-99.06794146086722, 19.7150492267718], [-99.0679369942783, 19.715053218343], [-99.067932529003, 19.7150572094055], [-99.0679280650703, 19.7150611999885], [-99.0679236025094, 19.7150651901213], [-99.0679191413493, 19.7150691798327], [-99.0679146816191, 19.7150731691521], [-99.0679102233479, 19.7150771581081], [-99.06790576656479, 19.7150811467301], [-99.0679013112989, 19.715085135047], [-99.06789685757911, 19.7150891230877], [-99.06789240543449, 19.715093110881], [-99.0678879548942, 19.7150970984559], [-99.0678835059872, 19.7151010858413], [-99.0678790587425, 19.715105073066], [-99.0678746131891, 19.7151090601587], [-99.0678701693562, 19.7151130471484], [-99.06786572727259, 19.7151170340635], [-99.0678612869675, 19.7151210209328], [-99.0678568484698, 19.7151250077851], [-99.0678524118085, 19.7151289946489], [-99.06780887656582, 19.7151723792984], [-99.0677655878747, 19.7152157856026], [-99.06772258286192, 19.7152592396412], [-99.0675876253423, 19.7153846627113], [-99.06745445408399, 19.7155117866612], [-99.0673230929905, 19.7156405886768], [-99.06719356564061, 19.7157710456429], [-99.0670658952844, 19.7159031341469], [-99.0670118849148, 19.7159605390899], [-99.0670825783964, 19.71601291799], [-99.0670624209827, 19.7160343423014], [-99.0670107983306, 19.7160892094116], [-99.0668869103945, 19.7162244896354], [-99.06679626988328, 19.7163261861391], [-99.0667255763565, 19.7162738071281], [-99.06669425365611, 19.7163089503961], [-99.0665742370598, 19.7164473251267], [-99.0665323249897, 19.7164917268182], [-99.0664904881531, 19.7165363919043], [-99.0664486958416, 19.7165812876653], [-99.0664448937788, 19.716585824638], [-99.0664410918902, 19.7165903633423], [-99.0664372901429, 19.7165949037531], [-99.06643348850439, 19.7165994458457], [-99.0664296869419, 19.7166039895951], [-99.0664258854226, 19.7166085349767], [-99.06642208391371, 19.7166130819654], [-99.06641828238249, 19.7166176305366], [-99.0664144807958, 19.7166221806653], [-99.066410679121, 19.7166267323268], [-99.066406877325, 19.716631285496], [-99.0664030753748, 19.7166358401483], [-99.0663992732374, 19.7166403962589], [-99.06639547087991, 19.7166449538025], [-99.06639166826899, 19.7166495127547], [-99.0663878653717, 19.7166540730905], [-99.0663840621548, 19.7166586347851], [-99.0663802585853, 19.7166631978134], [-99.0663764546298, 19.7166677621508], [-99.06637265025519, 19.7166723277721], [-99.0663688454282, 19.7166768946528], [-99.0663650401155, 19.7166814627675], [-99.0663612342838, 19.7166860320917], [-99.0663574278997, 19.7166906026003], [-99.06635362093, 19.7166951742684], [-99.06634981334122, 19.716699747071], [-99.06634600509989, 19.7167043209833], [-99.0663421961727, 19.71670889598], [-99.0663383865261, 19.7167134720366], [-99.06633457612658, 19.7167180491275], [-99.0663307649407, 19.7167226272282], [-99.0660944459287, 19.7170065000874], [-99.0642798767721, 19.7191860457964], [-99.0642655760943, 19.7192032204132], [-99.0642512636211, 19.7192204064318], [-99.0642369379335, 19.7192376027922], [-99.06422259760959, 19.7192548084308], [-99.06420824122532, 19.7192720222813], [-99.0641938673546, 19.7192892432735], [-99.0641794745696, 19.7193064703334], [-99.0641650614409, 19.7193237023829], [-99.064150626538, 19.7193409383393], [-99.0641361684294, 19.719358177115], [-99.06412168568279, 19.7193754176174], [-99.0641071768657, 19.7193926587483], [-99.0640926405454, 19.7194098994038], [-99.0640780752893, 19.7194271384736], [-99.0640634796653, 19.7194443748415], [-99.0640488522419, 19.719461607384], [-99.064034191589, 19.7194788349706], [-99.0640194962773, 19.7194960564639], [-99.0640047648795, 19.719513270718], [-99.06398999597, 19.7195304765798], [-99.0639751881254, 19.7195476728872], [-99.063960339925, 19.7195648584698], [-99.0639454499507, 19.7195820321481], [-99.06393051678758, 19.719599192733], [-99.0639155390242, 19.7196163390263], [-99.06390051525288, 19.7196334698196], [-99.06388544407018, 19.7196505838943], [-99.0638703240767, 19.7196676800214], [-99.0638551538782, 19.7196847569607], [-99.0638399320852, 19.7197018134611], [-99.0638246573139, 19.7197188482602], [-99.0637642336288, 19.7197854276111], [-99.0637031446615, 19.7198514603159], [-99.063641395926, 19.7199169404137], [-99.06357899299562, 19.7199818619934], [-99.0635159415029, 19.7200462191942], [-99.0634522471391, 19.7201100062065], [-99.0633879156531, 19.720173217272], [-99.0633229528517, 19.7202358466844], [-99.06325736460758, 19.7202978887811], [-99.0632405695343, 19.720313587944], [-99.063223747642, 19.7203292387039], [-99.06320690036401, 19.720344842273], [-99.0631900291217, 19.7203603998698], [-99.0631731353251, 19.7203759127182], [-99.0631562203733, 19.7203913820474], [-99.06313928565459, 19.7204068090916], [-99.0631223325467, 19.7204221950898], [-99.06310536241722, 19.7204375412851], [-99.063088376624, 19.7204528489247], [-99.0630713765152, 19.7204681192591], [-99.0630543634297, 19.7204833535427], [-99.0630373386976, 19.7204985530325], [-99.06302030364022, 19.7205137189885], [-99.06300325957062, 19.7205288526726], [-99.0629862077939, 19.7205439553494], [-99.0629691496073, 19.7205590282849], [-99.0629520863009, 19.7205740727468], [-99.06293501915772, 19.7205890900039], [-99.0629179494537, 19.7206040813257], [-99.0629008784588, 19.7206190479828], [-99.0628838074365, 19.7206339912457], [-99.06286673764458, 19.7206489123852], [-99.06284967033561, 19.7206638126714], [-99.0628326067566, 19.7206786933746], [-99.06281554814991, 19.7206935557636], [-99.0627984957534, 19.7207084011063], [-99.0627814508005, 19.7207232306695], [-99.0627644145211, 19.720738045718], [-99.062747388141, 19.7207528475151], [-99.0627303728833, 19.7207676373215], [-99.06058467838858, 19.7226326095882], [-99.0605688175268, 19.7226463959478], [-99.0605529881144, 19.7226601599971], [-99.06053719278519, 19.7226739044499], [-99.06052143416169, 19.7226876320018], [-99.06050571485652, 19.7227013453303], [-99.0604900374741, 19.7227150470917], [-99.0604744046121, 19.7227287399213], [-99.060458818863, 19.7227424264309], [-99.0604432828151, 19.7227561092088], [-99.0604277990549, 19.722769790817], [-99.0604123701674, 19.7227834737907], [-99.0603969987383, 19.7227971606373], [-99.060381687355, 19.7228108538339], [-99.060366438608, 19.7228245558277], [-99.06035125509209, 19.7228382690329], [-99.060336139408, 19.7228519958306], [-99.0603210941632, 19.7228657385672], [-99.0603061219733, 19.7228794995527], [-99.060291225463, 19.7228932810597], [-99.06027640726782, 19.7229070853219], [-99.0602616700345, 19.7229209145331], [-99.0602470164225, 19.7229347708455], [-99.0602324491048, 19.722948656368], [-99.06021797076889, 19.7229625731658], [-99.0602035841179, 19.722976523258], [-99.0601892918714, 19.722990508617], [-99.0601750967661, 19.7230045311664], [-99.0601610015568, 19.7230185927802], [-99.0601470090171, 19.7230326952808], [-99.0601331219402, 19.7230468404379], [-99.0601193431393, 19.7230610299673], [-99.0598965894787, 19.7233154338808], [-99.0597008752368, 19.7235890540898], [-99.0595340371568, 19.7238793229154], [-99.0593976410315, 19.7241835164321], [-99.059357829708, 19.7243034227492], [-99.0593781376613, 19.7243098863183], [-99.0593517602942, 19.7243916675109], [-99.05933990873962, 19.7243882070859], [-99.05936110010359, 19.7243213728037], [-99.0593650715434, 19.7243088474906], [-99.0588543026107, 19.7247527039006], [-99.0587911164279, 19.7248076121992]]], [[[-98.9779677393534, 19.7827163838133], [-98.97796190956929, 19.7827259973542], [-98.97796190956929, 19.7827259973542], [-98.9779567258109, 19.7827240023412], [-98.9779217555646, 19.7827105436944], [-98.9781818371528, 19.7822701684216], [-98.97822718645828, 19.7822885440697], [-98.97822718645818, 19.7822885440697], [-98.9779677393534, 19.7827163838133]]], [[[-98.97822718645828, 19.7822885440696], [-98.9781818371528, 19.7822701684216], [-98.9784061674306, 19.7818901781302], [-98.9784248948543, 19.7818983174293], [-98.9784556990743, 19.7819117055306], [-98.9784556990743, 19.7819117055306], [-98.9784556990743, 19.7819117055306], [-98.9783533052232, 19.7820805627637], [-98.97822718645828, 19.7822885440696]]], [[[-98.9784556990743, 19.7819117055306], [-98.9784245569498, 19.7818985057768], [-98.9784059891621, 19.7818906133358], [-98.9785457903235, 19.7816539109983], [-98.9786514688465, 19.7815290376885], [-98.9786612904389, 19.7815327834308], [-98.97867340989728, 19.7815378069264], [-98.9786435855777, 19.7815908144028], [-98.97857169171822, 19.7817185929127], [-98.9785576447886, 19.7817435587969], [-98.97852843802211, 19.7817917503672], [-98.9785276445713, 19.7817930588629], [-98.9785252032385, 19.7817970849139], [-98.9784556990743, 19.7819117055306]]], [[[-98.97762965178148, 19.7832051362128], [-98.9779217555646, 19.7827105436944], [-98.97796190956929, 19.7827259973542], [-98.97796190956929, 19.7827259973542], [-98.97766312399122, 19.7832187248054], [-98.97762965178148, 19.7832051362128]]], [[[-98.9761941773788, 19.7856386775889], [-98.9762734722081, 19.7855017094281], [-98.9762309437813, 19.7856491363718], [-98.9761941773788, 19.7856386775889]]], [[[-98.9760717553838, 19.785685165163], [-98.9760934332793, 19.785610018966], [-98.9761941773788, 19.7856386775889], [-98.9762309437813, 19.7856491363718], [-98.9762092649902, 19.7857242825851], [-98.9760717553838, 19.785685165163]]], [[[-98.9761492735276, 19.7858231988551], [-98.9761098288607, 19.785812753224], [-98.9761679413712, 19.7857125274925], [-98.9762092654584, 19.7857242829675], [-98.9761492735276, 19.7858231988551]]], [[[-98.94439045620528, 19.8253652449576], [-98.9443804012442, 19.8253613180194], [-98.9456589545873, 19.8243446408702], [-98.9472132198955, 19.8231785718256], [-98.94743003235018, 19.8230205647629], [-98.94777705222411, 19.8227603181325], [-98.94782930910281, 19.8227475408237], [-98.9478335434753, 19.8227524779969], [-98.947833538701, 19.8227524816119], [-98.9478335386996, 19.8227524816102], [-98.947386042048, 19.8230913140728], [-98.9469430921206, 19.823420423082], [-98.9467906707858, 19.8235337841972], [-98.9464828997252, 19.8237626834828], [-98.9461579110502, 19.8240037579892], [-98.94605076819491, 19.8240832355785], [-98.9456857146564, 19.8243576828821], [-98.9454131944547, 19.824568375565], [-98.9451078242262, 19.8248067918604], [-98.94480029463118, 19.8250461558282], [-98.9445157935842, 19.8252676243921], [-98.9445157916382, 19.8252676259077], [-98.94439045620528, 19.8253652449576]]], [[[-98.9236254470448, 19.8421453196307], [-98.923471302085, 19.8420933369094], [-98.9240558559185, 19.8416479980749], [-98.9243008902203, 19.8416193831328], [-98.9236254470448, 19.8421453196307]]], [[[-98.8958397994035, 19.8668240036746], [-98.8949699564856, 19.8677888053367], [-98.8949681787107, 19.8675004306082], [-98.8949681787107, 19.8675004306082], [-98.8949681787107, 19.8675004306082], [-98.8949686662139, 19.8674998796501], [-98.8952166974904, 19.8672230112476], [-98.8953391352853, 19.8670868351886], [-98.8954633221179, 19.8669487081173], [-98.895640100878, 19.8667517098211], [-98.895640100878, 19.8667517098211], [-98.895640100878, 19.8667517098211], [-98.89576641822471, 19.8667974386238], [-98.8958397994035, 19.8668240036746]]], [[[-98.8991785197587, 19.8635775866534], [-98.89907929452409, 19.863689370132], [-98.8988794694794, 19.8639109390016], [-98.8988001355245, 19.8638486754955], [-98.89910236803762, 19.8635129122499], [-98.8991544230804, 19.8635571217502], [-98.8991785197587, 19.8635775866534], [-98.8991785197587, 19.8635775866534], [-98.8991785197587, 19.8635775866534]]], [[[-98.7485969873297, 20.0464230816212], [-98.74940142336558, 20.0467537396931], [-98.7494004819017, 20.0473471361866], [-98.7493990440246, 20.0473471378108], [-98.74939900216378, 20.0473349988858], [-98.7485949587761, 20.0473359052999], [-98.7485969873297, 20.0464230816212]]], [[[-99.0540975317472, 19.7363221081926], [-99.0540794516513, 19.7363379405964], [-99.05406138393539, 19.7363537651008], [-99.0540433323128, 19.7363695813921], [-99.0540252983294, 19.7363853910503], [-99.0540072835297, 19.7364011956519], [-99.0539892894568, 19.7364169967663], [-99.0539713176505, 19.736432795958], [-99.0539533696528, 19.7364485947866], [-99.0539354470035, 19.7364643948049], [-99.0539175512446, 19.7364801975587], [-99.0538997550682, 19.7364959416408], [-99.05388192411209, 19.736511748675], [-99.05386412465478, 19.7365275630196], [-99.05384635824, 19.7365433861897], [-99.05382862641929, 19.7365592196868], [-99.05381093074202, 19.736575065007], [-99.0537932727606, 19.7365909236372], [-99.0537756540332, 19.7366067970547], [-99.05375807612049, 19.7366226867274], [-99.0537405405933, 19.7366385941043], [-99.05372304901799, 19.7366545206356], [-99.05370560297281, 19.7366704677521], [-99.05368820404338, 19.7366864368722], [-99.0536708538118, 19.7367024294088], [-99.05365355387902, 19.7367184467541], [-99.0536363058468, 19.7367344902893], [-99.05361911132111, 19.7367505613858], [-99.0536019719219, 19.7367666613968], [-99.0535848892741, 19.7367827916612], [-99.05356786500919, 19.736798953506], [-99.05355080364428, 19.7368152409585], [-99.05325381674679, 19.7371147040765], [-99.0532377210258, 19.7371318501677], [-99.0532217553701, 19.7371489533095], [-99.0532058266649, 19.7371661096422], [-99.0531899334103, 19.7371833177075], [-99.0531740740951, 19.7372005760502], [-99.0531582471859, 19.737217883232], [-99.0531424511429, 19.7372352378129], [-99.053126684408, 19.73725263837], [-99.05311094540879, 19.7372700834805], [-99.05309523256152, 19.7372875717332], [-99.0530795442698, 19.7373051017217], [-99.0530638789252, 19.7373226720447], [-99.0530482349057, 19.7373402813102], [-99.05303261058059, 19.7373579281252], [-99.0530170043032, 19.737375611111], [-99.05300141442372, 19.7373933288847], [-99.0529858392735, 19.7374110800748], [-99.0529702771829, 19.7374288633066], [-99.0529547264639, 19.7374466772141], [-99.0529391854297, 19.7374645204296], [-99.0529235961203, 19.7374824563175], [-99.0529080750182, 19.7375003476416], [-99.0528925584535, 19.7375182641806], [-99.0528770447029, 19.7375362045786], [-99.0528615320366, 19.7375541674787], [-99.05284601871809, 19.7375721515268], [-99.05283050300612, 19.737590155367], [-99.05281498315182, 19.7376081776442], [-99.0527994574023, 19.7376262169998], [-99.0527839239983, 19.737644272076], [-99.05276838117652, 19.7376623415116], [-99.050403543313, 19.7404116265424], [-99.0501030889859, 19.7404245792739], [-99.05012806163938, 19.7407318845542], [-99.0478287669353, 19.7434048361715], [-99.0478159831202, 19.7434054540261], [-99.0478170383035, 19.7434184705109], [-99.0421385296602, 19.7500192782132], [-99.04212491729439, 19.7500351004334], [-99.042111300961, 19.750050926168], [-99.0420976794136, 19.7500667557706], [-99.042084052086, 19.7500825888057], [-99.0420704184111, 19.7500984248334], [-99.0420567778228, 19.7501142634163], [-99.04204312975209, 19.7501301041164], [-99.0420294736329, 19.7501459464928], [-99.04201580889719, 19.7501617901055], [-99.0420021349769, 19.7501776345137], [-99.04198845130398, 19.7501934792745], [-99.0419747573105, 19.7502093239455], [-99.04196105242832, 19.750225168083], [-99.04194733609042, 19.7502410112415], [-99.04193360772871, 19.750256852974], [-99.0419198667742, 19.7502726928341], [-99.0419061126617, 19.7502885303736], [-99.04189234482232, 19.750304365141], [-99.04187856268902, 19.7503201966872], [-99.0418647656964, 19.7503360245586], [-99.0418509532785, 19.7503518483008], [-99.0418371248682, 19.7503676674595], [-99.0418232799022, 19.7503834815765], [-99.0418094178135, 19.7503992901947], [-99.0417955380407, 19.7504150928524], [-99.04178164001861, 19.750430889089], [-99.0417677231859, 19.75044667844], [-99.04175378697919, 19.7504624604392], [-99.0417398308392, 19.7504782346215], [-99.04172579190659, 19.7504940707872], [-99.0417118565156, 19.7505097576502], [-99.039662032212, 19.7525079518935], [-99.03964580305939, 19.7525216600629], [-99.0396296331797, 19.7525352902444], [-99.0396133816298, 19.7525489623349], [-99.039597121231, 19.7525626157764], [-99.0395808524923, 19.7525762510865], [-99.03956457592352, 19.752589868783], [-99.03954829202961, 19.7526034693862], [-99.0395320013167, 19.7526170534157], [-99.0395157042859, 19.7526306213928], [-99.0394994014395, 19.7526441738388], [-99.0394830932759, 19.7526577112759], [-99.0394667802943, 19.7526712342255], [-99.0394504629894, 19.7526847432115], [-99.0394341418567, 19.7526982387571], [-99.0394178173897, 19.7527117213864], [-99.0394014900792, 19.7527251916224], [-99.039385160417, 19.7527386499911], [-99.0393688288917, 19.7527520970164], [-99.0393524959914, 19.7527655332224], [-99.0393361622029, 19.7527789591358], [-99.03931982801319, 19.7527923752797], [-99.0393034939053, 19.7528057821801], [-99.03928716036339, 19.7528191803618], [-99.03927082787142, 19.7528325703498], [-99.03925449691071, 19.752845952669], [-99.0392381679613, 19.7528593278452], [-99.03922184150458, 19.7528726964017], [-99.03920551802068, 19.7528860588633], [-99.039189197988, 19.7528994157541], [-99.03917288188389, 19.7529127675972], [-99.0391565701886, 19.7529261149167], [-99.0255574268643, 19.7640524205513], [-99.0253584667398, 19.7640042813249], [-99.0253207122828, 19.7639942376073], [-99.02526554882421, 19.7642911957763], [-99.0232555693981, 19.7659354573293], [-99.0229956436356, 19.7658739338693], [-99.02293691085379, 19.7661961304221], [-99.01982972580572, 19.7687378347348], [-99.019799428887, 19.768762615239], [-99.0197690973265, 19.7687874122243], [-99.0197387192346, 19.7688122235403], [-99.0197082884036, 19.7688370423521], [-99.0196777131024, 19.7688619313996], [-99.019647140938, 19.7688867583605], [-99.01961649733542, 19.7689115720161], [-99.0195857760783, 19.7689363653564], [-99.01955497097711, 19.7689611313141], [-99.01952407585678, 19.768985862766], [-99.01949308456788, 19.7690105525321], [-99.01946199099729, 19.7690351933635], [-99.0194307890662, 19.7690597779455], [-99.0193994727407, 19.7690842988882], [-99.01936803603729, 19.7691087487287], [-99.01933647302542, 19.7691331199199], [-99.01930477783979, 19.7691574048307], [-99.01927294467582, 19.7691815957459], [-99.0192409678106, 19.7692056848518], [-99.0192088415968, 19.7692296642443], [-99.019176560473, 19.7692535259183], [-99.0191441189751, 19.7692772617662], [-99.0191115117343, 19.7693008635749], [-99.0190787334919, 19.7693243230227], [-99.01904577910071, 19.7693476316742], [-99.01901264353562, 19.7693707809817], [-99.0189793219005, 19.7693937622765], [-99.0189458094347, 19.7694165667716], [-99.018912101517, 19.7694391855587], [-99.0188781936818, 19.7694616095995], [-99.0188443751884, 19.7694836385067], [-99.0185124922905, 19.769682541642], [-99.01816682615959, 19.7698591578427], [-99.01780904408541, 19.7700126351988], [-99.0174408718117, 19.7701422334051], [-99.01706408521709, 19.770247327338], [-99.016680501741, 19.7703274100704], [-99.0162919716191, 19.7703820953182], [-99.0159003689538, 19.770411119303], [-99.0155075826746, 19.7704143420256], [-99.01511550742029, 19.7703917479389], [-99.0147260343988, 19.7703434460296], [-99.01434104226222, 19.7702696692838], [-99.0139623880435, 19.7701707735689], [-99.0139232624527, 19.7701590114716], [-99.0138839299539, 19.7701468959378], [-99.0138447288778, 19.7701345390216], [-99.0138056577284, 19.7701219506007], [-99.0137667148239, 19.7701091404703], [-99.0137278983094, 19.7700961183499], [-99.0136892061632, 19.7700828938793], [-99.0136506362049, 19.7700694766227], [-99.0136121861042, 19.7700558760663], [-99.013573853384, 19.7700421016215], [-99.0135356354353, 19.7700281626245], [-99.0134975295173, 19.7700140683357], [-99.01345953277378, 19.7699998279479], [-99.0134216422301, 19.7699854505786], [-99.0133838548085, 19.7699709452768], [-99.01334616733, 19.7699563210256], [-99.01330857652701, 19.7699415867401], [-99.01327107904571, 19.7699267512741], [-99.01323367145321, 19.7699118234164], [-99.0131963502469, 19.7698968118987], [-99.0131591118622, 19.7698817253932], [-99.0131219526742, 19.7698665725196], [-99.01308486900942, 19.7698513618398], [-99.01304785714849, 19.7698361018705], [-99.0130109133358, 19.7698208010779], [-99.0129740337833, 19.7698054678801], [-99.0129372972503, 19.7697901450965], [-99.01290051410489, 19.7697747636302], [-99.01286378375981, 19.7697593747269], [-99.01282710236188, 19.7697439866647], [-99.0127904660602, 19.7697286076883], [-99.00956981134752, 19.7683764745959], [-99.00954167053762, 19.7683646614602], [-99.0095135704294, 19.768352875154], [-99.0094855161353, 19.7683411275288], [-99.0094576108235, 19.7683294713189], [-99.009429663749, 19.7683178362495], [-99.00940175143108, 19.7683062638676], [-99.0093738702839, 19.7682947621222], [-99.0093460167929, 19.7682833389354], [-99.0093181875201, 19.7682720022055], [-99.00929037911061, 19.7682607598075], [-99.0092625882954, 19.7682496195983], [-99.00923481191221, 19.7682385894176], [-99.0092070468963, 19.7682276770924], [-99.00917929029852, 19.7682168904345], [-99.0091515392906, 19.7682062372491], [-99.0091237911696, 19.7681957253308], [-99.00909604336998, 19.7681853624686], [-99.00906829346359, 19.768175156447], [-99.009040539178, 19.7681651150479], [-99.0090127783915, 19.7681552460476], [-99.00898500914951, 19.7681455572242], [-99.00895722966422, 19.7681360563543], [-99.0089294383334, 19.7681267512113], [-99.00890163373309, 19.7681176495726], [-99.0088738146351, 19.7681087592117], [-99.0088459800106, 19.7681000879022], [-99.0088181290372, 19.7680916434188], [-99.0087902611071, 19.7680834335294], [-99.0087623758329, 19.7680754660023], [-99.00873447305662, 19.7680677485984], [-99.00870611888001, 19.7680601731262], [-99.0085080575119, 19.7680149094206], [-99.00830724942381, 19.7679822458672], [-99.0081045879804, 19.7679623277788], [-99.007900974789, 19.7679552437698], [-99.00769731569028, 19.767961025355], [-99.0074945167303, 19.7679796468125], [-99.00729348012729, 19.7680110252993], [-99.0070951002636, 19.7680550212169], [-99.0070583957076, 19.7679262032752], [-99.007040404662, 19.7678704299886], [-99.0068242987935, 19.7679309796773], [-99.00661299638101, 19.7680051838833], [-99.0064074588572, 19.7680927049775], [-99.0062080824658, 19.7681934169873], [-99.0061894286616, 19.7682037115052], [-99.0061740980112, 19.7682122671321], [-99.0061587672633, 19.7682209117008], [-99.006143433993, 19.7682296403117], [-99.00612809582519, 19.7682384479764], [-99.0061127504561, 19.7682473296082], [-99.0060961933661, 19.7682569808345], [-99.0056179657644, 19.7680758582419], [-99.0056985041632, 19.7680188568371], [-99.0065875753129, 19.7676270841106], [-99.0066351446283, 19.7676952475244], [-99.0069224771955, 19.7675754342654], [-99.0071709010653, 19.7674733143755], [-99.0073616070452, 19.7673909781011], [-99.0076414214987, 19.7673473496829], [-99.00809170307951, 19.7673524516409], [-99.0085205083829, 19.7674113840813], [-99.0089252423996, 19.767539553744], [-99.0090354347347, 19.7675863666848], [-99.0091302566373, 19.7676240520126], [-99.0092397647675, 19.767675228189], [-99.00924887220602, 19.7676786492235], [-99.00925795327818, 19.7676820859226], [-99.0092670082783, 19.7676855374378], [-99.00927603749821, 19.7676890029375], [-99.0092850412328, 19.767692481595], [-99.00929401978291, 19.7676959725923], [-99.0093029734509, 19.7676994751135], [-99.0093119025432, 19.7677029883524], [-99.0093208073691, 19.7677065115056], [-99.00932968824162, 19.7677100437797], [-99.0093385454767, 19.767713584383], [-99.0093473793902, 19.7677171325311], [-99.0093561903038, 19.7677206874468], [-99.0093649785383, 19.7677242483556], [-99.0093737444171, 19.7677278144913], [-99.00938248826668, 19.7677313850919], [-99.00939121041252, 19.7677349594001], [-99.009399911183, 19.7677385366651], [-99.0094085909054, 19.7677421161402], [-99.009417249909, 19.7677456970854], [-99.00942588852422, 19.7677492787642], [-99.0094345070811, 19.7677528604454], [-99.00944310590899, 19.7677564414043], [-99.0094516853362, 19.7677600209179], [-99.009460245694, 19.7677635982695], [-99.0094687873107, 19.7677671727489], [-99.0094773105146, 19.7677707436484], [-99.0094858156322, 19.7677743102641], [-99.00949430298881, 19.7677778718973], [-99.0095027729101, 19.767781427855], [-99.00951122571851, 19.7677849774476], [-99.0132085706112, 19.7693376115204], [-99.01323248148, 19.7693476514], [-99.0132563629078, 19.7693576746262], [-99.013280216566, 19.7693676776285], [-99.0133040441132, 19.7693776568479], [-99.01332784719881, 19.7693876087402], [-99.0133516274566, 19.769397529769], [-99.01337538650529, 19.7694074164098], [-99.0133991259465, 19.7694172651489], [-99.0134228473643, 19.7694270724782], [-99.0134465523194, 19.7694368349011], [-99.01347024235199, 19.7694465489274], [-99.0134939189788, 19.7694562110733], [-99.0135175836875, 19.7694658178614], [-99.01354123794229, 19.7694753658203], [-99.0135648831747, 19.7694848514834], [-99.0135885207885, 19.7694942713887], [-99.0136121521514, 19.7695036220793], [-99.01363577859951, 19.7695129000994], [-99.0136594014327, 19.7695221019978], [-99.01368302191061, 19.769531224325], [-99.01370664125571, 19.7695402636342], [-99.01373026064961, 19.7695492164794], [-99.0137538812307, 19.7695580794168], [-99.0137775040926, 19.769566849003], [-99.01380113028321, 19.7695755217941], [-99.01382476080151, 19.7695840943469], [-99.013848396599, 19.769592563221], [-99.0138720385755, 19.7696009249705], [-99.0138956875774, 19.7696091761541], [-99.0139193443966, 19.7696173133269], [-99.0139430097698, 19.7696253330448], [-99.0144753783492, 19.7697740840102], [-99.01502164595829, 19.7698673121103], [-99.0155753711138, 19.7699039180145], [-99.0161300243673, 19.7698834700714], [-99.0166790653232, 19.7698062094026], [-99.01701968670861, 19.769716880361], [-99.01721115119588, 19.7696627021681], [-99.0174756044681, 19.7695694568189], [-99.01773356233592, 19.7694798587796], [-99.0178478607783, 19.7694192827524], [-99.0179737177115, 19.7693538422382], [-99.0182187034412, 19.7692277274848], [-99.0183637298519, 19.7691516735215], [-99.0184989026882, 19.7690839317444], [-99.0186261281185, 19.768979396911], [-99.01863993305372, 19.768967197208], [-99.0186527392442, 19.7689574199262], [-99.01867935260199, 19.7689359013378], [-99.0186925104496, 19.7689236229586], [-99.0187174619033, 19.7689040831054], [-99.0187542728687, 19.7688739002256], [-99.0187933551272, 19.7688437650152], [-99.0188177897036, 19.7688223806143], [-99.01884632359722, 19.7687989403024], [-99.0188806805816, 19.7687710334808], [-99.0189104321519, 19.7687481799166], [-99.0189463016494, 19.7687185097809], [-99.0189796253519, 19.7686907993278], [-99.0190046903047, 19.7686703893163], [-99.0190290133824, 19.7686493772338], [-99.01905265448781, 19.7686290357294], [-99.0190777437067, 19.7686106268565], [-99.01910821777109, 19.7685852547282], [-99.01914120993972, 19.7685581387568], [-99.01918169951891, 19.7685251524999], [-99.0192279587928, 19.7684862369325], [-99.0192522034401, 19.768467922735], [-99.0192913872706, 19.7684356986617], [-99.02009467337959, 19.7677773558668], [-99.0209144296873, 19.7671079143363], [-99.02254629754569, 19.7657730054432], [-99.02566277077419, 19.7632276813291], [-99.03201744653609, 19.7580326005506], [-99.0329613724041, 19.7572629387318], [-99.03340928831611, 19.7568973421955], [-99.0338527086921, 19.7565280232359], [-99.0367629177683, 19.7541537415054], [-99.03691720805219, 19.7540213494205], [-99.0370879138788, 19.7538894762939], [-99.0384587925336, 19.7527606655206], [-99.0384951244042, 19.75273241143], [-99.0385318543983, 19.7527024353427], [-99.038572020995, 19.7526684684051], [-99.0386233070624, 19.7526262225141], [-99.0386570770927, 19.7525979881698], [-99.0387031491598, 19.7525616381964], [-99.038743146801, 19.7525283081961], [-99.0387886089376, 19.7524917636191], [-99.0388411404819, 19.7524481632508], [-99.0388906962645, 19.7524086839565], [-99.03896977192849, 19.752340711401], [-99.03901313834689, 19.7523035977308], [-99.0390723745963, 19.7522517845966], [-99.0391157878671, 19.7522127841845], [-99.03915608204332, 19.7521761536505], [-99.039216439731, 19.7521231930106], [-99.03929400145118, 19.7520553042886], [-99.0393646373931, 19.7519920682072], [-99.0394058914471, 19.7519551480931], [-99.03946012404089, 19.7519089841493], [-99.0394971882418, 19.7518766404013], [-99.0395487557933, 19.7518314814114], [-99.03970480708699, 19.7516937303589], [-99.03988149132459, 19.7515408659601], [-99.0400458627715, 19.7513927550988], [-99.0401883674217, 19.7512467880765], [-99.04036114213218, 19.7510693233254], [-99.0405088363811, 19.7509170852896], [-99.0406810856837, 19.7507420710492], [-99.0408430470769, 19.7505767681147], [-99.04103718599261, 19.7503745637056], [-99.04111072806882, 19.7503017215075], [-99.0411947856439, 19.7502135814646], [-99.04127961017382, 19.7501247957205], [-99.0413497324047, 19.7500535537311], [-99.04140327153061, 19.7499928810508], [-99.0414932596579, 19.7498882239339], [-99.0415744820664, 19.7497925100683], [-99.0416626476883, 19.7496904117265], [-99.0417499289159, 19.7495892001354], [-99.04184076725592, 19.7494832654057], [-99.04192789177579, 19.7493798942111], [-99.0422500175444, 19.7490058987513], [-99.042580775818, 19.7486217096158], [-99.0432400563302, 19.7478547143704], [-99.04454325416332, 19.7463402364848], [-99.0471583015013, 19.743301607359], [-99.05239088191351, 19.7372202817941], [-99.0525833361653, 19.7370557282611], [-99.0550393427063, 19.7342009586795], [-99.0550490577377, 19.7341896656384], [-99.0550587580066, 19.7341783874509], [-99.0550684423264, 19.7341671232026], [-99.05507810951441, 19.7341558719841], [-99.0550877583924, 19.7341446328883], [-99.0550973877845, 19.7341334050155], [-99.05510699652122, 19.7341221874715], [-99.0551165834339, 19.7341109793665], [-99.0551261473582, 19.7340997798187], [-99.0551356871312, 19.7340885879521], [-99.055145201595, 19.7340774028957], [-99.0551546895916, 19.7340662237888], [-99.0551641499659, 19.7340550497758], [-99.0551735815639, 19.7340438800104], [-99.05518298323422, 19.7340327136535], [-99.0551923538237, 19.7340215498748], [-99.05520169218491, 19.7340103878524], [-99.0552109971675, 19.7339992267733], [-99.05522501491119, 19.7339823504533], [-99.0552433995301, 19.7339600380998], [-99.0552616319606, 19.7339377130537], [-99.0552797025043, 19.7339153698859], [-99.05529760162422, 19.733893003143], [-99.0553153198576, 19.7338706074545], [-99.0553284014364, 19.7338538674105], [-99.0553931990099, 19.7337686143965], [-99.0554558755138, 19.7336819512683], [-99.0555163967385, 19.733593925331], [-99.05557472965519, 19.7335045846329], [-99.0556308424242, 19.7334139779395], [-99.0556847044217, 19.7333221547079], [-99.055736286252, 19.7332291650593], [-99.05578555976231, 19.7331350597513], [-99.05583249806199, 19.7330398901512], [-99.05584153978391, 19.7330209072404], [-99.0558535305805, 19.7329953309889], [-99.0558654062649, 19.7329696196518], [-99.0558771765324, 19.7329437781567], [-99.05588885104602, 19.7329178117665], [-99.055900439566, 19.7328917257973], [-99.0559119519178, 19.7328655256907], [-99.0559233978018, 19.7328392174589], [-99.05593478677359, 19.73281280774], [-99.0559461278006, 19.7327863048417], [-99.0559574286592, 19.7327597201951], [-99.0559686941306, 19.7327330726507], [-99.0559799200365, 19.7327064027424], [-99.05598864415359, 19.7326856099371], [-99.05599429416618, 19.732672128136], [-99.0559999478231, 19.7326586258179], [-99.0560056065408, 19.7326451035138], [-99.0560112717415, 19.7326315617598], [-99.0560821992072, 19.7324620125557], [-99.05643711800128, 19.7325951358091], [-99.0563661908521, 19.7327646851504], [-99.0563605186422, 19.7327782437281], [-99.0563548388433, 19.7327918164796], [-99.05634915001599, 19.7328054028634], [-99.05634345071711, 19.7328190023376], [-99.0563377394997, 19.7328326143559], [-99.0563320149118, 19.7328462383694], [-99.0563262754997, 19.7328598738244], [-99.0563205198032, 19.7328735201649], [-99.0563147463627, 19.7328871768283], [-99.0563089537111, 19.7329008432474], [-99.0563031403805, 19.7329145188508], [-99.05629730489892, 19.7329282030587], [-99.0562914457945, 19.7329418952878], [-99.0562855615888, 19.7329555949466], [-99.0562796508051, 19.7329693014355], [-99.05627371196012, 19.7329830141487], [-99.05626774357341, 19.732996732472], [-99.0562617441596, 19.7330104557824], [-99.0562557122337, 19.7330241834486], [-99.0562496463074, 19.7330379148295], [-99.05624354489461, 19.7330516492732], [-99.0562374065042, 19.7330653861203], [-99.0562312296492, 19.7330791246971], [-99.0562250128376, 19.7330928643228], [-99.0562187545822, 19.733106604302], [-99.05621245339202, 19.7331203439284], [-99.0562061077779, 19.7331340824841], [-99.0561997162518, 19.7331478192365], [-99.0561932773275, 19.7331615534417], [-99.05618678951768, 19.7331752843408], [-99.0561802513305, 19.7331890111698], [-99.05612953927101, 19.733291832693], [-99.05607630423468, 19.7333935043564], [-99.0560205752758, 19.7334939706627], [-99.05596238280772, 19.7335931767728], [-99.0559017585913, 19.733691068536], [-99.05583873571238, 19.7337875925176], [-99.0557733485688, 19.7338826960315], [-99.0557056328464, 19.7339763271658], [-99.05563562550459, 19.7340684348115], [-99.0556261661727, 19.7340805396372], [-99.05561667849, 19.7340926048297], [-99.0556071638922, 19.7341046312398], [-99.05559762380459, 19.7341166197246], [-99.0555880596389, 19.7341285711495], [-99.05557847279549, 19.7341404863879], [-99.05556886466441, 19.7341523663187], [-99.05555923662389, 19.734164211828], [-99.05554959004101, 19.7341760238081], [-99.0555399262723, 19.734187803157], [-99.05553024666368, 19.7341995507761], [-99.0555205525517, 19.734211267575], [-99.0555108452632, 19.7342229544633], [-99.0555011261137, 19.7342346123579], [-99.0554913964128, 19.7342462421792], [-99.055481657457, 19.7342578448477], [-99.05547191053779, 19.7342694212901], [-99.05546215693641, 19.7342809724333], [-99.0554523979263, 19.7342924992068], [-99.05544263477421, 19.7343040025428], [-99.05543286873831, 19.7343154833735], [-99.0554231010692, 19.734326942632], [-99.05541333301268, 19.7343383812524], [-99.05540356580511, 19.7343498001679], [-99.0553938006788, 19.7343612003142], [-99.0553840388604, 19.7343725826227], [-99.0553742815682, 19.7343839480274], [-99.0553645300183, 19.734395297458], [-99.0553547854193, 19.7344066318438], [-99.055345048976, 19.7344179521135], [-99.0553353218911, 19.7344292591913], [-99.05444573552901, 19.7354632987796], [-99.05671392574662, 19.7334770900308], [-99.0567569651749, 19.7339933098954], [-99.0547054525761, 19.7357897768355], [-99.05453213816759, 19.7358010663954], [-99.05454089177901, 19.7359177569396], [-99.05452827934009, 19.7359185298833], [-99.0545302085019, 19.7359432314652], [-99.0540975317472, 19.7363221081926]]], [[[-99.0578890303033, 19.732448039841], [-99.0579710846173, 19.732573721298], [-99.05772758102319, 19.7325894271472], [-99.0578724755137, 19.7324625410586], [-99.05788127609101, 19.7324548331806], [-99.0578890303033, 19.732448039841]]], [[[-98.9335105060561, 19.8337394784242], [-98.93479166989512, 19.8327413969659], [-98.9351121519572, 19.8328029643855], [-98.9334004622097, 19.8341337062186], [-98.9335105060561, 19.8337394784242]]], [[[-98.9000674239589, 19.8625867213516], [-98.9001907720611, 19.8624488344111], [-98.90031690750821, 19.8623132985137], [-98.9004378305411, 19.8621731237251], [-98.9005620471054, 19.8620353635194], [-98.9006853088178, 19.8618967893785], [-98.900809686743, 19.8617599689133], [-98.9009315817087, 19.8616221438916], [-98.9010567621768, 19.8614842754233], [-98.9011794876286, 19.8613465500922], [-98.9013035883361, 19.8612087169933], [-98.9014274217755, 19.8610702601168], [-98.90160751083519, 19.8608727605244], [-98.9017886729345, 19.8610105905971], [-98.9006474267774, 19.8630948514714], [-98.8999336573669, 19.8627360158551], [-98.8999436264969, 19.8627249694243], [-98.9000674239589, 19.8625867213516]]]]}}, {"type": "Feature", "properties": {"id": "MUN_estado_de_mexico_tecamac", "nivel": "municipio", "nombre": "Tecamac", "municipio": "Tecamac", "estado": "Estado De Mexico", "proyecto": "TAP"}, "geometry": {"type": "MultiPolygon", "coordinates": [[[[-98.97241410891381, 19.792196583745], [-98.9725238901789, 19.7920069607321], [-98.9725260187827, 19.7921625458538], [-98.9724160749665, 19.7923524372288], [-98.9724119445469, 19.7923595711449], [-98.9723827452196, 19.7923469248445], [-98.9723853576531, 19.7923242542501], [-98.97238742325031, 19.7923065001549], [-98.97238664298779, 19.7922440250154], [-98.97241410891381, 19.792196583745]]], [[[-98.97131100668571, 19.7941019215302], [-98.9713457308063, 19.7940419449544], [-98.9714407698517, 19.7940030180732], [-98.971459350229, 19.794004838945], [-98.9713888747366, 19.7941260741548], [-98.9713509065048, 19.7941921336867], [-98.9713428579744, 19.7942060351806], [-98.9713020035509, 19.7941891068042], [-98.971303827803, 19.7941857877741], [-98.97126995442662, 19.7941728281951], [-98.9712727919004, 19.794167914522], [-98.97131100668571, 19.7941019215302]]], [[[-98.967471042269, 19.7982147133661], [-98.96853415616809, 19.7987816058573], [-98.96853038803631, 19.7987880722096], [-98.96753898894431, 19.7984237994336], [-98.9672481369005, 19.799319401707], [-98.96689123063999, 19.7991974788617], [-98.967471042269, 19.7982147133661]]]]}}, {"type": "Feature", "properties": {"id": "MUN_estado_de_mexico_tecamac", "nivel": "municipio", "nombre": "Tecamac", "municipio": "Tecamac", "estado": "Estado De México", "proyecto": "TAP"}, "geometry": {"type": "MultiPolygon", "coordinates": [[[[-98.9838425002183, 19.7768312760337], [-98.9839431509655, 19.7767834283239], [-98.9839919323499, 19.7768380155465], [-98.98389352772591, 19.7768858131735], [-98.9838425002183, 19.7768312760337]]], [[[-98.98394230803041, 19.7767824125121], [-98.98405374533418, 19.7767300965653], [-98.98409704598099, 19.7767875303084], [-98.9839928422705, 19.7768381697863], [-98.98394230803041, 19.7767824125121]]], [[[-98.9695093575632, 19.7973721527635], [-98.96919762457571, 19.7979888491617], [-98.96908170595118, 19.797943798311], [-98.96915110150822, 19.7978270355782], [-98.9692425313587, 19.797668363502], [-98.96933411377562, 19.7975097636973], [-98.9694254668895, 19.7973510553606], [-98.96942992709002, 19.79734332958], [-98.9695093575632, 19.7973721527635]]], [[[-98.9675899748806, 19.7994542492544], [-98.96709227915498, 19.8004852132553], [-98.96629037154992, 19.8002094296114], [-98.966533764982, 19.7997893864819], [-98.96688695348341, 19.7991960177356], [-98.9672481369005, 19.799319401707], [-98.9675899748806, 19.7994542492544]]], [[[-98.97855744131871, 19.7817439204278], [-98.9784594793366, 19.7819133416665], [-98.9784556990743, 19.7819117055306], [-98.97855744131871, 19.7817439204278]]], [[[-98.9784594793366, 19.7819133416665], [-98.9782412765979, 19.7822943022954], [-98.97822718645828, 19.7822885440697], [-98.9784556990743, 19.7819117055306], [-98.9784594793366, 19.7819133416665]]], [[[-98.9782412765979, 19.7822943022954], [-98.97798457222528, 19.7827351635705], [-98.97796190956929, 19.7827259973542], [-98.97822718645828, 19.7822885440697], [-98.9782412765979, 19.7822943022954]]], [[[-98.97798457222528, 19.7827351635705], [-98.9776961159456, 19.7832303232758], [-98.97766312399122, 19.7832187248054], [-98.97796190956929, 19.7827259973542], [-98.97798457222528, 19.7827351635705]]], [[[-98.9844198419585, 19.7765958382394], [-98.98441146650029, 19.7765768818468], [-98.9844094853475, 19.7765721865263], [-98.9844745180439, 19.7765341564838], [-98.9845157599174, 19.7765100571142], [-98.98460536297888, 19.7764576726583], [-98.98463304081062, 19.7765103317286], [-98.9845591264337, 19.7765399077441], [-98.9845317759701, 19.776550853879], [-98.9844771177393, 19.7765727629664], [-98.9844198419585, 19.7765958382394]]], [[[-98.9843396042527, 19.7766285228721], [-98.9843245184284, 19.7766347312283], [-98.98429912001261, 19.7766452379544], [-98.98428629817602, 19.7766509446315], [-98.9842735645409, 19.7766277316419], [-98.98429919849191, 19.7766172619169], [-98.98430523680439, 19.776614795369], [-98.9844007397451, 19.7765757798927], [-98.9844094139077, 19.7765722363709], [-98.98441146650029, 19.7765768818468], [-98.9844198419585, 19.7765958382394], [-98.9844065821189, 19.7766012061132], [-98.9843919631376, 19.7766071380804], [-98.984373630059, 19.7766145993679], [-98.98435420693518, 19.7766225344502], [-98.9843396042527, 19.7766285228721]]], [[[-98.98417758577239, 19.7766752488818], [-98.98427355809011, 19.7766277222701], [-98.98428629817602, 19.7766509446315], [-98.98418760652902, 19.7766956898766], [-98.9841765515333, 19.7766766417131], [-98.98417758577239, 19.7766752488818]]], [[[-98.9838926268249, 19.7766167477167], [-98.9838746022404, 19.7765989837515], [-98.9838953037817, 19.7765890217713], [-98.983945589457, 19.7765661717964], [-98.98400233291511, 19.7765406581205], [-98.9840473817399, 19.7765205437316], [-98.9841120072793, 19.7764917993606], [-98.9844810766951, 19.776327783061], [-98.9845136329406, 19.7763468057483], [-98.9838926268249, 19.7766167477167]]], [[[-98.9845733854499, 19.776286760611], [-98.9849399610264, 19.7761238472311], [-98.9848800798499, 19.7761939053832], [-98.9846342597538, 19.7763148345083], [-98.9845733854499, 19.776286760611]]], [[[-98.9642513988324, 19.8064527358077], [-98.9640908813752, 19.8063844209252], [-98.96401030249432, 19.8063517815617], [-98.96462227770189, 19.8053698113765], [-98.9648288695463, 19.8054555489406], [-98.9642513988324, 19.8064527358077]]]]}}, {"type": "Feature", "properties": {"id": "MUN_hidalgo_tecamac", "nivel": "municipio", "nombre": "Tecamac", "municipio": "Tecamac", "estado": "Hidalgo", "proyecto": "TAP"}, "geometry": {"type": "MultiPolygon", "coordinates": [[[[-98.9730792740929, 19.7912059503383], [-98.9726446674737, 19.7919574976055], [-98.9726436257085, 19.7918001433202], [-98.97299794765982, 19.7911881246161], [-98.9730792740929, 19.7912059503383]]], [[[-98.9760133436278, 19.7861316843669], [-98.9759574704654, 19.7861780793778], [-98.97590326304521, 19.7861567529602], [-98.97592803365431, 19.7861143657216], [-98.9759680801061, 19.7861224942528], [-98.9760133436278, 19.7861316843669]]], [[[-98.9763083647916, 19.7855362278035], [-98.97621485269102, 19.7857049148154], [-98.9762611997702, 19.7855442523918], [-98.97634400605732, 19.785402553672], [-98.9763120972296, 19.7855222309048], [-98.9763083647916, 19.7855362278035]]], [[[-99.0057238079906, 19.7681430545147], [-99.005740001032, 19.7681491258969], [-99.005430763985, 19.7683347130333], [-99.0053943101894, 19.7682859359669], [-99.0053943101751, 19.7682859359478], [-99.0056111805897, 19.7681510631024], [-99.00554612030919, 19.7681261040359], [-99.0055565697094, 19.7681193114599], [-99.0055565707161, 19.7681193108054], [-99.00559255506802, 19.7680938427698], [-99.0057238079906, 19.7681430545147]]]]}}, {"type": "Feature", "properties": {"id": "MUN_mexico_tecamac", "nivel": "municipio", "nombre": "Tecamac", "municipio": "Tecamac", "estado": "Mexico", "proyecto": "TAP"}, "geometry": {"type": "MultiPolygon", "coordinates": [[[[-98.97406748332827, 19.78948331931925], [-98.97294773453824, 19.78921304150132], [-98.97294766527625, 19.78921302478307], [-98.97291089751812, 19.78920414988172], [-98.97282079804556, 19.78968196187465], [-98.97282062954616, 19.78968316743807], [-98.97282062598327, 19.78968328558088], [-98.97274573834316, 19.79192029240949], [-98.97274573834946, 19.79192029222166], [-98.97283882033372, 19.7919957917886], [-98.97406727529201, 19.78948376831385], [-98.97406733596586, 19.78948364424187], [-98.97406748332827, 19.78948331931925]]], [[[-98.97444954449402, 19.78876920363046], [-98.9744492811337, 19.78876962207755], [-98.9742420317376, 19.78909891500685], [-98.97316692036236, 19.78882912268959], [-98.97331947365602, 19.78849700502943], [-98.97331947365602, 19.78849700502943], [-98.97444954449402, 19.78876920363046]]], [[[-98.97424205273599, 19.7890988641806], [-98.97424203174182, 19.78909891500016], [-98.97406747958492, 19.78948331841572], [-98.97406727529201, 19.78948376831385], [-98.97294766527625, 19.78921302478307], [-98.97309749955645, 19.78881170534855], [-98.9731668728829, 19.78882911077476], [-98.97316692036236, 19.78882912268959], [-98.97424205273599, 19.7890988641806]]]]}}, {"type": "Feature", "properties": {"id": "MUN_mexico_tecamac", "nivel": "municipio", "nombre": "Tecamac", "municipio": "Tecamac", "estado": "México", "proyecto": "TAP"}, "geometry": {"type": "MultiPolygon", "coordinates": [[[[-99.0240091437687, 19.78594740412015], [-99.02593320788782, 19.78361463631159], [-99.02674510642196, 19.78263019325154], [-99.02679788409182, 19.7825628757368], [-99.02685347889879, 19.78249198732595], [-99.02740792804876, 19.78178493143788], [-99.02752793408506, 19.78163189578684], [-99.02645226383306, 19.780475414022], [-99.0263984926305, 19.78041761810388], [-99.02516201867665, 19.77908821286643], [-99.02480327700442, 19.77870249663495], [-99.02476578650948, 19.77866221703332], [-99.02317164084825, 19.77694820762257], [-99.0231517692446, 19.77692683075101], [-99.01797612600919, 19.77136169088882], [-99.0175278025284, 19.77178756581054], [-99.01749024629233, 19.77182325091784], [-99.00635751621482, 19.76822326005841], [-99.00638423386371, 19.76820020010305], [-99.00781047742151, 19.76697045850005], [-99.00936154940868, 19.76563304488944], [-99.00939777273426, 19.76560181395534], [-99.01006800534319, 19.76502387917143], [-99.01170006677009, 19.76361658221818], [-99.0117369239241, 19.76358478313707], [-99.01224123324565, 19.76314991657835], [-99.01405140859202, 19.76158895581579], [-99.01409490122944, 19.76155145809618], [-99.01446786846579, 19.76122984096068], [-99.01639103505283, 19.75957139302747], [-99.01643240864786, 19.75953571137128], [-99.01665198395712, 19.75934634860964], [-99.01869728160976, 19.75758251390161], [-99.01874055714029, 19.7575451920831], [-99.01887558558282, 19.75742874195062], [-99.02098047654609, 19.75561343048411], [-99.02101889070798, 19.75558029126974], [-99.02111810705384, 19.75549472727806], [-99.02342839183885, 19.75350219516221], [-99.02345178489966, 19.75348202256618], [-99.02450650859313, 19.75257233449857], [-99.02564618024958, 19.75158937592367], [-99.02570383704666, 19.75153963456627], [-99.02804880565805, 19.74951704741391], [-99.02808593864823, 19.74948497842247], [-99.03250133131422, 19.74567637867064], [-99.03274128526598, 19.7457138502986], [-99.03412187564369, 19.74592928297983], [-99.03501066861377, 19.74606931785639], [-99.03684056601877, 19.7463764937681], [-99.03688972968794, 19.74696524502682], [-99.03699304229116, 19.74820173296941], [-99.03710262778743, 19.74951325918769], [-99.03718374794933, 19.75048397981385], [-99.03721318712388, 19.75083641852348], [-99.03721597657288, 19.75086961519315], [-99.0324825046724, 19.75115264176326], [-99.033541779081, 19.76509108351713], [-99.03596348326137, 19.77175234641594], [-99.04814632283123, 19.773912361726], [-99.04882676298416, 19.77741632897555], [-99.04779623114129, 19.78357403792204], [-99.047675605769, 19.78356191463409], [-99.0469351416768, 19.78348744197363], [-99.04611726526997, 19.78340519204674], [-99.04542766335788, 19.78333389757655], [-99.04473995769786, 19.78326395143632], [-99.04408594745227, 19.78320088758668], [-99.04403250275963, 19.78352571026094], [-99.04379817287975, 19.78494972195111], [-99.04370731965928, 19.78550185618692], [-99.04315366796718, 19.78538067919945], [-99.04311975446551, 19.78537326351335], [-99.04253546945891, 19.78524537623914], [-99.04155765731882, 19.78503134075075], [-99.04131914022987, 19.78497914345964], [-99.04126018789829, 19.78496623421528], [-99.04050378659343, 19.78480066474941], [-99.03967505246521, 19.78461927306335], [-99.03937475826187, 19.7847588414232], [-99.03934584807466, 19.78478945245937], [-99.03889376624264, 19.78526799273229], [-99.03864924019537, 19.78552680884471], [-99.038522128819, 19.78566135730112], [-99.0379107931607, 19.78630843622418], [-99.03785550140526, 19.78636695139978], [-99.03755634538183, 19.78668360525852], [-99.03709863403043, 19.78716805978692], [-99.03707794826894, 19.78718995625049], [-99.03632733634348, 19.78798443020024], [-99.03626877840536, 19.7880464074949], [-99.03622952399718, 19.78808795716214], [-99.03543206845904, 19.78893201494999], [-99.03537207876725, 19.78899548695664], [-99.03530775494441, 19.78906357911269], [-99.03468256491746, 19.78972528037785], [-99.03449815057152, 19.78992047679892], [-99.03445058135023, 19.78997082004955], [-99.0340838790847, 19.79035892407234], [-99.03368160486012, 19.79078468703084], [-99.03285627377468, 19.79165818614715], [-99.03282650775695, 19.79168969506527], [-99.0328143110408, 19.79170261023811], [-99.02887853034349, 19.79075795008881], [-99.0235530551727, 19.78942700416998], [-99.02347921610631, 19.78940854773258], [-99.0233851979826, 19.78938615804988], [-99.02332789915467, 19.78937251275759], [-99.02153595789748, 19.78894580838394], [-99.02174551945363, 19.78869174296643], [-99.02205045892265, 19.7883220543791], [-99.02242178941728, 19.78787188143232], [-99.02286010029778, 19.78734049198702], [-99.02338440830854, 19.78670482502214], [-99.0240091437687, 19.78594740412015]]], [[[-98.97039689946318, 19.7956807761693], [-98.9712685501293, 19.7941752450861], [-98.9713428616028, 19.794206036684], [-98.9704733508087, 19.795707754909], [-98.97039689946318, 19.7956807761693]]], [[[-98.9700523708373, 19.7964348295377], [-98.96998319370802, 19.7964117467429], [-98.969968539205, 19.7964066022885], [-98.9699732094547, 19.7963985783113], [-98.9700666424595, 19.7962409453656], [-98.9701584237199, 19.7960824535873], [-98.9701787662, 19.7960487855141], [-98.9702602778709, 19.7960757471144], [-98.9700523708373, 19.7964348295377]]], [[[-98.9702602778709, 19.7960757471144], [-98.9701787662, 19.7960487855141], [-98.97025325015929, 19.7959255437223], [-98.9702986433815, 19.795850490825], [-98.9703971286766, 19.7956803785839], [-98.9704737423793, 19.7957070862435], [-98.9702602778709, 19.7960757471144]]], [[[-98.9697208197984, 19.7970074235562], [-98.9696371210668, 19.796981961465], [-98.9696984559241, 19.7968743605467], [-98.969789120958, 19.7967152904197], [-98.96981129758319, 19.7966770771433], [-98.969897001054, 19.796703154], [-98.9697208197984, 19.7970074235562]]], [[[-98.969897001054, 19.796703154], [-98.96981129758319, 19.7966770771433], [-98.9698810364175, 19.7965568711108], [-98.969968539205, 19.7964066022885], [-98.96998319370802, 19.7964117467429], [-98.9700523708373, 19.7964348295377], [-98.969897001054, 19.796703154]]], [[[-98.96952453358539, 19.7973464273174], [-98.9694441959062, 19.7973186251545], [-98.9695170775827, 19.7971924735347], [-98.9696077907099, 19.7970334306247], [-98.9696371210668, 19.796981961465], [-98.9697208197984, 19.7970074235562], [-98.96952453358539, 19.7973464273174]]], [[[-98.975569510129, 19.7868008160844], [-98.97554392592, 19.7867899863759], [-98.9759092589412, 19.7861591154538], [-98.97595746806799, 19.7861780813685], [-98.975569510129, 19.7868008160844]]], [[[-98.9742660320394, 19.7887183905721], [-98.9748335020329, 19.7877381481589], [-98.9749451835532, 19.7877960723182], [-98.9744035651313, 19.7887315951548], [-98.974447200065, 19.7887614502838], [-98.9742660320394, 19.7887183905721]]], [[[-98.9751027948502, 19.7876150128701], [-98.9750737835341, 19.7876018149494], [-98.97554392592, 19.7867899863759], [-98.975569510129, 19.7868008160844], [-98.9751027948502, 19.7876150128701]]], [[[-98.9748254181957, 19.7887551058119], [-98.97482225836939, 19.7887534696877], [-98.97499400920438, 19.788454914543], [-98.97501736934548, 19.7884646595893], [-98.9748254181957, 19.7887551058119]]], [[[-98.97299794519651, 19.7911881240761], [-98.97398326610768, 19.7894861699966], [-98.97389269065681, 19.7894391920174], [-98.9739872986977, 19.7892281941598], [-98.9739999626803, 19.7892003623452], [-98.97401296078381, 19.7891726751686], [-98.9740262739152, 19.7891451235902], [-98.9740399211671, 19.7891177166498], [-98.97405388344521, 19.7890904543443], [-98.9740681607494, 19.7890633366738], [-98.974082753078, 19.789036372675], [-98.9740976699782, 19.7890095623493], [-98.974112892354, 19.7889829147308], [-98.9742660320394, 19.7887183905721], [-98.974447200065, 19.7887614502838], [-98.973079800087, 19.7912060656294], [-98.97299794519651, 19.7911881240761]]], [[[-98.9760133436278, 19.7861316843669], [-98.97593442161671, 19.7861156603673], [-98.9761098342061, 19.7858127577997], [-98.9761492804617, 19.7858232006908], [-98.9760133436278, 19.7861316843669]]], [[[-98.9769454952569, 19.7852059760373], [-98.97688717630452, 19.7851860963532], [-98.9769392961174, 19.7850956978767], [-98.976990768192, 19.7851277674491], [-98.9769454952569, 19.7852059760373]]], [[[-98.9763083647916, 19.7855362278035], [-98.9763397054877, 19.7854186979612], [-98.9769187015989, 19.7844464115857], [-98.97693073001838, 19.7844504255243], [-98.9763083647916, 19.7855362278035]]], [[[-98.9762733383124, 19.7863671846422], [-98.97621446448849, 19.7863527629576], [-98.97688717630452, 19.7851860963532], [-98.9769454952569, 19.7852059760373], [-98.9762733383124, 19.7863671846422]]], [[[-98.9662438017219, 19.8029969755992], [-98.9661186649695, 19.8029549213531], [-98.9661653858572, 19.8028735132746], [-98.96625772849109, 19.8027153888229], [-98.9663482627172, 19.8025565627175], [-98.9664386497799, 19.8023974789842], [-98.9665287093332, 19.802237616161], [-98.9666221988308, 19.8020797998815], [-98.9667132383312, 19.8019211688701], [-98.966805184686, 19.8017625921991], [-98.966897482192, 19.8016041465776], [-98.9669905966226, 19.8014466092637], [-98.96708107214079, 19.8012876598501], [-98.967092114298, 19.8012686157369], [-98.96743052186, 19.8009627727142], [-98.9662438017219, 19.8029969755992]]], [[[-98.967092114298, 19.8012686157369], [-98.9671560376481, 19.8011583720296], [-98.9666153341363, 19.8008700538088], [-98.9660746316193, 19.8005817330417], [-98.9662903696407, 19.8002094278036], [-98.96709227915498, 19.8004852132553], [-98.9675899748806, 19.7994542492544], [-98.9682040072802, 19.7996485533019], [-98.96743052186, 19.8009627727142], [-98.967092114298, 19.8012686157369]]], [[[-98.9653742397357, 19.8045137770874], [-98.9653360421433, 19.8044951627335], [-98.96523960781721, 19.8044481883412], [-98.9653168855946, 19.8043337963866], [-98.96533594121341, 19.8042998936894], [-98.9654287726018, 19.804141016112], [-98.9655215082363, 19.8039825541616], [-98.96561450151928, 19.8038239205088], [-98.9657096617568, 19.8036664529787], [-98.9658049836607, 19.8035111452418], [-98.96583923626869, 19.803447297153], [-98.9658579432048, 19.8034356160341], [-98.9660999445424, 19.8032605814677], [-98.9653742397357, 19.8045137770874]]], [[[-98.96583923626869, 19.803447297153], [-98.96589117868172, 19.8033504768353], [-98.9659830256005, 19.8031912643989], [-98.9660741466018, 19.803032485545], [-98.9661331268144, 19.8029297292533], [-98.96626702753751, 19.8029720472138], [-98.9660999445424, 19.8032605814677], [-98.96585791455712, 19.8034356341024], [-98.96583923626869, 19.803447297153]]], [[[-98.9642513988324, 19.8064527358077], [-98.9640908813752, 19.8063844209252], [-98.96401030249442, 19.8063517815617], [-98.96462227770189, 19.8053698113765], [-98.9648288695463, 19.8054555489406], [-98.9642513988324, 19.8064527358077]]], [[[-98.9648288695463, 19.8054555489406], [-98.96462227770189, 19.8053698113765], [-98.96468480150469, 19.8052694872157], [-98.96523960781721, 19.8044481883412], [-98.9653360421433, 19.8044951627335], [-98.9653742397357, 19.8045137770874], [-98.9648288695463, 19.8054555489406]]], [[[-98.9682040072802, 19.7996485533019], [-98.9675899748806, 19.7994542492544], [-98.9672481369005, 19.799319401707], [-98.96753898894431, 19.7984237994336], [-98.9686564998758, 19.7988344093515], [-98.9682040072802, 19.7996485533019]]], [[[-98.9686827340401, 19.79880022739], [-98.96860189936152, 19.798772108474], [-98.9686927466488, 19.7986197804927], [-98.96878361415351, 19.7984608103504], [-98.96887575118468, 19.79830250911], [-98.9689668379001, 19.7981436563862], [-98.9690574757415, 19.7979845685761], [-98.96906223200808, 19.7979765627129], [-98.9691247453049, 19.7980003134396], [-98.96913567142789, 19.7979814643693], [-98.9691528558409, 19.7979883173006], [-98.9686827340401, 19.79880022739]]]]}}, {"type": "Feature", "properties": {"id": "MUN_null_tecamac", "nivel": "municipio", "nombre": "Tecamac", "municipio": "Tecamac", "estado": "Null", "proyecto": "TAP"}, "geometry": {"type": "MultiPolygon", "coordinates": [[[[-98.9786863880027, 19.781487775978], [-98.97880317522672, 19.7813201943526], [-98.9788040164537, 19.7813206581315], [-98.97867585152771, 19.7815289679667], [-98.9786574763333, 19.7815219390315], [-98.9786863880027, 19.781487775978]]], [[[-98.9770705786164, 19.784247713457], [-98.9769490180176, 19.7844567602214], [-98.9769307261993, 19.7844504282349], [-98.9769187015989, 19.7844464115857], [-98.9769136740392, 19.7844447297799], [-98.9769053607978, 19.7844419516776], [-98.976906325713, 19.7844403005062], [-98.97717198091601, 19.78398571739], [-98.9771745469146, 19.7839813264972], [-98.9772163451261, 19.7839970391509], [-98.9770705786164, 19.784247713457]]], [[[-98.9761098342061, 19.7858127577997], [-98.97593442161671, 19.7861156603673], [-98.97592803365431, 19.7861143657216], [-98.9761050341963, 19.7858114832622], [-98.9761098342061, 19.7858127577997]]], [[[-98.97554392592, 19.7867899863759], [-98.9750737852638, 19.7876018119628], [-98.9750619306178, 19.7875964178059], [-98.97506193060738, 19.7875964178011], [-98.9755353339579, 19.7867863467601], [-98.97554392696509, 19.7867899845711], [-98.97554392592, 19.7867899863759]]], [[[-98.9769187015989, 19.7844464115857], [-98.9767679191947, 19.78469961613], [-98.9763397054877, 19.7854186979612], [-98.97634400605732, 19.785402553672], [-98.9769053607978, 19.7844419516776], [-98.9769136740392, 19.7844447297799], [-98.9769307261993, 19.7844504282349], [-98.9769187015989, 19.7844464115857]]], [[[-98.9773382132417, 19.7837012629047], [-98.9773686191104, 19.7837122241231], [-98.9773796511113, 19.7837162011699], [-98.9773796511113, 19.7837162011699], [-98.9772163451261, 19.7839970391509], [-98.9771745469146, 19.7839813264972], [-98.9773382132417, 19.7837012629047]]], [[[-98.9773382132417, 19.7837012629047], [-98.9774862197947, 19.7834479951242], [-98.9775721259617, 19.7833025389777], [-98.97757212596301, 19.7833025389781], [-98.9776005394415, 19.7833139143373], [-98.97752895417649, 19.7834369439246], [-98.97752895417649, 19.7834369439247], [-98.9773686191104, 19.7837122241231], [-98.9773382132417, 19.7837012629047], [-98.9773382132417, 19.7837012629047]]], [[[-98.9899713776987, 19.7743586642365], [-98.9899773958977, 19.7743575576418], [-98.9899834059824, 19.7743564505946], [-98.9899864067767, 19.7743558966188], [-98.989989407571, 19.7743553425526], [-98.9899954007588, 19.7743542331544], [-98.9900013853551, 19.7743531218578], [-98.9900073612644, 19.7743520083013], [-98.9900133284868, 19.7743508918523], [-98.99001511002362, 19.7743505570436], [-98.99001928673572, 19.7743497721493], [-98.9900252361069, 19.7743486487405], [-98.99003117631392, 19.7743475210836], [-98.9900371074521, 19.7743463888171], [-98.9900430292354, 19.7743452514893], [-98.990048149604, 19.7743442616896], [-98.9900489416635, 19.7743441085579], [-98.9900548446412, 19.7743429596614], [-98.99006073797752, 19.7743418042576], [-98.9900636797773, 19.7743412231665], [-98.990066621577, 19.7743406420753], [-98.9900724953443, 19.7743394724821], [-98.9900783591839, 19.7743382951163], [-98.9900842130004, 19.7743371095263], [-98.9900900566029, 19.7743359153503], [-98.99009588989591, 19.7743347120464], [-98.9900967675868, 19.7743345292781], [-98.99010171287951, 19.7743334992529], [-98.99010752526732, 19.774332276518], [-98.99011332696402, 19.7743310433899], [-98.9901191178739, 19.7743297995071], [-98.9901220078402, 19.7743291719624], [-98.9901248978064, 19.7743285444177], [-98.9901306666658, 19.7743272777602], [-98.99013642435682, 19.7743259989925], [-98.9901389060327, 19.7743253429588], [-98.9901657737345, 19.7743182400653], [-98.9901767845237, 19.7743153292466], [-98.99018637061141, 19.7743127950078], [-98.9901940288086, 19.7743107704353], [-98.9902194894655, 19.7743040395065], [-98.9899485919267, 19.7744022514039], [-98.9899484372979, 19.7744023074632], [-98.9899484315838, 19.7744022895011], [-98.9899408955311, 19.7743786000641], [-98.9899366362913, 19.7743652111587], [-98.9899532741288, 19.7743619860048], [-98.98995931667099, 19.7743608778758], [-98.9899653511943, 19.7743597708306], [-98.9899713776987, 19.7743586642365]]], [[[-99.0053640008363, 19.7682453804544], [-99.0053635527526, 19.7682447808946], [-99.00554612030919, 19.7681261040359], [-99.0056111805897, 19.7681510631024], [-99.0053943101751, 19.7682859359478], [-99.0053640008363, 19.7682453804544]]], [[[-98.9723518077292, 19.7923041951201], [-98.97238664298779, 19.7922440250154], [-98.97238742325031, 19.7923065001549], [-98.9723518077292, 19.7923041951201]]], [[[-98.97210453236778, 19.7927313063974], [-98.9723518077292, 19.7923041951201], [-98.97238742325031, 19.7923065001549], [-98.9723853576531, 19.7923242542501], [-98.9723827452196, 19.7923469248445], [-98.97215522218362, 19.7927472265255], [-98.97210453236778, 19.7927313063974]]], [[[-98.97195216776362, 19.7929944798686], [-98.97210453236778, 19.7927313063974], [-98.97215522218362, 19.7927472265255], [-98.9720045597032, 19.7930107816298], [-98.97195216776362, 19.7929944798686]]], [[[-98.9717306502191, 19.7933770967407], [-98.97195216776362, 19.7929944798686], [-98.9720045597032, 19.7930107816298], [-98.9717853803474, 19.7933941920707], [-98.9717306502191, 19.7933770967407]]], [[[-98.9715147804599, 19.7937499564167], [-98.9717306502191, 19.7933770967407], [-98.9717853803474, 19.7933941920707], [-98.9715718793805, 19.7937676672641], [-98.9715147804599, 19.7937499564167]]], [[[-98.9713457308063, 19.7940419449544], [-98.9715147804599, 19.7937499564167], [-98.9715718793805, 19.7937676672641], [-98.9714407698517, 19.7940030180732], [-98.9713457308063, 19.7940419449544]]], [[[-98.968581449978, 19.7988064015788], [-98.9686019003216, 19.7987721093529], [-98.96861527709788, 19.7987767620176], [-98.9686827361482, 19.7988002281233], [-98.9686618134399, 19.7988363617062], [-98.96858123851942, 19.7988067561637], [-98.9685304035492, 19.7987880779095], [-98.96853433551152, 19.7987812965479], [-98.9685814495566, 19.7988064013542], [-98.968581449978, 19.7988064015788]]], [[[-98.96908170595118, 19.797943798311], [-98.96908170595118, 19.797943798311], [-98.96908170595118, 19.797943798311], [-98.96908732847699, 19.7979459834633], [-98.9691435674672, 19.7979678403094], [-98.9691608319523, 19.7979745500124], [-98.96915285608799, 19.7979883168741], [-98.9691433140656, 19.797984512159], [-98.96913567142789, 19.7979814643693], [-98.96913567122992, 19.797981464711], [-98.9691356696745, 19.7979814640908], [-98.96907394667139, 19.797956853099], [-98.96908170595118, 19.797943798311]]], [[[-98.9695093575632, 19.7973721527634], [-98.9694924470545, 19.7973660163983], [-98.9694579588793, 19.797353501568], [-98.96942992709002, 19.79734332958], [-98.96942992709002, 19.7973433295801], [-98.9694299256329, 19.7973433290513], [-98.9694341004619, 19.7973361027267], [-98.9694441973944, 19.7973186256695], [-98.96952453276052, 19.7973464270319], [-98.9695244799812, 19.7973465181838], [-98.9695093575632, 19.7973721527634]]]]}}, {"type": "Feature", "properties": {"id": "MUN_estado_de_mexico_tecamac", "nivel": "municipio", "nombre": "Tecámac", "municipio": "Tecámac", "estado": "Estado De México", "proyecto": "TAP"}, "geometry": {"type": "MultiPolygon", "coordinates": [[[[-99.02479702144286, 19.76745302238402], [-99.02290746767956, 19.76699499375583], [-99.02314895604312, 19.76579838348082], [-99.02500925832928, 19.76626309036108], [-99.02479702144286, 19.76745302238402]]], [[[-99.00323835835803, 19.76952746680566], [-99.00217956546511, 19.76912525574855], [-99.00227159491568, 19.76886852828322], [-99.00357057604708, 19.7693579928904], [-99.00323835835803, 19.76952746680566]]], [[[-98.99854344128167, 19.77034609431121], [-98.99872024483888, 19.76992766631641], [-99.00045982694965, 19.7705941676533], [-98.99992942631552, 19.77085419207404], [-98.99854344128167, 19.77034609431121]]], [[[-98.99780530160496, 19.77077072666573], [-98.99808166478145, 19.7703255795327], [-98.99960730048669, 19.7709609296352], [-98.99888006175304, 19.77127204310271], [-98.99780530160496, 19.77077072666573], [-98.99780530160496, 19.77077072666573], [-98.99780530160496, 19.77077072666573], [-98.99780530160496, 19.77077072666573], [-98.99780530160496, 19.77077072666573]]], [[[-98.99889290414932, 19.77150123758936], [-99.00000449904354, 19.7711029532101], [-99.000441492818, 19.77125631914611], [-99.0000500168111, 19.7723565357535], [-98.99959141090265, 19.77220919013153], [-98.9997385407712, 19.77179322009318], [-98.99889290414932, 19.77150123758936]]], [[[-98.99059281188812, 19.7741814784431], [-98.99055953756127, 19.77408503832288], [-98.99058466158665, 19.77404324789492], [-98.99064945580437, 19.77407452226588], [-98.99083438082374, 19.77407916596692], [-98.99082490107804, 19.77410218612444], [-98.99059281188812, 19.7741814784431]]], [[[-98.99036418877132, 19.77425958681045], [-98.99041931795338, 19.774039648373], [-98.99055953756127, 19.77408503832288], [-98.99059281188812, 19.7741814784431], [-98.99036418877132, 19.77425958681045]]], [[[-98.99881241734515, 19.77153007569268], [-98.99885007947607, 19.77165180777001], [-98.99856307851205, 19.77224274071701], [-98.99843256844946, 19.77220611660172], [-98.99834316075655, 19.7723834093089], [-98.99817759270486, 19.772334523388], [-98.99809874679104, 19.7724854120075], [-98.99776748224909, 19.77235930791391], [-98.99762996491164, 19.77274554948784], [-98.99669847370332, 19.77242991942319], [-98.9968662883551, 19.77224492043725], [-98.99881241734515, 19.77153007569268]]], [[[-98.99768162277864, 19.7709804493422], [-98.99780597839931, 19.77076967388136], [-98.9984367008087, 19.77106700608773], [-98.99882776392941, 19.77124819385325], [-98.99842583637307, 19.77138592389615], [-98.99768162277864, 19.7709804493422]]], [[[-98.99828363446146, 19.77130844753709], [-98.99843910717856, 19.77106580290814], [-98.99882762102382, 19.77124798259864], [-98.99842583637307, 19.77138592389615], [-98.99828363446146, 19.77130844753709]]], [[[-98.99768162277864, 19.7709804493422], [-98.99780597839931, 19.77076967388136], [-98.99843910717856, 19.77106580290814], [-98.99828363446146, 19.77130844753709], [-98.99768162277864, 19.7709804493422]]], [[[-98.99751214144919, 19.77122545499299], [-98.99768162277864, 19.7709804493422], [-98.99842583637307, 19.77138592389615], [-98.99804628178734, 19.77151634083906], [-98.99751214144919, 19.77122545499299]]], [[[-98.99804628178734, 19.77151634083906], [-98.997081640262, 19.77184779213074], [-98.99751214144919, 19.77122545499299], [-98.99804628178734, 19.77151634083906]]], [[[-99.00249284024294, 19.76813746175144], [-99.00290198174719, 19.76711170687057], [-99.00561118058972, 19.7681510631024], [-99.0044489605259, 19.76887384809783], [-99.00249284024294, 19.76813746175144]]], [[[-99.00227159491568, 19.76886852828322], [-99.00249284024294, 19.76813746175144], [-99.0044489605259, 19.76887384809783], [-99.00357057604708, 19.76935799289041], [-99.00227159491568, 19.76886852828322]]], [[[-99.00211077717645, 19.7693811207642], [-99.00218385587523, 19.76916031805187], [-99.00217956546511, 19.76912525574855], [-99.00319739799347, 19.76951190708094], [-99.00293479164787, 19.7696710208375], [-99.00211077717645, 19.7693811207642]]], [[[-99.00211077717645, 19.7693811207642], [-99.00293479164787, 19.7696710208375], [-99.0020066011031, 19.77011038348568], [-99.00189925811814, 19.77007153131675], [-99.00211077717645, 19.7693811207642]]], [[[-98.99094527007792, 19.77381639160616], [-98.99104209188758, 19.7738411585385], [-98.99105753880379, 19.77380293676416], [-98.99121915932996, 19.77396504267248], [-98.99082490107804, 19.77410218612444], [-98.99094527007792, 19.77381639160616]]], [[[-98.98984521049735, 19.77442685041882], [-98.98983804215305, 19.77436790852742], [-98.98983592863124, 19.77433760400943], [-98.98992318392933, 19.77432292395511], [-98.98994843729784, 19.77440230746319], [-98.98984521049735, 19.77442685041882]]], [[[-98.98960232664524, 19.77435561923467], [-98.98983804215305, 19.77436790852742], [-98.98984521049735, 19.77442685041882], [-98.98971285842734, 19.77446151570052], [-98.98966124934385, 19.77446554680519], [-98.98960930212198, 19.77445792386713], [-98.98960232664524, 19.77435561923467]]], [[[-98.98960930212198, 19.77445792386713], [-98.98943059957764, 19.77445653050912], [-98.9894565253505, 19.77430875360372], [-98.98950124730871, 19.77415319896651], [-98.98976470153738, 19.77416727672177], [-98.98978142394795, 19.77419615688347], [-98.98973706355868, 19.77436264393326], [-98.98960232664521, 19.77435561923466], [-98.98960930212198, 19.77445792386713]]], [[[-98.98973706355868, 19.77436264393326], [-98.98978142394795, 19.77419615688346], [-98.9898453375399, 19.77421462294474], [-98.9898133184708, 19.77436661936065], [-98.98973706355868, 19.77436264393326]]], [[[-98.98979737687505, 19.77403216052908], [-98.98988430857078, 19.77404131937232], [-98.9898779005079, 19.77418288891116], [-98.98993694515156, 19.77418549520919], [-98.98993266125242, 19.77423433739661], [-98.98995096766988, 19.77431623096965], [-98.98992318392933, 19.77432292395511], [-98.98983592863124, 19.77433760400943], [-98.98983804215305, 19.77436790852742], [-98.9898133184708, 19.77436661936065], [-98.9898453375399, 19.77421462294474], [-98.98978142394795, 19.77419615688346], [-98.98976470153738, 19.77416727672177], [-98.98979737687505, 19.77403216052908]]], [[[-98.98495248666512, 19.77644015748233], [-98.9849244442286, 19.77635940757517], [-98.98706929492904, 19.77560708056395], [-98.98710970022535, 19.77570655010063], [-98.98739057546116, 19.77562049349664], [-98.98746128233896, 19.77581178015019], [-98.98744713687942, 19.77583281980872], [-98.98741278408363, 19.77585003271902], [-98.98550130686928, 19.776516533108], [-98.98542606390485, 19.77629138671672], [-98.98495248666512, 19.77644015748233]]], [[[-98.9852553782816, 19.77588563781736], [-98.98525797458393, 19.77588680559827], [-98.98532653362973, 19.775917642491], [-98.98526773170173, 19.775978185958], [-98.98515756491842, 19.77609161537886], [-98.98488795644266, 19.77618468929901], [-98.98493995971259, 19.77612385161168], [-98.98517462751849, 19.77584931721118], [-98.9852553782816, 19.77588563781736]]], [[[-98.96899200972281, 19.79678567059511], [-98.96916637150858, 19.79648084657198], [-98.96926018684921, 19.79650939213015], [-98.96986417367093, 19.79669316812261], [-98.96966938345113, 19.79699177672682], [-98.96952751132471, 19.7969486092108], [-98.96949439039649, 19.79693853146676], [-98.96899200972281, 19.79678567059511]]], [[[-98.96924232910871, 19.79573900745354], [-98.96941910667475, 19.79533930971974], [-98.96947957728194, 19.79536039775189], [-98.97028459099005, 19.79564112991018], [-98.97046863670673, 19.79570531145755], [-98.97026613006335, 19.79607768574331], [-98.96924232910871, 19.79573900745354]]], [[[-98.98427113766694, 19.77684370555369], [-98.9841877894575, 19.77689975508951], [-98.98410010719213, 19.77679403661189], [-98.9842135505339, 19.77674199166898], [-98.98427113766694, 19.77684370555369]]], [[[-98.97749748760113, 19.77960082543293], [-98.97830232006885, 19.7780018182896], [-98.97928218032662, 19.77856361869695], [-98.97931024051285, 19.77835291898478], [-98.98055312337934, 19.77883025861438], [-98.97938999237772, 19.78037595342267], [-98.97749748760113, 19.77960082543293]]], [[[-98.97571097506123, 19.78558253340288], [-98.97564712800805, 19.78451698740994], [-98.97647131134958, 19.78481589512467], [-98.97620926545838, 19.78572428296746], [-98.97571097506123, 19.78558253340288]]], [[[-98.97755533283474, 19.78475406457797], [-98.97757490558372, 19.78476180490362], [-98.97691600908827, 19.78652461634852], [-98.9761627490602, 19.78634009188145], [-98.97715858873403, 19.78461329501265], [-98.97755533283474, 19.78475406457797]]], [[[-98.97597031829659, 19.78687145404064], [-98.97625224714089, 19.78636816355852], [-98.97648423193164, 19.78642127388219], [-98.97633009501509, 19.78706463130705], [-98.9761102670965, 19.78701026125374], [-98.97605758251153, 19.78699723072631], [-98.97604191274324, 19.78699335510452], [-98.97596521736013, 19.78697438592472], [-98.97591905439313, 19.78696296835347], [-98.97597031829659, 19.78687145404064]]], [[[-98.96817937056377, 19.79760015292915], [-98.96843338046966, 19.7970072546668], [-98.96949767706454, 19.7973569944918], [-98.9691356696745, 19.79798146409077], [-98.96817937056377, 19.79760015292915]]], [[[-98.9653149020114, 19.79996142266787], [-98.9653001925018, 19.79995653152051], [-98.96589790183931, 19.79897879389642], [-98.96753965256003, 19.79945973673115], [-98.96708973225046, 19.8004252127128], [-98.96539158090056, 19.79988534584966], [-98.9653149020114, 19.79996142266787]]], [[[-98.98471556805406, 19.7758999367208], [-98.98474347176456, 19.77585363404179], [-98.98482732366854, 19.77589043781391], [-98.98505522545966, 19.77598900443303], [-98.98488795644269, 19.77618468929898], [-98.98482536848718, 19.77621807811322], [-98.98480203033988, 19.77623052809732], [-98.98463948423483, 19.77631723877641], [-98.98457253586321, 19.77628637285402], [-98.98454840379416, 19.77627524723248], [-98.98453725035014, 19.77627010516776], [-98.98448646069643, 19.77625656219556], [-98.98465857343271, 19.77599450958128], [-98.98467664270959, 19.77596452754853], [-98.98470420087304, 19.77591879894372], [-98.98471142545209, 19.77590681084226], [-98.98471556805406, 19.7758999367208]]], [[[-98.98441146650033, 19.77657688184676], [-98.98440948907478, 19.77657221531381], [-98.98447452443435, 19.77653419001799], [-98.98451576891507, 19.77651007497098], [-98.98460536931336, 19.77645768576841], [-98.9846590940139, 19.77655989879417], [-98.98446610847739, 19.77670055436861], [-98.98441146650033, 19.77657688184676]]], [[[-98.98427356454089, 19.77662773164186], [-98.98429919849193, 19.77661726191688], [-98.98430523680439, 19.77661479536905], [-98.98440074331165, 19.77657578774744], [-98.98440941747428, 19.77657224422567], [-98.98441146650033, 19.77657688184676], [-98.98446610847739, 19.77670055436861], [-98.98435856832936, 19.77678269055114], [-98.98427356454089, 19.77662773164186]]], [[[-98.98427356454089, 19.77662773164186], [-98.98435856832936, 19.77678269055114], [-98.98427113766694, 19.77684370555369], [-98.98420682266388, 19.7767289410131], [-98.98420209325755, 19.77672065103373], [-98.9841765515333, 19.77667664171312], [-98.98417759222318, 19.77667525825355], [-98.98427356454089, 19.77662773164186]]], [[[-98.98410010719213, 19.77679403661189], [-98.98408469055659, 19.77680110936711], [-98.98418477900877, 19.77690156468926], [-98.98415784017689, 19.77691775778752], [-98.98409873175103, 19.77695328820167], [-98.98406748565868, 19.77691782941759], [-98.98406080922797, 19.77691025284774], [-98.98399246970247, 19.77683270278992], [-98.98408128663137, 19.77677134464419], [-98.98410010719213, 19.77679403661189]]], [[[-98.98409873175103, 19.77695328820167], [-98.98401459545593, 19.77702284144697], [-98.98395926780952, 19.77697234298809], [-98.98386204956927, 19.77688273085749], [-98.98384796914631, 19.77687075870646], [-98.98387694626759, 19.77685115392732], [-98.98395816847444, 19.77679620142689], [-98.98409873175103, 19.77695328820167]]], [[[-98.98383736272663, 19.77656228266913], [-98.98388251910391, 19.77653362523762], [-98.98389771330251, 19.77652519409666], [-98.98389682898573, 19.77652454380358], [-98.98411979600073, 19.77638304268517], [-98.98402930400708, 19.7763093593724], [-98.98404085055728, 19.77629762587501], [-98.98414172917765, 19.77619511384974], [-98.98417623411105, 19.77616004991025], [-98.98418272428371, 19.77615345458941], [-98.98451363294062, 19.77634680574833], [-98.98389262682483, 19.77661674771669], [-98.98383736272663, 19.77656228266913]]], [[[-98.98389682898573, 19.77652454380358], [-98.98388251910391, 19.77653362523762], [-98.9838678448378, 19.77654176787009], [-98.98383736272663, 19.77656228266913], [-98.98389262682483, 19.77661674771669], [-98.9837213663468, 19.77666162489465], [-98.98359431025355, 19.7765461021316], [-98.98355946563413, 19.7765144204362], [-98.98370110129925, 19.77638029937392], [-98.98379163541428, 19.77644718836522], [-98.98389682898573, 19.77652454380358]]], [[[-98.98241087684163, 19.77708418714456], [-98.98245704762537, 19.77700848944831], [-98.98267912898282, 19.77710484549924], [-98.98267790782593, 19.77710645666278], [-98.98280615865866, 19.77716073841658], [-98.98271522298214, 19.7772193096408], [-98.98241087684163, 19.77708418714456]]], [[[-98.98241087684163, 19.77708418714456], [-98.98271522298214, 19.7772193096408], [-98.98266746191518, 19.77725890116177], [-98.98263923445187, 19.7772475634232], [-98.9823689984568, 19.77713901811302], [-98.98241087684163, 19.77708418714456]]], [[[-98.98212789211918, 19.77766889531704], [-98.9822216488469, 19.77743303940557], [-98.98230734322978, 19.77747522588982], [-98.98212789211918, 19.77766889531704]]], [[[-98.9810776187496, 19.7783704296865], [-98.9811459875246, 19.77796437552334], [-98.98123067114275, 19.77802616491303], [-98.98121196978245, 19.77807693665887], [-98.98135364916591, 19.77819606137263], [-98.98111177420772, 19.77840637542431], [-98.9810776187496, 19.7783704296865]]], [[[-98.97775743853228, 19.78116804755372], [-98.97839044548557, 19.78001289962248], [-98.97913611527976, 19.78031587678646], [-98.97844425685716, 19.78144037721254], [-98.97775743853228, 19.78116804755372]]], [[[-98.97845999667364, 19.78191313626071], [-98.97824198232676, 19.7823142868263], [-98.9774708622226, 19.78197420363876], [-98.9775958488331, 19.78162204736957], [-98.97761823317254, 19.7815443371426], [-98.97845999667364, 19.78191313626071]]], [[[-98.97696506427778, 19.7835667433541], [-98.97710213651247, 19.78309451295006], [-98.97761369985321, 19.78329144314025], [-98.97736861911038, 19.78371222412307], [-98.97696506427778, 19.7835667433541]]], [[[-98.97696506427778, 19.7835667433541], [-98.97736861911038, 19.78371222412307], [-98.97739553588168, 19.78372192764304], [-98.97727000729763, 19.78401721164849], [-98.97691705552214, 19.78388453085031], [-98.97691486289754, 19.78388926229181], [-98.97681991503941, 19.78385144320528], [-98.97696506427778, 19.7835667433541]]], [[[-98.97652736259242, 19.78471485313248], [-98.97664739425615, 19.78435463730127], [-98.97669094338129, 19.78437029793001], [-98.97693072619933, 19.78445042823492], [-98.97630836527348, 19.78553622796523], [-98.97652736259242, 19.78471485313248]]], [[[-98.97757490558372, 19.78476180490362], [-98.97757516817295, 19.78476110236423], [-98.97755533283474, 19.78475406457797], [-98.97727492867963, 19.7846431743962], [-98.97712125145208, 19.78458240058302], [-98.97746241453652, 19.78400955553388], [-98.97967830477157, 19.78487297488393], [-98.97949118204913, 19.78551960739296], [-98.97760214745604, 19.78477257808977], [-98.97757490558372, 19.78476180490362]]], [[[-98.97597031829659, 19.78687145404064], [-98.97591905439313, 19.78696296835346], [-98.9761102670965, 19.78701026125374], [-98.97584950459367, 19.78754704842824], [-98.97569787185195, 19.78803479562886], [-98.97534959973716, 19.78784880102397], [-98.97597031829659, 19.78687145404064]]], [[[-98.9749480477131, 19.78578094614291], [-98.9759574709323, 19.78617807956146], [-98.97556950821996, 19.7868008142767], [-98.97506403553656, 19.78658682380816], [-98.9749480477131, 19.78578094614291]]], [[[-98.9749480477131, 19.78578094614291], [-98.97506403553656, 19.78658682380816], [-98.97556950821996, 19.7868008142767], [-98.97510279866886, 19.78761501377436], [-98.97385961128649, 19.7870493268089], [-98.97433963533089, 19.78558254408254], [-98.9749480477131, 19.78578094614291]]], [[[-98.97328351344355, 19.7884848169488], [-98.9737081657437, 19.78740950202267], [-98.97374861022044, 19.78723735405145], [-98.97395067914627, 19.78729476884536], [-98.97493632597516, 19.78760684534726], [-98.97497252822062, 19.78761830761228], [-98.97507937739285, 19.78765534853622], [-98.97445038177325, 19.78875587867314], [-98.97444719529085, 19.78876145389782], [-98.97328351344355, 19.7884848169488]]], [[[-98.97505087328454, 19.78881593942678], [-98.97515353041544, 19.78852065313608], [-98.97507947115292, 19.78849015842839], [-98.9750347407639, 19.78847189915513], [-98.97532636586747, 19.78798044922821], [-98.97535753691437, 19.78800750967617], [-98.97580576269003, 19.78839662524983], [-98.97588901295877, 19.78911394240635], [-98.97505087328454, 19.78881593942678]]], [[[-98.9750347407639, 19.78847189915513], [-98.97515353041544, 19.78852065313608], [-98.97505087328454, 19.78881593942678], [-98.97481184604949, 19.78950347915617], [-98.97481133317089, 19.78950329602664], [-98.97444088771822, 19.78940277079975], [-98.97439575166057, 19.78939052247802], [-98.97455746553364, 19.78912491393392], [-98.97482785196404, 19.78868081287892], [-98.97497118080163, 19.78844539820167], [-98.9750347407639, 19.78847189915513]]], [[[-98.96947957728194, 19.79536039775189], [-98.96977049275435, 19.79364514399042], [-98.96986927433535, 19.79367970348653], [-98.97075067386878, 19.79398806481321], [-98.97115903563778, 19.79413093001379], [-98.97117547275734, 19.79413668050854], [-98.97130382780301, 19.7941857877741], [-98.97046863670673, 19.79570531145755], [-98.97028459099005, 19.79564112991018], [-98.96947957728194, 19.79536039775189]]], [[[-98.96998319038049, 19.79641174597874], [-98.9698628263962, 19.79636952193489], [-98.96934910235787, 19.7962109243907], [-98.96907048231081, 19.79610719419667], [-98.96924232910871, 19.79573900745354], [-98.97025271180381, 19.79607392040262], [-98.97004550372225, 19.79643253843796], [-98.96998319038049, 19.79641174597874]]], [[[-98.96926018684921, 19.79650939213015], [-98.96934910235787, 19.7962109243907], [-98.9698628263962, 19.79636952193489], [-98.96998319038049, 19.79641174597874], [-98.96999718470244, 19.7964166552218], [-98.96986417367093, 19.79669316812261], [-98.96926018684921, 19.79650939213015]]], [[[-98.96899200972281, 19.79678567059511], [-98.96949439039649, 19.79693853146676], [-98.96952751132471, 19.7969486092108], [-98.96966938345113, 19.79699177672682], [-98.9696898129807, 19.79699799282067], [-98.9695038014022, 19.79733924939166], [-98.9688351707588, 19.79710791688935], [-98.96899200972281, 19.79678567059511]]], [[[-98.96780113075133, 19.79849358603163], [-98.9678904676857, 19.79826227878175], [-98.96815062513784, 19.79758869097706], [-98.96817937056377, 19.79760015292915], [-98.96816429297401, 19.79763534619621], [-98.96912474326764, 19.79800031226145], [-98.9691356696745, 19.79798146409077], [-98.9691584780085, 19.79799055851649], [-98.96870374323339, 19.79880753197496], [-98.96849345988265, 19.79873439192247], [-98.96780113075133, 19.79849358603163]]], [[[-98.96780113075133, 19.79849358603163], [-98.96849345988265, 19.79873439192247], [-98.96870374323339, 19.79880753197496], [-98.96821046321425, 19.7995951595842], [-98.96802540315902, 19.7995251408398], [-98.96754995234451, 19.79938036110246], [-98.96726629473977, 19.79928268531539], [-98.96753839754959, 19.79840220115474], [-98.96780113075133, 19.79849358603163]]], [[[-98.9653149020114, 19.79996142266787], [-98.96703874780445, 19.80053461851366], [-98.96708973225046, 19.8004252127128], [-98.9674484049876, 19.80053923742819], [-98.96764920782779, 19.80060307375023], [-98.96732090140145, 19.80106184490231], [-98.96729115567828, 19.80108872827295], [-98.96695355992213, 19.80139383709279], [-98.96637821766066, 19.8019138097463], [-98.96479283494469, 19.8014757566613], [-98.96504218442271, 19.80064474890531], [-98.9650495563183, 19.80022468408923], [-98.9653149020114, 19.79996142266787]]], [[[-98.96729115567828, 19.80108872827295], [-98.96621429689893, 19.80295538317193], [-98.96548978566766, 19.80272640994338], [-98.96729115567828, 19.80108872827295]]], [[[-98.96585795529866, 19.80343560355877], [-98.9658579140476, 19.80343563040767], [-98.9657222728816, 19.80352034561878], [-98.96540843643959, 19.8037163526317], [-98.96511289316476, 19.80359435323403], [-98.96548064579721, 19.80273366028002], [-98.96625740700985, 19.80298127838491], [-98.96609440588712, 19.80326458285402], [-98.96585795529866, 19.80343560355877]]], [[[-98.96501256492171, 19.80433758134571], [-98.96540843643959, 19.8037163526317], [-98.9657222728816, 19.80352034561878], [-98.9658579140476, 19.80343563040767], [-98.96585795529866, 19.80343560355877], [-98.96600782921438, 19.80332806160218], [-98.96533603900436, 19.80449516599959], [-98.96519703439385, 19.80442744818536], [-98.96501256492171, 19.80433758134571]]], [[[-98.96445657667076, 19.80530104936697], [-98.96501256492171, 19.80433758134571], [-98.96519703439385, 19.80442744818536], [-98.96533603900436, 19.80449516599959], [-98.96544967451996, 19.80455052482244], [-98.96491148438855, 19.80548983033961], [-98.96445657667076, 19.80530104936697]]], [[[-98.96445657667076, 19.80530104936697], [-98.96491148438855, 19.80548983033961], [-98.96438769113328, 19.80644342453218], [-98.96437569843435, 19.80646525774231], [-98.96436083702584, 19.8064993149111], [-98.9640908846252, 19.80638442445487], [-98.96390047177117, 19.80630729519756], [-98.96445657667076, 19.80530104936697]]], [[[-98.97688364927296, 19.78295299573452], [-98.97705685706835, 19.78242129222096], [-98.97799800263365, 19.78276082043635], [-98.97772020972897, 19.78326391581716], [-98.97688364927296, 19.78295299573452]]], [[[-98.9774708622226, 19.78197420363878], [-98.97824198232676, 19.7823142868263], [-98.97799800263365, 19.78276082043635], [-98.97732671400627, 19.78245533116365], [-98.9774708622226, 19.78197420363878]]], [[[-98.97574812105304, 19.78607784737943], [-98.97570507602549, 19.78570554725842], [-98.97614927664284, 19.78582320159402], [-98.97601333885486, 19.78613168075152], [-98.97574812105304, 19.78607784737943]]], [[[-98.977158588734, 19.78461329501268], [-98.97757490558372, 19.78476180490366], [-98.97735649870013, 19.78534613521319], [-98.97683794305169, 19.78516930283698], [-98.977158588734, 19.78461329501268]]], [[[-98.97845999667364, 19.78191313626071], [-98.97761823317254, 19.7815443371426], [-98.97774204471143, 19.78117176099487], [-98.97865747633328, 19.78152193903155], [-98.97867585152773, 19.78152896796671], [-98.97845999667364, 19.78191313626071]]], [[[-98.97719335505688, 19.783993392497], [-98.9769632114208, 19.78447011473872], [-98.97667088942015, 19.7843169062415], [-98.97681845789258, 19.78385877253391], [-98.97719335505688, 19.783993392497]]], [[[-99.03167860839666, 19.76176174032448], [-99.0298417978358, 19.76132880382791], [-99.0300563943438, 19.76013435688128], [-99.03189581862065, 19.76058085407497], [-99.03167860839666, 19.76176174032448]]], [[[-99.02937971696159, 19.76364754821903], [-99.02754853183042, 19.76321234990632], [-99.02775226158923, 19.762047241495], [-99.0295993338862, 19.76246667476429], [-99.02937971696159, 19.76364754821903]]], [[[-99.0272969837848, 19.76437503474411], [-99.02720897816164, 19.76484952753592], [-99.02708090759302, 19.76554914454676], [-99.02525691114826, 19.76510040053521], [-99.0254694973117, 19.76391949918171], [-99.0272969837848, 19.76437503474411]]], [[[-98.97187402306916, 19.79227327222774], [-98.97238742325031, 19.79230650015488], [-98.97238664298786, 19.79224402501544], [-98.97238025573563, 19.79173242608168], [-98.97208541451968, 19.79164939880092], [-98.97187402306916, 19.79227327222774]]], [[[-98.97174518886075, 19.79261844703656], [-98.97215522218357, 19.79274722652555], [-98.97238274521956, 19.79234692484451], [-98.97238742325031, 19.79230650015488], [-98.97187402306916, 19.79227327222774], [-98.97186240251094, 19.79227252011282], [-98.97174518886075, 19.79261844703656]]], [[[-98.97164884015719, 19.79290009906298], [-98.9720045597032, 19.79301078162984], [-98.97215522218357, 19.79274722652555], [-98.97174518886075, 19.79261844703656], [-98.97164884015719, 19.79290009906298]]], [[[-98.97150930734757, 19.79330795857223], [-98.97151116989023, 19.79330854035328], [-98.97178538034744, 19.79339419207073], [-98.9720045597032, 19.79301078162984], [-98.97164883650844, 19.79290009792764], [-98.97150930734757, 19.79330795857223]]], [[[-98.97137264394668, 19.79370586865513], [-98.97157187938053, 19.79376766726406], [-98.97178538034744, 19.79339419207073], [-98.97151116989023, 19.79330854035328], [-98.97137264394668, 19.79370586865513]]], [[[-98.97123532365005, 19.79408716634672], [-98.9714407698517, 19.79400301807316], [-98.97157187938053, 19.79376766726406], [-98.97137264394668, 19.79370586865513], [-98.97123532365005, 19.79408716634672]]], [[[-98.99030444873162, 19.77422419252347], [-98.98993158911902, 19.77419220359332], [-98.98993158698416, 19.77422619765768], [-98.98988108770017, 19.77422619480849], [-98.98982730012759, 19.77435197146231], [-98.98984775456242, 19.77435955362311], [-98.98987844686111, 19.77436134737628], [-98.98993139392158, 19.77434935034403], [-98.98994343676722, 19.77440681997732], [-98.99028768520886, 19.77429076622192], [-98.99030444873162, 19.77422419252347]]], [[[-98.97867585152773, 19.78152896796671], [-98.97844425685716, 19.78144037721254], [-98.97913611527976, 19.78031587678646], [-98.97935419974556, 19.78041348859758], [-98.97867585152773, 19.78152896796671]]]]}}, {"type": "Feature", "properties": {"id": "MUN_estado_de_mexico_temascalapa", "nivel": "municipio", "nombre": "Temascalapa", "municipio": "Temascalapa", "estado": "Estado De Mexico", "proyecto": "TAP"}, "geometry": {"type": "MultiPolygon", "coordinates": [[[[-98.90180260307311, 19.8609608401429], [-98.901551745938, 19.8607941233301], [-98.90166178500472, 19.8606715458146], [-98.901969, 19.8608509999999], [-98.90192, 19.8610349999999], [-98.90180260307311, 19.8609608401429]]]]}}, {"type": "Feature", "properties": {"id": "MUN_estado_de_mexico_temascalapa", "nivel": "municipio", "nombre": "Temascalapa", "municipio": "Temascalapa", "estado": "Estado De México", "proyecto": "TAP"}, "geometry": {"type": "MultiPolygon", "coordinates": [[[[-98.89730956768044, 19.8655004009296], [-98.89760366740192, 19.86517139198418], [-98.89905963577425, 19.86633454545186], [-98.89877373807032, 19.86667035291618], [-98.89730956768044, 19.8655004009296]]], [[[-98.89849644880819, 19.86416182957987], [-98.89880013684468, 19.86384867264787], [-98.90008579940054, 19.86485770174384], [-98.89993662688956, 19.86530460470173], [-98.89849644880819, 19.86416182957987]]], [[[-98.89880013684468, 19.86384867264787], [-98.89910237567814, 19.86351291039874], [-98.9002100254108, 19.86445364392462], [-98.90008579940054, 19.86485770174384], [-98.89880013684468, 19.86384867264787]]], [[[-98.89910237567814, 19.86351291039874], [-98.8993804126843, 19.86318612690484], [-98.90034662546077, 19.86402930397623], [-98.9002100254108, 19.86445364392462], [-98.89910237567814, 19.86351291039874]]], [[[-98.8970007312607, 19.86583387664689], [-98.8984764998101, 19.86701968160708], [-98.89820953360079, 19.86734424352605], [-98.89671788022055, 19.86616743966684], [-98.8970007312607, 19.86583387664689]]], [[[-98.8970007312607, 19.86583387664689], [-98.89730956768044, 19.8655004009296], [-98.89877373807032, 19.86667035291618], [-98.8984764998101, 19.86701968160708], [-98.8970007312607, 19.86583387664689]]], [[[-98.89849644880819, 19.86416182957987], [-98.89993662688956, 19.86530460470173], [-98.89964864006717, 19.86566073369492], [-98.89819657609532, 19.8645021090299], [-98.89849644880819, 19.86416182957987]]], [[[-98.8993804126843, 19.86318612690484], [-98.89982939477406, 19.86268359821084], [-98.90064742562649, 19.86309485906554], [-98.90034662546077, 19.86402930397623], [-98.8993804126843, 19.86318612690484]]], [[[-98.89760366740192, 19.86517139198418], [-98.89790361970759, 19.8648311150501], [-98.89934781110102, 19.8660055204892], [-98.89905963577425, 19.86633454545186], [-98.89760366740192, 19.86517139198418]]], [[[-98.87278282570071, 19.89278456056522], [-98.87366687206772, 19.89179115845953], [-98.87421973289632, 19.89207933623517], [-98.87329298534038, 19.89306828881033], [-98.87278282570071, 19.89278456056522]]], [[[-98.87180347527392, 19.89388883563771], [-98.87274889328076, 19.89281624659442], [-98.87326774258462, 19.89310222138705], [-98.87234327292363, 19.89418382317688], [-98.87180347527392, 19.89388883563771]]], [[[-98.8713984519756, 19.89362299356669], [-98.87216371116035, 19.89251232760884], [-98.87262390965911, 19.89276000279479], [-98.87171461565028, 19.8937873323015], [-98.8713984519756, 19.89362299356669]]], [[[-98.87080923029234, 19.8950044400496], [-98.87177334763584, 19.89392051840658], [-98.87265560658787, 19.89438883556592], [-98.87158978716121, 19.89540290025781], [-98.87080923029234, 19.8950044400496]]], [[[-98.87003097043663, 19.89461047503864], [-98.87089911783015, 19.89340023779319], [-98.87169613182024, 19.89380995295252], [-98.87067564656637, 19.89494367409661], [-98.87003097043663, 19.89461047503864]]], [[[-98.87219416071191, 19.89250324551102], [-98.87325804354127, 19.89158406763673], [-98.87353837297059, 19.8917394216041], [-98.87264535908596, 19.89273512218136], [-98.87219416071191, 19.89250324551102]]], [[[-98.89609899567861, 19.86599611463836], [-98.8956499071149, 19.86580951564419], [-98.89518266437976, 19.86562524522139], [-98.89580758893938, 19.86494612802293], [-98.89668971548919, 19.86535095382692], [-98.89702977951211, 19.86550402966887], [-98.89645497859688, 19.86614162104012], [-98.89609899567861, 19.86599611463836]]], [[[-98.89294446949879, 19.86854190076495], [-98.89357123143827, 19.86787193063918], [-98.89453860839502, 19.86826729288176], [-98.8939425446097, 19.86892845817839], [-98.89294446949879, 19.86854190076495]]], [[[-98.89955893414603, 19.85989128815292], [-98.89963358878299, 19.85987713967758], [-98.90135485060235, 19.8606827407478], [-98.9005705066815, 19.86157677073205], [-98.90053495108295, 19.86101656117851], [-98.90043668721594, 19.86053103611337], [-98.90014824275555, 19.86020184138655], [-98.89955893414603, 19.85989128815292]]], [[[-98.8993321634439, 19.86249891817171], [-98.89982166991629, 19.86173422315414], [-98.8998584353546, 19.86175448590141], [-98.90030078164018, 19.86187555668909], [-98.89964389528949, 19.8626042542004], [-98.8993321634439, 19.86249891817171]]], [[[-98.89548474963479, 19.8666954710882], [-98.89583982899647, 19.86682397918638], [-98.89496995915093, 19.86778883907597], [-98.89496200740167, 19.86649997221987], [-98.89502800515345, 19.86652467921916], [-98.89548474963479, 19.8666954710882]]], [[[-98.8998584353546, 19.86175448590141], [-98.90028818969262, 19.86093355344374], [-98.90034041945442, 19.86095599092693], [-98.90038741298797, 19.86127221500669], [-98.90032594413218, 19.86165416400425], [-98.90030078164018, 19.86187555668909], [-98.8998584353546, 19.86175448590141]]], [[[-98.89262578655267, 19.86888149543206], [-98.89294446949879, 19.86854190076495], [-98.8939425446097, 19.86892845817839], [-98.89359239675478, 19.86931682204807], [-98.89262578655267, 19.86888149543206]]], [[[-98.89740153071986, 19.86455649035499], [-98.89790557961673, 19.8639545571016], [-98.89827508103829, 19.86412266609812], [-98.89775836075573, 19.86469585482548], [-98.89740153071986, 19.86455649035499]]], [[[-98.89252083334125, 19.86984412661534], [-98.89283746964125, 19.86942998215359], [-98.89332203113656, 19.86961670054322], [-98.89295709022066, 19.87002149666062], [-98.89252083334125, 19.86984412661534]]], [[[-98.89790557961673, 19.8639545571016], [-98.89853598112985, 19.86318959343255], [-98.89876182677028, 19.86328181369378], [-98.89895977753002, 19.86336312726357], [-98.89827508103829, 19.86412266609812], [-98.89790557961673, 19.8639545571016]]], [[[-98.89357123143827, 19.86787193063918], [-98.89425993064235, 19.86714758727689], [-98.89427891951729, 19.86712727782945], [-98.89429204251574, 19.86718864505142], [-98.89454954231523, 19.86825516848295], [-98.89453860839502, 19.86826729288176], [-98.89357123143827, 19.86787193063918]]], [[[-98.89165480784465, 19.86992492087074], [-98.89193622064685, 19.86961487253536], [-98.89252083334125, 19.86984412661534], [-98.89295709022066, 19.87002149666062], [-98.89268226743042, 19.87032631477091], [-98.89165480784465, 19.86992492087074]]], [[[-98.89283746964125, 19.86942998215359], [-98.89230815257918, 19.86921873568651], [-98.89262578655267, 19.86888149543206], [-98.89359239675478, 19.86931682204807], [-98.89332203113656, 19.86961670054322], [-98.89283746964125, 19.86942998215359]]], [[[-98.89429204251574, 19.86718864505142], [-98.89488299570111, 19.86741733954585], [-98.89483642136574, 19.86793696800137], [-98.89454954231523, 19.86825516848295], [-98.89429204251574, 19.86718864505142]]], [[[-98.89548474963479, 19.8666954710882], [-98.89609899567861, 19.86599611463836], [-98.89645497859688, 19.86614162104012], [-98.89583982899647, 19.86682397918638], [-98.89548474963479, 19.8666954710882]]], [[[-98.89134443116846, 19.87024635149984], [-98.89216168472306, 19.87090371626845], [-98.89203047159972, 19.87104924357489], [-98.89120713427182, 19.87039514406666], [-98.89134443116846, 19.87024635149984]]], [[[-98.89876182677028, 19.86328181369378], [-98.8993321634439, 19.86249891817171], [-98.89964389528949, 19.8626042542004], [-98.89895977753002, 19.86336312726357], [-98.89876182677028, 19.86328181369378]]], [[[-98.89134443116846, 19.87024635149984], [-98.89165480784465, 19.86992492087074], [-98.89268226743042, 19.87032631477091], [-98.89216168472306, 19.87090371626845], [-98.89134443116846, 19.87024635149984]]], [[[-98.89668971548919, 19.86535095382692], [-98.89740153071986, 19.86455649035499], [-98.89775836075573, 19.86469585482548], [-98.89702977951211, 19.86550402966887], [-98.89668971548919, 19.86535095382692]]], [[[-98.89982939477406, 19.86268359821084], [-98.89995614130179, 19.86253908426004], [-98.90005226702945, 19.86242948344097], [-98.90006178167181, 19.86241863496719], [-98.9014935834705, 19.86078609501828], [-98.90153592864905, 19.86081831068685], [-98.9017886777783, 19.86101059850103], [-98.90064742562649, 19.86309485906554], [-98.89982939477406, 19.86268359821084]]], [[[-98.89911894986786, 19.86279159546887], [-98.89880162030734, 19.86322718981107], [-98.89875507403798, 19.8632790563359], [-98.8985359811299, 19.86318959343352], [-98.89833755987617, 19.86311546835687], [-98.898917520903, 19.8623664619232], [-98.8993321634439, 19.86249891817222], [-98.89915405367175, 19.86274340873091], [-98.89911894986786, 19.86279159546887]]], [[[-98.91027710641386, 19.85125139802652], [-98.91053141969742, 19.85131786572396], [-98.91083097789789, 19.85139615816371], [-98.91081253854712, 19.85145843243042], [-98.91075558768821, 19.85165076915522], [-98.91034655484819, 19.85192728232404], [-98.91024464839316, 19.85190057763122], [-98.9097765473558, 19.85177789085051], [-98.90998777167027, 19.85117577655988], [-98.91027710641386, 19.85125139802652]]], [[[-98.90034042, 19.86095599], [-98.90028819, 19.86093355], [-98.89992781, 19.86078514], [-98.89954843, 19.86063231], [-98.89981861, 19.86024314999999], [-98.90007201, 19.86038498], [-98.90031971000002, 19.86078663], [-98.90034042, 19.86095599]]], [[[-98.90028819, 19.86093355], [-98.89985844000002, 19.86175449], [-98.89982166999998, 19.86173422], [-98.89943121000002, 19.86158147], [-98.89992781, 19.86078514], [-98.90028819, 19.86093355]]], [[[-98.92757396700105, 19.84080155283259], [-98.92667741199993, 19.84086304600008], [-98.92545316105618, 19.84056523301373], [-98.92792365599998, 19.83863702400006], [-98.92923541850843, 19.8391104179843], [-98.9284561566583, 19.84119202115052], [-98.92757396700105, 19.84080155283259]]], [[[-98.92545316105618, 19.84056523301373], [-98.92667741199993, 19.84086304600008], [-98.92757396700105, 19.84080155283259], [-98.92845591227473, 19.84119266437678], [-98.92405584845723, 19.84164800072972], [-98.92545316105618, 19.84056523301373]]], [[[-98.90097861007905, 19.8576825198203], [-98.90227806529236, 19.85641078510672], [-98.90421213745067, 19.85736817901699], [-98.90343232148372, 19.85824334365973], [-98.90226118749891, 19.85907784887621], [-98.90194436518925, 19.85886185727222], [-98.90066487285968, 19.85798955977372], [-98.90097861007905, 19.8576825198203]]], [[[-98.89984834315527, 19.85986221486294], [-98.90230866610023, 19.85948221160595], [-98.90132148605245, 19.86055018929746], [-98.89984834315527, 19.85986221486294]]], [[[-98.89555074625058, 19.86746373113286], [-98.89840300488612, 19.86978654369596], [-98.89834591530253, 19.87001984884961], [-98.89663490016636, 19.87066913889244], [-98.8943144442137, 19.8687938181342], [-98.89555074625058, 19.86746373113286]]], [[[-98.89901920224138, 19.86799482422262], [-98.89840300488612, 19.86978654369596], [-98.89555074625058, 19.86746373113286], [-98.89675163080179, 19.86615836862251], [-98.89901920224138, 19.86799482422262]]], [[[-98.90413793610291, 19.85607498173498], [-98.90443322412771, 19.85527291804368], [-98.90599279912757, 19.85554607832557], [-98.90456208656605, 19.85703855873771], [-98.90413793610291, 19.85607498173498]]], [[[-98.90413793610291, 19.85607498173498], [-98.90456208656605, 19.85703855873771], [-98.90426623509062, 19.85734717798448], [-98.90262411549777, 19.85651476436237], [-98.9028695968769, 19.85577830910544], [-98.90413793610291, 19.85607498173498]]], [[[-98.90604334084131, 19.85538941940423], [-98.90601929628892, 19.85546746637687], [-98.90599497822451, 19.85554640106848], [-98.90443955283571, 19.8552557278614], [-98.90413793610291, 19.85607498173503], [-98.90287695118239, 19.85578002935359], [-98.90383207900165, 19.85272071537359], [-98.90653495287516, 19.85340126861338], [-98.90664713630106, 19.85342951412717], [-98.906530480584, 19.85380817970205], [-98.90629809867768, 19.854562487924], [-98.90619226279203, 19.85490602713601], [-98.90606327082418, 19.85532472798162], [-98.90604334084131, 19.85538941940423]]], [[[-98.90224338814349, 19.85910614015734], [-98.90218876935747, 19.85912623048637], [-98.90213555727104, 19.85914551973812], [-98.90211993715006, 19.85915063884122], [-98.90203052121316, 19.85917974787941], [-98.90194306714359, 19.85920527338287], [-98.90187295593586, 19.85922374869947], [-98.90172364214864, 19.85925873522314], [-98.90166438441125, 19.85927007507203], [-98.90156746639956, 19.85928966974956], [-98.9013909454402, 19.8593271735005], [-98.90131568880648, 19.8593431625123], [-98.90120373618468, 19.85936694788274], [-98.90116101734459, 19.85937602344478], [-98.9010479240217, 19.85940005148952], [-98.90041066894877, 19.85953544013545], [-98.90005821828191, 19.85961031930545], [-98.89983212498649, 19.85965835307949], [-98.89958446769836, 19.85971096778502], [-98.89924341935426, 19.85949863622951], [-98.89998086760117, 19.8587127900872], [-98.89998100969883, 19.85871263866282], [-98.90068626000732, 19.85803959028999], [-98.90107538379873, 19.85830459680839], [-98.90144994796982, 19.85856475297455], [-98.90163644671861, 19.85868924403899], [-98.90190872141942, 19.85886815535036], [-98.90200629887522, 19.85893375481954], [-98.90210668302815, 19.85900755547192], [-98.90210697783974, 19.85900776807501], [-98.90210793827389, 19.85900846069143], [-98.9021079533423, 19.85900847155883], [-98.90210913068822, 19.85900932060021], [-98.90212296486737, 19.85901929710735], [-98.90214140197787, 19.85903259301106], [-98.9021737761101, 19.85905593957402], [-98.90223445903095, 19.85909970094839], [-98.90224338814349, 19.85910614015734]]], [[[-98.89663490016636, 19.87066913889244], [-98.89604898118546, 19.87094687672399], [-98.8958430109596, 19.87104451022099], [-98.89552470188676, 19.87119539359342], [-98.89183321028189, 19.87155447607874], [-98.89431444421368, 19.86879381813424], [-98.89663490016636, 19.87066913889244]]], [[[-98.89172461290161, 19.87358262035037], [-98.89170788356469, 19.87359783712697], [-98.88940674452239, 19.87569087877131], [-98.88863005210065, 19.87510490027369], [-98.89157575151671, 19.87187577806522], [-98.89331534673029, 19.87163856379649], [-98.89345786135021, 19.87174618317458], [-98.89348566292885, 19.87176717740161], [-98.89361396406888, 19.87186406325596], [-98.89172461290161, 19.87358262035037]]], [[[-98.88898387135252, 19.87037610151481], [-98.88723577238385, 19.86901740573652], [-98.8881204893035, 19.86805669397831], [-98.89196628590715, 19.87104481709933], [-98.89146030999204, 19.87158658137048], [-98.89067515323718, 19.87169059823376], [-98.8897236819187, 19.87095110112801], [-98.88898387135252, 19.87037610151481]]], [[[-98.8890632116668, 19.87207692730049], [-98.89130666148466, 19.87180946845081], [-98.88883243813034, 19.87454017852518], [-98.88619376337839, 19.87241897370744], [-98.88829815498968, 19.87216812890093], [-98.8890632116668, 19.87207692730049]]], [[[-98.88793109128781, 19.87381745820925], [-98.88775391455245, 19.87367317554022], [-98.88883243813034, 19.8745401785252], [-98.8877506406218, 19.87573393385218], [-98.88564605453948, 19.87397481696868], [-98.88671194178626, 19.87283989880369], [-98.88793109128781, 19.87381745820925]]], [[[-98.8856071209058, 19.87563916221209], [-98.88310702072276, 19.87361362081948], [-98.88386471973746, 19.87274060281604], [-98.88400248547289, 19.87267800127919], [-98.8877506406218, 19.87573393385218], [-98.88690154696144, 19.8766878515279], [-98.88573677168606, 19.87574420084587], [-98.8856071209058, 19.87563916221209]]], [[[-98.8859013961308, 19.87891652767022], [-98.8853574148458, 19.87941574590387], [-98.88468046799758, 19.88003698150127], [-98.88459288456347, 19.88238508631764], [-98.88208293232924, 19.88228130684605], [-98.88717588103732, 19.87669891869695], [-98.88780696742546, 19.87716772363022], [-98.8859013961308, 19.87891652767022]]], [[[-98.88324066894933, 19.8844006010921], [-98.88167203488908, 19.88433028538319], [-98.8812715227258, 19.88317064396108], [-98.88208293232924, 19.88228130684605], [-98.88459288456347, 19.88238508631764], [-98.88451557303566, 19.88445773981642], [-98.88348277445644, 19.88441145249569], [-98.88324066894933, 19.8844006010921]]], [[[-98.88235544377474, 19.88517637045652], [-98.88279457750035, 19.88572002784963], [-98.8841660465433, 19.8874179063195], [-98.88369762356378, 19.88834793381096], [-98.87885596509987, 19.88581810945482], [-98.88001075858698, 19.88455246416114], [-98.880125728956, 19.88442645594355], [-98.8812715227258, 19.88317064396108], [-98.88167203488908, 19.88433028538319], [-98.88235544377474, 19.88517637045652]]], [[[-98.8760397479851, 19.88569142863777], [-98.87652796880005, 19.88594290758505], [-98.87683301447501, 19.88610003328304], [-98.8770566892276, 19.88621524517751], [-98.87795752568431, 19.88667924953742], [-98.8771960210528, 19.88753817466828], [-98.87274302679582, 19.88525288400863], [-98.8735059407039, 19.88438624888358], [-98.8760397479851, 19.88569142863777]]], [[[-98.87671463041315, 19.88871141439849], [-98.87654143844294, 19.88864757776222], [-98.87669761976001, 19.88847368681951], [-98.87707956997103, 19.8886144689002], [-98.87692338892995, 19.88878836017669], [-98.8767365193774, 19.8887194824119], [-98.87671463041315, 19.88871141439849]]], [[[-98.88034261807135, 19.88216851987694], [-98.88147322137155, 19.88088877168854], [-98.88590067813827, 19.87587699192122], [-98.88690154730669, 19.87668785114], [-98.8797152355875, 19.88467902655374], [-98.87928197445311, 19.88438931282201], [-98.87916395674316, 19.88432702912492], [-98.87866722181177, 19.88406487650123], [-98.88034261807135, 19.88216851987694]]], [[[-98.87826345507783, 19.88452735247085], [-98.87866722181177, 19.88406487650123], [-98.87916395674316, 19.88432702912492], [-98.87928197445311, 19.88438931282201], [-98.8797152355875, 19.88467902655374], [-98.87874192682165, 19.88579386167417], [-98.8776574140234, 19.88522150739463], [-98.87812960646383, 19.88468066238485], [-98.87826345507783, 19.88452735247085]]], [[[-98.87776183511902, 19.88867997722204], [-98.87770031520093, 19.88874948036541], [-98.87707956997103, 19.8886144689002], [-98.87669761976001, 19.88847368681951], [-98.87685374952271, 19.88829985275505], [-98.877429304307, 19.88765902854929], [-98.87827643810526, 19.88809859275799], [-98.87776183511902, 19.88867997722204]]], [[[-98.87555643557153, 19.88875631901838], [-98.87559290366208, 19.88871553778656], [-98.8757148333208, 19.88857918709768], [-98.87601698889388, 19.88873455367427], [-98.87564805389971, 19.88917055070239], [-98.87533033850751, 19.88900915631601], [-98.87555643557153, 19.88875631901838]]], [[[-98.87581881989661, 19.88836672156725], [-98.87576979620839, 19.88834865092024], [-98.87149961480554, 19.88677454962174], [-98.87224703069226, 19.88594044206356], [-98.8769645605857, 19.88767942636926], [-98.87621716106295, 19.88851355365726], [-98.87581881989661, 19.88836672156725]]], [[[-98.87800657709592, 19.8897510414787], [-98.87932431883526, 19.89045031030012], [-98.88166715364467, 19.89169351260676], [-98.88138713471847, 19.89217900560493], [-98.87592017784483, 19.88928278670004], [-98.87629329121775, 19.88884185062231], [-98.87634316378994, 19.88886831692207], [-98.87668788745168, 19.8890512537206], [-98.87800657709592, 19.8897510414787]]], [[[-98.87659388781444, 19.88878796314194], [-98.87666033537218, 19.88881271874811], [-98.87684151325914, 19.88888021795493], [-98.87668788745168, 19.8890512537206], [-98.87634316378994, 19.88886831692207], [-98.87646010663647, 19.88873812172084], [-98.87659388781444, 19.88878796314194]]], [[[-98.87801286430081, 19.89161143445293], [-98.87743888727151, 19.89130775775281], [-98.87517589739583, 19.8901104378203], [-98.87592017784483, 19.88928278670004], [-98.88138713471847, 19.89217900560493], [-98.88080185558097, 19.8930869761932], [-98.87850704354256, 19.89187288975357], [-98.87801286430081, 19.89161143445293]]], [[[-98.87287106699175, 19.88899520289203], [-98.87050313988381, 19.88780299445315], [-98.87126157762572, 19.88695392037899], [-98.87533033850751, 19.88900915631601], [-98.87564805389971, 19.88917055070239], [-98.87490739053348, 19.89002041545352], [-98.8736759975441, 19.88940045961215], [-98.87287106699175, 19.88899520289203]]], [[[-98.87179833174959, 19.89085861063312], [-98.86895001514804, 19.8894270576937], [-98.87044555418944, 19.8877740010454], [-98.8705031398828, 19.887802994455], [-98.87287106699175, 19.88899520289203], [-98.87367599754435, 19.88940045961163], [-98.87490739053348, 19.89002041545352], [-98.87345239020878, 19.89168990128942], [-98.87341615665477, 19.89167169142001], [-98.87325804354127, 19.89158406763672], [-98.8732520717254, 19.89158922723861], [-98.87210512668052, 19.89101280032599], [-98.87179833174959, 19.89085861063312]]], [[[-98.87501834923597, 19.89246598556651], [-98.87368720490043, 19.89175122852281], [-98.87517589739583, 19.8901104378203], [-98.87743888727148, 19.89130775775281], [-98.876404438679, 19.89321022793671], [-98.87554721311169, 19.89274995411662], [-98.87501834923597, 19.89246598556651]]], [[[-98.89899071694416, 19.86571513684527], [-98.89869509205629, 19.86547473774934], [-98.89798897209356, 19.86490052338242], [-98.89790361974364, 19.86483111483795], [-98.8981965760953, 19.8645021090302], [-98.89828395922927, 19.86457183421849], [-98.89885376111495, 19.86502649084577], [-98.89900774519685, 19.86514935714747], [-98.89964864006717, 19.8656607336952], [-98.89934781110105, 19.86600552048949], [-98.89899071694416, 19.86571513684527]]], [[[-98.92775600274389, 19.83595720261084], [-98.93009785993392, 19.83677433640041], [-98.93090642375498, 19.83465833462515], [-98.92852047117418, 19.83386440360679], [-98.92775600274389, 19.83595720261084]]], [[[-98.9268698166357, 19.83797773658203], [-98.92799528227148, 19.83838821074091], [-98.93009785992697, 19.83677433641866], [-98.92775600274389, 19.83595720261084], [-98.92770584987943, 19.83593970256748], [-98.9268698166357, 19.83797773658203]]], [[[-98.92406830564846, 19.8387326039525], [-98.92650500180504, 19.83955033455203], [-98.92799528227148, 19.83838821074091], [-98.92465525939743, 19.83717002750768], [-98.92406830564846, 19.8387326039525]]], [[[-98.9127563353317, 19.8501494483839], [-98.9107720103897, 19.8517159049587], [-98.91087733694309, 19.8514079824402], [-98.91258136495648, 19.8500812430546], [-98.9127563353317, 19.8501494483839]]], [[[-98.8950381366414, 19.8680073194497], [-98.89555844189042, 19.8674538584084], [-98.89564000917892, 19.8675196309253], [-98.8956164755525, 19.8675458510052], [-98.8953697539762, 19.8678213200181], [-98.8951330492234, 19.868085561817], [-98.8950381366414, 19.8680073194497]]], [[[-98.8944927611456, 19.8685936128856], [-98.8950381366414, 19.8680073194497], [-98.8951330492234, 19.868085561817], [-98.89512284996161, 19.8680969421961], [-98.8948729254966, 19.8683744147842], [-98.8949272370469, 19.8684181036485], [-98.894679729713, 19.8686935169849], [-98.8946468089701, 19.8687301417886], [-98.8944927611456, 19.8685936128856]]], [[[-98.89261515396801, 19.8706826237643], [-98.8937550512755, 19.8694144307729], [-98.89391661154322, 19.8695441962045], [-98.8936930074123, 19.8697935511581], [-98.8934449797458, 19.8700693509923], [-98.89319804946972, 19.870345485489], [-98.892950679233, 19.8706211946372], [-98.8928317352232, 19.8707536117716], [-98.89261515396801, 19.8706826237643]]], [[[-98.8916916603039, 19.8717098750522], [-98.89261515396801, 19.8706826237643], [-98.8928317352232, 19.8707536117716], [-98.8927034230618, 19.8708964606951], [-98.892455497702, 19.8711712741537], [-98.89220875552631, 19.8714466934373], [-98.89201697838689, 19.871660460448], [-98.8916916603039, 19.8717098750522]]], [[[-98.89148722604068, 19.8719371889966], [-98.8918128214864, 19.8718880279681], [-98.89171374919759, 19.871998478883], [-98.8916674155413, 19.8720498701422], [-98.89148722604068, 19.8719371889966]]], [[[-98.8901817178284, 19.8733834617113], [-98.89148722604068, 19.8719371889966], [-98.8916674155413, 19.8720498701422], [-98.8914654188055, 19.8722739142095], [-98.8912178140177, 19.8725486086028], [-98.8909701117678, 19.8728248930581], [-98.890723947526, 19.8730997502852], [-98.890475479716, 19.8733755636453], [-98.8903418858888, 19.8735251942017], [-98.8901817178284, 19.8733834617113]]], [[[-98.8886404418738, 19.8750968045839], [-98.8901817178284, 19.8733834617113], [-98.8903418858888, 19.8735251942017], [-98.8902289690346, 19.8736516670304], [-98.8899807292699, 19.873926738799], [-98.8897332335548, 19.874202045627], [-98.8894851542007, 19.874477496326], [-98.8892379909751, 19.8747529833843], [-98.888990072477, 19.8750281714024], [-98.8888119476346, 19.8752264723435], [-98.8886404418738, 19.8750968045839]]], [[[-98.8937550512755, 19.8694144307729], [-98.8944927611456, 19.8685936128856], [-98.8946468089701, 19.8687301417886], [-98.8944323457935, 19.8689687854499], [-98.8941867390408, 19.8692419851855], [-98.8939399450225, 19.8695181750479], [-98.89391661154322, 19.8695441962045], [-98.8937550512755, 19.8694144307729]]], [[[-98.8978426350937, 19.8650644122497], [-98.8976872810339, 19.8652382004744], [-98.8976036611193, 19.8651713975029], [-98.89790361871711, 19.8648311166447], [-98.89798976767771, 19.8649011741787], [-98.8978426350937, 19.8650644122497]]], [[[-98.9060051894462, 19.8555622409042], [-98.9045199594723, 19.8571459956411], [-98.90442070087559, 19.8568639302887], [-98.90443628876, 19.8568472657045], [-98.9045640402456, 19.8567110769022], [-98.9048201632282, 19.8564389614132], [-98.90508091799342, 19.8561662154332], [-98.90561585426718, 19.8556358209016], [-98.90575120750738, 19.8555139586159], [-98.9059470300035, 19.8555511853055], [-98.9060051894462, 19.8555622409042]]], [[[-98.9045199594723, 19.8571459956411], [-98.9042603076071, 19.8574228621454], [-98.9042194302392, 19.8574042062582], [-98.90401273893451, 19.8572996655588], [-98.9040563201032, 19.8572533210764], [-98.90442070087559, 19.8568639302887], [-98.9045199594723, 19.8571459956411]]], [[[-98.8929571376877, 19.8700215069025], [-98.8926823147771, 19.8703263338627], [-98.892491077963, 19.8702516287653], [-98.89249128826998, 19.8702513848984], [-98.8927432215587, 19.8699801071603], [-98.8927731510782, 19.8699467070567], [-98.8929571376877, 19.8700215069025]]], [[[-98.90241662850221, 19.8590587473026], [-98.9022688969411, 19.8591245357627], [-98.9021066830282, 19.8590075554719], [-98.9022758983779, 19.8589056045272], [-98.90243256989848, 19.8587926397061], [-98.9025845171385, 19.8586734367564], [-98.9027234751601, 19.8585530969845], [-98.9028650993765, 19.8584301107658], [-98.9030065810346, 19.8583055971315], [-98.9031478800502, 19.8581826466535], [-98.903289322609, 19.8580588828248], [-98.9034215806166, 19.857928634504], [-98.9035490470641, 19.8577928348807], [-98.90367570024948, 19.8576590137883], [-98.9038026221206, 19.8575227618426], [-98.9039292751998, 19.8573884073918], [-98.90401273893451, 19.8572996655588], [-98.9042194302392, 19.8574042062582], [-98.9041057620966, 19.8575308143064], [-98.9038568170675, 19.8578055352013], [-98.9037328442983, 19.8579451685448], [-98.9034894762561, 19.8582192864538], [-98.9031032766975, 19.858621730646], [-98.90261409277912, 19.8589469884733], [-98.90241662850221, 19.8590587473026]]], [[[-98.89645499184661, 19.8661416309932], [-98.8958397994035, 19.8668240036746], [-98.895640100878, 19.8667517098211], [-98.8957109403389, 19.8666727785892], [-98.8959576597895, 19.8663969295117], [-98.8962050558619, 19.8661221468188], [-98.8962592533075, 19.8660616226927], [-98.89645499184661, 19.8661416309932]]], [[[-98.90856964558311, 19.8534510082203], [-98.9082628054711, 19.8536954865926], [-98.9080186997695, 19.8536336031503], [-98.9083358660988, 19.8533866724887], [-98.90856964558311, 19.8534510082203]]], [[[-98.8926823147771, 19.8703263338627], [-98.8921617256173, 19.8709037426544], [-98.8920177125008, 19.87078790297], [-98.8922469244779, 19.8705290920165], [-98.892491077963, 19.8702516287653], [-98.8926823147771, 19.8703263338627]]], [[[-98.8949699564856, 19.8677888053367], [-98.894836420319, 19.8679369302793], [-98.8948650666496, 19.8676173874723], [-98.8949681787107, 19.8675004306082], [-98.8949699564856, 19.8677888053367]]], [[[-98.8719190610286, 19.8938674653856], [-98.8718463040483, 19.8939489518742], [-98.8716854586446, 19.8938605105249], [-98.8726339108351, 19.8927903333105], [-98.8728027380953, 19.8928839666261], [-98.87275839029549, 19.8929336010752], [-98.8725590073426, 19.8931557361193], [-98.8723153534806, 19.8934258877381], [-98.87211540619748, 19.8936473350672], [-98.8719190610286, 19.8938674653856]]], [[[-98.897029746622, 19.8655040553523], [-98.89645499184661, 19.8661416309932], [-98.8962592533075, 19.8660616226927], [-98.8964508844314, 19.8658476339643], [-98.8966987089883, 19.8655722905291], [-98.89683751825699, 19.865417507058], [-98.897029746622, 19.8655040553523]]], [[[-98.91035556215479, 19.8520280089435], [-98.90856964558311, 19.8534510082203], [-98.9083358660988, 19.8533866724887], [-98.91015164427499, 19.8519729894949], [-98.91035556215479, 19.8520280089435]]], [[[-98.8715783339171, 19.8937813614568], [-98.8705546338931, 19.894912476406], [-98.87050362115572, 19.8948859434688], [-98.8705203451162, 19.8948674302414], [-98.8707152482184, 19.8946505898454], [-98.87088028952628, 19.894465889462], [-98.8710593567097, 19.8942670294123], [-98.87122499025878, 19.8940814254486], [-98.87143414800109, 19.8938490693631], [-98.87152141020908, 19.8937519056648], [-98.8715783339171, 19.8937813614568]]], [[[-98.87497572635529, 19.8900026731602], [-98.8734601650084, 19.8916835644741], [-98.8734060774334, 19.891656081314], [-98.8749193499078, 19.8899706433466], [-98.8749649098801, 19.8899934932285], [-98.87497572635529, 19.8900026731602]]], [[[-98.89858975067769, 19.8642358650632], [-98.8984964451821, 19.8641618272687], [-98.8988001355245, 19.8638486754955], [-98.8988794694794, 19.8639109390016], [-98.89858975067769, 19.8642358650632]]], [[[-98.89932189585872, 19.8634143362832], [-98.8991785197587, 19.8635775866534], [-98.89910236803762, 19.8635129122499], [-98.8993804091801, 19.8631861264514], [-98.8994630893865, 19.8632582778684], [-98.8994485513355, 19.8632744455688], [-98.89932189585872, 19.8634143362832]]], [[[-98.89775838715721, 19.8646958607132], [-98.897029746622, 19.8655040553523], [-98.89683751825699, 19.865417507058], [-98.89694576866302, 19.8652967836325], [-98.89719403165772, 19.8650202378421], [-98.897440831065, 19.8647457602822], [-98.8975564404585, 19.8646169889059], [-98.89775838715721, 19.8646958607132]]], [[[-98.87342644542179, 19.891715521672], [-98.872530609466, 19.8927089283477], [-98.8724814686434, 19.8926835178738], [-98.8726620543064, 19.8924802563285], [-98.8729158225559, 19.8921987070002], [-98.873108681667, 19.8919851518164], [-98.8732953757982, 19.8917749085271], [-98.87337497639142, 19.8916868203988], [-98.87342644542179, 19.891715521672]]], [[[-98.90030078118069, 19.86187555507], [-98.89964385255992, 19.8626042768569], [-98.8994285221148, 19.8625314814007], [-98.8995431828213, 19.8624025183829], [-98.8996681545303, 19.862265346626], [-98.8997899461638, 19.8621269439835], [-98.8999157768645, 19.8619901068923], [-98.90003765414319, 19.8618515324232], [-98.9000720443745, 19.8618129464195], [-98.90030078118069, 19.86187555507]]], [[[-98.9021390362355, 19.8595009384892], [-98.9012215773578, 19.8596701349186], [-98.9012139973019, 19.8596333327846], [-98.9023726510337, 19.8593922000023], [-98.9021817880766, 19.8596251911307], [-98.9021390362355, 19.8595009384892]]], [[[-98.8982751124299, 19.864122680108], [-98.89775838715721, 19.8646958607132], [-98.8975564404585, 19.8646169889059], [-98.8976878115083, 19.8644706498958], [-98.8979355465174, 19.8641942202124], [-98.8980795626413, 19.8640337184182], [-98.8982751124299, 19.864122680108]]], [[[-98.9018317947344, 19.8600524403431], [-98.9013004160793, 19.8607010899861], [-98.9011234805672, 19.8606182779177], [-98.9012226891833, 19.860512502726], [-98.90135483118, 19.8605759330456], [-98.9018317947344, 19.8600524403431]]], [[[-98.8996961087895, 19.8629991609581], [-98.8994630893865, 19.8632582778684], [-98.8993804091801, 19.8631861264514], [-98.8998293975756, 19.8626835979715], [-98.8999336573669, 19.8627360158551], [-98.8996961087895, 19.8629991609581]]], [[[-98.8939425723161, 19.8689284615457], [-98.8935924286526, 19.8693168356002], [-98.8934106824079, 19.8692349799987], [-98.89348408625258, 19.8691526443397], [-98.89373115702821, 19.8688771510976], [-98.8937516226332, 19.8688545080199], [-98.8939425723161, 19.8689284615457]]], [[[-98.9013548511128, 19.860682739228], [-98.9005705089288, 19.8615767677855], [-98.90053494481782, 19.8610165555462], [-98.9005155007716, 19.8609205104183], [-98.9005418212056, 19.8608336541631], [-98.9006093011666, 19.8606504522157], [-98.9006692868922, 19.860461254651], [-98.9006973069393, 19.8603749867081], [-98.9013548511128, 19.860682739228]]], [[[-98.89895977250002, 19.8633631637168], [-98.8982751124299, 19.864122680108], [-98.8980795626413, 19.8640337184182], [-98.89818337603869, 19.8639180161472], [-98.8984307933234, 19.8636428507244], [-98.89867848750569, 19.8633664922441], [-98.8987563780415, 19.8632795842595], [-98.8987618209957, 19.8632818104081], [-98.89895977250002, 19.8633631637168]]], [[[-98.8999436264969, 19.8627249694243], [-98.8999336573669, 19.8627360158551], [-98.8998293975756, 19.8626835979715], [-98.90149357820661, 19.8607860887203], [-98.90160751083519, 19.8608727605244], [-98.9014274217755, 19.8610702601168], [-98.9013035883361, 19.8612087169933], [-98.9011794876286, 19.8613465500922], [-98.9009315817087, 19.8616221438916], [-98.900809686743, 19.8617599689133], [-98.9006853088178, 19.8618967893785], [-98.9005620471054, 19.8620353635194], [-98.9004378305411, 19.8621731237251], [-98.90031690750821, 19.8623132985137], [-98.9001907720611, 19.8624488344111], [-98.9000674239589, 19.8625867213516], [-98.8999436264969, 19.8627249694243]]], [[[-98.8971001404959, 19.8658918566456], [-98.89708874668119, 19.8659045919733], [-98.897000735429, 19.8658338732475], [-98.89730956466252, 19.8655004032721], [-98.8973922872229, 19.8655665009912], [-98.8973474483615, 19.8656162860869], [-98.8971001404959, 19.8658918566456]]], [[[-98.8933220053689, 19.8696166959633], [-98.8929571376877, 19.8700215069025], [-98.8927731510782, 19.8699467070567], [-98.89299024723552, 19.8697044703653], [-98.8931341298221, 19.8695442979509], [-98.8933220053689, 19.8696166959633]]], [[[-98.9128414655871, 19.8498787284312], [-98.9127804957822, 19.8500726182076], [-98.9126551815479, 19.8500237697257], [-98.9128414655871, 19.8498787284312]]], [[[-98.9082628054711, 19.8536954865926], [-98.907517661446, 19.8542526558507], [-98.9076431975709, 19.8539259492369], [-98.9080186997695, 19.8536336031503], [-98.9082628054711, 19.8536954865926]]], [[[-98.90032594424781, 19.8616541670953], [-98.90030078118069, 19.86187555507], [-98.9000720443745, 19.8618129464195], [-98.90016114537812, 19.8617129949191], [-98.9002855812995, 19.8615755603468], [-98.9003664753885, 19.8614023065129], [-98.90032594424781, 19.8616541670953]]], [[[-98.89798976767771, 19.8649011741787], [-98.89790361871711, 19.8648311166447], [-98.8981965760736, 19.8645021092104], [-98.8982848833877, 19.8645725744937], [-98.8980908476792, 19.8647890218788], [-98.89798976767771, 19.8649011741787]]], [[[-98.8715968856018, 19.8937587828929], [-98.8715413277043, 19.8937297257106], [-98.8715285411855, 19.8937230292663], [-98.8715304057691, 19.8937209431161], [-98.87159174548842, 19.8936526512532], [-98.87181263504459, 19.8934066395587], [-98.8719934210119, 19.893205854938], [-98.8722607981515, 19.8929090713155], [-98.8724428746048, 19.8927058833642], [-98.87244766510682, 19.8927005008759], [-98.8724602986147, 19.8927073417336], [-98.8725090947133, 19.8927337640858], [-98.8715968856018, 19.8937587828929]]], [[[-98.8933220053688, 19.8696166959633], [-98.8931341298221, 19.8695442979509], [-98.89323804590562, 19.8694286167956], [-98.8934106824079, 19.8692349799987], [-98.8935924286526, 19.8693168356002], [-98.8933220053688, 19.8696166959633]]], [[[-98.89964385255992, 19.8626042768569], [-98.89895977250002, 19.8633631637168], [-98.89876182677028, 19.8632818136938], [-98.8988016203073, 19.8632271898111], [-98.8988364936606, 19.8631883303908], [-98.8992579834144, 19.8627186816374], [-98.8994199292452, 19.8625411459464], [-98.8994285221148, 19.8625314814007], [-98.89964385255992, 19.8626042768569]]], [[[-98.8939425723161, 19.8689284615457], [-98.8937516226332, 19.8688545080199], [-98.8943490346423, 19.8681898534133], [-98.894538608395, 19.8682672928818], [-98.8939425723161, 19.8689284615457]]]]}}, {"type": "Feature", "properties": {"id": "MUN_hidalgo_temascalapa", "nivel": "municipio", "nombre": "Temascalapa", "municipio": "Temascalapa", "estado": "Hidalgo", "proyecto": "TAP"}, "geometry": {"type": "MultiPolygon", "coordinates": [[[[-98.87717254557981, 19.887526127446], [-98.8771325190949, 19.8875055865082], [-98.8771973396584, 19.8874333869803], [-98.877237455477, 19.8874538550466], [-98.87717254557981, 19.887526127446]]], [[[-98.8919944873622, 19.8710206561259], [-98.8919700444245, 19.8710478792613], [-98.8919662825947, 19.8710448153317], [-98.8919662854137, 19.8710448176277], [-98.8919662859071, 19.8710448170993], [-98.8918624292811, 19.8709641247111], [-98.8918877741938, 19.8709358784233], [-98.8919944873622, 19.8710206561259]]]]}}, {"type": "Feature", "properties": {"id": "MUN_mexico_temascalapa", "nivel": "municipio", "nombre": "Temascalapa", "municipio": "Temascalapa", "estado": "México", "proyecto": "TAP"}, "geometry": {"type": "MultiPolygon", "coordinates": [[[[-98.89982939482171, 19.86268359792836], [-98.90149358350598, 19.86078609480648], [-98.90178867781364, 19.86101059828929], [-98.90191905235407, 19.86110359100565], [-98.90251580268719, 19.86152180474953], [-98.90263438736763, 19.86160490936675], [-98.90226154992806, 19.86210087828599], [-98.90240572473243, 19.86220185002087], [-98.90270527967569, 19.86241165592951], [-98.90272365741873, 19.86239872212429], [-98.90275968232436, 19.86237337449116], [-98.90296915058856, 19.86222598435996], [-98.90315616046975, 19.86209438193457], [-98.90324449038361, 19.86215705800313], [-98.90356566532571, 19.86238490164958], [-98.90371608288262, 19.86249161173362], [-98.90387070637667, 19.86260130881704], [-98.90409934609482, 19.8627635247956], [-98.90408794442898, 19.86277809723751], [-98.90385002510266, 19.86308218136132], [-98.903747674605, 19.86321308450541], [-98.90361298671142, 19.86338535848282], [-98.90357074901017, 19.86343939222474], [-98.90353944057047, 19.86347943275278], [-98.90351530443965, 19.86351030057723], [-98.9034330110069, 19.86361554763243], [-98.9033792833818, 19.86368427884308], [-98.90334623528672, 19.86372655993069], [-98.90315695060464, 19.86396864408358], [-98.90296080393163, 19.86421954540053], [-98.90291917881493, 19.86432199996081], [-98.90275237236644, 19.86447753923713], [-98.90249041819615, 19.86481393914394], [-98.90223184888013, 19.86514599260454], [-98.9019794382574, 19.86547012743505], [-98.90194712790526, 19.8655116178614], [-98.90183746315324, 19.86565883510055], [-98.90172092352509, 19.86581140861601], [-98.9016669053987, 19.86588213448017], [-98.90149797922, 19.86609984594032], [-98.90147248471199, 19.86614417731212], [-98.90136362825962, 19.86633347748183], [-98.9012237599065, 19.86648107631065], [-98.90117384428518, 19.86653375378519], [-98.90100481673231, 19.86674198844413], [-98.90095907296718, 19.8668032893164], [-98.9008241470144, 19.8669841288578], [-98.90071211434257, 19.86713236189932], [-98.90067849096081, 19.86717685714173], [-98.90052724454547, 19.8673739135342], [-98.90043480816978, 19.8674843036766], [-98.90034252277805, 19.86759451965671], [-98.90019492322266, 19.86778878542366], [-98.90017521265187, 19.86781071669487], [-98.90002447635544, 19.86797847673948], [-98.89990040632432, 19.86817131054133], [-98.8997159129358, 19.86837512078236], [-98.89962630353452, 19.86849915642737], [-98.89920096602805, 19.86813780950452], [-98.89905241360894, 19.8680244234375], [-98.89820953367183, 19.86734424310185], [-98.89671788029308, 19.86616743924186], [-98.8970007313331, 19.86583387622205], [-98.8973095677528, 19.86550040050485], [-98.89760366747419, 19.86517139155967], [-98.89790361977974, 19.86483111462574], [-98.89819657616728, 19.86450210860566], [-98.89849644888018, 19.86416182915578], [-98.89880013691658, 19.86384867222399], [-98.89910237574978, 19.86351290997484], [-98.89938041275592, 19.86318612648121], [-98.89982939482171, 19.86268359792836]]], [[[-98.87806083729775, 19.89873463273954], [-98.87075370907868, 19.89504744817339], [-98.87064876816329, 19.89497534171795], [-98.86612167323379, 19.89270275108095], [-98.86564154282952, 19.89331028146831], [-98.86164221560641, 19.89780122825391], [-98.86160273866972, 19.89784555791543], [-98.86151743241665, 19.89793535644657], [-98.85948413005873, 19.90021674669298], [-98.85879099689116, 19.90099439468537], [-98.85875584013552, 19.90103383815989], [-98.85639405951244, 19.90367962756665], [-98.85583633631853, 19.90430493811787], [-98.85132348668616, 19.9006776374888], [-98.85126125613031, 19.90060546122575], [-98.84119144526, 19.89237173600653], [-98.84095153349062, 19.8923088821679], [-98.84097441959462, 19.89223202941166], [-98.84152703477089, 19.89044634958109], [-98.8415596584416, 19.89036949124514], [-98.8421967902952, 19.88826737974883], [-98.84257335438674, 19.8870129035769], [-98.84288482839881, 19.88595507836331], [-98.84322396421311, 19.88482944035668], [-98.84356337190145, 19.88369476015218], [-98.84399529455717, 19.88222331548229], [-98.84403362662346, 19.88198828271616], [-98.84483890036931, 19.87981811739694], [-98.84492510312604, 19.87963949624044], [-98.84513333228126, 19.87906756911639], [-98.84514078752244, 19.87892296771221], [-98.84702623315573, 19.87321307947028], [-98.84709766159321, 19.87309998288859], [-98.8478988329761, 19.87073326658836], [-98.84796919430364, 19.8705117489731], [-98.84871687144256, 19.86825805103311], [-98.84878911570257, 19.86805891251255], [-98.84947495772482, 19.86608449189307], [-98.84949375468871, 19.86603023017104], [-98.84989537280279, 19.86487443076038], [-98.85037455703382, 19.86349490716987], [-98.85077415851482, 19.86234442497398], [-98.85129670987195, 19.86084001641339], [-98.8513144704925, 19.86078864355543], [-98.85223062353906, 19.85815121907919], [-98.8522469526921, 19.85810410491881], [-98.8528146295438, 19.85633711311578], [-98.85336271014754, 19.85463107659679], [-98.85411187319174, 19.85229905291092], [-98.8541701560113, 19.85233520423562], [-98.85491418619459, 19.85279668127609], [-98.8554678911495, 19.85314038750248], [-98.85656040316772, 19.85381854568144], [-98.85733348895722, 19.85429839287604], [-98.85776554564411, 19.85456660270049], [-98.8583269075594, 19.85491502696442], [-98.8586837186058, 19.85513648789812], [-98.86021060629197, 19.85608421649913], [-98.86135510417697, 19.85679455186934], [-98.86191843071495, 19.85714416439686], [-98.8625841795936, 19.85755745559415], [-98.86380354708479, 19.85831435536766], [-98.86396848033628, 19.85841672733679], [-98.8658754924974, 19.85781012125024], [-98.86800735959919, 19.85713195441709], [-98.86812727194982, 19.85709380619346], [-98.87002011444632, 19.8564916573326], [-98.87014119273302, 19.8564598236654], [-98.87024925512712, 19.85643144737403], [-98.87097286703175, 19.85624130864148], [-98.87110196827061, 19.85619022889037], [-98.87327741201581, 19.85532943764197], [-98.87336720146521, 19.85529390967958], [-98.8743471558871, 19.85490614878684], [-98.87446137205689, 19.85486095158778], [-98.8746275821361, 19.85479490422774], [-98.87467078865632, 19.85471376339326], [-98.8747758428283, 19.85451677955936], [-98.87486888401791, 19.85433587637391], [-98.87497088886721, 19.85415269196702], [-98.87506460039319, 19.85397178442702], [-98.87514924526613, 19.85380218597444], [-98.87524144506479, 19.8536303135113], [-98.87542821451632, 19.85328432360923], [-98.8758141345373, 19.85256969751513], [-98.87620543924233, 19.85257574172687], [-98.87638620748257, 19.85283071213835], [-98.87639625588653, 19.85306559071478], [-98.87626821687664, 19.853813657838], [-98.87623958684752, 19.85398091185546], [-98.87656055648804, 19.85440888280162], [-98.87660500407465, 19.85446815852349], [-98.87707992490765, 19.85438191524936], [-98.87717006695252, 19.85436554943119], [-98.87729659116958, 19.85434257137031], [-98.87772869131656, 19.85457891077529], [-98.87817932408788, 19.85469326301167], [-98.8783516562396, 19.85467172627218], [-98.87849147846859, 19.85465425235634], [-98.87895273249548, 19.8547143054527], [-98.87959504468746, 19.85472214608366], [-98.87989626137167, 19.85487290045576], [-98.87993241746011, 19.85492820572299], [-98.88001723670678, 19.85505788626401], [-98.88265617587956, 19.85634945702694], [-98.88272437578871, 19.85637893811859], [-98.88308278730545, 19.85653382732426], [-98.88340593115042, 19.85675237025371], [-98.88377229721549, 19.85692104807504], [-98.88437008978924, 19.85738292713206], [-98.88444889571387, 19.85744381357787], [-98.885013732327, 19.85774321545037], [-98.88560625501447, 19.85792948360989], [-98.88658564402068, 19.85799694111969], [-98.88716760075397, 19.8580370185605], [-98.88731115323682, 19.85802119055472], [-98.88762423457521, 19.85798666771876], [-98.88788454642969, 19.85795796013991], [-98.88817739604099, 19.85792565902468], [-98.88844368274842, 19.85789630253231], [-98.88877443016084, 19.85785982811859], [-98.8891454637217, 19.85775514000835], [-98.88948512486311, 19.8578765371948], [-98.88970225678314, 19.85808613655669], [-98.88970877612415, 19.85847472525482], [-98.88979257347874, 19.85856713518114], [-98.89002045774237, 19.85858028849101], [-98.89037879853085, 19.85889062810788], [-98.89047195304401, 19.85897701017734], [-98.8907991764539, 19.85898986128445], [-98.89114685015197, 19.85884457955799], [-98.89140856469969, 19.85882369168155], [-98.8915688497639, 19.85892951001786], [-98.89174010936965, 19.85932633703516], [-98.89190786721798, 19.85971502316291], [-98.89200857567029, 19.85979172228451], [-98.89213604111643, 19.85973946676511], [-98.89251561488882, 19.86001884933014], [-98.89273632468745, 19.86003868742417], [-98.89277442601073, 19.86006206182236], [-98.8930845054449, 19.86025249202008], [-98.89417005653353, 19.86091908458494], [-98.8943162336357, 19.86109595394018], [-98.8943339045801, 19.86112062285174], [-98.89437696282876, 19.86116943880979], [-98.89421509359664, 19.86134526343569], [-98.89360446444647, 19.86200850826163], [-98.89292815486492, 19.86274307146435], [-98.89228280346812, 19.86344400538141], [-98.89195814948586, 19.86379663863256], [-98.89161862563819, 19.86416539462346], [-98.8909690050927, 19.86487096023244], [-98.89029718749045, 19.86560061093508], [-98.88996037680683, 19.86596640968495], [-98.88965277190745, 19.86630049462833], [-98.88932113712934, 19.86666065947881], [-98.8892664860768, 19.86673544158933], [-98.88912370524174, 19.866930783851], [-98.88903671304762, 19.86704978977972], [-98.88863113720187, 19.8675041677902], [-98.88819014002262, 19.86799821760862], [-98.88416879315493, 19.87250087241442], [-98.88386199702946, 19.87284770334001], [-98.86904600187412, 19.88943426578788], [-98.87357594169781, 19.89170547987472], [-98.87370176664315, 19.89175721594745], [-98.87985367877815, 19.89506461024846], [-98.88090448316616, 19.89315589285525], [-98.8823273724046, 19.89088949530214], [-98.88242439461227, 19.89073118400239], [-98.88327816312652, 19.88933111390607], [-98.88341642062365, 19.88947545875723], [-98.88569177562132, 19.89194723797896], [-98.8858713551614, 19.89216603253212], [-98.88726087865302, 19.89404982793632], [-98.88888030889939, 19.8964188094897], [-98.88700838447826, 19.89871781176379], [-98.88417274618322, 19.89789857328828], [-98.88424421266414, 19.89875694221424], [-98.88420428180471, 19.89912074695578], [-98.88378922266939, 19.900187877891], [-98.87914268216171, 19.91062953268024], [-98.8750843252443, 19.91228399803568], [-98.87653524306378, 19.9090303401896], [-98.87922139647159, 19.90309045252089], [-98.87924145047711, 19.90298875594707], [-98.88075749799927, 19.8996694383035], [-98.8787360104288, 19.89910839204139], [-98.87825270986616, 19.89897599503806], [-98.87806083729775, 19.89873463273954]], [[-98.86491287857343, 19.87681942669121], [-98.85605502824212, 19.87332870866619], [-98.85161233979913, 19.88729117581102], [-98.86581439331358, 19.89269774022355], [-98.86762945668366, 19.88714589406434], [-98.86860936711523, 19.88409194376114], [-98.8702162487512, 19.87904200103984], [-98.8690098682086, 19.87857652689584], [-98.86491287857343, 19.87681942669121]]], [[[-98.86410372486615, 19.82493248073186], [-98.86718660257277, 19.82169843104907], [-98.8693496358751, 19.82252342109936], [-98.87223180601427, 19.82362263231922], [-98.87261369038566, 19.82307066111663], [-98.87537158508857, 19.82386956482935], [-98.87619700260949, 19.82502289107634], [-98.87629274069523, 19.82515670284819], [-98.87667491936169, 19.82569068241201], [-98.8772487383596, 19.82649251393194], [-98.87729963061003, 19.8265635978509], [-98.87735829082415, 19.826645576023], [-98.87803520257614, 19.82759142225621], [-98.87805230854373, 19.82761534640411], [-98.87870969245033, 19.82853384370859], [-98.87897370921065, 19.82890277613308], [-98.8789784067926, 19.82890930072007], [-98.87904538551439, 19.82900290921629], [-98.87905297800857, 19.82901352782016], [-98.87931763777786, 19.82938332523699], [-98.87886205815556, 19.83038487178425], [-98.87851020403913, 19.83115842152185], [-98.87729664396058, 19.83106266641546], [-98.87678421413308, 19.83102223297868], [-98.87590646432717, 19.8309529794439], [-98.87583570695696, 19.83094739558649], [-98.87487977056182, 19.83087195478871], [-98.87391417649842, 19.83079574661339], [-98.87327373738394, 19.83074519903704], [-98.87301666273868, 19.83072491717803], [-98.87297827682943, 19.83072187666554], [-98.86759268172571, 19.83063735270727], [-98.86368010886844, 19.82965977831297], [-98.8624680927872, 19.82664824255508], [-98.86410372486615, 19.82493248073186]]], [[[-98.88883243807881, 19.8745401761359], [-98.88872599085092, 19.8744546034512], [-98.8910746941358, 19.8718371257444], [-98.8913066649636, 19.8718094701963], [-98.88883243807881, 19.8745401761359]]], [[[-98.88690154363708, 19.8766878488263], [-98.8868001181273, 19.8766056760348], [-98.8876534757486, 19.8756547134477], [-98.88775064286479, 19.8757339370809], [-98.88690154363708, 19.8766878488263]]], [[[-98.8878139463717, 19.8757465832964], [-98.88767045389208, 19.8756357920556], [-98.8887707264513, 19.8744096461835], [-98.8889142908182, 19.8745127553143], [-98.8878139463717, 19.8757465832964]]], [[[-98.8823456695031, 19.8822528837932], [-98.8821370129169, 19.8822372386858], [-98.8872143012415, 19.8766941921503], [-98.8872876151822, 19.8767484141716], [-98.88713479144852, 19.8769182996155], [-98.8868940743103, 19.8771851843642], [-98.88664572492502, 19.8774642364881], [-98.8864009990783, 19.8777375973809], [-98.886151264458, 19.8780144248549], [-98.88590679606142, 19.8782860682175], [-98.88565703943762, 19.8785645396572], [-98.8854126532924, 19.878839010888], [-98.88516054568301, 19.8791165764147], [-98.8849171243773, 19.8793886347386], [-98.8846677371094, 19.8796667344718], [-98.88441953507431, 19.879942638671], [-98.8841756423717, 19.8802157890917], [-98.8839289110757, 19.8804898319594], [-98.8836794735578, 19.8807666108546], [-98.8834306080961, 19.8810437060503], [-98.88318465754779, 19.8813177483613], [-98.88293925950748, 19.881592739547], [-98.882690516715, 19.8818683878652], [-98.88244285162348, 19.8821452384286], [-98.8823456695031, 19.8822528837932]]], [[[-98.9256070226231, 19.8406023414974], [-98.925445927648, 19.8405631528455], [-98.9270653598075, 19.8393022235267], [-98.92706137475548, 19.8393059658629], [-98.9270576590964, 19.8393095320906], [-98.9270539319815, 19.839313088373], [-98.9270501934117, 19.8393166329027], [-98.9270464433862, 19.8393201674871], [-98.9270426819054, 19.8393236912226], [-98.9270389099242, 19.8393272041094], [-98.9270351264878, 19.8393307061473], [-98.92703133159601, 19.8393341973362], [-98.9270275262039, 19.8393376776765], [-98.9275475270336, 19.838926789014], [-98.9274901882491, 19.8389818642759], [-98.9274807505728, 19.8389909280117], [-98.9274713138505, 19.8389999917473], [-98.9274618761725, 19.8390090545783], [-98.9274524375384, 19.8390181174085], [-98.92744299985871, 19.8390271793348], [-98.9274335602683, 19.8390362403562], [-98.9274241206764, 19.8390453022807], [-98.9274146810839, 19.839054363301], [-98.92740524053559, 19.8390634234168], [-98.9274005140511, 19.839067958894], [-98.9273957875667, 19.8390724934675], [-98.9273910610821, 19.8390770280408], [-98.9273863326876, 19.8390815617095], [-98.92738160524782, 19.8390860953785], [-98.92737687685269, 19.839090629047], [-98.92737214750281, 19.8390951618113], [-98.927367418153, 19.8390996936717], [-98.9273626888026, 19.8391042264358], [-98.9273548017763, 19.839111780739], [-98.92734691379471, 19.8391193341378], [-98.9273390239031, 19.8391268857281], [-98.9273311330563, 19.839134436414], [-98.9273232402994, 19.8391419852913], [-98.9273153465872, 19.8391495332643], [-98.9273074509651, 19.8391570794287], [-98.9272995534331, 19.8391646237846], [-98.9272916549457, 19.8391721672361], [-98.9272853281306, 19.8391782075966], [-98.92727899940591, 19.8391842461488], [-98.9272726697264, 19.8391902828929], [-98.92726633813689, 19.8391963187324], [-98.92726000463782, 19.8392023527634], [-98.9272536701835, 19.8392083858902], [-98.9272473347742, 19.8392144181127], [-98.9272409965006, 19.8392204476227], [-98.927234658227, 19.8392264762288], [-98.92722704542102, 19.8392337125411], [-98.9272194297505, 19.8392409461408], [-98.9272118121702, 19.8392481779321], [-98.92720419172579, 19.8392554061071], [-98.9271965693711, 19.8392626333774], [-98.9271889431973, 19.839269857031], [-98.92718131606858, 19.8392770788765], [-98.9271736851201, 19.8392842989128], [-98.9271660522624, 19.8392915153332], [-98.9271593643167, 19.8392978356839], [-98.92715267350718, 19.8393041524185], [-98.92714598078791, 19.8393104673446], [-98.9271392852042, 19.8393167795583], [-98.9271325867563, 19.8393230890595], [-98.9271258854436, 19.8393293967519], [-98.9271191822212, 19.8393357026359], [-98.9271124770899, 19.8393420049041], [-98.9271057681388, 19.8393483053632], [-98.9270982317966, 19.8393553781342], [-98.92709069163529, 19.8393624472886], [-98.927083147655, 19.8393695128263], [-98.9270756008102, 19.8393765756515], [-98.9270680501463, 19.8393836348601], [-98.92706049566338, 19.8393906904521], [-98.927052938316, 19.8393977433315], [-98.92704537714958, 19.8394047925943], [-98.92703781216412, 19.8394118382404], [-98.9270309245708, 19.8394182470657], [-98.92702403315859, 19.8394246522744], [-98.9270171388821, 19.8394310547706], [-98.92701024078661, 19.8394374536502], [-98.92700333887208, 19.8394438489132], [-98.9269964340938, 19.83945024056], [-98.92698952549611, 19.839456629494], [-98.9269826130794, 19.8394630148114], [-98.9269756977988, 19.8394693965126], [-98.9269681595917, 19.8394763454724], [-98.9269606166109, 19.8394832899115], [-98.92695306885649, 19.83949022983], [-98.92694551728349, 19.8394971652281], [-98.9269379609364, 19.8395040970092], [-98.92693040077108, 19.8395110233663], [-98.92692283487669, 19.839517946106], [-98.9269152651637, 19.8395248643254], [-98.9269076916321, 19.8395317780244], [-98.9269006464451, 19.8395382012389], [-98.92689359744, 19.8395446190295], [-98.9268865436609, 19.839551033203], [-98.9268794851082, 19.8395574428559], [-98.92687242273709, 19.8395638479885], [-98.92686535559241, 19.8395702486005], [-98.9268582836741, 19.8395766446918], [-98.9268512079373, 19.8395830362628], [-98.9268441274265, 19.8395894242168], [-98.9267964241149, 19.8396322347796], [-98.9267485155444, 19.8396748401086], [-98.9267004026709, 19.8397172383968], [-98.9266520854952, 19.8397594278366], [-98.9266035659265, 19.8398014102361], [-98.9265548449215, 19.8398431819807], [-98.9265059234349, 19.8398847439743], [-98.9264568024225, 19.8399260944098], [-98.9264074837945, 19.8399672332878], [-98.92640012833638, 19.8399733364498], [-98.9263927681047, 19.8399794350911], [-98.92638540500948, 19.8399855292125], [-98.92637803714122, 19.8399916179095], [-98.9263706644989, 19.8399977029894], [-98.92636328803799, 19.8400037835491], [-98.9263559077591, 19.8400098586848], [-98.92634852270619, 19.8400159302034], [-98.92634113383521, 19.8400219962981], [-98.9263331803407, 19.8400285176163], [-98.92632522207262, 19.8400350344138], [-98.9263172609409, 19.8400415466912], [-98.92630929503558, 19.840048054448], [-98.92630132435698, 19.8400545567802], [-98.9262933498594, 19.8400610554958], [-98.9262853715432, 19.8400675496911], [-98.92627738845378, 19.8400740384619], [-98.9262694015453, 19.840080523616], [-98.9262620671587, 19.8400864713472], [-98.9262547289528, 19.8400924163654], [-98.92624738788341, 19.8400983568637], [-98.9262400439496, 19.8401042946495], [-98.92623269619692, 19.8401102288187], [-98.9262253455807, 19.8401161584679], [-98.9262179911452, 19.8401220854042], [-98.92621063384571, 19.8401280087243], [-98.9262032736824, 19.8401339284281], [-98.9261951817093, 19.840140428898], [-98.92618708782719, 19.840146925752], [-98.9261789891706, 19.8401534198926], [-98.92617088860538, 19.8401599095137], [-98.9261627842211, 19.840166395518], [-98.92615467697239, 19.8401728788097], [-98.9261465659051, 19.840179357581], [-98.92613845197342, 19.8401858336398], [-98.92613033517799, 19.8401923051785], [-98.9261231049642, 19.8401980658843], [-98.9261158718865, 19.8402038229739], [-98.9261086368991, 19.840209578255], [-98.9261014000024, 19.840215330824], [-98.9260941602418, 19.8402210797767], [-98.9260869185711, 19.8402268278247], [-98.92607967403649, 19.8402325722565], [-98.9260724275926, 19.8402383139761], [-98.9260651792389, 19.8402440538872], [-98.92605690100422, 19.8402506030725], [-98.9260486208596, 19.8402571504493], [-98.92604033880549, 19.8402636951138], [-98.92603205388701, 19.8402702370657], [-98.92602376705898, 19.8402767763053], [-98.9260154783216, 19.8402833128327], [-98.9260071867192, 19.8402898475512], [-98.9259988922525, 19.840296379557], [-98.9259905968317, 19.8403029079473], [-98.9259836847781, 19.8403083443566], [-98.9259767727246, 19.840313779862], [-98.9259698578067, 19.8403192126548], [-98.9259629428888, 19.8403246445437], [-98.92595602606129, 19.8403300746242], [-98.92594910732412, 19.8403355028962], [-98.9259421876318, 19.8403409302638], [-98.9259352669849, 19.8403463558235], [-98.9259283444278, 19.8403517804783], [-98.92591969935339, 19.8403585509075], [-98.9259110533236, 19.8403653204322], [-98.9259024053834, 19.840372089052], [-98.92589375648882, 19.84037885496], [-98.9258851066388, 19.8403856199634], [-98.925876454879, 19.8403923831582], [-98.92586780120868, 19.8403991454481], [-98.92585914658362, 19.8404059059298], [-98.9258504910035, 19.8404126646034], [-98.9258452986113, 19.8404167172774], [-98.9258401062185, 19.8404207708549], [-98.9258349128712, 19.8404248226245], [-98.9258297195236, 19.840428874394], [-98.92582452522069, 19.8404329261629], [-98.925819330918, 19.8404369770279], [-98.92581413566, 19.8404410278924], [-98.9258089404022, 19.8404450778531], [-98.92580374514459, 19.8404491269099], [-98.9257933660928, 19.8404572159911], [-98.92578298608548, 19.8404653041675], [-98.92577260607702, 19.8404733923433], [-98.9257622251129, 19.8404814796145], [-98.9257518441478, 19.840489566885], [-98.9257414631821, 19.8404976532512], [-98.9257310812607, 19.8405057387127], [-98.9257206983832, 19.8405138241732], [-98.92571031645971, 19.8405219096335], [-98.9256070226231, 19.8406023414974]]], [[[-98.8912778195828, 19.8716107603387], [-98.891859834056, 19.8709621091556], [-98.89186242884199, 19.8709641252004], [-98.8919662825947, 19.8710448153317], [-98.8914603082373, 19.8715865806675], [-98.8912778195828, 19.8716107603387]]], [[[-98.8762551178968, 19.8885390476246], [-98.87621715541371, 19.8885251407332], [-98.8764516937595, 19.8882639055782], [-98.87648474370648, 19.8882807098202], [-98.8762551178968, 19.8885390476246]]], [[[-98.8765885739099, 19.8886649536484], [-98.8765414431406, 19.888647579382], [-98.876697616997, 19.8884736843027], [-98.8767447095342, 19.888491040428], [-98.8765885739099, 19.8886649536484]]], [[[-98.8760235915114, 19.8892991332033], [-98.8759784439624, 19.889274232528], [-98.8761730071624, 19.8890584339829], [-98.8762174765335, 19.8890831805126], [-98.8760235915114, 19.8892991332033]]], [[[-98.8765885739099, 19.8886649536484], [-98.8765414431406, 19.888647579382], [-98.876697616997, 19.8884736843027], [-98.8767447095342, 19.888491040428], [-98.8765885739099, 19.8886649536484]]], [[[-98.87564805545938, 19.8891705489623], [-98.8756379141225, 19.8891653999483], [-98.8758899324994, 19.8888847034983], [-98.87569256810659, 19.889117944906], [-98.87564805545938, 19.8891705489623]]], [[[-98.88138359517961, 19.8834951298968], [-98.88127152550821, 19.8831706434183], [-98.8820829314092, 19.8822813024368], [-98.8824601255859, 19.8822969052974], [-98.88138359517961, 19.8834951298968]]], [[[-98.9241210108603, 19.8416411306889], [-98.92549377158882, 19.8405744309338], [-98.92560672741048, 19.840602582658], [-98.92429722123669, 19.8416229601658], [-98.9241210108603, 19.8416411306889]]], [[[-98.89555839312699, 19.8674699800515], [-98.89674259676798, 19.8661509973429], [-98.8968143781282, 19.866209452879], [-98.89563045154871, 19.8675285808079], [-98.89555839312699, 19.8674699800515]]]]}}, {"type": "Feature", "properties": {"id": "MUN_null_temascalapa", "nivel": "municipio", "nombre": "Temascalapa", "municipio": "Temascalapa", "estado": "Null", "proyecto": "TAP"}, "geometry": {"type": "MultiPolygon", "coordinates": [[[[-98.8596226670586, 19.9070298435295], [-98.85948282709352, 19.9072094201059], [-98.85946736506199, 19.9072024812147], [-98.85945384586569, 19.9071964142075], [-98.85945384586569, 19.9071964142075], [-98.859451905374, 19.9071955433733], [-98.859495788318, 19.9071466815721], [-98.8595783791498, 19.9070547200639], [-98.8595784074743, 19.9070547287886], [-98.85957982245249, 19.9070531130043], [-98.859605493411, 19.9070245344352], [-98.8596226670586, 19.9070298435295]]], [[[-98.8774293043071, 19.8876590285493], [-98.877429304307, 19.8876590285492], [-98.8774292631566, 19.8876590071968], [-98.8774988678019, 19.8875815029186], [-98.8775442795877, 19.8876053537056], [-98.8774748656308, 19.8876826697575], [-98.8767480152055, 19.8884922587444], [-98.87669762077121, 19.8884736856937], [-98.8768537495227, 19.888299852755], [-98.877429304307, 19.8876590285493], [-98.8774293043071, 19.8876590285493]]], [[[-98.9060475466645, 19.8552370410721], [-98.90604384458982, 19.8552504819005], [-98.9059470300035, 19.8555511853055], [-98.9057486571935, 19.8555134453173], [-98.9059585207007, 19.8553153445407], [-98.9060475466645, 19.8552370410721]]], [[[-98.8765104091383, 19.8887568624008], [-98.8763886664585, 19.8888924641882], [-98.8763431637899, 19.8888683169221], [-98.8764601066365, 19.8887381217208], [-98.8765104091383, 19.8887568624008]]], [[[-98.8813239358368, 19.8833224016976], [-98.8813848167048, 19.8834986767275], [-98.8806845097678, 19.8842781372378], [-98.8805955565063, 19.8842066170109], [-98.87907478219212, 19.885900592238], [-98.8790296580455, 19.8858770504036], [-98.8813239358368, 19.8833224016976]]], [[[-98.8787728443994, 19.8857442938654], [-98.8787323538808, 19.8857236053786], [-98.87968544105269, 19.8846642848475], [-98.87971297793881, 19.8846798896815], [-98.8792160478452, 19.8852508025588], [-98.8787728443994, 19.8857442938654]]], [[[-98.8802372139097, 19.8839186940087], [-98.886800114518, 19.8766056754863], [-98.8868795112948, 19.8766699987032], [-98.8869015469637, 19.8766878515215], [-98.87971297793881, 19.8846798896815], [-98.87968544105269, 19.8846642848475], [-98.8803043315111, 19.8839725996435], [-98.8802372139097, 19.8839186940087]]], [[[-98.88318465754779, 19.8813177483613], [-98.8834306080961, 19.8810437060503], [-98.8836794735578, 19.8807666108546], [-98.8839289110757, 19.8804898319594], [-98.8841756423717, 19.8802157890917], [-98.88441953507431, 19.879942638671], [-98.8846677371094, 19.8796667344718], [-98.8849171243773, 19.8793886347386], [-98.88516054568301, 19.8791165764147], [-98.8854126532924, 19.878839010888], [-98.88565703943762, 19.8785645396572], [-98.88590679606142, 19.8782860682175], [-98.886151264458, 19.8780144248549], [-98.8864009990783, 19.8777375973809], [-98.88664572492502, 19.8774642364881], [-98.8868940743103, 19.8771851843642], [-98.88713479144852, 19.8769182996155], [-98.88726954723509, 19.8767684993057], [-98.8873664748154, 19.87684050254], [-98.8824643732348, 19.8822970806434], [-98.8824356490435, 19.882295892835], [-98.8822525940552, 19.8822883207319], [-98.8822882821465, 19.8822485809038], [-98.8823456695031, 19.8822528837932], [-98.88244285162348, 19.8821452384286], [-98.882690516715, 19.8818683878652], [-98.88293925950748, 19.881592739547], [-98.88318465754779, 19.8813177483613]]], [[[-98.8872876151822, 19.8767484141716], [-98.8872143012415, 19.8766941921503], [-98.8886363759458, 19.8751096713534], [-98.8888062193273, 19.8752378109717], [-98.8873664748153, 19.8768405025401], [-98.88726954723509, 19.8767684993058], [-98.8872876151822, 19.8767484141716]]], [[[-98.9303026346411, 19.8362384491794], [-98.9301675213098, 19.8365920358004], [-98.9299840285845, 19.8367346186595], [-98.9297641709096, 19.8366579061849], [-98.9303026346411, 19.8362384491794]]], [[[-98.92749243936649, 19.8386706616705], [-98.9278432060917, 19.8383337423811], [-98.9278999098568, 19.8383540499413], [-98.92749243936649, 19.8386706616705]]], [[[-98.9282949979317, 19.8378785721234], [-98.92835717480878, 19.837820954632], [-98.9284252549207, 19.8377585029922], [-98.92848889901032, 19.8377007827904], [-98.9289243955499, 19.8373238921608], [-98.9289908192718, 19.8372690481134], [-98.9290626182867, 19.8372104445201], [-98.92912880316729, 19.8371569742223], [-98.9292017908309, 19.837098535323], [-98.9292669854903, 19.8370467369505], [-98.9293415984633, 19.8369878356709], [-98.92940387092551, 19.836938928873], [-98.9294817361659, 19.8368780119901], [-98.929528486755, 19.8368415314601], [-98.92962190595749, 19.8367687282899], [-98.9297641709096, 19.8366579061848], [-98.9299840285845, 19.8367346186595], [-98.9279004694424, 19.838353615132], [-98.9278439732969, 19.838333005461], [-98.92785602298, 19.8383214314327], [-98.927940969566, 19.838239872444], [-98.9279835210929, 19.8381990695103], [-98.92801902234952, 19.838165084552], [-98.9280694845252, 19.8380912233916], [-98.9280980121864, 19.8380640693599], [-98.9281666563698, 19.8379989919502], [-98.92822698525411, 19.8379421587945], [-98.9282949979317, 19.8378785721234]]], [[[-98.9021887693575, 19.8591262304864], [-98.902135557271, 19.8591455197381], [-98.9021199371501, 19.8591506388413], [-98.9020305212132, 19.8591797478794], [-98.90194306714359, 19.8592052733829], [-98.9018729559359, 19.8592237486994], [-98.9017236421486, 19.8592587352231], [-98.9016643844112, 19.859270075072], [-98.90156746639958, 19.8592896697496], [-98.9013909454402, 19.8593271735005], [-98.90131568880652, 19.8593431625123], [-98.9012037361847, 19.8593669478827], [-98.90116101734459, 19.8593760234448], [-98.90116101734449, 19.8593760234448], [-98.90121247643381, 19.8593642212494], [-98.90124008152699, 19.8593576191685], [-98.90126548584881, 19.8593513457664], [-98.9013695748876, 19.8593234164989], [-98.90147259795921, 19.8592921487455], [-98.9015744354849, 19.8592575787984], [-98.9016749692623, 19.8592197467831], [-98.9017740826022, 19.8591786966114], [-98.9018716604646, 19.8591344759303], [-98.9019675895922, 19.8590871360667], [-98.90206175864128, 19.8590367319679], [-98.90210913008978, 19.8590093201687], [-98.90210913068822, 19.8590093206002], [-98.90212296486739, 19.8590192971074], [-98.90214140197789, 19.8590325930111], [-98.9021737761101, 19.859055939574], [-98.90223445903102, 19.8590997009484], [-98.9022433881435, 19.8591061401574], [-98.9021887693575, 19.8591262304864]]], [[[-98.8761725965567, 19.8890582077777], [-98.87618783731429, 19.8890412472951], [-98.8762334153078, 19.8890653891271], [-98.8762174574344, 19.8890831714625], [-98.8761725965567, 19.8890582077777]]], [[[-98.8763431629474, 19.8888683164749], [-98.8763431637899, 19.8888683169221], [-98.8763886664585, 19.8888924641882], [-98.87623341496781, 19.889065388947], [-98.87618783731429, 19.8890412472951], [-98.8763431629474, 19.8888683164749]]], [[[-98.8765104091383, 19.8887568624008], [-98.8763886664585, 19.8888924641882], [-98.8763431637899, 19.8888683169221], [-98.8764601066365, 19.8887381217208], [-98.8765104091383, 19.8887568624008]]]]}}, {"type": "Feature", "properties": {"id": "MUN_hidalgo_tezontepec", "nivel": "municipio", "nombre": "Tezontepec", "municipio": "Tezontepec", "estado": "Hidalgo", "proyecto": "TAP"}, "geometry": {"type": "MultiPolygon", "coordinates": [[[[-98.8506035631068, 19.9170777687533], [-98.84797777290188, 19.9199835396024], [-98.84796724600932, 19.9199818036799], [-98.8505874908066, 19.9170648462542], [-98.8506035631068, 19.9170777687533]]], [[[-98.8475702133218, 19.9204768319067], [-98.846071262984, 19.9221458379673], [-98.846039394265, 19.9221278733433], [-98.8475702133218, 19.9204768319067]]]]}}, {"type": "Feature", "properties": {"id": "MUN_hidalgo_tizayuca", "nivel": "municipio", "nombre": "Tizayuca", "municipio": "Tizayuca", "estado": "Hidalgo", "proyecto": "TAP"}, "geometry": {"type": "MultiPolygon", "coordinates": [[[[-98.92293788651679, 19.84195319855864], [-98.92285038900496, 19.84193681641488], [-98.92280181105738, 19.84194574834567], [-98.92425753742883, 19.83818347039298], [-98.92624257366951, 19.83305284275445], [-98.92709620345903, 19.83334251701973], [-98.92832459585848, 19.83375937348252], [-98.9295626751038, 19.83417948060401], [-98.9295978533243, 19.83419141712957], [-98.93092699546933, 19.83464241483213], [-98.9309047480291, 19.83465983341184], [-98.93047697687219, 19.83582601936106], [-98.93009752896737, 19.83677516400937], [-98.92799579636042, 19.83838838955374], [-98.92651113705318, 19.83955580607814], [-98.92325799264955, 19.8420132514064], [-98.92293788651679, 19.84195319855864]]], [[[-98.90353944057047, 19.86347943275278], [-98.90405166099846, 19.86275226047658], [-98.90408794442898, 19.86277809723751], [-98.90510856716809, 19.86350486384638], [-98.90423847716302, 19.86490866006195], [-98.90383527545508, 19.86553071658865], [-98.90360173807493, 19.86595028735956], [-98.90332868645362, 19.86639263226608], [-98.90318499800007, 19.8666227745015], [-98.90304157712646, 19.86684789029854], [-98.90289492542192, 19.86709739199111], [-98.90273025120135, 19.86733833839848], [-98.90258034768411, 19.86756904235789], [-98.9024271173368, 19.8678035677167], [-98.90227920048326, 19.86801940698521], [-98.90215596706538, 19.86822316652649], [-98.90199909576911, 19.86847648435516], [-98.90187153613802, 19.86869927634823], [-98.90175362633377, 19.86889982624379], [-98.90162380831228, 19.86911404957133], [-98.90149960824964, 19.86932731785359], [-98.90133432381957, 19.86951293686061], [-98.90122535762917, 19.86971414989604], [-98.90107837604053, 19.86992788606651], [-98.90095123601554, 19.87011959757036], [-98.90082425134311, 19.87030784882372], [-98.9007057826896, 19.87049959244864], [-98.90060425387891, 19.87069104776917], [-98.90046559790075, 19.87090605087295], [-98.90035572958519, 19.87106778816527], [-98.90022956715626, 19.87126066168146], [-98.89985920731777, 19.87184166936743], [-98.89880326727834, 19.8705383502533], [-98.89853782806256, 19.87018886726174], [-98.89859593825537, 19.87014914871073], [-98.89870532352063, 19.86993230643117], [-98.89877307300982, 19.86970273526202], [-98.89886309925983, 19.86950938682499], [-98.89900743022208, 19.86932538169463], [-98.89915428288434, 19.8691396238462], [-98.89927661412351, 19.86895418929742], [-98.89943463195605, 19.86876836048027], [-98.89959876023318, 19.86854367108197], [-98.89962630353452, 19.86849915642737], [-98.8997159129358, 19.86837512078236], [-98.89990040632432, 19.86817131054133], [-98.90002447635544, 19.86797847673948], [-98.90017521265187, 19.86781071669487], [-98.90019492322266, 19.86778878542366], [-98.90034252277805, 19.86759451965671], [-98.90043480816978, 19.8674843036766], [-98.90052724454547, 19.8673739135342], [-98.90067849096081, 19.86717685714173], [-98.90071211434257, 19.86713236189932], [-98.9008241470144, 19.8669841288578], [-98.90095907296718, 19.8668032893164], [-98.90100481673231, 19.86674198844413], [-98.90117384428518, 19.86653375378519], [-98.9012237599065, 19.86648107631065], [-98.90136362825962, 19.86633347748183], [-98.90147248471199, 19.86614417731212], [-98.90149797922, 19.86609984594032], [-98.9016669053987, 19.86588213448017], [-98.90172092352509, 19.86581140861601], [-98.90183746315324, 19.86565883510055], [-98.90194712790526, 19.8655116178614], [-98.9019794382574, 19.86547012743505], [-98.90223184888013, 19.86514599260454], [-98.90249041819615, 19.86481393914394], [-98.90275237236644, 19.86447753923713], [-98.90291917881493, 19.86432199996081], [-98.90299713300098, 19.86424931815398], [-98.90353944057047, 19.86347943275278]]], [[[-98.92405584845712, 19.8416480007289], [-98.92455843666752, 19.84158928962524], [-98.92446134824759, 19.84242721287878], [-98.92347130331875, 19.84209332979907], [-98.92405584845712, 19.8416480007289]]], [[[-98.86405321151535, 19.90126900897488], [-98.86437280381773, 19.90090065972898], [-98.86604049247396, 19.89897851141033], [-98.86668655718552, 19.89913964412216], [-98.86375495626025, 19.90238735229082], [-98.8632119340291, 19.90223862058427], [-98.86405321151535, 19.90126900897488]]], [[[-98.95603501164301, 19.81641204505193], [-98.956039268993, 19.81640760059882], [-98.9560398535022, 19.81640831519383], [-98.95608895229228, 19.81646834116695], [-98.95605042495869, 19.81649798472064], [-98.9559585520287, 19.81656867316079], [-98.9558666790175, 19.81663936155291], [-98.95584686865294, 19.81660845624697], [-98.95600600708192, 19.81644232430346], [-98.95603501164301, 19.81641204505193]]], [[[-98.95708087525362, 19.8156072707684], [-98.95703478741092, 19.81556099423131], [-98.95703451312612, 19.81556124859308], [-98.95690633729929, 19.81543401241927], [-98.9570732232739, 19.81523894569819], [-98.95727397284894, 19.81548004888238], [-98.95709070114982, 19.81561702461083], [-98.95708087525362, 19.8156072707684]]], [[[-98.95681629789537, 19.81574115322194], [-98.95691616763918, 19.81565979665338], [-98.95697400044087, 19.81571995623599], [-98.9569262172627, 19.81575845612424], [-98.95688020887758, 19.8157955259955], [-98.95681629789537, 19.81574115322194]]], [[[-98.95649732995426, 19.8159063403168], [-98.95657438381129, 19.8158173576389], [-98.9567165285203, 19.81592740627892], [-98.9566876052304, 19.81595071026873], [-98.9566150497975, 19.81600916937224], [-98.95649732995426, 19.8159063403168]]], [[[-98.95640104618944, 19.81600669608519], [-98.95649732995426, 19.8159063403168], [-98.9566150497975, 19.81600916937224], [-98.95651847876208, 19.81609112464259], [-98.95650841353385, 19.81609966651788], [-98.95640104618944, 19.81600669608519]]], [[[-98.95631118123327, 19.81610036142094], [-98.95640104618944, 19.81600669608519], [-98.95650841353385, 19.81609966651788], [-98.95640557307779, 19.81618694218308], [-98.95631118123327, 19.81610036142094]]], [[[-98.95703451312612, 19.81556124859308], [-98.95708087525362, 19.8156072707684], [-98.95709555858028, 19.81562201420384], [-98.95699378883431, 19.81570401231166], [-98.9569393048459, 19.81564954123353], [-98.95703451312612, 19.81556124859308]]], [[[-98.95699378883431, 19.81570401231166], [-98.95709589289802, 19.81562234989013], [-98.95709555858028, 19.81562201420384], [-98.9570956518765, 19.81562193903295], [-98.95712767142491, 19.81566544941584], [-98.9570223699549, 19.81574407781705], [-98.95699378883431, 19.81570401231166]]], [[[-98.9569262172627, 19.81575845612424], [-98.95697400044087, 19.81571995623599], [-98.95700238614543, 19.81575899967255], [-98.9569587470692, 19.81579158483306], [-98.9569262172627, 19.81575845612424]]], [[[-98.9567967551385, 19.81586276625885], [-98.95688020887758, 19.8157955259955], [-98.9569262172627, 19.81575845612424], [-98.9569587470692, 19.81579158483306], [-98.95698196449847, 19.81581522970358], [-98.95684349781978, 19.81592068210663], [-98.9567967551385, 19.81586276625885]]], [[[-98.9566876052304, 19.81595071026873], [-98.9567165285203, 19.81592740627892], [-98.9567967551385, 19.81586276625885], [-98.95684349781978, 19.81592068210663], [-98.95673463990701, 19.8160035851162], [-98.9566876052304, 19.81595071026873]]], [[[-98.95665062299184, 19.81604024274946], [-98.9566150497975, 19.81600916937224], [-98.9566876052304, 19.81595071026873], [-98.95673463990701, 19.8160035851162], [-98.95666733605223, 19.81605484169123], [-98.95665062299184, 19.81604024274946]]], [[[-98.95651847876208, 19.81609112464259], [-98.9566150497975, 19.81600916937224], [-98.95665062299184, 19.81604024274946], [-98.95654890823063, 19.81612369444245], [-98.95651847876208, 19.81609112464259]]], [[[-98.96322705617413, 19.80796845678464], [-98.96283968230254, 19.80782282810351], [-98.9638873211587, 19.80633731333702], [-98.96424222857527, 19.80647085292382], [-98.96322705617413, 19.80796845678464]]], [[[-98.95770064714699, 19.81489389183537], [-98.9578703518999, 19.8146482270164], [-98.95807230043799, 19.81479298342325], [-98.95783587027131, 19.81501936712723], [-98.95770064714699, 19.81489389183537]]], [[[-98.95732243134373, 19.81495622201918], [-98.9576053285822, 19.81520955249513], [-98.95738375065277, 19.8153923424981], [-98.95732756203304, 19.81531842654637], [-98.95727677759464, 19.81524643290069], [-98.9572456016476, 19.81520223684061], [-98.9572284083046, 19.81513689966267], [-98.9572183159055, 19.81508352001462], [-98.95721680298129, 19.81507551801316], [-98.95732243134373, 19.81495622201918]]], [[[-98.9560398535022, 19.81640831519383], [-98.95603926899301, 19.81640760059882], [-98.95602874782858, 19.81639473788843], [-98.95631118123327, 19.81610036142094], [-98.95640557307779, 19.81618694218308], [-98.95608895229228, 19.81646834116693], [-98.9560398535022, 19.81640831519383]]], [[[-98.95732243134373, 19.81495622201918], [-98.95738812553493, 19.81488351051359], [-98.95750623809191, 19.81500754486523], [-98.95760068305844, 19.8149096388058], [-98.9575600360541, 19.81486465340855], [-98.95761465850927, 19.81481410170624], [-98.95770064714699, 19.81489389183537], [-98.95783587027131, 19.81501936712723], [-98.9576053285822, 19.81520955249513], [-98.95732243134373, 19.81495622201918]]], [[[-98.95600668885449, 19.81644317863876], [-98.95605042495869, 19.81649798472063], [-98.9559585520287, 19.81656867316077], [-98.95593116136307, 19.81652947809051], [-98.95600668885449, 19.81644317863876]]], [[[-98.95603501164301, 19.81641204505193], [-98.9560398535022, 19.81640831519383], [-98.95608895229228, 19.81646834116695], [-98.95605042495869, 19.81649798472064], [-98.95600668885449, 19.81644317863879], [-98.95600600708192, 19.81644232430346], [-98.95600208505577, 19.8164374095769], [-98.95603501164301, 19.81641204505193]]], [[[-98.9567165285203, 19.81592740627892], [-98.95657438381129, 19.81581735763892], [-98.95656795673904, 19.81581082460573], [-98.95663416994124, 19.81573432834852], [-98.9567967551385, 19.81586276625885], [-98.9567165285203, 19.81592740627892]]], [[[-98.9567967551385, 19.81586276625885], [-98.95663416994124, 19.81573432834852], [-98.95684999246897, 19.81549145391608], [-98.9569764717927, 19.81561507399844], [-98.9569393048459, 19.81564954123353], [-98.95691616763919, 19.81565979665338], [-98.95681629789536, 19.81574115322192], [-98.95687467076213, 19.81579081440239], [-98.95688020887758, 19.8157955259955], [-98.9567967551385, 19.81586276625885]]], [[[-98.9114541877288, 19.84967138753013], [-98.91258136390918, 19.85008315585416], [-98.91275633428643, 19.85015136118347], [-98.91077200932057, 19.85171781775787], [-98.91087733587521, 19.85140989523941], [-98.91143476691333, 19.84966429283791], [-98.9114541877288, 19.84967138753013]]], [[[-98.92446415445656, 19.84398127435255], [-98.92421149873823, 19.84391421955562], [-98.92398912466354, 19.84393325321592], [-98.92380719018739, 19.84393317559621], [-98.92366571727548, 19.84386616657962], [-98.92344343947902, 19.84368435490997], [-98.92342330220607, 19.84352175813405], [-98.92333240406863, 19.84337825923607], [-98.92319094564594, 19.84328255877964], [-98.92306971177214, 19.84316773774799], [-98.9229889120251, 19.84304337130802], [-98.92282726669738, 19.84289027699707], [-98.9225544641591, 19.84268931496222], [-98.92340372090683, 19.84220191627832], [-98.92582914602981, 19.84294893435962], [-98.92555616924948, 19.8431114087978], [-98.92525282486613, 19.84336951060061], [-98.92490900954449, 19.84371366985368], [-98.92466627718878, 19.8440387446723], [-98.92446415445656, 19.84398127435255]]], [[[-98.92180941877645, 19.84983258512074], [-98.92046331390205, 19.84913581017488], [-98.92033688258383, 19.84930312315315], [-98.92125900090585, 19.8497518455289], [-98.92094717388929, 19.84980386637301], [-98.91859481924313, 19.84932108518326], [-98.9174675778535, 19.8490426130218], [-98.91717575303389, 19.84900065164618], [-98.91699762635331, 19.84900065106667], [-98.91687933627799, 19.84899196308497], [-98.9168132783667, 19.84900065102212], [-98.91674660036426, 19.84900065153641], [-98.91659401263556, 19.84902354012407], [-98.91654436458822, 19.84903602026159], [-98.91642481919226, 19.84905174349517], [-98.91568490429677, 19.84925143005234], [-98.91496618359442, 19.84943106548036], [-98.91475382974055, 19.84947197144298], [-98.9147114617459, 19.84945078692136], [-98.91468857369998, 19.84941645498342], [-98.91468094423499, 19.84937067886749], [-98.91714464358576, 19.84747496004913], [-98.91720186376006, 19.84743299877115], [-98.91725908457028, 19.84735288937473], [-98.91727052892624, 19.84730329871927], [-98.91727243614676, 19.84724989280545], [-98.91725717711908, 19.84720030150996], [-98.91721903038723, 19.84713926708952], [-98.91719804944461, 19.84710112009324], [-98.91949388386864, 19.84537250013043], [-98.91951801414979, 19.84537890050004], [-98.91953125981362, 19.84538241457695], [-98.91954938988279, 19.84538722402763], [-98.91956447508234, 19.84534879083083], [-98.91979905859067, 19.84516136850495], [-98.92001992990623, 19.84498366154843], [-98.92010130367662, 19.84491818997109], [-98.92009877093409, 19.84491704671394], [-98.9201162916462, 19.8449038543168], [-98.91998210098899, 19.84475806971432], [-98.9224558226779, 19.84287291338461], [-98.92258706309786, 19.8429475098708], [-98.92274459810616, 19.8430407290249], [-98.92289549581477, 19.8431774937092], [-98.92307269433869, 19.84332041375711], [-98.92324326367932, 19.84349441027913], [-98.9232366527788, 19.84364971910225], [-98.92339406790137, 19.84382985486559], [-98.92357126461175, 19.84397900802307], [-98.92375502165481, 19.84407847202844], [-98.92395197712594, 19.84407855610645], [-98.92410956419383, 19.84406624546132], [-98.92425392310739, 19.84404769454375], [-98.92437211631031, 19.8440725905843], [-98.92450336450861, 19.84413471662658], [-98.92468055087821, 19.84430871546953], [-98.92482493949846, 19.84439578398379], [-98.92502840639906, 19.84445170554444], [-98.92540251504282, 19.84453263548017], [-98.9256519549298, 19.8446258904715], [-98.9259538181405, 19.84477509317705], [-98.92625577453973, 19.84489330627715], [-98.92656428203647, 19.84498034988679], [-98.92700406819509, 19.84506753710449], [-98.92741759246981, 19.84506770585701], [-98.92778524892859, 19.84496847062836], [-98.92839588308235, 19.84480093701748], [-98.92859940447771, 19.84473894815847], [-98.92871099439654, 19.84473899279226], [-98.92877666525827, 19.84475763040007], [-98.9288160129638, 19.84481980691939], [-98.9288422032955, 19.84489435684541], [-98.92887471418764, 19.84563352279211], [-98.92877277915488, 19.84569988933185], [-98.92860743542198, 19.84579857600359], [-98.92851171151325, 19.84588906872135], [-98.92832901895677, 19.84586432935049], [-98.9280070844901, 19.84585597798108], [-98.92759820543334, 19.84585581247536], [-98.92729365710733, 19.84588857636082], [-98.92690113439329, 19.84594000543128], [-98.92667517110156, 19.84599339992394], [-98.92649977645662, 19.84602422739626], [-98.92635917884611, 19.84608018605633], [-98.9260964945891, 19.8462096548319], [-98.92588923013365, 19.84633390127281], [-98.92566175740943, 19.84644379216392], [-98.92539381967488, 19.84662539664858], [-98.92511071088119, 19.84682612263087], [-98.92487703130105, 19.84705915760511], [-98.92432771512154, 19.84756651279409], [-98.92397104082184, 19.84787550316141], [-98.92362771890748, 19.84818830844934], [-98.92247889633272, 19.84950070504352], [-98.92227480990066, 19.84967999647785], [-98.92216036975788, 19.84977536378882], [-98.92203639251294, 19.84982495528926], [-98.92192385959942, 19.84985547314903], [-98.92180941877645, 19.84983258512074]]], [[[-98.93383745940763, 19.83256178913622], [-98.93510315357494, 19.83280099870339], [-98.93339985679178, 19.83413535846292], [-98.93383745940763, 19.83256178913622]]], [[[-98.91326196146012, 19.84898728381766], [-98.91314136704979, 19.84895280794558], [-98.9142124017427, 19.84889153825432], [-98.9142174363396, 19.84910078956182], [-98.91355436970724, 19.84938705965326], [-98.91355181490947, 19.84937008897382], [-98.9135492601122, 19.84935311829431], [-98.91350173724823, 19.84935952334162], [-98.91346633525664, 19.8493642947507], [-98.91341142046875, 19.84937169604063], [-98.91337570150432, 19.84936220914444], [-98.9133213906288, 19.84934778425241], [-98.91323136081593, 19.84932387241876], [-98.91321090428306, 19.84922204581789], [-98.91322464562832, 19.84915886288697], [-98.9132445177079, 19.84906749064706], [-98.91325202439474, 19.84903297471482], [-98.91326196146012, 19.84898728381766]]], [[[-98.91281202163808, 19.84997530415729], [-98.91313771090158, 19.84895773371162], [-98.91326196146012, 19.84898728381766], [-98.91325202439474, 19.84903297471482], [-98.9132445177079, 19.84906749064706], [-98.91322464562832, 19.84915886288697], [-98.91321090428306, 19.84922204581789], [-98.91323136081593, 19.84932387241876], [-98.9133213906288, 19.84934778425241], [-98.91337570150432, 19.84936220914444], [-98.91341142046875, 19.84937169604063], [-98.91346633525664, 19.8493642947507], [-98.91350173724823, 19.84935952334162], [-98.9135492601122, 19.84935311829431], [-98.91355181490947, 19.84937008897382], [-98.91355436970724, 19.84938705965326], [-98.91281202163808, 19.84997530415729]]], [[[-98.90664713630107, 19.85342951412717], [-98.90672640214049, 19.8531886752329], [-98.9078472732004, 19.84978297215362], [-98.90862467456232, 19.85164622961188], [-98.90750699947975, 19.85414895459062], [-98.90664370704732, 19.85485202392535], [-98.90606327082418, 19.85532472798162], [-98.90664713630107, 19.85342951412717]]], [[[-98.91144792996502, 19.84965567064006], [-98.91181138497865, 19.84866063232402], [-98.91314836867326, 19.84892443476544], [-98.91313771090158, 19.84895773371162], [-98.91281202163808, 19.84997530415729], [-98.91278019531941, 19.85007474028935], [-98.91144792996502, 19.84965567064006]]], [[[-98.90850208952563, 19.85350372792961], [-98.90791716638833, 19.85332966797619], [-98.9082016126079, 19.85262539880164], [-98.90862467456232, 19.85164622961188], [-98.91031127107017, 19.85208821120115], [-98.90850208952563, 19.85350372792961]]], [[[-98.93383745940763, 19.83256178913622], [-98.93382976503285, 19.83259373011918], [-98.93340046536845, 19.83413359710653], [-98.93312965213013, 19.83491738685935], [-98.93273712460396, 19.83626791539222], [-98.931191328863, 19.83585542056375], [-98.93055876013435, 19.83568661543442], [-98.93197276180754, 19.83207693592151], [-98.93255795139946, 19.83228921772865], [-98.93383745940763, 19.83256178913622]]], [[[-98.90993653327004, 19.85415387177051], [-98.90983112004336, 19.85449190065678], [-98.90795433179555, 19.85403147340318], [-98.90759469398591, 19.85416301111604], [-98.90781652504124, 19.85357585723808], [-98.90993653327004, 19.85415387177051]]], [[[-98.91313924867448, 19.84895292912309], [-98.91313946179156, 19.84895226326417], [-98.91314136704979, 19.84895280794558], [-98.91313924867448, 19.84895292912309]]], [[[-98.931191328863, 19.83585542056375], [-98.93013455136713, 19.83667831667208], [-98.93051884771766, 19.83567369076854], [-98.93055876013435, 19.83568661543442], [-98.931191328863, 19.83585542056375]]], [[[-98.9354401674928, 19.83249001058356], [-98.93531387631592, 19.83246956388316], [-98.93507078129109, 19.83243020622652], [-98.93523510385627, 19.83193243466674], [-98.93522031989693, 19.83192807353717], [-98.9353716898209, 19.83142670768049], [-98.93561797941217, 19.83064901442171], [-98.93564638894149, 19.83056240188456], [-98.93602999973524, 19.82974699963961], [-98.93602938771438, 19.82974674096614], [-98.9360461756685, 19.82971120592775], [-98.93614607839231, 19.82969820151214], [-98.93620156131294, 19.82962110714095], [-98.93620300046753, 19.82962100011676], [-98.93660500027585, 19.82907300011728], [-98.93759699974285, 19.83022200021875], [-98.93771255353558, 19.83035572280274], [-98.93779309166217, 19.83044892449677], [-98.93616687967713, 19.83174839142356], [-98.9361962848278, 19.83178238570767], [-98.93625678629645, 19.83185232931528], [-98.9354401674928, 19.83249001058356]]], [[[-98.93779309166217, 19.83044892449677], [-98.93771255353558, 19.83035572280274], [-98.9382973518754, 19.82991646087587], [-98.93832298526597, 19.82989775079], [-98.93835058544026, 19.82987763705216], [-98.93837593509602, 19.8298591898331], [-98.93840381129435, 19.82983893077919], [-98.93842864701257, 19.8298209007876], [-98.93845701798578, 19.82980032280451], [-98.93848065679128, 19.82978318984317], [-98.93851018833165, 19.829761797127], [-98.93852790572191, 19.82974896727798], [-98.93856330992504, 19.82972333467464], [-98.93974444871768, 19.82886822432482], [-98.93975532173909, 19.82888090670726], [-98.93779309166217, 19.83044892449677]]], [[[-98.93974439831278, 19.8288682608165], [-98.93856330992504, 19.82972333467464], [-98.93852790572191, 19.82974896727798], [-98.93851018833165, 19.829761797127], [-98.93848065679128, 19.82978318984316], [-98.93845701798578, 19.82980032280451], [-98.93842864701257, 19.8298209007876], [-98.93840381129435, 19.82983893077919], [-98.93837593509602, 19.8298591898331], [-98.93835058544026, 19.82987763705216], [-98.93832298526597, 19.82989775079], [-98.9382973518754, 19.82991646087587], [-98.93771255353559, 19.83035572280273], [-98.93759699974285, 19.83022200021874], [-98.93660500027585, 19.82907300011728], [-98.9366049979562, 19.82907300327939], [-98.936637503474, 19.82902505025509], [-98.93679699994892, 19.82880154096759], [-98.93702947948944, 19.82843996092723], [-98.93888655369179, 19.82787517198706], [-98.93974439831278, 19.8288682608165]]], [[[-98.9478762260767, 19.82280225105901], [-98.94452307233368, 19.82541704277937], [-98.94229426800645, 19.82454649254018], [-98.94163410440659, 19.82424008440882], [-98.9415472418822, 19.82419268873328], [-98.94470513915365, 19.81910432817793], [-98.9478762260767, 19.82280225105901]]], [[[-98.94452307233395, 19.82541704277916], [-98.94297786702309, 19.82661241837111], [-98.94286560951579, 19.82657109231858], [-98.9418525970923, 19.82619816160702], [-98.94131657512325, 19.82600082727793], [-98.94174903114342, 19.82433352240702], [-98.94452307233368, 19.82541704277937], [-98.94229426800645, 19.82454649254018], [-98.94452307233392, 19.82541704277916], [-98.94452307233395, 19.82541704277916]]], [[[-98.94297786702309, 19.82661241837111], [-98.94063146160974, 19.82836036353583], [-98.94011635039162, 19.82760533403097], [-98.94103930269677, 19.82724533827909], [-98.9418525970923, 19.82619816160702], [-98.94297786702309, 19.82661241837111]]], [[[-98.94063146160974, 19.82836036353583], [-98.93979506892097, 19.82892604612991], [-98.93889562774562, 19.82786735381849], [-98.94011635039162, 19.82760533403097], [-98.94063146160974, 19.82836036353583]]], [[[-98.962613912016, 19.8083838437041], [-98.962630385417, 19.8083483594937], [-98.96261895726221, 19.8083802177607], [-98.9625868587081, 19.808469698827], [-98.9625561697602, 19.8085552502375], [-98.9624969275262, 19.8087012561842], [-98.9623727986809, 19.8090071780369], [-98.9624031657833, 19.8090188640143], [-98.9624003130492, 19.8090227491456], [-98.96242762616579, 19.8090282769417], [-98.962427798327, 19.8090283431932], [-98.9624905537629, 19.8090524929324], [-98.96249353248031, 19.8090536392109], [-98.9624849899496, 19.8090652708653], [-98.9623602363933, 19.8090153194635], [-98.9624402499317, 19.8087662359051], [-98.96253523205479, 19.8085442967345], [-98.962613912016, 19.8083838437041]]], [[[-98.962789940097, 19.8083032760519], [-98.9627998225544, 19.8082901510163], [-98.96280429994701, 19.8082915177528], [-98.96290957811068, 19.8083291786303], [-98.9629007017959, 19.8083412673901], [-98.962789940097, 19.8083032760519]]], [[[-98.9480008425816, 19.8227055995819], [-98.9478762260767, 19.822802251059], [-98.9478762224059, 19.8228022467792], [-98.9478293022423, 19.8227475422991], [-98.9480008425816, 19.8227055995819]]], [[[-98.9351628942085, 19.8324451505541], [-98.9351139413412, 19.8324838888936], [-98.9343640001105, 19.8323219999827], [-98.9351980000723, 19.8320019999635], [-98.93522031989691, 19.8319280735372], [-98.9352351038563, 19.8319324346667], [-98.93507078129112, 19.8324302062265], [-98.9351629267962, 19.8324451247662], [-98.9351628942085, 19.8324451505541]]], [[[-98.93620156140709, 19.8296211070101], [-98.93614607839228, 19.8296982015121], [-98.9360461756685, 19.8297112059278], [-98.93602938771438, 19.8297467409661], [-98.93602999973521, 19.8297469996396], [-98.9360299996522, 19.8297469998161], [-98.9359590001834, 19.829716999598], [-98.9330749997966, 19.8299349998011], [-98.9329820002033, 19.8299909999016], [-98.9330689999906, 19.8298540000229], [-98.93620156140709, 19.8296211070101]]], [[[-98.9358717269573, 19.8326203109534], [-98.9363271557301, 19.8322656437285], [-98.9362939999694, 19.8326829999653], [-98.9358717269573, 19.8326203109534]]], [[[-98.939832152414, 19.8289686172585], [-98.9397464163522, 19.8288695805178], [-98.9400191478737, 19.8286695872942], [-98.94033959046939, 19.8284367154355], [-98.94076416884829, 19.8281260611886], [-98.9408681051895, 19.8280475653442], [-98.9408704340914, 19.828050692869], [-98.940936464241, 19.828139321135], [-98.939832152414, 19.8289686172585]]], [[[-98.9227457907447, 19.8428302569968], [-98.9226756525544, 19.8427785900944], [-98.9234127524025, 19.8422046980952], [-98.9235105164579, 19.8422348092305], [-98.9227457907447, 19.8428302569968]]], [[[-98.930137020245, 19.836676395057], [-98.93031638225631, 19.8362277404417], [-98.9308956265694, 19.8357765118042], [-98.9311913333244, 19.8358554183747], [-98.930137020245, 19.836676395057]]], [[[-98.9060051894462, 19.8555622409042], [-98.9059470300035, 19.8555511853055], [-98.90604384463862, 19.8552504817489], [-98.90645796710092, 19.8548776231639], [-98.9067511185831, 19.8546289025171], [-98.9070429235409, 19.8543947299678], [-98.90733988393619, 19.8541626832655], [-98.90764111452052, 19.8539275747869], [-98.907649771622, 19.8539207835766], [-98.90751627597801, 19.8542536491831], [-98.9060051894462, 19.8555622409042]]], [[[-98.96327024137348, 19.8079950693922], [-98.96309348140288, 19.8079261538494], [-98.9630218092014, 19.8078988747556], [-98.9635360740844, 19.8071127265146], [-98.964012795456, 19.8063477787244], [-98.9642615759951, 19.8064578798305], [-98.96327024137348, 19.8079950693922]]], [[[-98.9127756135615, 19.8500881429055], [-98.9128423637345, 19.849878033034], [-98.9134036101498, 19.8494410321716], [-98.9127756135615, 19.8500881429055]]], [[[-98.91348510241592, 19.8493775789326], [-98.91407245822101, 19.8489202557169], [-98.9140757354695, 19.8489177089087], [-98.9140790127228, 19.8489151530637], [-98.9140822899759, 19.8489125972185], [-98.9140855672241, 19.8489100504102], [-98.9140888540278, 19.8489074945695], [-98.91409213128068, 19.8489049387242], [-98.9140954085286, 19.8489023919157], [-98.9140986857812, 19.8488998360702], [-98.9141019630338, 19.8488972802247], [-98.9141036064329, 19.8488960068227], [-98.9141052498369, 19.8488947243838], [-98.91410689323598, 19.8488934509817], [-98.9141085366399, 19.8488921685428], [-98.9141101800389, 19.8488908951406], [-98.9141118234428, 19.8488896127017], [-98.91411345729108, 19.8488883392949], [-98.9141151006949, 19.8488870568559], [-98.9141167440938, 19.8488857834538], [-98.9141196296035, 19.8488835346716], [-98.9141920447665, 19.8488797379112], [-98.9142487381776, 19.8490740842211], [-98.91402397154928, 19.8491824903039], [-98.91348510241592, 19.8493775789326]]], [[[-98.9478762260767, 19.822802251059], [-98.94452307556341, 19.8254170421389], [-98.94439045429479, 19.8253652467644], [-98.9445157935842, 19.8252676243921], [-98.94480029463118, 19.8250461558282], [-98.9451078242262, 19.8248067918604], [-98.9454131944547, 19.824568375565], [-98.9456857146564, 19.8243576828821], [-98.94605076819491, 19.8240832355785], [-98.9464828997252, 19.8237626834829], [-98.9469430921206, 19.823420423082], [-98.947386042048, 19.8230913140728], [-98.9478335386996, 19.8227524816102], [-98.9478762260767, 19.822802251059]]], [[[-98.8666891329992, 19.8991358966674], [-98.866686559926, 19.8991396450003], [-98.86668431910522, 19.8991390857529], [-98.8666875646355, 19.8991354816084], [-98.8666891329992, 19.8991358966674]]], [[[-98.9419333453327, 19.8274105995621], [-98.940936464241, 19.828139321135], [-98.9408704340914, 19.828050692869], [-98.9408681051895, 19.8280475653442], [-98.94117276866972, 19.8278174429821], [-98.9416082406456, 19.8274778904104], [-98.9416469286615, 19.8275207648886], [-98.9424054397772, 19.8269291330391], [-98.94273961715461, 19.8266689247379], [-98.94308853186809, 19.826397993746], [-98.9431790081409, 19.8263274175714], [-98.9433200050328, 19.8263509672726], [-98.9419333453327, 19.8274105995621]]], [[[-98.94440563746889, 19.8253711751568], [-98.9445230726984, 19.8254170430417], [-98.9440060385548, 19.8258170257364], [-98.9429778665841, 19.826612418506], [-98.9428656098132, 19.8265710922898], [-98.94440563746889, 19.8253711751568]]], [[[-98.93342081453198, 19.8340607864163], [-98.9311353583261, 19.8358404859784], [-98.9308956265694, 19.8357765118042], [-98.9335105060561, 19.8337394784242], [-98.93342081453198, 19.8340607864163]]], [[[-98.95585506231208, 19.8166390342519], [-98.9558226898195, 19.816612638579], [-98.9559303081217, 19.816528802992], [-98.95593281113811, 19.8165589325427], [-98.95585506231208, 19.8166390342519]]], [[[-98.9560504249587, 19.8164979847206], [-98.9559585520287, 19.8165686731608], [-98.95593116136308, 19.8165294780905], [-98.95600668885452, 19.8164431786388], [-98.9560504249587, 19.8164979847206]]], [[[-98.96261895726221, 19.8083802177607], [-98.9626902961007, 19.8084056572099], [-98.9627812956961, 19.8084381076372], [-98.96274975722278, 19.8085285583689], [-98.96263663697809, 19.8084876850529], [-98.9625868587081, 19.808469698827], [-98.96261895726221, 19.8083802177607]]], [[[-98.96274383435691, 19.8083238140329], [-98.9628125947529, 19.8083483434322], [-98.9627812956961, 19.8084381076372], [-98.9626902961007, 19.8084056572099], [-98.96261895726221, 19.8083802177607], [-98.962630385417, 19.8083483594937], [-98.9626562806597, 19.8082925803125], [-98.96274383435691, 19.8083238140329], [-98.96274383435691, 19.8083238140329]]], [[[-98.9625561697602, 19.8085552502375], [-98.9625868587081, 19.808469698827], [-98.96263663697809, 19.8084876850529], [-98.96274975722278, 19.8085285583689], [-98.9628125947529, 19.8083483434322], [-98.96274383435691, 19.8083238140329], [-98.9626562806596, 19.8082925803125], [-98.9626576081375, 19.8082897208817], [-98.9626627238201, 19.8082785767125], [-98.962677153804, 19.8082509055867], [-98.9627700411202, 19.8082837520867], [-98.96278447019091, 19.8082888544407], [-98.9628069789977, 19.8082272855816], [-98.96281581665332, 19.8082031117243], [-98.9628214700926, 19.8082051331999], [-98.9628548497105, 19.8082170685997], [-98.962789940097, 19.8083032760519], [-98.9629007017959, 19.8083412673901], [-98.96270236159161, 19.8086113887041], [-98.9625851570354, 19.8085663815231], [-98.9625561697602, 19.8085552502375]]], [[[-98.9627700411202, 19.8082837520867], [-98.962677153804, 19.8082509055867], [-98.9627199525976, 19.8081688339966], [-98.96281581665332, 19.8082031117243], [-98.9628069789977, 19.8082272855816], [-98.96278447019091, 19.8082888544407], [-98.9627700411202, 19.8082837520867]]], [[[-98.9628220854656, 19.8082041924856], [-98.9627204627769, 19.8081678556688], [-98.9627972737625, 19.8080205615627], [-98.9628037414538, 19.8080082939476], [-98.9629220643815, 19.8080513555827], [-98.96307318893619, 19.8081063546691], [-98.96296407245401, 19.8082549620784], [-98.9629156790519, 19.8082376583027], [-98.9628854933559, 19.8082268649347], [-98.9628220854656, 19.8082041924856]]], [[[-98.96280429994701, 19.8082915177528], [-98.9628588142955, 19.8082173254475], [-98.96296407245401, 19.8082549620784], [-98.96290957811068, 19.8083291786303], [-98.96280429994701, 19.8082915177528]]], [[[-98.9630218092014, 19.8078988747556], [-98.9630218099503, 19.8078988750456], [-98.9631804341259, 19.8079602954649], [-98.96307318893619, 19.8081063546691], [-98.9629220643815, 19.8080513555827], [-98.9628037414538, 19.8080082939476], [-98.962850048986, 19.8079204599181], [-98.96289200720081, 19.8078486143494], [-98.9630218092014, 19.8078988747556]]]]}}, {"type": "Feature", "properties": {"id": "MUN_null_tizayuca", "nivel": "municipio", "nombre": "Tizayuca", "municipio": "Tizayuca", "estado": "Null", "proyecto": "TAP"}, "geometry": {"type": "MultiPolygon", "coordinates": [[[[-98.93979035082822, 19.8287115692694], [-98.940510747039, 19.8281834257036], [-98.9405690235598, 19.8282688447906], [-98.94033959046939, 19.8284367154355], [-98.9400191478737, 19.8286695872942], [-98.9397468354875, 19.8288692731679], [-98.9396722475319, 19.8287814796198], [-98.9397780980613, 19.8286977051468], [-98.93979035082822, 19.8287115692694]]], [[[-98.94201863634952, 19.8270745324866], [-98.94205046403779, 19.8270502497484], [-98.9422989372314, 19.8268622703634], [-98.94241818714, 19.8267717348209], [-98.94274266270939, 19.8265258310425], [-98.94286560951582, 19.8265710923186], [-98.94273961715461, 19.8266689247379], [-98.9424054397772, 19.8269291330391], [-98.9416469286615, 19.8275207648886], [-98.9416082406456, 19.8274778904104], [-98.94117276866972, 19.8278174429821], [-98.9408681051895, 19.8280475653442], [-98.9408681051895, 19.8280475653442], [-98.94076416884829, 19.8281260611886], [-98.9405690235598, 19.8282688447906], [-98.940510747039, 19.8281834257036], [-98.9409316856345, 19.8278748203077], [-98.9410578918406, 19.8278026197308], [-98.94201863634952, 19.8270745324866]]], [[[-98.9429593273657, 19.826368373214], [-98.94402001344571, 19.8256153434553], [-98.94435452194361, 19.8253818959192], [-98.9443804009312, 19.8253613177758], [-98.94439045627189, 19.8253652452245], [-98.94439045429479, 19.8253652467644], [-98.94440563625598, 19.8253711761018], [-98.9428656861877, 19.8265710327831], [-98.94286560951582, 19.8265710923186], [-98.94286560951582, 19.8265710923186], [-98.94274266270939, 19.8265258310425], [-98.9427911615273, 19.8264890761015], [-98.9429593273657, 19.826368373214]]], [[[-98.9200451635989, 19.8448265809197], [-98.92173207055102, 19.8435132351517], [-98.92178854353972, 19.8435755994271], [-98.9201022321726, 19.8448885801353], [-98.9200451635989, 19.8448265809197]]], [[[-98.9636445243421, 19.806681593646], [-98.9638622570209, 19.8063728537932], [-98.9639741567062, 19.8064097788399], [-98.9635360740844, 19.8071127265146], [-98.9630257879807, 19.807892792497], [-98.96289277891482, 19.80784278922], [-98.9636445243421, 19.806681593646]]], [[[-98.96242762616579, 19.8090282769417], [-98.96250122029498, 19.8090431713503], [-98.96249353248031, 19.8090536392109], [-98.962427798327, 19.8090283431932], [-98.9624905537629, 19.8090524929324], [-98.96242762616579, 19.8090282769417]]], [[[-98.91277990089, 19.8500746476766], [-98.9127561591053, 19.8501493796891], [-98.9127507613186, 19.8501472755774], [-98.91258136282951, 19.8500812422254], [-98.9126445238996, 19.8500320648318], [-98.9126445238996, 19.8500320648318], [-98.9126551790015, 19.8500237687331], [-98.9127805401427, 19.8500726354997], [-98.91277990089, 19.8500746476766], [-98.91277990089, 19.8500746476766]]], [[[-98.91277990089, 19.8500746476766], [-98.9127561591053, 19.8501493796891], [-98.9127507613186, 19.8501472755774], [-98.91258136282951, 19.8500812422254], [-98.9126445238996, 19.8500320648318], [-98.9126445238996, 19.8500320648318], [-98.9126551790015, 19.8500237687331], [-98.9127805401427, 19.8500726354997], [-98.91277990089, 19.8500746476766], [-98.91277990089, 19.8500746476766]]], [[[-98.9127756135615, 19.8500881429055], [-98.91312846824181, 19.8497245494183], [-98.9134036032505, 19.8494410392809], [-98.91348511191822, 19.8493775754925], [-98.9135059668979, 19.8493700253325], [-98.9136077447183, 19.8494870406159], [-98.9129089716888, 19.8500310027951], [-98.9127566553169, 19.8501495731174], [-98.9127561651494, 19.8501493820452], [-98.9127561591053, 19.8501493796891], [-98.91275768837622, 19.8501445660056], [-98.9127756135615, 19.8500881429055]]], [[[-98.9625851570354, 19.8085663815231], [-98.96270236159161, 19.8086113887041], [-98.9624031657833, 19.8090188640143], [-98.9623727986809, 19.8090071780369], [-98.9625561697602, 19.8085552502375], [-98.9625851570354, 19.8085663815231]]]]}}, {"type": "Feature", "properties": {"id": "MUN_estado_de_hidalgo_tolcayuca", "nivel": "municipio", "nombre": "Tolcayuca", "municipio": "Tolcayuca", "estado": "Estado De Hidalgo", "proyecto": "TAP"}, "geometry": {"type": "MultiPolygon", "coordinates": [[[[-98.87765741402337, 19.88522150739466], [-98.87874192682165, 19.88579386167418], [-98.87795752568431, 19.88667924953742], [-98.8773604864579, 19.88637172637877], [-98.8770566892276, 19.88621524517751], [-98.87691317168816, 19.88614132125048], [-98.87683301447501, 19.88610003328304], [-98.8735059407039, 19.88438624888358], [-98.87433718498424, 19.88346918171831], [-98.87765741402337, 19.88522150739466]]]]}}, {"type": "Feature", "properties": {"id": "MUN_hidalgo_tolcayuca", "nivel": "municipio", "nombre": "Tolcayuca", "municipio": "Tolcayuca", "estado": "Hidalgo", "proyecto": "TAP"}, "geometry": {"type": "MultiPolygon", "coordinates": [[[[-98.85482409717139, 19.91288256085534], [-98.85710987576806, 19.91033781991662], [-98.85747000271488, 19.91063339209245], [-98.85783082782105, 19.91092868779708], [-98.85819320923179, 19.91122390614484], [-98.8585539683996, 19.91151763030693], [-98.85891688282992, 19.9118106639024], [-98.85927615603876, 19.91210783732492], [-98.85963867012957, 19.91240090633739], [-98.86000235230323, 19.91269369045411], [-98.86036388716462, 19.9129881973149], [-98.86072400354594, 19.91328317267072], [-98.8610857671687, 19.9135774559803], [-98.86144725127907, 19.9138722857698], [-98.86171499851062, 19.91409018264925], [-98.86180832697688, 19.91416743270231], [-98.86216976024055, 19.91446252275981], [-98.86253091550273, 19.91475643663211], [-98.86289551365952, 19.91504621391689], [-98.86325724405661, 19.91534150715638], [-98.86361887451716, 19.91563580016424], [-98.86398146704319, 19.91593001252559], [-98.86434300073094, 19.9162253083296], [-98.8647033926531, 19.91652029864047], [-98.86506445222525, 19.91681425926321], [-98.8654245675181, 19.9171093238465], [-98.86595277335768, 19.9175330938387], [-98.86232477114004, 19.91970434868998], [-98.86208898103952, 19.91950230944177], [-98.86177529895521, 19.91921245875928], [-98.86146037296955, 19.91892380576205], [-98.86114268141648, 19.91863623733713], [-98.8608280760017, 19.91834751723455], [-98.86051006009545, 19.91806123743777], [-98.86019323321285, 19.91777417469735], [-98.85987855187551, 19.91748393704371], [-98.85956080102008, 19.91719756116716], [-98.85924410385071, 19.91691003687816], [-98.85892891617758, 19.91662113788861], [-98.85861394366232, 19.91633169874353], [-98.85829880364567, 19.91604292647484], [-98.85798232677178, 19.91575564006577], [-98.85766445236258, 19.91546790700821], [-98.8573484588919, 19.91517973178158], [-98.85703025997695, 19.91489287932556], [-98.85671463238178, 19.91460516381121], [-98.85639744132142, 19.91431878436962], [-98.85608162270348, 19.9140299121926], [-98.8557666913632, 19.91374086740822], [-98.85545109350235, 19.91345209833831], [-98.85513446833708, 19.91316469458258], [-98.85482409717139, 19.91288256085534]]], [[[-98.86894041018475, 19.89701390071655], [-98.87075370907868, 19.8950474481734], [-98.8711689004116, 19.8952569541556], [-98.86806709600579, 19.89944913435459], [-98.86754093159976, 19.89931038464453], [-98.86699767135109, 19.8991206506758], [-98.8684338132417, 19.89756327340444], [-98.86894041018475, 19.89701390071655]]], [[[-98.86565030757487, 19.90062466587723], [-98.866963197705, 19.89915803397536], [-98.86754093159966, 19.89931038464453], [-98.86941571047443, 19.89996513608623], [-98.87044000123134, 19.90045425979731], [-98.86893004764642, 19.90207920289366], [-98.87350266756118, 19.90359894170635], [-98.87199604518787, 19.90819990167559], [-98.87103287894405, 19.90943689120504], [-98.86338634457077, 19.90315615756888], [-98.86565030757487, 19.90062466587723]]], [[[-98.86714618492364, 19.90624452984855], [-98.86826265129471, 19.90716156858864], [-98.87103287894405, 19.90943689120504], [-98.87140800749351, 19.90974499418319], [-98.86736034013497, 19.91032605705454], [-98.86441293792718, 19.90785549712369], [-98.8614241568128, 19.90535012432129], [-98.86338634457077, 19.90315615756888], [-98.86714618492364, 19.90624452984855]]], [[[-98.86294329834082, 19.9066235746048], [-98.86297111321753, 19.90664689066122], [-98.86441293792718, 19.90785549712369], [-98.86259702025404, 19.91029334171586], [-98.86254243176224, 19.91025040322346], [-98.85930608048731, 19.90770466619379], [-98.8614241568128, 19.90535012432129], [-98.86294329834082, 19.9066235746048]]], [[[-98.85938650318242, 19.90893128110304], [-98.85852588866211, 19.90857154599957], [-98.85930608048731, 19.90770466619379], [-98.86254243176224, 19.91025040322346], [-98.85968952233603, 19.90905794110916], [-98.85938650318242, 19.90893128110304]]], [[[-98.85894869890657, 19.91101984109991], [-98.85819791913569, 19.91118518861403], [-98.85747000271486, 19.91063339209244], [-98.85710987763912, 19.91033782196953], [-98.85839730149102, 19.90872324996561], [-98.86274903811602, 19.91055525595514], [-98.86369104750494, 19.91123142220364], [-98.86197751508885, 19.91185557566385], [-98.86143427041058, 19.9123872619447], [-98.86013972990064, 19.91075752790984], [-98.85958075798874, 19.91088063723296], [-98.85894869890657, 19.91101984109991]]], [[[-98.85675287420092, 19.91141064339388], [-98.85639949857025, 19.91179364151371], [-98.85513446833706, 19.9131646945826], [-98.85482409950606, 19.91288255860644], [-98.85710987763912, 19.91033782196953], [-98.85747000271486, 19.91063339209244], [-98.85675287420092, 19.91141064339388]]], [[[-98.8670743228833, 19.8991873382842], [-98.867101617251, 19.8991569540071], [-98.86715541289561, 19.8991757422225], [-98.8671314679726, 19.8992024077212], [-98.8670743228833, 19.8991873382842]]], [[[-98.8615280575899, 19.9054372246161], [-98.8614890768914, 19.9054045444445], [-98.8634569089157, 19.9032141256823], [-98.86349582323021, 19.9032460824379], [-98.8615280575899, 19.9054372246161]]], [[[-98.86350155684141, 19.9032446048067], [-98.863484019043, 19.9032297620174], [-98.8670255722606, 19.8992990181149], [-98.86704071110731, 19.8993034755179], [-98.86350155684141, 19.9032446048067]]], [[[-98.8594148522472, 19.9077902286451], [-98.8593743467984, 19.9077583664472], [-98.8614890721167, 19.9054045417297], [-98.8615280604561, 19.9054372246184], [-98.8594148522472, 19.9077902286451]]], [[[-98.85866203158189, 19.9086284540687], [-98.8586115753347, 19.9086073583227], [-98.8593743515787, 19.9077583628363], [-98.8594148522448, 19.9077902313561], [-98.85866203158189, 19.9086284540687]]], [[[-98.8548335090988, 19.9128911088492], [-98.8548240961773, 19.9128825614333], [-98.85710987417129, 19.9103378183064], [-98.8571196124088, 19.9103458146228], [-98.8548335090988, 19.9128911088492]]], [[[-98.8571196124088, 19.9103458146228], [-98.8571098751126, 19.9103367700433], [-98.85839730466408, 19.9087232470015], [-98.8585276138607, 19.9087781134449], [-98.8571196124088, 19.9103458146228]]], [[[-98.875712667314, 19.889128085044], [-98.8749649098801, 19.8899934932285], [-98.8749193499078, 19.8899706433466], [-98.8756873043615, 19.889115289323], [-98.875712667314, 19.889128085044]]], [[[-98.8752615373956, 19.8901479049832], [-98.8737674857658, 19.8918119513302], [-98.8737214967645, 19.8917875736245], [-98.8752118243561, 19.8901216996195], [-98.8752615373956, 19.8901479049832]]], [[[-98.879074776668, 19.885900589356], [-98.87830579463298, 19.8867571415715], [-98.8782338037401, 19.8867197342735], [-98.8790045335763, 19.8858639426443], [-98.879074776668, 19.885900589356]]], [[[-98.878775354776, 19.885745576533], [-98.8780089449243, 19.8865978186807], [-98.8779668330675, 19.8865762913057], [-98.8787323549606, 19.8857236059304], [-98.878775354776, 19.885745576533]]], [[[-98.8780089449243, 19.8865978186807], [-98.8772403351799, 19.8874553243405], [-98.8771973446434, 19.8874333895238], [-98.8779668330675, 19.8865762913057], [-98.8780089449243, 19.8865978186807]]], [[[-98.87830579463298, 19.8867571415715], [-98.87754428115431, 19.8876053545283], [-98.87749183740661, 19.8875778104732], [-98.8782162524447, 19.8867106131879], [-98.87830579463298, 19.8867571415715]]], [[[-98.8760235915114, 19.8892991332034], [-98.8752615373956, 19.8901479049832], [-98.8752118243561, 19.8901216996195], [-98.8759784439624, 19.889274232528], [-98.8760235915114, 19.8892991332034]]]]}}, {"type": "Feature", "properties": {"id": "MUN_null_tolcayuca", "nivel": "municipio", "nombre": "Tolcayuca", "municipio": "Tolcayuca", "estado": "Null", "proyecto": "TAP"}, "geometry": {"type": "MultiPolygon", "coordinates": [[[[-98.8548335074056, 19.9128911107344], [-98.85514209751818, 19.9125475402277], [-98.8549532777724, 19.9128894900047], [-98.8549330444101, 19.9129213384501], [-98.8549050048661, 19.9129561045191], [-98.8548335074056, 19.9128911107344]]], [[[-98.8670255722606, 19.8992990181149], [-98.8670255488752, 19.8992990440711], [-98.86698470125691, 19.8992871055806], [-98.8670743228833, 19.8991873382842], [-98.8671314679726, 19.8992024077212], [-98.8670407115166, 19.8993034756384], [-98.8670255722606, 19.8992990181149]]], [[[-98.868254210165, 19.8978738651139], [-98.8707807988877, 19.8950611177658], [-98.8708079807414, 19.8950748337978], [-98.8708284954994, 19.8950851855921], [-98.86715541289561, 19.8991757422225], [-98.867101617251, 19.8991569540071], [-98.868254210165, 19.8978738651139]]]]}}, {"type": "Feature", "properties": {"id": "MUN_hidalgo_villa_de_tezontepec", "nivel": "municipio", "nombre": "Villa De Tezontepec", "municipio": "Villa De Tezontepec", "estado": "Hidalgo", "proyecto": "TAP"}, "geometry": {"type": "MultiPolygon", "coordinates": [[[[-98.80984809470806, 19.92444150638539], [-98.80688286445299, 19.92269115762229], [-98.80542327094116, 19.92181622946126], [-98.80475549851681, 19.92140931292312], [-98.80407835922632, 19.92100420895058], [-98.80228234724855, 19.91996390456561], [-98.8023294587747, 19.91988495464792], [-98.80405949924264, 19.91683850251738], [-98.8040948254949, 19.91678401133516], [-98.80567109161599, 19.91402961961687], [-98.80677535974371, 19.91455584164688], [-98.81189868390038, 19.91700134111245], [-98.81364301461188, 19.91363083425566], [-98.80756117763221, 19.910730652477], [-98.80743813333359, 19.91067589967916], [-98.80683075102901, 19.91037868007858], [-98.80619212313829, 19.91007808885587], [-98.80614321778427, 19.9100555610206], [-98.80535828414914, 19.90967907703827], [-98.80454406677774, 19.90929903415599], [-98.80449768691803, 19.90927756544914], [-98.80374490408752, 19.90892549701332], [-98.80273999487525, 19.90845539764989], [-98.80107387006761, 19.90764419960814], [-98.80100282578987, 19.90759471867071], [-98.80098181905524, 19.90758959690766], [-98.7993367150478, 19.90677607631604], [-98.79775046395966, 19.9060553202398], [-98.7971962482112, 19.90579095577048], [-98.79792005057845, 19.90419761375532], [-98.79929461653602, 19.90115080998782], [-98.80085786890892, 19.89773240369708], [-98.80111265730996, 19.89713609982765], [-98.80141228309068, 19.89646703821129], [-98.8017746180962, 19.89567820383375], [-98.80202817440514, 19.89510780472051], [-98.80224996903596, 19.89463719516397], [-98.80262023247506, 19.89363480636208], [-98.8026587846542, 19.89351764305583], [-98.80320805303815, 19.89202627995101], [-98.80436514057197, 19.88873534301913], [-98.80475224543679, 19.88759524302631], [-98.80479152631321, 19.88752267619502], [-98.80648858129646, 19.888092592642], [-98.80659887773606, 19.88812245176471], [-98.8084000487871, 19.88868940839668], [-98.80947562041275, 19.88880059545448], [-98.81112655188302, 19.88897740013861], [-98.81231136757681, 19.88907294023799], [-98.81621913292696, 19.88946210796802], [-98.81636692135281, 19.88947100547414], [-98.81769543725325, 19.88960170799953], [-98.81781586995862, 19.88960983940761], [-98.81877822111929, 19.88973043362464], [-98.81987951446635, 19.88984895897296], [-98.82128986795742, 19.88997652323738], [-98.82265802296753, 19.89009300797586], [-98.82318136747749, 19.89014010720191], [-98.82417482504002, 19.89021296632008], [-98.82594466702268, 19.89042220165603], [-98.82611132650902, 19.89044596425567], [-98.82639826849432, 19.89045810993372], [-98.8264330382864, 19.89046482186048], [-98.82619383734361, 19.89083162045958], [-98.8260704281842, 19.8910296914308], [-98.82499929043607, 19.8925451714492], [-98.82578865907028, 19.89306557517272], [-98.82664151749016, 19.89355800946506], [-98.82688985511267, 19.89362804385008], [-98.82897872159492, 19.89482548303387], [-98.8296276162408, 19.89519759843214], [-98.83131978349307, 19.89615942469266], [-98.83293777352871, 19.89707411343616], [-98.83333664402161, 19.89625045590441], [-98.833868667832, 19.89510558920464], [-98.834778880418, 19.89315633371432], [-98.83542924949269, 19.89178071428775], [-98.83547114588602, 19.89182873563334], [-98.83705478898797, 19.89367850566913], [-98.83845440611984, 19.89531388580335], [-98.8412538438274, 19.89856705504116], [-98.84290759422483, 19.90044003914365], [-98.84293816530977, 19.90047037845003], [-98.84514578104245, 19.9029193250478], [-98.84522721462105, 19.90301847832729], [-98.84713891787453, 19.90514599023091], [-98.8473925504271, 19.9054308299101], [-98.84743465182302, 19.90548152737998], [-98.84768607260722, 19.90576218618791], [-98.8486999731755, 19.90693962512215], [-98.84895424032, 19.90731090046201], [-98.84912734467308, 19.907354963352], [-98.85097179804518, 19.90942881994826], [-98.85017457725458, 19.91031943051348], [-98.84952181511245, 19.91104225697405], [-98.84882876893201, 19.91181523589526], [-98.84810897955263, 19.91261787622668], [-98.8473751550157, 19.91342925268768], [-98.84662972496513, 19.9142846222676], [-98.84584474827912, 19.91513804208209], [-98.84502727846734, 19.91604191073998], [-98.8442647439066, 19.91688992497636], [-98.8433167758616, 19.91794877074507], [-98.84246519357966, 19.91889618319433], [-98.84169147744299, 19.91975242315331], [-98.84150404694093, 19.91995902541747], [-98.84045282925493, 19.92113324107797], [-98.83942355658247, 19.92228731759169], [-98.83847660042342, 19.92334102943039], [-98.83828395547752, 19.92355415692495], [-98.83796418918092, 19.92391020324833], [-98.8372004582375, 19.92477979913032], [-98.83536661236114, 19.92388229447884], [-98.8305005620505, 19.93101149613107], [-98.82930320062219, 19.93267935232527], [-98.82889520773637, 19.93322370205177], [-98.8276347860404, 19.93490670554235], [-98.82726943210186, 19.93545738465096], [-98.82490189505747, 19.93902855561468], [-98.8237058791132, 19.94107670520033], [-98.82229995016063, 19.94324778149977], [-98.82064320938308, 19.94580018907955], [-98.82053050156728, 19.94576022442158], [-98.81886352609136, 19.94513140947284], [-98.81706504345725, 19.94444031723749], [-98.81531314713969, 19.94375506934193], [-98.81350350043049, 19.94307540627254], [-98.81172883260649, 19.94239362816685], [-98.80993774842962, 19.94170896334672], [-98.8094135996181, 19.94150191298164], [-98.80942305805885, 19.94148665249408], [-98.81081855684722, 19.93711802211893], [-98.81073788529676, 19.93679055310066], [-98.81145097997936, 19.93468553432244], [-98.81197401274315, 19.93319027137983], [-98.81256535762815, 19.93159580971484], [-98.8132732812285, 19.92978518306348], [-98.81429937592763, 19.92706186363082], [-98.8128310356281, 19.92617045531326], [-98.8113549659838, 19.92529461999203], [-98.80984809470806, 19.92444150638539]]], [[[-98.83328073144537, 19.9320944653736], [-98.8335656444981, 19.93232530885692], [-98.83551259757805, 19.93390274738798], [-98.8349205900015, 19.93452858717101], [-98.8311940354653, 19.93151950509428], [-98.83176528118982, 19.93086659176831], [-98.83328073144537, 19.9320944653736]]], [[[-98.83155707013238, 19.93471279129253], [-98.82944707927616, 19.93351616797571], [-98.8311940354653, 19.93151950509428], [-98.8349205900015, 19.93452858717101], [-98.83367188888366, 19.93591210939101], [-98.83215211459849, 19.9350502466183], [-98.83155707013238, 19.93471279129253]]], [[[-98.8399040678426, 19.92399419951881], [-98.83861406223001, 19.92322868089959], [-98.8417342393056, 19.91965335046571], [-98.84349880797632, 19.92119043161542], [-98.8453959479407, 19.9228429402806], [-98.84284129623735, 19.92573701736339], [-98.84068673470038, 19.92445864364425], [-98.84029509124734, 19.92422623837953], [-98.8399040678426, 19.92399419951881]]], [[[-98.84273318005478, 19.92588099828397], [-98.84241658877043, 19.92623295766848], [-98.84124993422782, 19.9275299268727], [-98.83988389660222, 19.92904851307516], [-98.83965014940533, 19.92930835935526], [-98.83784181824052, 19.93131856047966], [-98.83744805752596, 19.9301129462016], [-98.83700851677766, 19.92876714034], [-98.83916446278484, 19.92624252073578], [-98.83912824864117, 19.92621627915572], [-98.83944846559523, 19.92585287140946], [-98.83833604181424, 19.92420844643172], [-98.83812856977382, 19.92390174923766], [-98.83831228152846, 19.92361746083384], [-98.83857452866465, 19.92321163917339], [-98.83915604102066, 19.92358491212404], [-98.84062642406724, 19.9245287351184], [-98.84140559310684, 19.92502886583174], [-98.84193848892852, 19.92537091564165], [-98.8425950056376, 19.92579230976125], [-98.84264597641287, 19.92582502584698], [-98.84273318005478, 19.92588099828397]]], [[[-98.83267642360464, 19.93160663870838], [-98.83182501640572, 19.93091733769969], [-98.83182622114799, 19.93091596818255], [-98.83242696596082, 19.93023305436098], [-98.83371802939975, 19.9312782981185], [-98.83611454276601, 19.93321845175606], [-98.83560333044298, 19.93379960212652], [-98.83551259757805, 19.93390274738798], [-98.83549139486382, 19.93388557352937], [-98.83538493882708, 19.93379939995799], [-98.83356499828693, 19.9323260227176], [-98.83267642360464, 19.93160663870838]]], [[[-98.8344791120167, 19.93189445905361], [-98.83437323717446, 19.93180874486989], [-98.83371802939975, 19.93127829811845], [-98.83242696596082, 19.93023305436098], [-98.83279574922501, 19.92984787702355], [-98.83648580852048, 19.9328305179491], [-98.83611454276601, 19.93321845175606], [-98.8344791120167, 19.93189445905361]]], [[[-98.8347958508517, 19.93146456415903], [-98.83279574922501, 19.92984787702355], [-98.83316453070046, 19.92946269889162], [-98.83685707246123, 19.9324425833369], [-98.83648580852048, 19.9328305179491], [-98.83504392449431, 19.93166507883895], [-98.8347958508517, 19.93146456415903]]], [[[-98.83649797585117, 19.92759634129055], [-98.836904986765, 19.92875748580449], [-98.83694789487821, 19.9289328685493], [-98.83704397903051, 19.9292182926134], [-98.83777713163238, 19.93139267790233], [-98.83686638812668, 19.93243320572789], [-98.83306981787298, 19.92937552590793], [-98.83176528118982, 19.93086659176831], [-98.83176248652617, 19.93086432739941], [-98.83119329541036, 19.9315189075028], [-98.82944707927616, 19.93351616797571], [-98.82887424388905, 19.93319130599241], [-98.83048708585622, 19.93098246641837], [-98.83152593978484, 19.9294746748706], [-98.83243130025906, 19.92816063558837], [-98.83382622546968, 19.92606268749344], [-98.83446803750441, 19.92509944359978], [-98.83522741474009, 19.92389082806407], [-98.8353234054111, 19.92394350011518], [-98.8354732570422, 19.92433132631733], [-98.83564682211033, 19.9248747552381], [-98.83569440123706, 19.92511359155247], [-98.83569423533154, 19.92527414150859], [-98.83589811778207, 19.92591228387525], [-98.83626274442945, 19.92692525121565], [-98.83649797585117, 19.92759634129055]]], [[[-98.84034685119343, 19.93071205109774], [-98.8402308451942, 19.93047090425222], [-98.83976386701659, 19.92950016772166], [-98.84245947430018, 19.92649647860004], [-98.84256442979216, 19.92672994298174], [-98.84267144907845, 19.92678384408346], [-98.84390331852546, 19.9291646086315], [-98.84096230472221, 19.93199140830648], [-98.84034685119343, 19.93071205109774]]], [[[-98.84777760717273, 19.91639810038757], [-98.85272353850594, 19.91129134796667], [-98.85440781714806, 19.9128715066814], [-98.84631812172168, 19.92180749613379], [-98.8440559208142, 19.92024049019624], [-98.84754498569941, 19.91663827415573], [-98.84777760717273, 19.91639810038757]]], [[[-98.85551674999495, 19.92116104292883], [-98.85295691438473, 19.92073577230547], [-98.8483497049618, 19.91997026884043], [-98.85075887925066, 19.91731412253536], [-98.85095128136552, 19.91747763507491], [-98.85098893172812, 19.91748814712388], [-98.85102210696783, 19.91748185047917], [-98.85105317061509, 19.91745883748118], [-98.85337709103213, 19.91484351663632], [-98.86048529237218, 19.92053842222894], [-98.859696468089, 19.92160728914356], [-98.85975946332714, 19.92164817662686], [-98.85957315459109, 19.92190598119669], [-98.85756416897527, 19.92150115660302], [-98.856305817116, 19.92129212434715], [-98.85551674999495, 19.92116104292883]]], [[[-98.8556197514101, 19.92172865932076], [-98.8574650014519, 19.92203518798262], [-98.85796470739731, 19.92213588445721], [-98.85922367274553, 19.92238957361432], [-98.85566327413322, 19.9272268429528], [-98.84636206046203, 19.92216158058914], [-98.8479157719928, 19.92044867259255], [-98.8556197514101, 19.92172865932076]]], [[[-98.85512255117557, 19.90833072832559], [-98.85702682054917, 19.90622849858841], [-98.85957837914982, 19.90705472006396], [-98.85957982245246, 19.90705311300431], [-98.8594743354205, 19.90717357006876], [-98.85945384586569, 19.9071964142075], [-98.8546726656081, 19.91252678341914], [-98.85270957354106, 19.91099443933799], [-98.85468638708008, 19.90881222351927], [-98.85512255117557, 19.90833072832559]]], [[[-98.85625390417617, 19.90597821123697], [-98.85453929214225, 19.90542296729024], [-98.85653773663468, 19.90315632490326], [-98.86174105460512, 19.90466565080575], [-98.86011286562848, 19.90646642361876], [-98.85960549341095, 19.90702453443515], [-98.85957982245246, 19.90705311300431], [-98.85957837914982, 19.90705472006396], [-98.8578633638324, 19.90649938506603], [-98.85775580089346, 19.90646455468879], [-98.85702682054915, 19.90622849858847], [-98.85625390417617, 19.90597821123697]]], [[[-98.86041290139102, 19.90394315096222], [-98.86092618462965, 19.90409232612815], [-98.8619770678838, 19.90439773813935], [-98.86197626721685, 19.90439864702598], [-98.86174105460512, 19.90466565080575], [-98.85914105532224, 19.90391047371082], [-98.85937373836913, 19.90364113431754], [-98.8593751691479, 19.9036415501562], [-98.86041290139102, 19.90394315096222]]], [[[-98.86112210509589, 19.90381443363751], [-98.8611875661845, 19.90383344892808], [-98.86130752029675, 19.90386829820015], [-98.86221338460084, 19.90413147888451], [-98.86197770255318, 19.90439906416953], [-98.86197626721682, 19.90439864702598], [-98.85937437584536, 19.90364245164064], [-98.8593751691479, 19.9036415501562], [-98.85960965602143, 19.90337508591452], [-98.86112210509589, 19.90381443363751]]], [[[-98.86153146346257, 19.90359740099947], [-98.86155485438513, 19.90360419482931], [-98.86244816552829, 19.90386365188582], [-98.86221234030016, 19.90413112398638], [-98.8611875661845, 19.90383344892808], [-98.85960965602143, 19.90337508591452], [-98.85960862847907, 19.90337478742098], [-98.85984415738316, 19.90310731790277], [-98.85984862228158, 19.90310861477101], [-98.86153146346257, 19.90359740099947]]], [[[-98.86174238464417, 19.90332277724232], [-98.86183632068072, 19.90335005531425], [-98.86268380947429, 19.90359615479744], [-98.86244816552829, 19.90386365188582], [-98.85984862228158, 19.90310861477101], [-98.86008432755351, 19.90284128458802], [-98.86174238464417, 19.90332277724232]]], [[[-98.86185402396471, 19.90184817666795], [-98.86242606833328, 19.90201644100428], [-98.86374092118122, 19.90240319087266], [-98.86268380947429, 19.90359615479744], [-98.86183632068068, 19.90335005531425], [-98.86174238464417, 19.90332277724232], [-98.86008432755351, 19.90284128458802], [-98.85980572177814, 19.90276037686667], [-98.86086575130018, 19.90155747543896], [-98.86185402396471, 19.90184817666795]]], [[[-98.86810902165166, 19.89543956524636], [-98.86915577337174, 19.89422569003358], [-98.87058806334215, 19.89494411815905], [-98.86668912660244, 19.89913588877138], [-98.86524973205914, 19.89875523948561], [-98.86710344079692, 19.89660567280163], [-98.86810902165166, 19.89543956524636]]], [[[-98.85683499171078, 19.91761398305184], [-98.85337709103213, 19.91484351663632], [-98.8531583642604, 19.91466826746192], [-98.85453226383845, 19.91308098979708], [-98.86147443085368, 19.91929004465602], [-98.86052183886092, 19.92056770053244], [-98.86048529237218, 19.92053842222894], [-98.85738551001705, 19.91805504261501], [-98.85683499171078, 19.91761398305184]]], [[[-98.82375676494914, 19.94107094903518], [-98.82374240882669, 19.94109535107382], [-98.82785997501759, 19.94244393445479], [-98.82607606787701, 19.94443583992397], [-98.8222793270989, 19.94322384821175], [-98.82224696855812, 19.94319869887962], [-98.82223817413814, 19.9431708626703], [-98.82361395596497, 19.94102563808076], [-98.82375676494914, 19.94107094903518]]], [[[-98.82729498296182, 19.93534586308516], [-98.8282501290139, 19.93404919873734], [-98.82887424388906, 19.93319130599241], [-98.82944707927619, 19.93351616797571], [-98.83367188888366, 19.93591210939099], [-98.83301370020408, 19.93666635667824], [-98.83224579724185, 19.93751680973038], [-98.82729498296182, 19.93534586308516]]], [[[-98.82035458529757, 19.94619036762465], [-98.82100426928656, 19.94641139127647], [-98.82296363039042, 19.94792261477512], [-98.81785985421742, 19.95352183015338], [-98.81610382144736, 19.95219794556561], [-98.82035458529757, 19.94619036762465]]], [[[-98.82945750812141, 19.94065621569384], [-98.82790960569663, 19.94238851600195], [-98.82375676494914, 19.94107094903518], [-98.8249614687671, 19.93902320396677], [-98.82945750812141, 19.94065621569384]]], [[[-98.82612439360776, 19.93711851082892], [-98.82729498296182, 19.93534586308516], [-98.83224579724185, 19.93751680973039], [-98.83075316903435, 19.93919741909884], [-98.82612439360776, 19.93711851082892]]], [[[-98.82100426928656, 19.94641139127647], [-98.8204827871159, 19.94600917202951], [-98.82035458529757, 19.94619036762465], [-98.82032301134504, 19.94617962603352], [-98.82217035126305, 19.94329050686556], [-98.82219985662178, 19.94325990818038], [-98.82223808061329, 19.94325443516135], [-98.8222851903684, 19.9432655951864], [-98.82606603590932, 19.94445805588699], [-98.82356894494393, 19.94728386931729], [-98.82100426928656, 19.94641139127647]]], [[[-98.82612439360776, 19.93711851082892], [-98.83075316903435, 19.93919741909884], [-98.8294575081214, 19.94065621569387], [-98.8249614687671, 19.93902320396677], [-98.82488493055803, 19.93899540315937], [-98.82612439360776, 19.93711851082892]]], [[[-98.80174470056495, 19.97190229745934], [-98.80206469979697, 19.97154795626718], [-98.80207398564444, 19.97155519620188], [-98.80230261511275, 19.9717220422167], [-98.80251383187016, 19.97188568833078], [-98.80361479669877, 19.97266252881587], [-98.80416661513895, 19.97305188632556], [-98.80497755342633, 19.97401108453376], [-98.80509154370974, 19.97414591388161], [-98.80519354720924, 19.9746100915095], [-98.80497655455652, 19.97482327822752], [-98.80466761152516, 19.97512680109936], [-98.80449906274441, 19.97529239210049], [-98.80385800341656, 19.9759221971152], [-98.80362143977446, 19.97615460582045], [-98.80318468229304, 19.97658368956618], [-98.8028085968827, 19.97589067498752], [-98.80184047318944, 19.97410667684989], [-98.8017178031956, 19.97388062497726], [-98.8014156294013, 19.97342577009202], [-98.80115043126195, 19.97292121074762], [-98.80101943014668, 19.97271938742718], [-98.8016405014087, 19.97201822723602], [-98.80174470056495, 19.97190229745934]]], [[[-98.82599550085828, 19.9444358103673], [-98.82601344003768, 19.9444158487367], [-98.8260556605524, 19.9444293257848], [-98.82603783898452, 19.9444491630749], [-98.82599550085828, 19.9444358103673]]], [[[-98.82785181382272, 19.9423701812566], [-98.8278936209765, 19.9423834447762], [-98.827843984425, 19.9424386974519], [-98.82780246218839, 19.9424250986938], [-98.82785181382272, 19.9423701812566]]], [[[-98.8368167999103, 19.9323932696774], [-98.836846259269, 19.9324169948832], [-98.83683747816352, 19.9324267712192], [-98.836808042018, 19.9324030169616], [-98.8368167999103, 19.9323932696774]]], [[[-98.8548726915165, 19.9129961696302], [-98.854787083232, 19.9129228605605], [-98.8548240961773, 19.9128825614333], [-98.8548335090988, 19.9128911088492], [-98.8548300345861, 19.9128879538135], [-98.8549050048661, 19.9129561045191], [-98.8548726915165, 19.9129961696302]]], [[[-98.8454009105693, 19.9228386077341], [-98.8457910445231, 19.9224043262208], [-98.8458431720658, 19.9223462996778], [-98.8459133173134, 19.9222682163688], [-98.8459720707393, 19.9222028139679], [-98.8460185593634, 19.9221510642926], [-98.84603939317759, 19.9221278727303], [-98.8460710825846, 19.9221457362749], [-98.8454270835309, 19.9228628479112], [-98.8454234491482, 19.9228668948766], [-98.8453965485031, 19.9228434633933], [-98.8454009105693, 19.9228386077341]]], [[[-98.86670876625729, 19.8991147752672], [-98.8704954854818, 19.8948976826494], [-98.8705341132679, 19.8949170575864], [-98.86830365559209, 19.89740013603], [-98.86670876625729, 19.8991147752672]]], [[[-98.8627618325113, 19.9035922676042], [-98.8627024592577, 19.9035760821349], [-98.8637682695759, 19.9023892532483], [-98.8638268324771, 19.902403033962], [-98.8627618325113, 19.9035922676042]]], [[[-98.8622834078506, 19.904124886411], [-98.8622241108566, 19.9041087279517], [-98.86246142064829, 19.9038444777067], [-98.8625193038825, 19.9038602915976], [-98.8622834078506, 19.904124886411]]], [[[-98.8620404565315, 19.9043937136723], [-98.8619824490213, 19.9043778181986], [-98.8622241108566, 19.9041087279517], [-98.8622834078506, 19.904124886411], [-98.8620404565315, 19.9043937136723]]], [[[-98.8625193038825, 19.9038602915976], [-98.86246142064829, 19.9038444777067], [-98.8627024592577, 19.9035760821349], [-98.8627618325113, 19.9035922676042], [-98.8625193038825, 19.9038602915976]]], [[[-98.8618075507915, 19.9046566022008], [-98.86174703115522, 19.9046399636845], [-98.8619824490213, 19.9043778181986], [-98.8620404565315, 19.9043937136723], [-98.8618075507915, 19.9046566022008]]], [[[-98.8596226670586, 19.9070298435295], [-98.859605493411, 19.9070245344352], [-98.86174703115522, 19.9046399636845], [-98.8618075507915, 19.9046566022008], [-98.8596226670586, 19.9070298435295]]], [[[-98.85457549764531, 19.9126739798216], [-98.8545529518452, 19.9126500682068], [-98.8594519030318, 19.9071955423222], [-98.85946736506199, 19.9072024812147], [-98.85948282709352, 19.9072094201059], [-98.854874287461, 19.9123465872776], [-98.8547105502335, 19.9125273242562], [-98.8547058043022, 19.9125244376546], [-98.8546146889654, 19.912612462524], [-98.85457549764531, 19.9126739798216]]]]}}, {"type": "Feature", "properties": {"id": "MUN_null_villa_de_tezontepec", "nivel": "municipio", "nombre": "Villa De Tezontepec", "municipio": "Villa De Tezontepec", "estado": "Null", "proyecto": "TAP"}, "geometry": {"type": "MultiPolygon", "coordinates": [[[[-98.83071738331971, 19.9391813474373], [-98.8307531690344, 19.9391974190988], [-98.8305294544059, 19.9394493040867], [-98.8294482753075, 19.9406528623836], [-98.82940815536479, 19.9406382910207], [-98.83071738331971, 19.9391813474373]]], [[[-98.82599550085828, 19.9444358103673], [-98.82603783898452, 19.9444491630749], [-98.8235093316489, 19.9472635899753], [-98.82346707849521, 19.9472492162176], [-98.82599550085828, 19.9444358103673]]], [[[-98.83222235358691, 19.9375065311344], [-98.8322223542644, 19.9375065303804], [-98.83224579724188, 19.9375168097304], [-98.8307531690344, 19.9391974190988], [-98.83071738331971, 19.9391813474373], [-98.83222235358691, 19.9375065311344]]], [[[-98.82940815536479, 19.9406382910206], [-98.8294482753075, 19.9406528623836], [-98.8278936209765, 19.9423834447762], [-98.82785181382272, 19.9423701812566], [-98.82940815536479, 19.9406382910206]]], [[[-98.82780246218839, 19.9424250986938], [-98.827843984425, 19.9424386974519], [-98.8260556605524, 19.9444293257848], [-98.82601344003768, 19.9444158487367], [-98.82780246218839, 19.9424250986938]]], [[[-98.83776039940021, 19.9313430607232], [-98.8377733704766, 19.9313815232189], [-98.8377741732118, 19.9313839039384], [-98.836846259269, 19.9324169948832], [-98.8368167999103, 19.9323932696774], [-98.83776039940021, 19.9313430607232]]], [[[-98.836808042018, 19.9324030169616], [-98.83683747816352, 19.9324267712192], [-98.83647944869709, 19.9328253775247], [-98.8364499640556, 19.9328015461061], [-98.836808042018, 19.9324030169616]]], [[[-98.8364499640556, 19.9328015461061], [-98.83647944869709, 19.9328253775247], [-98.83630721997332, 19.9330171246029], [-98.83611454276601, 19.9332184517561], [-98.83609186664431, 19.9332000941433], [-98.8364499640556, 19.9328015461061]]], [[[-98.83609186664431, 19.9332000941433], [-98.83611454276601, 19.9332184517561], [-98.835603330443, 19.9337996021265], [-98.8355532760766, 19.9338565040304], [-98.835512100725, 19.9339023449451], [-98.83549139486378, 19.9338855735293], [-98.8354824558144, 19.9338783375924], [-98.83609186664431, 19.9332000941433]]], [[[-98.8349076089994, 19.9345181057311], [-98.8349205900015, 19.934528587171], [-98.8336718888837, 19.935912109391], [-98.83366072851778, 19.935905780438], [-98.8349076089994, 19.9345181057311]]], [[[-98.8354824614953, 19.9338783312698], [-98.83551210077968, 19.9339023448842], [-98.8354955805035, 19.9339207370563], [-98.8349205900015, 19.934528587171], [-98.8349076089994, 19.9345181057311], [-98.8354824614953, 19.9338783312698]]], [[[-98.8398468825336, 19.9295775826779], [-98.83981852662632, 19.9295283223299], [-98.8424869048388, 19.9265574955242], [-98.8425117812416, 19.9266128309443], [-98.8398473925474, 19.9295785933681], [-98.8398468825336, 19.9295775826779]]], [[[-98.84147210143512, 19.9272666399872], [-98.8399760729654, 19.9289323496839], [-98.8393650827306, 19.9296126252924], [-98.8390684784998, 19.929942861106], [-98.8388082613532, 19.9302325823935], [-98.83874181048108, 19.9303065674164], [-98.8384633561538, 19.9306165916582], [-98.83820842370869, 19.930900425751], [-98.8382007567097, 19.9309089619349], [-98.8380433047693, 19.9310842634516], [-98.8379347389003, 19.9312051366056], [-98.83793208152251, 19.9312080952269], [-98.83791609743722, 19.9312258912838], [-98.8378943045407, 19.9312501546357], [-98.8378811836305, 19.9312086331684], [-98.8378811836305, 19.9312086331684], [-98.8428126824458, 19.9257200401457], [-98.84284474324188, 19.9257382693263], [-98.84147210143512, 19.9272666399872]]], [[[-98.8464618222512, 19.9222159132395], [-98.8464110663252, 19.922188270363], [-98.8478831991275, 19.9205470772008], [-98.84794870332651, 19.920556410155], [-98.8479521446294, 19.9205569004667], [-98.8479521446294, 19.9205569004667], [-98.8464618222512, 19.9222159132395]]], [[[-98.8484623430386, 19.9199889855493], [-98.848396156114, 19.919977987489], [-98.8507756034616, 19.9173283355931], [-98.85081909956979, 19.9173653007077], [-98.8484623430386, 19.9199889855493]]], [[[-98.8326329239141, 19.9370496154474], [-98.83263295125619, 19.9370495863052], [-98.83366072851778, 19.935905780438], [-98.8336718888837, 19.935912109391], [-98.8330137002041, 19.9366663566782], [-98.83265307395959, 19.9370657520548], [-98.8326530649824, 19.9370657619971], [-98.83224579724188, 19.9375168097303], [-98.8322223542645, 19.9375065303804], [-98.83262525872061, 19.9370581471868], [-98.83263054627001, 19.9370522627704], [-98.832631848278, 19.9370508137895], [-98.8326322554612, 19.9370503591387], [-98.8326329239141, 19.9370496154474]]], [[[-98.8435889006282, 19.9248556219107], [-98.84447372787982, 19.9238706973147], [-98.84468569874788, 19.9236347444453], [-98.8449827254584, 19.9233041110468], [-98.8450025960974, 19.9232819921034], [-98.84501045608951, 19.9232732427741], [-98.84518496140501, 19.9230789923023], [-98.8453355755338, 19.9229113357632], [-98.8453965485031, 19.9228434633933], [-98.8454234491482, 19.9228668948766], [-98.8442984848257, 19.9241195538477], [-98.8441525213925, 19.9242820835921], [-98.8441443305917, 19.9242912040049], [-98.8440482936742, 19.9243981404918], [-98.8432007097182, 19.9253419111617], [-98.84284474324188, 19.9257382693263], [-98.8428126824458, 19.9257200401457], [-98.8428124462209, 19.9257198999881], [-98.8429580868601, 19.9255577871261], [-98.8430467930938, 19.925459047832], [-98.84305082401629, 19.9254545609907], [-98.8434170047778, 19.9250469617751], [-98.8435889006282, 19.9248556219107]]], [[[-98.85084757000348, 19.9172482451429], [-98.8508948802394, 19.9172809350756], [-98.85081909956979, 19.9173653007077], [-98.8507756034616, 19.9173283355931], [-98.850778227475, 19.9173254135356], [-98.85084757000348, 19.9172482451429]]], [[[-98.8178439460146, 19.95354416582], [-98.8178449593292, 19.9535432114717], [-98.817824509824, 19.9535272745735], [-98.8178417030192, 19.9535081460482], [-98.8178598542174, 19.9535218301534], [-98.8197186178942, 19.9514826940767], [-98.817856862486, 19.9535547341974], [-98.8178439460146, 19.95354416582]]], [[[-98.83630721997332, 19.9330171246029], [-98.835603330443, 19.9337996021265], [-98.83611454276601, 19.9332184517561], [-98.83630721997332, 19.9330171246029]]], [[[-98.82290353190669, 19.9478762625367], [-98.8229362280313, 19.9479014801266], [-98.8197186178942, 19.9514826940767], [-98.8178598542174, 19.9535218301534], [-98.8178417030192, 19.9535081460482], [-98.82290353190669, 19.9478762625367]]]]}}, {"type": "Feature", "properties": {"id": "MUN_null_zapotlan", "nivel": "municipio", "nombre": "Zapotlan", "municipio": "Zapotlan", "estado": "Null", "proyecto": "TAP"}, "geometry": {"type": "MultiPolygon", "coordinates": [[[[-98.81811426682792, 19.9537630636594], [-98.81808049801388, 19.9537359165952], [-98.8180795349738, 19.9537369080963], [-98.818078262615, 19.9537358854844], [-98.8180736854479, 19.9537321404181], [-98.82099480221419, 19.9504812852413], [-98.82103489615011, 19.9505135799035], [-98.81811426682792, 19.9537630636594]]]]}}, {"type": "Feature", "properties": {"id": "MUN_hidalgo_zapotlan_de_juarez", "nivel": "municipio", "nombre": "Zapotlan De Juarez", "municipio": "Zapotlan De Juarez", "estado": "Hidalgo", "proyecto": "TAP"}, "geometry": {"type": "MultiPolygon", "coordinates": [[[[-98.83064328016924, 20.01211231463229], [-98.83102571817547, 20.01128022360245], [-98.83111303201359, 20.01108139676013], [-98.83149501971712, 20.01025067436652], [-98.83195863968466, 20.00925375875305], [-98.83299171299524, 20.00704253462602], [-98.83213840603845, 20.00677703433346], [-98.82941921196046, 20.00592813786436], [-98.82847988190409, 20.00561622419632], [-98.82792472688118, 20.0068264972744], [-98.82744732485902, 20.00791456737237], [-98.8269736356219, 20.00887403496186], [-98.82654325724573, 20.00970179264386], [-98.82646483154915, 20.00987516819489], [-98.82608385363322, 20.01074178039181], [-98.825634126437, 20.01173245145712], [-98.8253036633076, 20.01246116623436], [-98.82440143392655, 20.01435291396713], [-98.823937303478, 20.0153250833802], [-98.8235362755982, 20.01618295033303], [-98.82309397658034, 20.01715761645005], [-98.82266999810678, 20.01804908808742], [-98.82227976244805, 20.01889525611362], [-98.82146372484311, 20.02061075820577], [-98.82145805813492, 20.02062329816549], [-98.8212299746152, 20.02112833984666], [-98.82119851312775, 20.02120004192684], [-98.82105170583627, 20.02153462468993], [-98.82102981013904, 20.02158175388356], [-98.82042126161075, 20.02289118302177], [-98.82035817096023, 20.02302693941178], [-98.82031172282389, 20.02312275614782], [-98.82022619767196, 20.02332775594765], [-98.82021364940277, 20.02335388946077], [-98.81878164627918, 20.02633804577739], [-98.81875955419696, 20.0263840735586], [-98.81773880838313, 20.0258091826228], [-98.81763701354772, 20.0257503007605], [-98.81691731139038, 20.02533946322195], [-98.81664324504666, 20.02518528114961], [-98.8160388931143, 20.02481070101923], [-98.81568090416735, 20.02462155858547], [-98.814056371728, 20.02370386327828], [-98.81383900440682, 20.02358067290254], [-98.81185012833882, 20.02240614512046], [-98.81184561264544, 20.02240234147789], [-98.81174147602775, 20.02231434407035], [-98.81150448538865, 20.0222183949897], [-98.81142684131294, 20.02218695717961], [-98.81123179544213, 20.02209675863726], [-98.81122165915839, 20.02209207514481], [-98.81070152675694, 20.0217923674613], [-98.81064620896903, 20.02176050086524], [-98.79047349575956, 19.98730616511624], [-98.79043192929389, 19.98723511158861], [-98.78995945177569, 19.98642794644044], [-98.79099493467297, 19.98629163667863], [-98.79113781867363, 19.9862730695938], [-98.79404115431285, 19.9859025741912], [-98.79663467794389, 19.98567083401971], [-98.80747273319159, 19.98442061936147], [-98.80755890716344, 19.9844802930165], [-98.80763648184923, 19.98453245907327], [-98.81016054814575, 19.98622913352676], [-98.81128911883447, 19.98699161385202], [-98.81401200901364, 19.98880610393433], [-98.81405650321224, 19.98883638110623], [-98.8156888361925, 19.98989908209504], [-98.81573953892443, 19.98993336097462], [-98.81881521703174, 19.99201209361202], [-98.81885960931884, 19.99205129885306], [-98.82193519639274, 19.9941084873739], [-98.82198413879942, 19.99413533726742], [-98.82507743968107, 19.9961831238805], [-98.8251194980227, 19.99620866804933], [-98.82826038361956, 19.99827245811742], [-98.82830704157978, 19.99830112618501], [-98.82970644177874, 19.99925694145623], [-98.82971814686216, 19.99926493342795], [-98.83111335742326, 20.00021481265818], [-98.83114508120153, 20.00017166961369], [-98.83156045237361, 19.99965062398202], [-98.83204248540706, 19.99898807302577], [-98.83252449606061, 19.99834680228046], [-98.83304949650653, 19.99764716210596], [-98.83354888084381, 19.99698075373632], [-98.8340361172896, 19.99634470291647], [-98.83426715510151, 19.99645069188602], [-98.834437140285, 19.99652626096849], [-98.83492138398879, 19.99674153120882], [-98.83655345338053, 19.99721026718175], [-98.83687503336924, 19.99730237380996], [-98.83859000734277, 19.99779357026928], [-98.8386427231954, 19.99781140768895], [-98.83892982656023, 19.99789463269315], [-98.84109430354032, 19.99852206774614], [-98.84283746836923, 19.99902735053261], [-98.84329314560371, 19.99916078127577], [-98.84334756551816, 19.99917671493641], [-98.84429439668843, 19.9994539656374], [-98.84505125504722, 19.9996852591022], [-98.8454473983915, 19.9998063213575], [-98.84550881507155, 19.9998270938792], [-98.8461742578479, 20.00002106784278], [-98.84624383178308, 20.00004135124657], [-98.84730897966921, 20.00035182874316], [-98.84735488851815, 20.00036671070551], [-98.8491914090546, 20.00091678827397], [-98.84924983694988, 20.00093454116018], [-98.84946560308549, 20.00099637589241], [-98.85105732333128, 20.00145252844903], [-98.85135816032981, 20.00154282509882], [-98.85136824715478, 20.00154585004899], [-98.8531354322172, 20.00207163714287], [-98.85318662967553, 20.00208687035802], [-98.85325966987193, 20.00211157137816], [-98.85413954284894, 20.00236737384533], [-98.8546691614745, 20.00252733690609], [-98.85528654861541, 20.00270407008451], [-98.85595419023922, 20.00289954230339], [-98.85681622986678, 20.0031404876949], [-98.85790998252754, 20.00346507978204], [-98.85927299476946, 20.00387799905021], [-98.86100544261716, 20.00440560329069], [-98.86105065198521, 20.0044238851288], [-98.86112231577906, 20.00445552688934], [-98.862350606476, 20.00483161558585], [-98.86236405536799, 20.00483573197522], [-98.86238748324604, 20.00484600877616], [-98.86239165179516, 20.00484783677454], [-98.86329999487585, 20.00508069879671], [-98.86414511965324, 20.00531666452254], [-98.86419814481701, 20.00532720000953], [-98.86552973152362, 20.00571097732367], [-98.86396469580387, 20.00739608942144], [-98.86166760449045, 20.00986081891658], [-98.86055740996528, 20.01108634114547], [-98.85933908957472, 20.01239253375331], [-98.85879480433047, 20.01296826276779], [-98.8586227016293, 20.01314946279327], [-98.85725366191336, 20.0143558228874], [-98.8566183835247, 20.01494193822962], [-98.85605264765097, 20.01542943010064], [-98.85510358552851, 20.01629817996038], [-98.85483758708367, 20.01653533662502], [-98.8523687729016, 20.01870289690013], [-98.85212134966763, 20.01895774528125], [-98.85114768434377, 20.01978859554478], [-98.85058953578246, 20.01796525219105], [-98.84877070824194, 20.01205314191865], [-98.84629986773292, 20.01382050233026], [-98.84609283739508, 20.01397197305296], [-98.8445352997557, 20.01525154208562], [-98.84433269800043, 20.01540916913052], [-98.84423530869425, 20.01548479047229], [-98.84419369046266, 20.01551781093355], [-98.84407085066587, 20.01562097652273], [-98.84384439443953, 20.01579359448493], [-98.8433846324541, 20.01616180977253], [-98.84148049606654, 20.01766136847778], [-98.8413699627872, 20.01775375290416], [-98.84088064296247, 20.01814647298051], [-98.8370530943522, 20.02295936449228], [-98.83711434662533, 20.02611530468461], [-98.83713407337389, 20.02713277526577], [-98.83714867906421, 20.02743317141917], [-98.83715765030632, 20.02790634712606], [-98.837162378377, 20.02812843606202], [-98.83716942119806, 20.02864354704126], [-98.83717741882903, 20.02875390651038], [-98.83719157608034, 20.02940242758645], [-98.83720348313183, 20.02991180086008], [-98.83720556663404, 20.0300523420323], [-98.83721138432361, 20.03062201706896], [-98.83731347980613, 20.03559808266634], [-98.83726145649298, 20.03631301120316], [-98.8363632996366, 20.03603240518004], [-98.83544671690238, 20.03581704143846], [-98.8345307484189, 20.03560181817739], [-98.83361833019816, 20.03538741802536], [-98.83334809459654, 20.03488573543684], [-98.83314833825159, 20.0345149228741], [-98.83296101606896, 20.03416718458391], [-98.83291474274127, 20.03408125229113], [-98.83288514038361, 20.03402632661155], [-98.83284266789157, 20.03394814510324], [-98.83268198397947, 20.03365248656859], [-98.8323825140708, 20.033101380086], [-98.83232045646896, 20.03298718898352], [-98.83224773695474, 20.03285338807311], [-98.83217252501493, 20.03271498301294], [-98.83208864820152, 20.03256060978697], [-98.8318678247539, 20.03215425447787], [-98.83165539256554, 20.03176331734556], [-98.8316029952928, 20.03166689231996], [-98.83142141720705, 20.03133275681081], [-98.83123743959615, 20.03099418219478], [-98.83116533847091, 20.03086151830555], [-98.83067987252775, 20.029968120337], [-98.83062234378676, 20.02986224799222], [-98.83051249316622, 20.02966007890704], [-98.83031029733114, 20.02928797991235], [-98.83030263751706, 20.02909736713531], [-98.83027458402977, 20.02839953366045], [-98.83027272941912, 20.02836396697468], [-98.8302708867817, 20.02832870884803], [-98.83026109481106, 20.0281558337966], [-98.83017092004052, 20.02656528661596], [-98.8301677451378, 20.02638516884786], [-98.83016210135936, 20.02631307026813], [-98.83016205172557, 20.02631150049164], [-98.8301423891346, 20.02574311542185], [-98.83010151582181, 20.02504953203126], [-98.83008591238922, 20.02434084408361], [-98.83003241944752, 20.02172732958926], [-98.83000342091613, 20.02079684634951], [-98.82989881841432, 20.01728862408821], [-98.82979918130447, 20.01394652036823], [-98.83021937957388, 20.01303895902565], [-98.83064328016924, 20.01211231463229]]], [[[-98.82290353190669, 19.9478762625367], [-98.82346707849521, 19.9472492162176], [-98.8235093316489, 19.9472635899753], [-98.8229362280313, 19.9479014801266], [-98.82290353190669, 19.9478762625367]]]]}}, {"type": "Feature", "properties": {"id": "MUN_hidalgo_zapotlan_de_juarez", "nivel": "municipio", "nombre": "Zapotlán De Juárez", "municipio": "Zapotlán De Juárez", "estado": "Hidalgo", "proyecto": "TAP"}, "geometry": {"type": "MultiPolygon", "coordinates": [[[[-98.79572424506317, 19.98906586300351], [-98.79465583738174, 19.99046860680716], [-98.7931903323106, 19.98907429109568], [-98.79378610865793, 19.98826106393391], [-98.79381187081223, 19.98827652465235], [-98.79397531868808, 19.98803459248446], [-98.79572424506317, 19.98906586300351]]], [[[-98.7921288977492, 19.99010670909675], [-98.79190904572106, 19.98973076179279], [-98.79197666408947, 19.98969863361994], [-98.79220696517564, 19.99006961613805], [-98.7921288977492, 19.99010670909675]]], [[[-98.79823566744695, 19.98548619623323], [-98.79817939649602, 19.98556277256488], [-98.79758348638276, 19.98562388739628], [-98.79763359862648, 19.98555533577641], [-98.79823566744695, 19.98548619623323]]], [[[-98.84451694902168, 19.92055984507538], [-98.84631812172168, 19.92180749613379], [-98.84691975315994, 19.92114297350046], [-98.84539407850123, 19.92284131192741], [-98.84377804743991, 19.92143366730122], [-98.8437675374609, 19.92142451244915], [-98.84451694902168, 19.92055984507538]]], [[[-98.83992281894099, 19.9298305924233], [-98.84096230472223, 19.93199140830648], [-98.84098272941411, 19.93197177732663], [-98.84099776343191, 19.93200339772712], [-98.84240984300783, 19.93060010394885], [-98.84390331852548, 19.92916460863148], [-98.84267144907845, 19.92678384408343], [-98.8426621685512, 19.9267791698772], [-98.84661609630083, 19.92236835063453], [-98.8544226067528, 19.92661158303142], [-98.8532719880184, 19.9273562041845], [-98.85453453020905, 19.92801386943457], [-98.85372939647776, 19.92928426209508], [-98.85584825375234, 19.93060554663127], [-98.85506718581499, 19.93189596278166], [-98.85292522196154, 19.93052744203809], [-98.85129589771837, 19.93304939553049], [-98.85353517869787, 19.93445156022118], [-98.85030480969579, 19.9398368008585], [-98.85016276771233, 19.94001016817919], [-98.8491370075054, 19.94173654345675], [-98.84734351330117, 19.94277380063906], [-98.84665287924464, 19.94238281037373], [-98.84530165657327, 19.94406375209353], [-98.84470536354232, 19.94374654897044], [-98.82770653893913, 19.96346182208119], [-98.82936192778487, 19.96447187119696], [-98.82796921577649, 19.96611239429853], [-98.82632648991851, 19.96507304776266], [-98.825599037289, 19.96592153938765], [-98.82726434019104, 19.96698663298207], [-98.8266155124689, 19.96780382066165], [-98.82583705942618, 19.96763571694925], [-98.82493388328092, 19.97219920436748], [-98.82686665849731, 19.97256445700093], [-98.82691058956571, 19.97469652459306], [-98.82316672571271, 19.97400206835882], [-98.8231378562167, 19.97399688132239], [-98.82200432927598, 19.97377337132773], [-98.80565984625413, 19.97074868760543], [-98.81974876899774, 19.95506270551274], [-98.81806674385959, 19.9537391014946], [-98.82099378798694, 19.95048046830635], [-98.82121157662223, 19.95065589133878], [-98.83465330589576, 19.93569623288296], [-98.8379574249014, 19.93201839652034], [-98.83992281894099, 19.9298305924233]]], [[[-98.8118045148762, 19.98125586504991], [-98.81148611485834, 19.98148831369546], [-98.81115194590956, 19.98173191382675], [-98.81028900344833, 19.98236096911905], [-98.81020160215627, 19.98242468112895], [-98.80815072119067, 19.97910218574582], [-98.80509154370974, 19.97414591388161], [-98.80416661513895, 19.97305188632556], [-98.80251383187029, 19.97188568833063], [-98.8020646997932, 19.97154795626416], [-98.80252848120783, 19.97103027220547], [-98.80313864172753, 19.97035140553806], [-98.80314163681938, 19.9703509588121], [-98.80558401759146, 19.97078453768188], [-98.80559196568204, 19.97078594859244], [-98.80559989671157, 19.97078744125324], [-98.8074783729901, 19.97114096943865], [-98.80749346060064, 19.97114377325584], [-98.80778747406038, 19.97162735677251], [-98.80793603036041, 19.97187169590664], [-98.80807819777135, 19.97210552604496], [-98.81135121444112, 19.9774886049024], [-98.81307634551916, 19.98032572951042], [-98.81270817411557, 19.9805967215817], [-98.81213394866259, 19.98101535984501], [-98.8118045148762, 19.98125586504991]]], [[[-98.80164064018454, 19.97382693806716], [-98.79915800724604, 19.97789591999451], [-98.79718340607151, 19.97683113409817], [-98.80101943014668, 19.97271938742718], [-98.8014156294013, 19.97342577009202], [-98.80164064018454, 19.97382693806716]]], [[[-98.80092295366465, 19.97888638248345], [-98.80074557269344, 19.97916817935753], [-98.80026541032501, 19.97874334161062], [-98.79984575650064, 19.9784108162025], [-98.7992320323506, 19.97793583666023], [-98.7996828387199, 19.97720042300067], [-98.80004017110075, 19.97670822886183], [-98.80070289999975, 19.97561756175961], [-98.80114821009924, 19.97480986373252], [-98.80131603417011, 19.97453607553285], [-98.80168896867589, 19.97392766614727], [-98.80169323436607, 19.97392070701977], [-98.8017178031956, 19.97388062497726], [-98.80184047318944, 19.97410667684989], [-98.80262208030732, 19.9755469773674], [-98.8028085968827, 19.97589067498752], [-98.80279311039035, 19.97591527881542], [-98.80256618091695, 19.97627580703274], [-98.80216051590102, 19.97692029174397], [-98.80158489680453, 19.97783477371633], [-98.80092295366465, 19.97888638248345]]], [[[-98.79755092450704, 19.98661450747552], [-98.79750217898247, 19.9866834137115], [-98.79730724326515, 19.98695897234767], [-98.79658190799802, 19.98798428654354], [-98.79479352211457, 19.98679342579966], [-98.79549029626283, 19.98582136877326], [-98.79672252700621, 19.98578254475533], [-98.79830898462401, 19.98554291091607], [-98.79755092450704, 19.98661450747552]]], [[[-98.79616472282392, 19.98851039033213], [-98.79614201121333, 19.98853903135469], [-98.79572424506317, 19.98906586300349], [-98.79397531868808, 19.98803459248449], [-98.79479352211457, 19.98679342579966], [-98.79658190799802, 19.98798428654354], [-98.79616472282392, 19.98851039033213]]], [[[-98.7938519620004, 19.99153242476907], [-98.7938332540175, 19.99155718198208], [-98.79340222594038, 19.99212758034653], [-98.79232467085743, 19.99025851415218], [-98.79259887760813, 19.98988340230002], [-98.79265177869556, 19.9898110339308], [-98.79313710591829, 19.98914711997233], [-98.79322345892514, 19.98910580571852], [-98.79355959713617, 19.98942562507671], [-98.79465583738175, 19.99046860680624], [-98.7938519620004, 19.99153242476907]]], [[[-98.7930624805327, 19.98779944886371], [-98.79326081021577, 19.98792596740712], [-98.79378610865795, 19.988261063933], [-98.79313710591829, 19.98914711997233], [-98.79265177869556, 19.9898110339308], [-98.79259887760813, 19.98988340230002], [-98.79232467085743, 19.99025851415218], [-98.79154953499355, 19.98895434021518], [-98.79172548596861, 19.9887322606745], [-98.79162060186192, 19.98857575719417], [-98.79245294645257, 19.98741061201043], [-98.7930624805327, 19.98779944886371]]], [[[-98.8000305884764, 19.9767805656368], [-98.8000309070115, 19.9767780989851], [-98.800032103762, 19.9767689642612], [-98.800033300501, 19.9767598385739], [-98.80003450680948, 19.9767507038608], [-98.8000357131065, 19.9767415781843], [-98.8000370351513, 19.9767316212646], [-98.8000383571846, 19.9767216733816], [-98.8000396983342, 19.9767117255201], [-98.8000410394837, 19.9767017776586], [-98.8000423902026, 19.9766918207711], [-98.80004374091008, 19.9766818729203], [-98.8000451011642, 19.9766719341169], [-98.8000464709878, 19.9766619862877], [-98.8000478408113, 19.9766520384583], [-98.80004912373249, 19.9766427863546], [-98.8000504162119, 19.9766335342616], [-98.8000517182493, 19.9766242821794], [-98.8000530202867, 19.9766150300972], [-98.8000543318821, 19.9766057780257], [-98.8000556434774, 19.9765965259542], [-98.80005696463088, 19.9765872738935], [-98.8000582953424, 19.9765780218435], [-98.80005963560069, 19.9765687788409], [-98.800203171154, 19.9757581885789], [-98.8003975523673, 19.9749571257636], [-98.8006421058488, 19.9741684450568], [-98.8009359480504, 19.9733949466266], [-98.8011539699882, 19.9729134098958], [-98.80143487651381, 19.9733832610471], [-98.8013584679319, 19.9735520257575], [-98.801073776201, 19.9743014253052], [-98.80083685427192, 19.9750655444673], [-98.80068879548038, 19.9756756607447], [-98.8000305884764, 19.9767805656368]]], [[[-98.7925988758206, 19.9898834031494], [-98.7931371059183, 19.9891471199723], [-98.79314508314302, 19.989143306775], [-98.79315295514719, 19.9891395476744], [-98.79316604965081, 19.9891332915129], [-98.79317915372418, 19.989127026325], [-98.7931922482376, 19.9891207611249], [-98.7932053427499, 19.9891144959238], [-98.79321842771388, 19.989108221674], [-98.7932234589251, 19.9891058057185], [-98.7935595971362, 19.9894256250767], [-98.793550749421, 19.9894299071849], [-98.7935401704219, 19.9894350276855], [-98.793529591434, 19.9894401391487], [-98.79351901244529, 19.9894452506113], [-98.793508423897, 19.9894503620622], [-98.7934978353597, 19.9894554644757], [-98.7934872468217, 19.9894605668886], [-98.7934766582949, 19.9894656602643], [-98.7934634489375, 19.9894720157177], [-98.7934502396026, 19.9894783530969], [-98.7934370206959, 19.9894846995006], [-98.79342381135889, 19.9894910368778], [-98.7934105924618, 19.9894973742429], [-98.7933973735754, 19.9895037025703], [-98.79338415468798, 19.9895100308967], [-98.7933709358114, 19.9895163501855], [-98.7933577073746, 19.9895226694621], [-98.7933497779664, 19.9895264556145], [-98.79334184855772, 19.9895302417666], [-98.79333391914871, 19.9895340279183], [-98.7933259801803, 19.9895378140585], [-98.7933180507823, 19.9895415911729], [-98.79331012137219, 19.9895453773235], [-98.79330218241451, 19.989549154426], [-98.7932942530153, 19.9895529315393], [-98.7932863140568, 19.989556708641], [-98.7932704935166, 19.9895642448371], [-98.7932546634276, 19.9895717719839], [-98.7932388333371, 19.9895792991293], [-98.7932230032333, 19.9895868353099], [-98.7932071826989, 19.9895943624636], [-98.79319135261568, 19.989601880568], [-98.7931755225192, 19.9896094077077], [-98.7931596924212, 19.9896169348459], [-98.7931438623336, 19.9896244529461], [-98.7925988758206, 19.9898834031494]]], [[[-98.7952263441897, 19.9884791519864], [-98.7949922055639, 19.9886345016591], [-98.7945692574446, 19.988383651577], [-98.7946917038727, 19.9883058974356], [-98.7949626523878, 19.9881296076088], [-98.7952536340953, 19.9879251370906], [-98.7955479324328, 19.9877055244723], [-98.7958335731584, 19.9874756899629], [-98.79584745843582, 19.9874638588936], [-98.7962286768208, 19.9877181822924], [-98.79621060952289, 19.987733713614], [-98.79583936327981, 19.9880341529738], [-98.7955305666144, 19.9882663464455], [-98.7952263441897, 19.9884791519864]]], [[[-98.7925417342488, 19.9899105546932], [-98.7921952688223, 19.9900751762903], [-98.79198072411259, 19.9896967046238], [-98.79293995221168, 19.9892409342895], [-98.7929557535815, 19.9892334252101], [-98.7929715453906, 19.9892259161182], [-98.7929873467574, 19.9892184070359], [-98.7930031481227, 19.9892108979523], [-98.7930189399392, 19.9892033798194], [-98.79303474130151, 19.9891958707328], [-98.7930505331151, 19.9891883525971], [-98.7930663249272, 19.9891808344599], [-98.793082126285, 19.9891733253691], [-98.7930853975167, 19.9891717658457], [-98.7925417342488, 19.9899105546932]]], [[[-98.8016898932901, 19.9728199921808], [-98.80143487651381, 19.9733832610471], [-98.8011539699882, 19.9729134098958], [-98.8012780330483, 19.9726393942783], [-98.80157514966989, 19.9720781878523], [-98.8020739856444, 19.9715551962019], [-98.8023026151128, 19.9717220422167], [-98.8020668823829, 19.972107952681], [-98.8016898932901, 19.9728199921808]]], [[[-98.7964234934273, 19.9875506586144], [-98.7962286768208, 19.9877181822924], [-98.79584745843582, 19.9874638588936], [-98.7961125415559, 19.987237931197], [-98.79638228843872, 19.9869898686371], [-98.7966627490024, 19.9867127921942], [-98.79701726727441, 19.9863340201989], [-98.7972327190968, 19.9860841952445], [-98.7975473664514, 19.985689056338], [-98.7975685279949, 19.9856604794699], [-98.7981616416098, 19.9856026974226], [-98.7981252900585, 19.9856546710554], [-98.7978234104485, 19.9860607508793], [-98.7973837544039, 19.9865884959726], [-98.7970504725065, 19.9869478732221], [-98.79670531844, 19.9872911419207], [-98.7964234934273, 19.9875506586144]]], [[[-98.7925417342488, 19.9899105546932], [-98.7922933096733, 19.9902481352334], [-98.7921952688223, 19.9900751762903], [-98.7925417342488, 19.9899105546932]]], [[[-98.8012780330483, 19.9726393942783], [-98.8011539699882, 19.9729134098958], [-98.8010093062963, 19.9726714443754], [-98.80157514966989, 19.9720781878523], [-98.8012780330483, 19.9726393942783]]], [[[-98.7839782911715, 19.9932594480147], [-98.78295142168069, 19.9935600085835], [-98.782952378071, 19.9932387389466], [-98.7839782911715, 19.9932594480147]]], [[[-98.8024880935002, 19.9714184176714], [-98.8023026151128, 19.9717220422167], [-98.8020739856444, 19.9715551962019], [-98.8031714324031, 19.9703552438876], [-98.8032556758779, 19.9703706815967], [-98.8029520321598, 19.9707538431559], [-98.8024880935002, 19.9714184176714]]], [[[-98.80040614152881, 19.9774733872454], [-98.800265410325, 19.9787433416106], [-98.7998457565006, 19.9784108162025], [-98.7999545851404, 19.9774286621534], [-98.7999559966305, 19.9774160033721], [-98.7999573985621, 19.9774033445799], [-98.79995880049339, 19.9773906857877], [-98.7999602024359, 19.9773780179589], [-98.79996161392499, 19.9773653591774], [-98.7999630158556, 19.9773527003851], [-98.79996442734432, 19.9773400416036], [-98.79996582927451, 19.9773273828113], [-98.7999672407627, 19.9773147240296], [-98.7999679465239, 19.9773083810839], [-98.79996865228492, 19.9773020381381], [-98.7999693580459, 19.9772956951923], [-98.7999700733766, 19.9772893432206], [-98.79997077913748, 19.9772830002748], [-98.79997148489842, 19.9772766573289], [-98.7999722002175, 19.9772703143939], [-98.7999729059896, 19.9772639624113], [-98.79997362130858, 19.9772576194763], [-98.799974810332, 19.9772470388775], [-98.79997599935531, 19.9772364582788], [-98.7999771883785, 19.97722587768], [-98.7999783869598, 19.977215297092], [-98.7999795855409, 19.977204716504], [-98.7999807745635, 19.9771941359051], [-98.7999819827026, 19.9771835553278], [-98.7999831812832, 19.9771729747397], [-98.79998438942198, 19.9771623941624], [-98.799985355958, 19.9771539098198], [-98.7999863224938, 19.9771454254773], [-98.7999872985765, 19.9771369501822], [-98.79998827467048, 19.9771284658504], [-98.7999892507643, 19.9771199815185], [-98.7999902268466, 19.9771115062234], [-98.79999120294029, 19.9771030218915], [-98.7999921885921, 19.9770945375704], [-98.79999317423241, 19.977086062286], [-98.7999943627631, 19.9770758702631], [-98.79999555128211, 19.9770656872769], [-98.7999967398124, 19.977055495254], [-98.7999979378894, 19.9770453122785], [-98.79999913596622, 19.977035129303], [-98.8000003436127, 19.9770249373016], [-98.8000015512475, 19.9770147543368], [-98.8000027588822, 19.977004571372], [-98.8000039760751, 19.976994388418], [-98.80000503876191, 19.9769854523501], [-98.80000611099541, 19.9769765253296], [-98.8000071927872, 19.9769675983199], [-98.80000826502048, 19.9769586712994], [-98.80000934682339, 19.976949735253], [-98.8000104381731, 19.9769408082541], [-98.8000115295226, 19.9769318812551], [-98.80001262087201, 19.9769229542561], [-98.8000137122213, 19.976914027257], [-98.8000149483355, 19.9769039979475], [-98.8000161940193, 19.9768939596121], [-98.8000174396915, 19.9768839303133], [-98.8000186949218, 19.9768739010253], [-98.800019950152, 19.9768638717372], [-98.8000212053706, 19.9768538514858], [-98.800022479717, 19.9768438222193], [-98.800023744505, 19.9768337929419], [-98.800025018851, 19.9768237636753], [-98.8000261869274, 19.9768146289192], [-98.8000273645619, 19.9768054941738], [-98.80002854218482, 19.9767963684651], [-98.80002971981911, 19.9767872337197], [-98.8000309070115, 19.9767780989851], [-98.800032103762, 19.9767689642612], [-98.800033300501, 19.9767598385739], [-98.80003450680948, 19.9767507038608], [-98.8000357131065, 19.9767415781843], [-98.8000370351513, 19.9767316212646], [-98.8000383667428, 19.9767216733924], [-98.8000396983342, 19.9767117255201], [-98.8000401711007, 19.9767082288618], [-98.8007028999997, 19.9756175617596], [-98.8006485186464, 19.9758416552789], [-98.800509452109, 19.9766269934434], [-98.80050757186, 19.9766400131703], [-98.8005055853779, 19.976653900298], [-98.800504312394, 19.9766628722796], [-98.8005030394098, 19.9766718442612], [-98.8005017759839, 19.9766808162535], [-98.8005005221046, 19.9766897972932], [-98.8004992682367, 19.9766987692963], [-98.8004974934227, 19.9767115541881], [-98.8004953519026, 19.9767271129251], [-98.8004940302277, 19.9767367987487], [-98.8004927085413, 19.976746493609], [-98.8004913964243, 19.9767561794433], [-98.8004900843072, 19.9767658652776], [-98.8004887912952, 19.97677556017], [-98.8004874982943, 19.9767852460258], [-98.8004857613477, 19.9767983201334], [-98.8004833970165, 19.9768162371903], [-98.80048152464968, 19.9768305853159], [-98.800480366442, 19.9768394941695], [-98.8004792082228, 19.9768484120598], [-98.80047805957311, 19.9768573209242], [-98.800476447474, 19.9768699252652], [-98.8004745264273, 19.9768849781961], [-98.8004732810342, 19.9768948086919], [-98.8004720356409, 19.9769046391877], [-98.8004707998171, 19.9769144606575], [-98.80046957354011, 19.9769242911748], [-98.8004683472629, 19.976934121692], [-98.80046712098562, 19.9769439522091], [-98.8004659042664, 19.9769537827371], [-98.8004646971054, 19.9769636132757], [-98.80046361554412, 19.9769723776286], [-98.80046254352962, 19.9769811510289], [-98.8004614715264, 19.9769899153925], [-98.80046040907001, 19.9769986888035], [-98.80045934662482, 19.9770074531779], [-98.80045828416812, 19.9770162265889], [-98.80045723128109, 19.9770249909739], [-98.8004561783824, 19.9770337643956], [-98.8004551254837, 19.9770425378173], [-98.8004539276181, 19.9770525762096], [-98.8004527392991, 19.9770626236493], [-98.80045155098, 19.977072671089], [-98.8004503626722, 19.977082709492], [-98.8004491743528, 19.9770927569317], [-98.8004479955915, 19.9771028043821], [-98.80044681683012, 19.9771128518324], [-98.8004456476269, 19.9771228992935], [-98.8004444784235, 19.9771329467546], [-98.8004435024904, 19.9771413226492], [-98.8004425361041, 19.9771497075913], [-98.8004415601594, 19.9771580925225], [-98.80044059378429, 19.9771664684279], [-98.800439636956, 19.9771748533806], [-98.8004386705693, 19.9771832383226], [-98.8004377137522, 19.9771916142387], [-98.8004367473652, 19.9771999991806], [-98.8004357905365, 19.9772083841333], [-98.8004346016464, 19.9772188834055], [-98.8004334031979, 19.977229382667], [-98.8004322143075, 19.9772398819391], [-98.800431025417, 19.9772503812113], [-98.8004298365263, 19.9772608804834], [-98.8004286476354, 19.9772713797556], [-98.8004274682913, 19.9772818880751], [-98.8004262889585, 19.9772923873579], [-98.8004251096254, 19.9773028866407], [-98.8004244039281, 19.9773091934418], [-98.8004236982307, 19.9773155002429], [-98.80042299254458, 19.9773217980074], [-98.80042228684708, 19.9773281048086], [-98.8004215811496, 19.9773344116097], [-98.8004208754519, 19.9773407184108], [-98.8004201697542, 19.9773470252119], [-98.8004194736262, 19.9773533229871], [-98.8004187679284, 19.9773596297882], [-98.8004173660568, 19.977372270511], [-98.8004159546267, 19.9773849112231], [-98.8004145527546, 19.9773975519459], [-98.80041315089372, 19.977410183632], [-98.8004117490212, 19.9774228243548], [-98.8004103471485, 19.9774354650775], [-98.8004089452755, 19.9774481058002], [-98.8004075434023, 19.9774607465228], [-98.80040614152881, 19.9774733872454]]], [[[-98.79356043088109, 19.9894240084864], [-98.7935587474402, 19.9894248107885], [-98.7932229815632, 19.9891053533291], [-98.7933476993275, 19.9890460375552], [-98.7936842506515, 19.9888798387828], [-98.7940085612241, 19.9887097484169], [-98.7943293279539, 19.9885297943475], [-98.7945688261069, 19.9883845637794], [-98.7949929318728, 19.9886346380488], [-98.79457190472529, 19.9888928340178], [-98.7942388443516, 19.9890803379282], [-98.7938956417176, 19.9892599675238], [-98.79356043088109, 19.9894240084864]]], [[[-98.79220510244022, 19.9900699465576], [-98.79211608985382, 19.9901122964013], [-98.7918960549849, 19.9897364026802], [-98.79198848155771, 19.9896928731479], [-98.792210946694, 19.9900671701183], [-98.79220510244022, 19.9900699465576]]], [[[-98.7975929564048, 19.9856186947319], [-98.79764085130171, 19.9855547969552], [-98.7982445707594, 19.9854851706316], [-98.7981898635561, 19.9855618205847], [-98.7975929564048, 19.9856186947319]]]]}}, {"type": "Feature", "properties": {"id": "MUN_hidalgo_zempoala", "nivel": "municipio", "nombre": "Zempoala", "municipio": "Zempoala", "estado": "Hidalgo", "proyecto": "TAP"}, "geometry": {"type": "MultiPolygon", "coordinates": [[[[-98.81256518411183, 20.03384992341423], [-98.80837382754414, 20.03161165224971], [-98.8044118538011, 20.02949572757851], [-98.80436911074193, 20.02947290109237], [-98.80433005159388, 20.02941347244188], [-98.80425140857899, 20.02937871810368], [-98.80385002163884, 20.02923821615326], [-98.80096846451221, 20.02769208979464], [-98.79968500739034, 20.03014746697988], [-98.79960123370203, 20.03021705551229], [-98.79912292250967, 20.03110457370325], [-98.798582711622, 20.03209474020134], [-98.79845799024515, 20.03232658769945], [-98.79836980721672, 20.03248810431327], [-98.79835070737582, 20.03252288495402], [-98.79775267657334, 20.0335946386427], [-98.79682476729558, 20.03518530694738], [-98.79657727698029, 20.03506905366591], [-98.79472885349638, 20.03412301984793], [-98.79432737034219, 20.03392026569847], [-98.79247030990588, 20.03295167877281], [-98.79006441327549, 20.03170968530344], [-98.78974436906861, 20.03154160413267], [-98.78905627806141, 20.03118326838806], [-98.78776767155045, 20.03052190644648], [-98.78534376282916, 20.02928562400415], [-98.78387436255565, 20.02852601956559], [-98.78377985653374, 20.02848152388274], [-98.7827182457895, 20.02794802861972], [-98.78261716461961, 20.02788347959914], [-98.78248511607069, 20.02783130443326], [-98.78075270804084, 20.02693907782839], [-98.77817866648373, 20.02562977346249], [-98.77607532118417, 20.02456288479675], [-98.77395634302252, 20.02348945963397], [-98.77454946618168, 20.02045594476623], [-98.77457974275627, 20.02031695205023], [-98.77384327948742, 20.01993600256847], [-98.77051543787353, 20.01821454718665], [-98.77046765443382, 20.01818983566836], [-98.77026601170526, 20.01808551542884], [-98.77005260802208, 20.01797512296218], [-98.76999966925447, 20.01794774440202], [-98.768902103212, 20.01737995612884], [-98.76715046476473, 20.01647379361003], [-98.76515956389602, 20.01544381140239], [-98.76299227799839, 20.01432255338437], [-98.76288460053182, 20.01342756249649], [-98.76282255186567, 20.01294063743136], [-98.76269125125093, 20.01195353113924], [-98.76252723653828, 20.01079182478061], [-98.76251543758049, 20.01070824877245], [-98.76246759351667, 20.01036936077945], [-98.76242984938251, 20.01030285893753], [-98.76245404280286, 20.01017558250324], [-98.76237558249453, 20.00954570803133], [-98.76217307255634, 20.00791990836212], [-98.76206855141729, 20.00706872340759], [-98.76191650449994, 20.00583057260273], [-98.76190144384232, 20.00576149015416], [-98.76187914636986, 20.00559739520282], [-98.76171507232795, 20.00447211859941], [-98.76158009613032, 20.00354639265956], [-98.76138231765557, 20.00218987789693], [-98.76137350674573, 20.00212945273116], [-98.76116991443818, 20.00018218836539], [-98.76116820603498, 20.00014810255352], [-98.76110426262849, 19.99966471487515], [-98.7607699801842, 19.99713744973422], [-98.76072686308132, 19.99681147895937], [-98.76047115465572, 19.99463622759362], [-98.76033667378337, 19.99349227851767], [-98.76017100103415, 19.99215371600257], [-98.75989948900731, 19.98995979152823], [-98.75986006403166, 19.98960594595862], [-98.75985612086339, 19.98957067020476], [-98.76321214647749, 19.98920714708657], [-98.76636956772793, 19.98886678233568], [-98.76922339977088, 19.98853454870737], [-98.77363144971201, 19.98806620849339], [-98.77512938457858, 19.98790716236239], [-98.7766256464917, 19.98773803721909], [-98.77889434286207, 19.9875188189632], [-98.78027732982993, 19.98741378148328], [-98.78171052039997, 19.98731102983197], [-98.78359034630644, 19.98716774655205], [-98.7850053686536, 19.9870672445221], [-98.7861176580729, 19.98699342104086], [-98.7867318525601, 19.98708632792599], [-98.78798734978209, 19.98687583833582], [-98.78837979484253, 19.98684531174368], [-98.78974499017673, 19.98647425861166], [-98.78995945177569, 19.98642794644044], [-98.79043192929389, 19.98723511158861], [-98.79047349575956, 19.98730616511624], [-98.81064620896903, 20.02176050086524], [-98.81070152675694, 20.0217923674613], [-98.81122165915839, 20.02209207514481], [-98.81123179544213, 20.02209675863726], [-98.81142684131294, 20.02218695717961], [-98.81150448538865, 20.0222183949897], [-98.81174147602775, 20.02231434407035], [-98.81184561264544, 20.02240234147789], [-98.81185012833882, 20.02240614512046], [-98.81383900440682, 20.02358067290254], [-98.814056371728, 20.02370386327828], [-98.81568090416735, 20.02462155858547], [-98.8160388931143, 20.02481070101923], [-98.81664324504666, 20.02518528114961], [-98.81691731139038, 20.02533946322195], [-98.81763701354772, 20.0257503007605], [-98.81773880838313, 20.0258091826228], [-98.81875955419696, 20.0263840735586], [-98.81878164627918, 20.02633804577739], [-98.82021364940277, 20.02335388946077], [-98.82022619767196, 20.02332775594765], [-98.82031172282389, 20.02312275614782], [-98.82035817096023, 20.02302693941178], [-98.82042126161075, 20.02289118302177], [-98.82102981013904, 20.02158175388356], [-98.82105170583627, 20.02153462468993], [-98.82119851312775, 20.02120004192684], [-98.8212299746152, 20.02112833984666], [-98.82145805813492, 20.02062329816549], [-98.82146372484311, 20.02061075820577], [-98.82227976244805, 20.01889525611362], [-98.82266999810678, 20.01804908808742], [-98.82330693848307, 20.01825047415997], [-98.82373189653599, 20.01838388159234], [-98.82444228293566, 20.01862734267347], [-98.82598893951238, 20.01906406856581], [-98.82639071897557, 20.01919727379699], [-98.82710414637991, 20.0193972696325], [-98.82805596141765, 20.0176149571623], [-98.82839040255145, 20.0168858717322], [-98.82928459799226, 20.01496349724766], [-98.82979918130447, 20.01394652036823], [-98.82989881841432, 20.01728862408821], [-98.83000342091613, 20.02079684634951], [-98.83003241944752, 20.02172732958926], [-98.83008591238922, 20.02434084408361], [-98.83010151582181, 20.02504953203126], [-98.8301423891346, 20.02574311542185], [-98.83016205172557, 20.02631150049164], [-98.83016210135936, 20.02631307026813], [-98.8301677451378, 20.02638516884786], [-98.83017092004052, 20.02656528661596], [-98.83026109481106, 20.0281558337966], [-98.8302708867817, 20.02832870884803], [-98.83027272941912, 20.02836396697468], [-98.83027458402977, 20.02839953366045], [-98.83030263751706, 20.02909736713531], [-98.83031029733114, 20.02928797991235], [-98.82931434984108, 20.03048397237048], [-98.82809217148306, 20.03194306956057], [-98.82801251647152, 20.03204060726768], [-98.82742293695371, 20.03273411788456], [-98.82667953875647, 20.03362625278922], [-98.82652335227856, 20.03385657597402], [-98.82541324894783, 20.03515186774166], [-98.82508802099497, 20.03557888227199], [-98.82312682852337, 20.03784521038046], [-98.82247382273052, 20.03863362609664], [-98.8224374438866, 20.0386767351295], [-98.821351645307, 20.03818508783826], [-98.82031653831739, 20.03770438828576], [-98.81857783013622, 20.03690679515113], [-98.817675817364, 20.03647100716073], [-98.81664939324776, 20.03597630984332], [-98.8158603563679, 20.0356045707224], [-98.81448178363752, 20.03487337562386], [-98.81431729884663, 20.03478553585754], [-98.81256518411183, 20.03384992341423]]], [[[-98.6867454456001, 19.90198351436971], [-98.68684458878944, 19.90176346757182], [-98.68755117919314, 19.90177896272155], [-98.68786894911604, 19.90156886944769], [-98.68830532643871, 19.9011784041556], [-98.68832459994425, 19.90115655670314], [-98.68849028735985, 19.90096895363727], [-98.68892663598649, 19.90089639228544], [-98.68955398582695, 19.90067666396231], [-98.68967900370863, 19.90048690225019], [-98.68977295538252, 19.90023267604455], [-98.68990256872657, 19.90013856222842], [-98.6901243421731, 19.89997750627848], [-98.6905005959446, 19.89968566787185], [-98.69066956400454, 19.89953744873608], [-98.69090737601046, 19.8993534488932], [-98.69081172035513, 19.89916372934489], [-98.69082764603657, 19.89903901652945], [-98.69091698586439, 19.89898469720081], [-98.69112243468803, 19.89864199915429], [-98.6911519602831, 19.89862187123267], [-98.69237980252149, 19.89901757299828], [-98.69254197530128, 19.89907046270309], [-98.6945742541813, 19.89972982680369], [-98.6957891918794, 19.90012641641899], [-98.69540330673448, 19.90057085425969], [-98.69501289929634, 19.90102965458055], [-98.69463078744457, 19.90163608205577], [-98.69427190921678, 19.90220588637251], [-98.69389865711386, 19.90274901904836], [-98.69367667980279, 19.90322201696188], [-98.69343550171052, 19.9036870976159], [-98.69321955140401, 19.90418523358283], [-98.69287284585262, 19.90532698526321], [-98.69273295176748, 19.9085480561799], [-98.69203351234344, 19.90866869298967], [-98.69187468641424, 19.90820497576306], [-98.69148273531088, 19.90736597359529], [-98.69076859000376, 19.90665234406022], [-98.68997347749736, 19.90620036767322], [-98.68904950078003, 19.90586755142745], [-98.6881359153254, 19.90565465019873], [-98.68725274654616, 19.90542732966142], [-98.68628747324624, 19.90525311010511], [-98.68537705971309, 19.90502057704626], [-98.68606356692294, 19.90349689662358], [-98.6867454456001, 19.90198351436971]]], [[[-98.80184271255203, 19.97048983496308], [-98.80330065256284, 19.96915771204523], [-98.80359423851405, 19.96936083472423], [-98.80268643691102, 19.97041885395877], [-98.80232854539528, 19.97083667046572], [-98.80184271255203, 19.97048983496308]]], [[[-98.8031842038585, 19.97029299990898], [-98.80389302046409, 19.96958930094843], [-98.80546760115463, 19.97072469973461], [-98.8031842038585, 19.97029299990898]]], [[[-98.80605571412244, 19.96880088634182], [-98.80478951931273, 19.97021149055556], [-98.80391057872247, 19.96957188070389], [-98.80516557442431, 19.96817515757889], [-98.80605571412244, 19.96880088634182]]], [[[-98.80726939401542, 19.96743757021672], [-98.80607864547326, 19.96877927200621], [-98.80518824035126, 19.96814730849956], [-98.80640106414624, 19.96679033831485], [-98.80726939401542, 19.96743757021672]]], [[[-98.80336563484302, 19.96687430672999], [-98.80441549534903, 19.96539512738686], [-98.80610698374952, 19.9665818069697], [-98.80484962219346, 19.96794974176083], [-98.80336563484302, 19.96687430672999]]], [[[-98.8044559269432, 19.96535607379489], [-98.80558898284004, 19.96396695796318], [-98.80732959382594, 19.96519474391123], [-98.80613370143952, 19.96654722445934], [-98.8044559269432, 19.96535607379489]]], [[[-98.8097039854383, 19.96460954971549], [-98.80849242292918, 19.96601011948544], [-98.80762528459933, 19.96542077027712], [-98.80887416698559, 19.96398795197487], [-98.8097039854383, 19.96460954971549]]], [[[-98.81093323228968, 19.96319687694295], [-98.80973103672684, 19.96458844777286], [-98.80889529256426, 19.96395784857229], [-98.8101355385177, 19.96257628881442], [-98.81093323228968, 19.96319687694295]]], [[[-98.80769460371974, 19.96301802906873], [-98.80893224413065, 19.96170455740565], [-98.8098587177933, 19.96241323853814], [-98.80865691752881, 19.96371408936896], [-98.80769460371974, 19.96301802906873]], [[-98.80798923234133, 19.96279815436512], [-98.80814818912533, 19.963239135266], [-98.80844541780493, 19.96303182729119], [-98.80811312961114, 19.96270382304673], [-98.80798923234133, 19.96279815436512]]], [[[-98.81211413164117, 19.96172949275007], [-98.81090820848733, 19.9631220166777], [-98.8101561136724, 19.96256181486806], [-98.81139341499829, 19.96119793910106], [-98.81211413164117, 19.96172949275007]]], [[[-98.80822423219549, 19.96112227018094], [-98.80946753361302, 19.9597139813724], [-98.81114044174954, 19.96098937607886], [-98.8098935304174, 19.96237649551173], [-98.80822423219549, 19.96112227018094]]], [[[-98.81338152892793, 19.96032838808382], [-98.8121456984638, 19.96168597119792], [-98.81141378897752, 19.96115285856249], [-98.81266205346762, 19.9597759670558], [-98.81338152892793, 19.96032838808382]]], [[[-98.80950271089446, 19.95966416208136], [-98.8105667232521, 19.95820306795085], [-98.81238187819594, 19.95957828668289], [-98.81117630949096, 19.9609534075967], [-98.80950271089446, 19.95966416208136]]], [[[-98.81268282223205, 19.95975241144476], [-98.81390938326905, 19.95838267245671], [-98.81556289228551, 19.95963905696912], [-98.81432337199715, 19.96102551267258], [-98.81268282223205, 19.95975241144476]]], [[[-98.81158141173411, 19.95893106439139], [-98.81279291078216, 19.95754096192139], [-98.8136544173296, 19.9581716422633], [-98.81240988831536, 19.95954978748933], [-98.81158141173411, 19.95893106439139]]], [[[-98.81393194119603, 19.95835845612142], [-98.81518301126954, 19.95693095774784], [-98.81683831387006, 19.95821647039604], [-98.81558712957127, 19.95961192874902], [-98.81393194119603, 19.95835845612142]]], [[[-98.81289443791253, 19.95757836736338], [-98.81421739296223, 19.95622356676625], [-98.81494115631843, 19.9567815092172], [-98.8136823776828, 19.95813993201714], [-98.81289443791253, 19.95757836736338]]], [[[-98.81729290426581, 19.9562335941034], [-98.81610233136809, 19.95758772746377], [-98.81521284339253, 19.95691179942689], [-98.81641149098601, 19.95552837475509], [-98.81729290426581, 19.9562335941034]]], [[[-98.81423736518548, 19.95620245153895], [-98.81548793899653, 19.95478203426918], [-98.8161868715168, 19.95536372170858], [-98.81495880365354, 19.95675771554523], [-98.81423736518548, 19.95620245153895]]], [[[-98.81842119359409, 19.95404112142777], [-98.81680598077256, 19.95581377854307], [-98.81642741143793, 19.95551644095296], [-98.81805382372981, 19.95376104256291], [-98.81842119359409, 19.95404112142777]]], [[[-98.81604185246374, 19.95521545575571], [-98.81755479666923, 19.95336242941654], [-98.8178163207942, 19.95356804966546], [-98.81620802918803, 19.95533988375409], [-98.81604185246374, 19.95521545575571]]], [[[-98.80362104044337, 19.96932069599497], [-98.80284800869302, 19.96879204859145], [-98.80284800869302, 19.96879204859145], [-98.80402846671714, 19.9673842075034], [-98.80402846671714, 19.9673842075034], [-98.80482763560329, 19.96797969059712], [-98.80362104044337, 19.96932069599497]]], [[[-98.78034645415353, 19.99555349296692], [-98.77897139641742, 19.99552076465945], [-98.78102395286699, 19.99322244998345], [-98.78294326430424, 19.99325383675917], [-98.78294003466907, 19.995624614775], [-98.78034645415353, 19.99555349296692]]], [[[-98.77820233112153, 19.99578983717171], [-98.777717843152, 19.99249636525197], [-98.78104133509832, 19.99231514802313], [-98.781083366412, 19.99258300028503], [-98.77820233112153, 19.99578983717171]]], [[[-98.7781564989866, 19.99583706746719], [-98.77545439165797, 19.9988533987296], [-98.77527593096136, 19.99759395181883], [-98.77531294592055, 19.99755325255025], [-98.77523985974452, 19.99701678122187], [-98.77508630836917, 19.99514443493629], [-98.77802051868531, 19.99480557939652], [-98.7781564989866, 19.99583706746719]]], [[[-98.77545439165797, 19.9988533987296], [-98.77291575895768, 20.00168511512554], [-98.77278255632918, 20.00068825928868], [-98.77294398485628, 20.00068688757959], [-98.77294767454387, 20.00057743708326], [-98.77276757455924, 20.00057899190537], [-98.7724908743133, 19.9980167909286], [-98.774602187281, 19.99771889529081], [-98.77527593096136, 19.99759395181883], [-98.77545439165797, 19.9988533987296]]], [[[-98.76982505843978, 20.00058100702737], [-98.76980984684695, 20.00049154739304], [-98.76978097477209, 20.00023466063268], [-98.77133494900697, 19.99810049705439], [-98.77243325824725, 19.99802702661832], [-98.77271661821332, 20.00062534107643], [-98.76982505843978, 20.00058100702737]]], [[[-98.77039131704059, 20.00449893830072], [-98.77016844726738, 20.00296703003422], [-98.76982505843978, 20.00058100702737], [-98.77271661821332, 20.00062534107643], [-98.77285294184573, 20.00175338268032], [-98.77039131704059, 20.00449893830072]]], [[[-98.80610698374952, 19.9665818069697], [-98.80609622464635, 19.96657425892834], [-98.80612566120266, 19.96654151630344], [-98.80613370143952, 19.96654722445934], [-98.80610698374952, 19.9665818069697]]], [[[-98.80359423851405, 19.96936083472423], [-98.80355363566156, 19.96933274298478], [-98.80358595450284, 19.96929670217722], [-98.80362104044337, 19.96932069599497], [-98.80359423851405, 19.96936083472423]]], [[[-98.8178163207942, 19.95356804966546], [-98.8177996337334, 19.95355495143134], [-98.81782361221182, 19.95352827385892], [-98.81783986500486, 19.95354093834982], [-98.8178163207942, 19.95356804966546]]], [[[-98.81494115631843, 19.9567815092172], [-98.81491651487418, 19.95676251347022], [-98.81493635687238, 19.95674043922044], [-98.81495880365354, 19.95675771554523], [-98.81494115631843, 19.9567815092172]]], [[[-98.8161868715168, 19.95536372170858], [-98.81617941633897, 19.95535751714952], [-98.8162004005449, 19.95533417162444], [-98.81620802918803, 19.95533988375409], [-98.8161868715168, 19.95536372170858]]], [[[-98.8136544173296, 19.9581716422633], [-98.81365167349131, 19.95816963360451], [-98.81367993626482, 19.95813819200005], [-98.8136823776828, 19.95813993201714], [-98.8136544173296, 19.9581716422633]]], [[[-98.8098935304174, 19.96237649551173], [-98.8098587177933, 19.96241323853814], [-98.8098458293168, 19.9624033799234], [-98.80987948444371, 19.96236594221586], [-98.8098935304174, 19.96237649551173]]], [[[-98.81114044174954, 19.96098937607886], [-98.811126503851, 19.96097875019157], [-98.81116034234459, 19.9609411075842], [-98.81117630949096, 19.9609534075967], [-98.81114044174954, 19.96098937607886]]], [[[-98.8048176926981, 19.96792660296228], [-98.80484962219346, 19.96794974176083], [-98.80482763560329, 19.96797969059712], [-98.80479309984977, 19.96795395720929], [-98.8048176926981, 19.96792660296228]]], [[[-98.80887416698559, 19.96398795197487], [-98.80889529256426, 19.96395784857229], [-98.80892797557091, 19.96398250925014], [-98.80890339807564, 19.96400984846801], [-98.80887416698559, 19.96398795197487]]], [[[-98.8031842038585, 19.97029299990898], [-98.80329967663542, 19.97031516557415], [-98.80325531722347, 19.9703711404835], [-98.80314163681938, 19.97035095879465], [-98.8031842038585, 19.97029299990898]]], [[[-98.80389302046409, 19.96958930094843], [-98.80391057872247, 19.96957188070389], [-98.80392499229646, 19.9695823696151], [-98.8039086602904, 19.96960057866441], [-98.80389302046409, 19.96958930094843]]], [[[-98.81641149098601, 19.95552837475509], [-98.81642741143793, 19.95551644095296], [-98.81649239164831, 19.95556747812244], [-98.8164789934867, 19.95558238398869], [-98.81641149098601, 19.95552837475509]]], [[[-98.81805382372981, 19.95376104256291], [-98.81807826261496, 19.95373588548435], [-98.81811334896653, 19.95376408484945], [-98.81809065352111, 19.95378933501807], [-98.81805382372981, 19.95376104256291]]], [[[-98.81266205346762, 19.9597759670558], [-98.81268282223205, 19.95975241144476], [-98.81271097931881, 19.9597742623012], [-98.81269009340137, 19.95979749682601], [-98.81266205346762, 19.9597759670558]]], [[[-98.81390938326905, 19.95838267245671], [-98.81393194119603, 19.95835845612142], [-98.81396271031556, 19.95838175786847], [-98.81394058018316, 19.95840637711087], [-98.81390938326905, 19.95838267245671]]], [[[-98.81518301126954, 19.95693095774784], [-98.81521284339253, 19.95691179942689], [-98.81525514055971, 19.95694394167881], [-98.81523236130919, 19.95696928368638], [-98.81518301126954, 19.95693095774784]]], [[[-98.8101355385177, 19.96257628881442], [-98.8101561136724, 19.96256181486806], [-98.81018547765481, 19.96258368691943], [-98.81016883881686, 19.96260219588021], [-98.8101355385177, 19.96257628881442]]], [[[-98.81139341499829, 19.96119793910106], [-98.81141378897752, 19.96115285856249], [-98.81144879768513, 19.96117835856472], [-98.81141613349344, 19.96121469493364], [-98.81139341499829, 19.96119793910106]]], [[[-98.80516557442431, 19.96817515757889], [-98.80518824035126, 19.96814730849956], [-98.80520464801793, 19.96815895389848], [-98.80518059022128, 19.96818571309694], [-98.80516557442431, 19.96817515757889]]], [[[-98.767887317932, 20.007290232325], [-98.7673842895179, 20.0036075573423], [-98.7701684472674, 20.00296703003421], [-98.7703913170406, 20.0044989383007], [-98.767887317932, 20.007290232325]]], [[[-98.7677373761088, 20.00633891053639], [-98.76521426529459, 20.00661504336101], [-98.7671998313581, 20.00384797531409], [-98.7673606259775, 20.0038134170347], [-98.7677373761088, 20.00633891053639]]], [[[-98.80637698037513, 19.96447958320404], [-98.80766022698987, 19.96305984945053], [-98.80861431597154, 19.96375536515856], [-98.80735003826278, 19.96516100846058], [-98.80637698037513, 19.96447958320404]]], [[[-98.79942865979378, 19.97899225787543], [-98.79634240003907, 19.97778050306312], [-98.7995021729271, 19.97882364935765], [-98.79942865979378, 19.97899225787543]]], [[[-98.79027561037114, 19.99173837585952], [-98.78933882808026, 19.99180324051997], [-98.78931779558695, 19.99144208888897], [-98.78931851491468, 19.99144175250659], [-98.78929730270626, 19.99111437230282], [-98.78928833281371, 19.99097593441637], [-98.78918818512454, 19.98930438920626], [-98.78918801123011, 19.98930148674038], [-98.7892069677144, 19.98927090486012], [-98.7892511294581, 19.98919966009919], [-98.791200228662, 19.98897797149665], [-98.79120023548383, 19.98897797869589], [-98.79169475981459, 19.98983091559274], [-98.79169551516618, 19.98983221836988], [-98.79191388418295, 19.99020885025228], [-98.79191388997401, 19.99020886749748], [-98.7926958298405, 19.99155749242072], [-98.79270322646656, 19.99157025961354], [-98.79132086574977, 19.99166599439717], [-98.79027561037114, 19.99173837585952]]], [[[-98.78806042347982, 19.99106331445884], [-98.78806301793074, 19.99105926074814], [-98.78897643576924, 19.98963207170948], [-98.78918801123011, 19.98930148674038], [-98.78918818512454, 19.98930438920626], [-98.78928833281371, 19.99097593441637], [-98.78929730270626, 19.99111437230282], [-98.78931851491468, 19.99144175250659], [-98.78931779558695, 19.99144208888897], [-98.78933882808026, 19.99180324051997], [-98.7884350187295, 19.9918325504244], [-98.78750513181006, 19.99189357424488], [-98.78764070806345, 19.99168115857378], [-98.78806042347982, 19.99106331445884]]], [[[-98.78649085552055, 19.98996084333354], [-98.78653006564416, 19.98951642157246], [-98.78789390818974, 19.9893442889052], [-98.7889480201311, 19.9892321971679], [-98.78918197354358, 19.98920731825029], [-98.78896916062855, 19.98952969363143], [-98.7875190736461, 19.99172628643927], [-98.78740739937881, 19.99189999056701], [-98.78693369861841, 19.99193107724628], [-98.78631176126646, 19.99199072861048], [-98.78646215635408, 19.99028612840184], [-98.78649085552055, 19.98996084333354]]], [[[-98.78876817884695, 19.99357831651265], [-98.78877075961739, 19.99389937820163], [-98.78877701705825, 19.99467783537425], [-98.78602770920747, 19.99477397119513], [-98.78606807279382, 19.99410825025817], [-98.78749615031285, 19.99198244830448], [-98.78875455351988, 19.99188324454379], [-98.78876817884695, 19.99357831651265]]], [[[-98.7861686162135, 19.99316004180845], [-98.78617023002646, 19.99314145075935], [-98.7862648772236, 19.99205111133404], [-98.78725568735683, 19.99201183295979], [-98.78735338843417, 19.99212468856644], [-98.78610956686953, 19.99384028424864], [-98.7861686162135, 19.99316004180845]]], [[[-98.7839639670869, 19.99563390414792], [-98.78359578222039, 19.99563056456317], [-98.78294003466907, 19.99562461477501], [-98.78295142168074, 19.99356000858349], [-98.78295237807096, 19.99323873894656], [-98.78397829117154, 19.99325944801466], [-98.78603665920286, 19.99332069827906], [-98.78593251707052, 19.9942459482983], [-98.7850089155768, 19.99564337808498], [-98.7839639670869, 19.99563390414792]]], [[[-98.7847379541847, 19.9932431390637], [-98.78405165934619, 19.99323796693416], [-98.78261132261623, 19.99321020802362], [-98.7810656349995, 19.99317743461998], [-98.78257182699953, 19.99149922461997], [-98.78621113599952, 19.99149491961999], [-98.78611794694406, 19.99218380785745], [-98.78607661107978, 19.99264525053566], [-98.78604217499954, 19.99326645561995], [-98.78502671272945, 19.9932483022493], [-98.7847379541847, 19.9932431390637]]], [[[-98.774602187281, 19.99771889529081], [-98.7724908743133, 19.99801679092862], [-98.77225544217995, 19.99682822091692], [-98.77328241883438, 19.99547100238176], [-98.77507512836549, 19.99508941039318], [-98.77523985974452, 19.99701678122187], [-98.77531294592055, 19.99755325255025], [-98.77527593096137, 19.99759395181882], [-98.774602187281, 19.99771889529081]]], [[[-98.79663467440321, 19.98567083433612], [-98.79910845034901, 19.97973214590404], [-98.80192561334859, 19.98126399968734], [-98.79986075943769, 19.98529876352851], [-98.79663467440321, 19.98567083433612]]], [[[-98.7695524946231, 20.00056124764809], [-98.76980984684695, 20.00049154739304], [-98.77016844726738, 20.00296703003421], [-98.76738428951795, 20.00360755734235], [-98.7695524946231, 20.00056124764809]]], [[[-98.76524119450606, 20.00909554124684], [-98.76518724077535, 20.00876466770421], [-98.76510731641163, 20.00827452564728], [-98.76490850880863, 20.00705531037971], [-98.76490850305635, 20.00705527479124], [-98.76521426529459, 20.00661504336102], [-98.76692525289198, 20.0064277943718], [-98.76754679615476, 20.00635976994296], [-98.76773737599999, 20.00633891100006], [-98.76783747299999, 20.00734773000004], [-98.76534048699995, 20.01007868600005], [-98.76524119450606, 20.00909554124684]]], [[[-98.76326350972404, 20.00935551467976], [-98.76326348197277, 20.00935555348367], [-98.76524119450606, 20.00909554124684], [-98.76534048699995, 20.01007868600005], [-98.76282255199997, 20.01294063800002], [-98.76252723640975, 20.01079182527904], [-98.76323529999996, 20.01103777400004], [-98.76316812599998, 20.01129572500002], [-98.763413852, 20.01135276400003], [-98.76351849499994, 20.01095911300007], [-98.76327378399999, 20.01090461800004], [-98.76325071099996, 20.01096971300005], [-98.76251543699999, 20.01070824900004], [-98.76246759299995, 20.01036936100008], [-98.76326344300037, 20.00935552345043], [-98.76326350972404, 20.00935551467976]]], [[[-98.76014063840842, 20.01588775567743], [-98.76006175730588, 20.01584241603419], [-98.76006139846538, 20.01584367486142], [-98.7600404109995, 20.01583199962061], [-98.75996627299948, 20.01578214862062], [-98.75987495299945, 20.01571260662056], [-98.75929344921809, 20.01537839444642], [-98.75896287613057, 20.01519650198176], [-98.75877286655964, 20.01509195932399], [-98.75858880808856, 20.01499068601192], [-98.75807667499951, 20.01470889662063], [-98.75951336799946, 20.01235879062057], [-98.76003040877565, 20.01264517357939], [-98.7604082189664, 20.01285443799086], [-98.76054370799947, 20.01292948162058], [-98.7606265229995, 20.01310034662054], [-98.76069722199946, 20.01314510962049], [-98.76076586999947, 20.01316692362055], [-98.76148597599948, 20.01357419162055], [-98.7614043549995, 20.01368495462052], [-98.7615674279995, 20.01377922262051], [-98.76165001399947, 20.01366699362057], [-98.76200171099953, 20.01386592262054], [-98.76019092099946, 20.01591572762059], [-98.76014063840842, 20.01588775567743]]], [[[-98.76490850880863, 20.00705531037971], [-98.76510731641163, 20.00827452564728], [-98.76518724077535, 20.00876466770421], [-98.76524119450606, 20.00909554124684], [-98.76326350972404, 20.00935551467976], [-98.76490850880863, 20.00705531037971]]], [[[-98.78624624972299, 19.992595599983], [-98.7862922712497, 19.9921325634206], [-98.7863012413846, 19.9921299084229], [-98.7863049327268, 19.9921288104015], [-98.7863086144974, 19.9921277214053], [-98.78631230583939, 19.9921266233838], [-98.78631598761001, 19.9921255343874], [-98.7863196789519, 19.9921244363657], [-98.7863233607224, 19.9921233473691], [-98.7863267077986, 19.9921223483355], [-98.7863300548626, 19.9921213583385], [-98.7863333923795, 19.9921203592933], [-98.7863367394556, 19.9921193602595], [-98.78634008651942, 19.9921183702623], [-98.78634342403622, 19.9921173712168], [-98.7863467711121, 19.9921163721828], [-98.78635011818808, 19.9921153731488], [-98.78635345570468, 19.9921143741032], [-98.7863570992257, 19.9921132940964], [-98.7863607331996, 19.9921122050414], [-98.7863643767327, 19.9921111159979], [-98.7863680107065, 19.9921100269428], [-98.7863716446803, 19.9921089378876], [-98.78637527865399, 19.9921078488323], [-98.7863789221869, 19.9921067597885], [-98.78638255616049, 19.9921056707331], [-98.7863861901341, 19.9921045816776], [-98.7863895658993, 19.9921035736407], [-98.7863929321175, 19.9921025565556], [-98.78639629833562, 19.9921015394704], [-98.78639967410069, 19.9921005314334], [-98.7864030403187, 19.9920995143481], [-98.7864064160959, 19.9920984972743], [-98.78640978230169, 19.9920974892255], [-98.7864131485196, 19.99209647214], [-98.7864165242967, 19.992095455066], [-98.7865653089208, 19.9920492672193], [-98.78732476732691, 19.9920298203879], [-98.78714259391671, 19.9923169039031], [-98.7868565127603, 19.9924106587825], [-98.78655462034739, 19.9925043580131], [-98.7865511680521, 19.9925054021075], [-98.78654772532809, 19.9925064371766], [-98.7865442730326, 19.9925074812708], [-98.7865408207493, 19.9925085163284], [-98.7865373780252, 19.9925095513973], [-98.7865339257296, 19.9925105954913], [-98.7865304830054, 19.9925116305602], [-98.78652703072198, 19.9925126656174], [-98.7865235784384, 19.9925137006746], [-98.78651987750519, 19.9925148167621], [-98.78651616702491, 19.9925159238014], [-98.7865124565323, 19.9925170398772], [-98.7865087460519, 19.9925181469164], [-98.7865050355592, 19.992519262992], [-98.78650132507859, 19.992520370031], [-98.786497614598, 19.9925214770699], [-98.7864939041174, 19.9925225841087], [-98.78649019363668, 19.9925236911474], [-98.7864867891732, 19.9925247081882], [-98.7864833847097, 19.9925257252289], [-98.7864799802462, 19.9925267422695], [-98.78647656622331, 19.9925277592986], [-98.7864731617719, 19.9925287673024], [-98.7864697573082, 19.9925297843429], [-98.7864663528444, 19.9925308013832], [-98.78646294839288, 19.9925318093869], [-98.7864595343698, 19.9925328264156], [-98.7864557952109, 19.9925339334191], [-98.7864520560398, 19.9925350494591], [-98.78644831688088, 19.9925361564624], [-98.7864445681504, 19.9925372724907], [-98.78644082899129, 19.9925383794939], [-98.786437080273, 19.9925394864854], [-98.78643334110161, 19.9925406025251], [-98.7864296019424, 19.992541709528], [-98.7864258532238, 19.9925428165193], [-98.7864225252822, 19.9925437975044], [-98.786419187769, 19.9925447875146], [-98.7864158598273, 19.9925457684996], [-98.7864125223141, 19.9925467585096], [-98.7864091943722, 19.9925477394945], [-98.7864058568589, 19.9925487295044], [-98.78640252891701, 19.9925497104891], [-98.78639919141578, 19.9925506914623], [-98.78639586346162, 19.9925516814835], [-98.7863920573751, 19.9925527974416], [-98.7863882512762, 19.9925539224363], [-98.7863844451774, 19.9925550474309], [-98.7863806390906, 19.9925561633887], [-98.7863768425509, 19.9925572883947], [-98.786373036464, 19.9925584043524], [-98.78636923036488, 19.9925595293466], [-98.786365424278, 19.9925606453042], [-98.786361618191, 19.9925617612616], [-98.7863584528165, 19.9925626972582], [-98.7863552874419, 19.9925636332547], [-98.7863521125203, 19.9925645602031], [-98.7863489471457, 19.9925654961995], [-98.7863457722239, 19.9925664231477], [-98.78634260686141, 19.9925673501073], [-98.7863394414867, 19.9925682861036], [-98.7863362665649, 19.9925692130516], [-98.7863331011901, 19.9925701490477], [-98.7863291420939, 19.9925713100033], [-98.7863251925569, 19.9925724709703], [-98.7863212334606, 19.9925736319257], [-98.78631727436418, 19.992574792881], [-98.7863133248271, 19.9925759538477], [-98.7863093657428, 19.9925771057662], [-98.7863054162055, 19.9925782667328], [-98.7863014571089, 19.9925794276877], [-98.78629749801232, 19.9925805886426], [-98.7862951263828, 19.9925812816054], [-98.7862903831117, 19.9925826765676], [-98.7862856398527, 19.992584062493], [-98.7862808965814, 19.992585457455], [-98.786276143763, 19.9925868433686], [-98.7862714100629, 19.9925882293052], [-98.7862666763628, 19.9925896152416], [-98.7862619330912, 19.9925910102031], [-98.78625719939092, 19.9925923961392], [-98.78625245613128, 19.9925937820638], [-98.78624624972299, 19.992595599983]]], [[[-98.7625475462494, 20.0109356824219], [-98.7625272360352, 20.0107918283904], [-98.76266825408692, 20.0108408060832], [-98.7625475462494, 20.0109356824219]]], [[[-98.80014777472492, 19.9798049180891], [-98.7997277317079, 19.9794758078438], [-98.7998446833121, 19.9784204842261], [-98.8002644434178, 19.9787521241628], [-98.80014777472492, 19.9798049180891]]], [[[-98.800031428169, 19.9808056519357], [-98.7996142454159, 19.9804879850843], [-98.7996154819281, 19.9804776846825], [-98.79961678622931, 19.980466688534], [-98.7996180905303, 19.9804556923855], [-98.79961939484248, 19.9804446872002], [-98.7996206895846, 19.9804336910409], [-98.799621984338, 19.9804226858448], [-98.79962326953259, 19.9804116806379], [-98.79962455471572, 19.9804006844676], [-98.79962583035142, 19.9803896792499], [-98.7996274345058, 19.9803758820736], [-98.7996290290899, 19.980362093923], [-98.79963061412671, 19.980348296725], [-98.79963219916309, 19.980334499527], [-98.79963377462941, 19.9803207113547], [-98.79963535966532, 19.9803069141566], [-98.79963692558391, 19.9802931169368], [-98.7996384915022, 19.980279319717], [-98.79964005742022, 19.9802655224972], [-98.7996409855099, 19.980257236923], [-98.79964192315789, 19.9802489513596], [-98.7996428608058, 19.9802406657961], [-98.79964378889511, 19.9802323802219], [-98.7996447169843, 19.9802240946476], [-98.7996456546319, 19.9802158090842], [-98.7996465731625, 19.9802075234991], [-98.7996475012514, 19.9801992379248], [-98.7996484293402, 19.9801909523505], [-98.79965028558598, 19.9801743269819], [-98.799652132273, 19.9801577016025], [-98.79965398851802, 19.9801410762338], [-98.79965583520412, 19.9801244508542], [-98.7996576818898, 19.9801078254747], [-98.7996595285752, 19.980091200095], [-98.79966137526011, 19.9800745747153], [-98.7996632219446, 19.9800579493356], [-98.7996650686287, 19.9800413239558], [-98.7997277317079, 19.9794758078438], [-98.80014777472492, 19.9798049180891], [-98.8001166228159, 19.9800860407874], [-98.800114776133, 19.9801027023188], [-98.80011292944958, 19.9801193638502], [-98.80011108276591, 19.9801360253816], [-98.80010922653459, 19.9801526778654], [-98.80010737985, 19.9801693393966], [-98.8001055236066, 19.980186000917], [-98.8001036673741, 19.9802026534007], [-98.8001018111298, 19.980219314921], [-98.8000999548851, 19.9802359764412], [-98.8000990171813, 19.9802443252639], [-98.80009808903598, 19.9802526740973], [-98.8000971513206, 19.9802610319565], [-98.80009621361648, 19.9802693807791], [-98.8000952759123, 19.9802777296017], [-98.80009433819659, 19.9802860874609], [-98.8000934004922, 19.9802944362834], [-98.80009245322918, 19.9803027850952], [-98.8000915155245, 19.9803111339177], [-98.8000899399158, 19.9803250666808], [-98.80008835475968, 19.9803389903965], [-98.80008676959191, 19.9803529231488], [-98.80008517487671, 19.9803668468535], [-98.8000835801498, 19.980380779595], [-98.800081985434, 19.9803947032997], [-98.8000803811595, 19.9804086269936], [-98.8000787673261, 19.9804225506767], [-98.8000771534924, 19.9804364743597], [-98.8000758585654, 19.9804476422191], [-98.8000745540796, 19.9804588100677], [-98.80007324959368, 19.9804699779163], [-98.800071935549, 19.9804811457541], [-98.8000706215042, 19.9804923135918], [-98.80006929790062, 19.9805034814188], [-98.8000679743083, 19.980514640209], [-98.8000666507044, 19.9805258080359], [-98.80006530799461, 19.9805369668046], [-98.80006370435528, 19.9805503844455], [-98.80006208161, 19.9805637930282], [-98.8000604588644, 19.9805772016109], [-98.80005882656, 19.9805906101828], [-98.8000571846969, 19.9806040187438], [-98.8000555428334, 19.9806174273048], [-98.80005388185259, 19.9806308358442], [-98.80005222088289, 19.9806442353469], [-98.800050550343, 19.9806576438755], [-98.8000490730592, 19.9806693989121], [-98.8000475957752, 19.9806811539486], [-98.8000461089324, 19.9806929089744], [-98.80004461253091, 19.9807046639893], [-98.80004310657068, 19.9807164189934], [-98.8000416006102, 19.9807281739975], [-98.8000400755324, 19.9807399289801], [-98.8000385504657, 19.9807516749259], [-98.8000370158289, 19.9807634298976], [-98.8000352786388, 19.9807766305073], [-98.8000335414484, 19.9807898311171], [-98.8000317851292, 19.9808030407419], [-98.800031428169, 19.9808056519357]]], [[[-98.76273677732459, 20.010786949271], [-98.7625154397191, 20.0107082419359], [-98.7624802871917, 20.0104592540579], [-98.76326884191741, 20.0098390059655], [-98.7635614067646, 20.0096079056251], [-98.7639887339299, 20.0092601860694], [-98.7647525462652, 20.0091597750045], [-98.76471452738271, 20.0091904490221], [-98.7641314244588, 20.0096810217273], [-98.7638381906332, 20.0099188272929], [-98.7635507827557, 20.0101471516858], [-98.76273677732459, 20.010786949271]]], [[[-98.7875051318101, 19.9918935742449], [-98.78764070806342, 19.9916811585738], [-98.7878734403, 19.9915925165795], [-98.7881592980136, 19.9914784453789], [-98.78844314424839, 19.991359943354], [-98.78872488334518, 19.9912370465465], [-98.789004515273, 19.991109764003], [-98.7890107899746, 19.9911068435962], [-98.7890139655859, 19.9911053653649], [-98.7890171411972, 19.9911038871335], [-98.7890203072493, 19.9911024088908], [-98.7890234828605, 19.9911009306593], [-98.7890266584716, 19.9910994524278], [-98.7890298245235, 19.9910979741848], [-98.7890330001345, 19.9910964959532], [-98.7890364148806, 19.9910949005296], [-98.78903983918579, 19.9910933051174], [-98.78904325394382, 19.991091700657], [-98.7890466782488, 19.9910901052446], [-98.7890500929946, 19.9910885098208], [-98.7890535173116, 19.9910869053716], [-98.7890569320573, 19.9910853099477], [-98.78906035637411, 19.9910837054984], [-98.7890637711317, 19.9910821010376], [-98.7890669180526, 19.9910806318079], [-98.7890700554142, 19.9910791625667], [-98.7890731927879, 19.9910776842889], [-98.7890763397086, 19.991076215059], [-98.7890794770822, 19.991074736781], [-98.78908261444359, 19.9910732675396], [-98.7890857613762, 19.9910717892729], [-98.78908889873749, 19.9910703200314], [-98.7890920361108, 19.9910688417532], [-98.7890954986996, 19.9910672102388], [-98.7890989612763, 19.991065587761], [-98.7891024143058, 19.9910639562351], [-98.7891058768823, 19.9910623337571], [-98.78910932991168, 19.991060702231], [-98.789112792488, 19.9910590797529], [-98.78911624551719, 19.9910574482267], [-98.78911970810549, 19.9910558167118], [-98.7891231611346, 19.9910541851855], [-98.7891262506754, 19.9910527339598], [-98.7891293306571, 19.9910512827226], [-98.7891324106387, 19.9910498314854], [-98.7891354906323, 19.9910483712115], [-98.7891385801729, 19.9910469199855], [-98.78914166015429, 19.9910454687481], [-98.7891447401477, 19.991044008474], [-98.7891478201291, 19.9910425572365], [-98.78915090012241, 19.9910410969623], [-98.7891544296721, 19.9910394293798], [-98.78915795922168, 19.9910377617972], [-98.7891614887712, 19.9910360942145], [-98.7891650087615, 19.9910344266204], [-98.78916853831092, 19.9910327590376], [-98.7891720678603, 19.9910310914547], [-98.78917558785041, 19.9910294238603], [-98.7891791173995, 19.9910277562773], [-98.7891826469486, 19.9910260886942], [-98.78918558347, 19.9910246915053], [-98.78918852953828, 19.9910233033644], [-98.7891914660595, 19.9910219061755], [-98.78919440256868, 19.9910205180231], [-98.78919734864891, 19.9910191208454], [-98.78920028517, 19.9910177236563], [-98.7892032312381, 19.9910163355152], [-98.7892061677591, 19.991014938326], [-98.78920910426791, 19.9910135501733], [-98.7892127868709, 19.9910118014418], [-98.78921646947379, 19.9910100527101], [-98.7892201520646, 19.991008313015], [-98.78922383466741, 19.9910065642832], [-98.78922750771089, 19.9910048155399], [-98.7892311903015, 19.9910030758446], [-98.789234872904, 19.9910013271125], [-98.78923855550639, 19.9909995783804], [-98.7892444381062, 19.9909967840121], [-98.7892466476747, 19.9909957293507], [-98.7892488572312, 19.990994683726], [-98.7892510667877, 19.9909936381012], [-98.7892532763561, 19.9909925834397], [-98.7892554859125, 19.9909915378149], [-98.7892576954689, 19.99099049219], [-98.7892599050373, 19.9909894375285], [-98.7892621145936, 19.9909883919035], [-98.78926654327742, 19.9909862916283], [-98.7892709624139, 19.990984182305], [-98.7892753910974, 19.9909820820296], [-98.78927981978072, 19.990979981754], [-98.78928424846399, 19.9909778814783], [-98.78928833281368, 19.9909759344164], [-98.789317795587, 19.991442088889], [-98.7893152512614, 19.991443278703], [-98.7893117408347, 19.9914449372747], [-98.7893082304199, 19.9914465868097], [-98.7893047199931, 19.9914482453812], [-98.7893012095781, 19.9914498949161], [-98.7892976991631, 19.9914515444509], [-98.7892941887481, 19.9914531939855], [-98.7892909844187, 19.9914546992976], [-98.7892877896485, 19.9914562046209], [-98.7892845948902, 19.9914577009075], [-98.7892813905606, 19.9914592062194], [-98.7892781958022, 19.9914607025059], [-98.7892750010317, 19.991462207829], [-98.789271796714, 19.991463704104], [-98.7892686019434, 19.991465209427], [-98.7892653976256, 19.9914667057019], [-98.78926191591141, 19.9914683371968], [-98.789258424638, 19.9914699686802], [-98.7892549333645, 19.9914716001636], [-98.7892514516501, 19.9914732316583], [-98.7892479603765, 19.9914748631415], [-98.78924446910281, 19.9914764946246], [-98.78924098738818, 19.9914781261191], [-98.7892374961144, 19.9914797576021], [-98.7892340048525, 19.9914813800484], [-98.78923076227332, 19.9914828943505], [-98.789227519694, 19.9914844086525], [-98.7892242675555, 19.9914859229432], [-98.7892210249761, 19.9914874372451], [-98.7892177823966, 19.9914889515469], [-98.78921453026999, 19.9914904568007], [-98.7892112876904, 19.9914919711025], [-98.7892080355516, 19.9914934853928], [-98.7892047929839, 19.9914949906578], [-98.78891850328328, 19.9916253109314], [-98.7886299822331, 19.9917511549352], [-98.7884350187295, 19.9918325504244], [-98.7875051318101, 19.9918935742449]]], [[[-98.78693369861841, 19.9919310772463], [-98.78700449667228, 19.9919078748801], [-98.787295958319, 19.9918072583514], [-98.7875190736461, 19.9917262864393], [-98.78740739937878, 19.991899990567], [-98.78693369861841, 19.9919310772463]]], [[[-98.7651872343617, 20.008764674241], [-98.7651073117381, 20.0082745303927], [-98.7669182145121, 20.0064357554149], [-98.766925252892, 20.0064277943718], [-98.76754679615469, 20.006359769943], [-98.7651872343617, 20.008764674241]]], [[[-98.7727490581772, 20.0004565449138], [-98.77270382399419, 20.0005081402965], [-98.7726418138804, 19.9999395300013], [-98.77266226675941, 19.9999162778715], [-98.77269232353359, 19.9998822031341], [-98.7727537692286, 20.0004512012681], [-98.7727490581772, 20.0004565449138]]], [[[-98.8129031553583, 19.9595601178346], [-98.8127115579167, 19.9597730281051], [-98.8126850511653, 19.9597524597357], [-98.8139116145446, 19.9583827117099], [-98.8139419412146, 19.9584057509199], [-98.81370571432849, 19.958667540189], [-98.81339580826618, 19.9590120278063], [-98.8131483710708, 19.9592882180439], [-98.8129031553583, 19.9595601178346]]], [[[-98.813656646748, 19.9581716814451], [-98.8124121147939, 19.959549821911], [-98.8123999686717, 19.959540745273], [-98.8124172135206, 19.9595215876358], [-98.8126644320501, 19.9592458048564], [-98.8129335813724, 19.9589475705741], [-98.81316500904389, 19.9586884792728], [-98.8134082016448, 19.9584206073203], [-98.8136404612295, 19.9581598263857], [-98.813656646748, 19.9581716814451]]], [[[-98.7677313859365, 20.0061486453804], [-98.7677122339581, 20.0061703533544], [-98.76763127290678, 20.0056276520705], [-98.7676564372304, 20.0056000149251], [-98.7677313859365, 20.0061486453804]]], [[[-98.7729942811228, 20.000178576081], [-98.7727537692286, 20.0004512012681], [-98.77269232353359, 19.9998822031341], [-98.7729072497325, 19.9996385076346], [-98.7731519354441, 19.9993607728091], [-98.7733964668376, 19.9990833898613], [-98.7736427095624, 19.9988052948518], [-98.77388652255011, 19.9985277114725], [-98.77413131902081, 19.9982503368378], [-98.774374977599, 19.9979725718253], [-98.7746174675011, 19.9976958984088], [-98.7746894618478, 19.9976143258589], [-98.7753549602834, 19.9974924892387], [-98.77533125005769, 19.9975145085798], [-98.7753021218882, 19.997541626749], [-98.7751795806049, 19.9976677854645], [-98.77495095094669, 19.9979527005992], [-98.77470667714068, 19.9982335923071], [-98.7744610302485, 19.9985114184952], [-98.7742167494132, 19.9987893183603], [-98.77397230625009, 19.9990664856984], [-98.773727727775, 19.9993440862691], [-98.7734819619837, 19.9996224259728], [-98.7732392260272, 19.9999005703906], [-98.7729942811228, 20.000178576081]]], [[[-98.8089033651881, 19.9640081793216], [-98.8076315858262, 19.9654235769139], [-98.8076275080786, 19.9654208072684], [-98.8088763990254, 19.9639879804012], [-98.8089033651881, 19.9640081793216]]], [[[-98.77023798162551, 20.0033064604487], [-98.7702206879944, 20.0033260746184], [-98.770168448132, 20.0029670358106], [-98.7701411717022, 20.0027775294205], [-98.7702156317618, 20.0026930612143], [-98.7707039301563, 20.0021384741586], [-98.77094889117969, 20.0018608151681], [-98.7711938123459, 20.0015836798961], [-98.77143875431618, 20.0013047821533], [-98.7715607636063, 20.001167067587], [-98.77192839309092, 20.0007494703621], [-98.7720465441743, 20.0006150759608], [-98.7726020192166, 20.0006235882269], [-98.77250498283381, 20.0007336112012], [-98.77226036075481, 20.0010113541813], [-98.7720155857187, 20.0012885001933], [-98.7717705981677, 20.0015665763507], [-98.77152581090118, 20.0018443813126], [-98.7712814145955, 20.0021222767913], [-98.7710364160763, 20.0023995385747], [-98.7707917026815, 20.0026773606432], [-98.77054730374428, 20.0029552912045], [-98.77023798162551, 20.0033064604487]]], [[[-98.808616552022, 19.9637554033355], [-98.8073522676165, 19.9651610474256], [-98.8073492404371, 19.9651589205188], [-98.8086129233502, 19.9637527607102], [-98.808616552022, 19.9637554033355]]], [[[-98.77481414741791, 19.9974796125135], [-98.7748218168163, 19.9974710284156], [-98.7748294862139, 19.9974624443175], [-98.7748371555977, 19.9974538692556], [-98.7748448345532, 19.9974452851689], [-98.77485251348209, 19.9974367191551], [-98.77486174351918, 19.9974264200769], [-98.7748709831017, 19.997416130047], [-98.7748802322426, 19.9974058400287], [-98.7748894813694, 19.9973955590465], [-98.774898730495, 19.9973852780638], [-98.7749079891661, 19.9973750061294], [-98.7749172573955, 19.9973647342066], [-98.7749265351704, 19.9973544713321], [-98.77493581293122, 19.9973442174937], [-98.77494396088298, 19.9973352183127], [-98.774952108821, 19.997326228168], [-98.7749602663047, 19.9973172470716], [-98.77496842378751, 19.9973082659748], [-98.77497659082889, 19.9972992848898], [-98.77498476740318, 19.9972903218897], [-98.7749929439894, 19.9972813498527], [-98.7750011301214, 19.997272386864], [-98.7750093257991, 19.9972634329237], [-98.7750185363502, 19.9972533778014], [-98.7750277564597, 19.9972433226908], [-98.7750369861147, 19.9972332766285], [-98.7750462253152, 19.9972232396144], [-98.77505547407398, 19.9972132026119], [-98.775064722806, 19.9972031836821], [-98.7750739906558, 19.9971931647761], [-98.77508325849162, 19.9971831549063], [-98.7750925358857, 19.997173145048], [-98.77510099943741, 19.9971640378204], [-98.7751094725477, 19.9971549306044], [-98.7751179552037, 19.9971458324367], [-98.77512643784581, 19.9971367433053], [-98.775134939606, 19.9971276541977], [-98.77514344135238, 19.9971185741263], [-98.77515195264439, 19.9971095031031], [-98.7751604734822, 19.9971004411284], [-98.7751690038656, 19.9970913882019], [-98.77517830972221, 19.9970815229613], [-98.7751876346838, 19.997071666781], [-98.7751969596443, 19.9970618106003], [-98.7752063036969, 19.9970519725165], [-98.7752156477356, 19.9970421434688], [-98.7752250108792, 19.9970323234815], [-98.7752343835684, 19.9970225125424], [-98.7752398597445, 19.9970167812219], [-98.7753129459205, 19.9975532525503], [-98.77530261509749, 19.997564580433], [-98.77529462040138, 19.997573371982], [-98.7752866352767, 19.997582154506], [-98.7752759309614, 19.9975939518188], [-98.774602187281, 19.9977188952908], [-98.7746125091445, 19.9977071878994], [-98.77462385553599, 19.997694316084], [-98.77463521147232, 19.9976814533167], [-98.7746465578472, 19.9976685905364], [-98.7746522454054, 19.9976621365726], [-98.7746579425098, 19.9976556916574], [-98.77466363005422, 19.9976492467299], [-98.77466932715771, 19.9976428018144], [-98.7746750242736, 19.997636347862], [-98.7746807213762, 19.9976299029461], [-98.7746864184783, 19.9976234580299], [-98.7746921155671, 19.9976170221503], [-98.7746978126683, 19.9976105772338], [-98.7747073205819, 19.997599835722], [-98.7747168380538, 19.9975890942219], [-98.7747263555244, 19.9975783527212], [-98.7747358729808, 19.9975676202566], [-98.7747453904359, 19.9975568877915], [-98.7747549174493, 19.997546155338], [-98.7747644540209, 19.9975354228961], [-98.7747739810189, 19.9975246994782], [-98.7747835175622, 19.9975139851084], [-98.7747911774301, 19.9975053829266], [-98.7747988277248, 19.9974967897689], [-98.7748064875782, 19.9974881966231], [-98.77481414741791, 19.9974796125135]]], [[[-98.7927032335078, 19.991570261525], [-98.7893388330823, 19.9918032455267], [-98.78918801012179, 19.989301486325], [-98.789251130175, 19.9891996640755], [-98.79120023548379, 19.9889779786959], [-98.7927032335078, 19.991570261525]]], [[[-98.78405165934622, 19.9932379669342], [-98.7826113226162, 19.9932102080236], [-98.78609920344391, 19.9921892975976], [-98.7861039371334, 19.9921879116655], [-98.7861086708229, 19.9921865257332], [-98.786113394953, 19.9921851397893], [-98.7861179469441, 19.9921838078575], [-98.7860766110798, 19.9926452505357], [-98.78405165934622, 19.9932379669342]]], [[[-98.7781074638931, 19.9953054751505], [-98.7780879086871, 19.9953167283971], [-98.7780299352611, 19.9948769961069], [-98.7780652077549, 19.9948577018614], [-98.7781292954984, 19.995293321087], [-98.7781074638931, 19.9953054751505]]], [[[-98.8061092081158, 19.96658184176], [-98.8048518450944, 19.9679497828351], [-98.8048069349206, 19.9679172375377], [-98.8048184868823, 19.9679044543043], [-98.805003616706, 19.9676979708682], [-98.80518863267478, 19.9674904117406], [-98.8053753950158, 19.9672846526267], [-98.80556106912009, 19.967077401063], [-98.8057461572072, 19.9668721999822], [-98.8059516699769, 19.9666432635968], [-98.8059877718545, 19.966672518663], [-98.805988125953, 19.9666721395095], [-98.8059888707232, 19.9666727367447], [-98.8060762226109, 19.9665755794439], [-98.8060759170302, 19.9665753622295], [-98.8060852197546, 19.9665650163567], [-98.8061092081158, 19.96658184176]]], [[[-98.79195528248259, 19.9901882054224], [-98.79191347343249, 19.9902081363942], [-98.79169475981459, 19.9898309155927], [-98.791743599141, 19.9898076222579], [-98.7917702761769, 19.9897948848017], [-98.79183282970709, 19.9897666464263], [-98.7918545412388, 19.9897572015053], [-98.7918946720177, 19.9897340424905], [-98.7921166048828, 19.9901131825972], [-98.792068702793, 19.9901361066302], [-98.79204616777568, 19.9901465898259], [-98.7919826662156, 19.9901760200002], [-98.79195528248259, 19.9901882054224]]], [[[-98.7675450081322, 20.0063599664028], [-98.76692346486801, 20.0064279908253], [-98.7676170246198, 20.0056432938548], [-98.76763127290678, 20.0056276520705], [-98.7677122339581, 20.0061703533544], [-98.7675450081322, 20.0063599664028]]], [[[-98.78407399898978, 19.993231261846], [-98.78392439372801, 19.9932750428328], [-98.7829432569513, 19.9932538280126], [-98.7824845264014, 19.993246334614], [-98.7825236588707, 19.9932347886115], [-98.7826244064222, 19.9932053262065], [-98.78407399898978, 19.993231261846]]], [[[-98.7862567416082, 19.9925916093989], [-98.7861021542686, 19.9926375369514], [-98.7861462538032, 19.9921752571919], [-98.7862902736064, 19.9921323893161], [-98.7863006112447, 19.9921293383544], [-98.7862567416082, 19.9925916093989]]], [[[-98.7874089305723, 19.9919699451005], [-98.7866364958134, 19.9920213393023], [-98.7868280844922, 19.9919553130828], [-98.7874262596464, 19.9919142820517], [-98.7874089305723, 19.9919699451005]]], [[[-98.7754427942999, 19.9974109274163], [-98.7753844137919, 19.9974651365203], [-98.7753168380037, 19.9969391004801], [-98.7753847712443, 19.996869324336], [-98.7756535848921, 19.996605885325], [-98.7759342239697, 19.9963483165826], [-98.77622322875979, 19.9961027947463], [-98.7765209315532, 19.9958641873842], [-98.7768262462159, 19.9956366951229], [-98.777139155327, 19.9954191341025], [-98.77746188847472, 19.9952099256709], [-98.7777898817539, 19.9950119828888], [-98.7780057123183, 19.9948902496345], [-98.7780299352611, 19.9948769961069], [-98.7780879086871, 19.9953167283971], [-98.778066267833, 19.99532918994], [-98.7780151893026, 19.9953583143281], [-98.7776995846676, 19.9955493961702], [-98.7773895949147, 19.9957510573609], [-98.777087260092, 19.9959605081725], [-98.7767927779657, 19.9961798544295], [-98.7765070582806, 19.9964079496641], [-98.7762271447865, 19.9966464619637], [-98.7759589879307, 19.9968922360533], [-98.7756973145427, 19.9971494312022], [-98.7754427942999, 19.9974109274163]]], [[[-98.7881644915501, 19.9919195213977], [-98.7874806711925, 19.9919637867936], [-98.78751517819929, 19.9919152109872], [-98.7882770239701, 19.9918684361046], [-98.7881644915501, 19.9919195213977]]], [[[-98.81114267714831, 19.9609894214673], [-98.8098957488608, 19.9623765325005], [-98.8098677421039, 19.9623554831649], [-98.8098764510577, 19.9623457328702], [-98.81014239437948, 19.9620518642846], [-98.81035620947, 19.9618149430317], [-98.8106202008746, 19.9615214330822], [-98.8107455325774, 19.961380476922], [-98.81093121986028, 19.9611745208004], [-98.81111566389352, 19.9609688252174], [-98.81114267714831, 19.9609894214673]]], [[[-98.7982185592571, 19.9855092056599], [-98.79761195467911, 19.9855849464197], [-98.79797354599539, 19.9850903034068], [-98.7985146800321, 19.9841651222074], [-98.7989558060114, 19.9831936485201], [-98.7992925544205, 19.9821855292991], [-98.79952159756958, 19.9811507378565], [-98.7995235431864, 19.9811390466113], [-98.7995254696973, 19.9811273463078], [-98.7995273866608, 19.9811156369568], [-98.799529294054, 19.9811039366316], [-98.7995311918997, 19.981092227259], [-98.79953307062812, 19.9810805178647], [-98.79953493023912, 19.9810688084487], [-98.7995367802913, 19.9810570990219], [-98.7995386207846, 19.9810453895843], [-98.79954059629729, 19.9810327314494], [-98.79954255268112, 19.9810200823295], [-98.79954449951741, 19.9810074241621], [-98.7995464272364, 19.980994765973], [-98.7995483453964, 19.9809821077732], [-98.7995502444505, 19.980969440515], [-98.7995521339343, 19.9809567822826], [-98.7995540138707, 19.9809441150027], [-98.79955660736641, 19.9809265235467], [-98.7995600111604, 19.9809030953206], [-98.79956262461738, 19.9808848351738], [-98.79956429298439, 19.9808731797611], [-98.79956594223418, 19.9808615243268], [-98.7995675819365, 19.980849859845], [-98.7995692120687, 19.9808382043889], [-98.7995708230949, 19.9808265398747], [-98.7995725981356, 19.9808136736692], [-98.7995743636175, 19.9808008074529], [-98.7995761195406, 19.9807879412258], [-98.7995778659048, 19.9807750749878], [-98.79957959316309, 19.9807621996915], [-98.7995813204097, 19.9807493334318], [-98.79958302855042, 19.9807364581139], [-98.7995847366907, 19.9807235827959], [-98.7995870916729, 19.9807056296028], [-98.79958941791048, 19.9806877305972], [-98.7995915994558, 19.9806708706445], [-98.79959384885849, 19.9806532607252], [-98.79959599210011, 19.9806364549491], [-98.79959888881159, 19.9806133966518], [-98.79960129326238, 19.9805941151244], [-98.7996029348669, 19.9805809415208], [-98.7996045573656, 19.980567758859], [-98.7996061798526, 19.9805545852338], [-98.79960779278079, 19.9805414115977], [-98.7996093961616, 19.9805282289142], [-98.79961098998359, 19.9805150462199], [-98.7996125837939, 19.9805018725621], [-98.7996142454159, 19.9804879850843], [-98.800031428169, 19.9808056519357], [-98.8000300192626, 19.9808162413192], [-98.8000282342901, 19.9808294328382], [-98.8000264493057, 19.9808426333939], [-98.8000246547626, 19.9808558339388], [-98.8000228411135, 19.9808690254254], [-98.8000210179055, 19.9808822169012], [-98.8000193491045, 19.9808942428212], [-98.80001767075602, 19.9809062596938], [-98.8000159828374, 19.9809182855922], [-98.8000142853714, 19.9809303024431], [-98.800012568788, 19.9809423192725], [-98.8000108426457, 19.980954336091], [-98.8000091165033, 19.9809663529095], [-98.80000737125478, 19.9809783606697], [-98.8000056164362, 19.9809903774558], [-98.8000036882067, 19.9810034694095], [-98.8000017408597, 19.9810165613416], [-98.79999979351248, 19.9810296532736], [-98.7999978175006, 19.9810427361366], [-98.79999584147698, 19.9810558280362], [-98.7999938463474, 19.9810689108776], [-98.7999918321003, 19.9810819936973], [-98.79998980830578, 19.9810950674696], [-98.79998777494092, 19.9811081502677], [-98.79998585743, 19.9811203204932], [-98.79998393991882, 19.9811324907187], [-98.7999820032901, 19.9811446609226], [-98.7999800475441, 19.9811568311049], [-98.7999780822505, 19.9811689922397], [-98.7999761073981, 19.9811811533637], [-98.7999741134283, 19.981193314466], [-98.7999721003411, 19.9812054755468], [-98.79997007770632, 19.9812176275802], [-98.7997317891214, 19.9822942489291], [-98.7993814278772, 19.9833431270138], [-98.79892246539602, 19.98435387294], [-98.7983594627119, 19.9853164513213], [-98.7982185592571, 19.9855092056599]]], [[[-98.8170375997748, 19.9549620920462], [-98.8164936331957, 19.9555667454506], [-98.8164296400748, 19.9555164804407], [-98.8180560512235, 19.9537610858668], [-98.8180920493903, 19.9537885310624], [-98.81799438703331, 19.9538969888604], [-98.8170375997748, 19.9549620920462]]], [[[-98.81781854414129, 19.9535680895174], [-98.81621026213058, 19.955339920397], [-98.81618849100421, 19.9553236137293], [-98.8167299533536, 19.954719491826], [-98.8176685375198, 19.9536773790205], [-98.8177884670056, 19.95354443672], [-98.81781854414129, 19.9535680895174]]], [[[-98.8142002194495, 19.9581163140455], [-98.81396403766952, 19.9583811219759], [-98.81393416925881, 19.9583584989379], [-98.8151852445195, 19.9569309958387], [-98.81523066666398, 19.9569662681583], [-98.81496341800501, 19.9572639296755], [-98.8142002194495, 19.9581163140455]]], [[[-98.8149433847686, 19.9567815570837], [-98.81368460052329, 19.9581399739153], [-98.8136686724556, 19.9581286251835], [-98.81390364437918, 19.9578687323329], [-98.81403270963548, 19.957733787069], [-98.8146515415087, 19.9570334487443], [-98.81490478963511, 19.956751804193], [-98.8149433847686, 19.9567815570837]]], [[[-98.8026886687013, 19.9704188952225], [-98.8023307676723, 19.9708367052364], [-98.80232760679999, 19.9708344515825], [-98.80238428202532, 19.9707528050831], [-98.80241195427051, 19.9707128395696], [-98.80257521408332, 19.9704896617547], [-98.8027428270731, 19.9702703201713], [-98.8029184608671, 19.9700492161409], [-98.8030921889332, 19.9698384025888], [-98.8032727974135, 19.9696282290542], [-98.8034570542625, 19.9694198757408], [-98.80354257303712, 19.9693235852302], [-98.803596461857, 19.9693608760013], [-98.8026886687013, 19.9704188952225]]], [[[-98.8098609444164, 19.9624132745415], [-98.8086591423443, 19.9637141244888], [-98.80865217143221, 19.9637090835392], [-98.8089164182859, 19.963415043342], [-98.8090485460149, 19.9632681134611], [-98.80923516622418, 19.9630609673498], [-98.8094318060516, 19.962842635336], [-98.8096582483147, 19.9625900769733], [-98.8098343226622, 19.9623929134726], [-98.8098609444164, 19.9624132745415]]], [[[-98.8094957398321, 19.9633488940153], [-98.8089279323247, 19.9639808336487], [-98.8088975192058, 19.9639578838679], [-98.81013777184918, 19.9625763306667], [-98.81016964496999, 19.9626011252838], [-98.80992978722841, 19.9628676225847], [-98.8096827404371, 19.9631429316461], [-98.8094957398321, 19.9633488940153]]], [[[-98.8073318211495, 19.965194786283], [-98.8061359258877, 19.9665472694914], [-98.8061147071018, 19.9665322092707], [-98.8070765847971, 19.9654623111473], [-98.80732275874752, 19.9651883875086], [-98.8073318211495, 19.965194786283]]], [[[-98.8033524848728, 19.970242196992], [-98.8032948482089, 19.9703135318953], [-98.8031864295101, 19.9702930339619], [-98.8038952544153, 19.9695893374215], [-98.8039095020645, 19.9695996097973], [-98.8037743676058, 19.9697506259652], [-98.8035313005215, 19.9700288493437], [-98.8033524848728, 19.970242196992]]], [[[-98.8155865086067, 19.9565699271765], [-98.8152533942758, 19.9569409619518], [-98.8152150754647, 19.9569118419847], [-98.8164137233761, 19.9555284104978], [-98.81648024569182, 19.9555816331278], [-98.81634094477599, 19.9557364684505], [-98.8155865086067, 19.9565699271765]]], [[[-98.81618909438971, 19.9553637644031], [-98.8149610358227, 19.9567577547508], [-98.8149246272534, 19.9567297301522], [-98.8152793682426, 19.9563352050055], [-98.8159790073357, 19.9555573297267], [-98.8161681369267, 19.9553463199513], [-98.81618909438971, 19.9553637644031]]], [[[-98.7627357453519, 20.0107865864241], [-98.76266721254008, 20.0108404522596], [-98.7625272360352, 20.0107918283904], [-98.7625154397191, 20.0107082419359], [-98.7627357453519, 20.0107865864241]]], [[[-98.8089279323247, 19.9639808336487], [-98.8089033651881, 19.9640081793216], [-98.8088763990254, 19.9639879804012], [-98.8088975192058, 19.9639578838679], [-98.8089279323247, 19.9639808336487]]], [[[-98.81144948411702, 19.961177277027], [-98.81141680254481, 19.9612135878763], [-98.8113956419491, 19.9611979861398], [-98.8114160145055, 19.961152896628], [-98.81144948411702, 19.961177277027]]], [[[-98.8111785313876, 19.9609534393635], [-98.81114267714831, 19.9609894214673], [-98.81111566389352, 19.9609688252174], [-98.8111495131783, 19.960931087868], [-98.8111785313876, 19.9609534393635]]], [[[-98.7874552107115, 19.992209236827], [-98.7872886403869, 19.9922667360374], [-98.7874806711925, 19.9919637867936], [-98.78823254948648, 19.9919151114953], [-98.7880465808549, 19.9919893241248], [-98.7877518536117, 19.9921015771803], [-98.7874552107115, 19.992209236827]]], [[[-98.8052053228361, 19.9681578883483], [-98.8051812616704, 19.9681846647284], [-98.80516779681402, 19.9681751975774], [-98.80519047342361, 19.9681473443142], [-98.8052053228361, 19.9681578883483]]], [[[-98.8032948482089, 19.9703135318953], [-98.8032494357186, 19.9703697438996], [-98.803143863068, 19.9703510022113], [-98.8031864295101, 19.9702930339619], [-98.8032948482089, 19.9703135318953]]], [[[-98.77016340972189, 20.0029672823011], [-98.7699336130548, 20.003017489808], [-98.77013726801579, 20.0027863621802], [-98.77016340972189, 20.0029672823011]]], [[[-98.8039258016457, 19.9695813917919], [-98.8039095020645, 19.9695996097973], [-98.8038952544153, 19.9695893374215], [-98.8039127955245, 19.9695719250538], [-98.8039258016457, 19.9695813917919]]], [[[-98.8036232735701, 19.9693207286025], [-98.803596461857, 19.9693608760013], [-98.80354257303712, 19.9693235852302], [-98.8035746461377, 19.9692874740224], [-98.8036232735701, 19.9693207286025]]], [[[-98.81621026213058, 19.955339920397], [-98.81618909438971, 19.9553637644031], [-98.8161681369267, 19.9553463199513], [-98.81618849100421, 19.9553236137293], [-98.81621026213058, 19.955339920397]]], [[[-98.81811468032382, 19.9537633960726], [-98.8180920493903, 19.9537885310624], [-98.8180560512235, 19.9537610858668], [-98.81808049801388, 19.9537359165952], [-98.81811468032382, 19.9537633960726]]], [[[-98.8139533290834, 19.9583931295566], [-98.8139419412146, 19.9584057509199], [-98.8139116145446, 19.9583827117099], [-98.81393416925881, 19.9583584989379], [-98.81396403766952, 19.9583811219759], [-98.8139533290834, 19.9583931295566]]], [[[-98.8164936331957, 19.9555667454506], [-98.81648024569182, 19.9555816331278], [-98.8164137233761, 19.9555284104978], [-98.8164296400748, 19.9555164804407], [-98.8164936331957, 19.9555667454506]]], [[[-98.81368460052329, 19.9581399739153], [-98.813656646748, 19.9581716814451], [-98.8136405186469, 19.9581597631891], [-98.8136686724556, 19.9581286251835], [-98.81368460052329, 19.9581399739153]]], [[[-98.81018430647508, 19.9625848387783], [-98.81016964496999, 19.9626011252838], [-98.81013777184918, 19.9625763306667], [-98.8101583472599, 19.9625618487901], [-98.8101862683776, 19.9625826449611], [-98.81018430647508, 19.9625848387783]]], [[[-98.8127115579167, 19.9597730281051], [-98.8126906573858, 19.9597962574613], [-98.8126642840618, 19.9597760055138], [-98.8126850511653, 19.9597524597357], [-98.8127115579167, 19.9597730281051]]], [[[-98.8098957488608, 19.9623765325005], [-98.8098609444164, 19.9624132745415], [-98.8098343226622, 19.9623929134726], [-98.8098677421039, 19.9623554831649], [-98.8098957488608, 19.9623765325005]]], [[[-98.8124121147939, 19.959549821911], [-98.8123841069535, 19.9595783301858], [-98.8123734219381, 19.959570231053], [-98.8123999686717, 19.959540745273], [-98.8124121147939, 19.959549821911]]], [[[-98.8178449593292, 19.9535432114717], [-98.81781854414129, 19.9535680895174], [-98.8177884670056, 19.95354443672], [-98.81781243756681, 19.9535178663074], [-98.8178449593292, 19.9535432114717]]], [[[-98.8048518450944, 19.9679497828351], [-98.8048298540339, 19.9679797333194], [-98.8047824049387, 19.9679443838525], [-98.8048069349206, 19.9679172375377], [-98.8048518450944, 19.9679497828351]]], [[[-98.8061359258877, 19.9665472694914], [-98.8061092081158, 19.96658184176], [-98.8060852197546, 19.9665650163567], [-98.8061147071018, 19.9665322092707], [-98.8061359258877, 19.9665472694914]]], [[[-98.8152533942758, 19.9569409619518], [-98.81523066666398, 19.9569662681583], [-98.8151852445195, 19.9569309958387], [-98.8152150754647, 19.9569118419847], [-98.8152533942758, 19.9569409619518]]], [[[-98.8149610358227, 19.9567577547508], [-98.8149433847686, 19.9567815570837], [-98.81490478963511, 19.956751804193], [-98.8149246272534, 19.9567297301522], [-98.8149610358227, 19.9567577547508]]], [[[-98.759097183889, 20.0148948347866], [-98.7589628761306, 20.0151965019818], [-98.7585888064492, 20.0149906897147], [-98.75861025785092, 20.0149422375335], [-98.7587036454214, 20.0147292543825], [-98.7588616618441, 20.0144035461155], [-98.7590380290446, 20.0140747088792], [-98.7592172450583, 20.0137706627505], [-98.7594386428997, 20.0134278343562], [-98.7596550255374, 20.0131194735395], [-98.7598927822664, 20.012812596311], [-98.7600233521283, 20.0126532408733], [-98.7600304104172, 20.0126451717028], [-98.7604082189664, 20.0128544379908], [-98.7602285926873, 20.013065489035], [-98.76000883972048, 20.0133527364686], [-98.7598007908603, 20.0136444093536], [-98.759605266523, 20.0139480092333], [-98.7594205407584, 20.0142605878682], [-98.7592562061859, 20.01456738347], [-98.759097183889, 20.0148948347866]]], [[[-98.76565838573859, 20.0077890556072], [-98.76630412449211, 20.0071372357962], [-98.7669265135199, 20.0064656893065], [-98.7669642365687, 20.0064235288568], [-98.76754860329739, 20.0063595735082], [-98.7675436237743, 20.0063652148653], [-98.76750282028542, 20.0064115192083], [-98.767482385032, 20.0064346984421], [-98.7674483135295, 20.0064733214394], [-98.76742100274198, 20.0065042450646], [-98.7673881953825, 20.0065413425198], [-98.7673594387167, 20.0065738185361], [-98.7673271007414, 20.0066102569222], [-98.76729762610188, 20.0066433735854], [-98.76726547031089, 20.0066794236242], [-98.76723552669668, 20.0067128830522], [-98.7666041677502, 20.0073941277428], [-98.7659492482197, 20.0080552053646], [-98.7652714957265, 20.0086953846581], [-98.76518797332749, 20.0087692116042], [-98.7651122656828, 20.0083049072384], [-98.76565838573859, 20.0077890556072]]], [[[-98.8086591423443, 19.9637141244888], [-98.808616552022, 19.9637554033355], [-98.8086129233502, 19.9637527607102], [-98.80865217143221, 19.9637090835392], [-98.8086591423443, 19.9637141244888]]], [[[-98.8073318211495, 19.965194786283], [-98.80732275874752, 19.9651883875086], [-98.8073492404371, 19.9651589205188], [-98.8073522676165, 19.9651610474256], [-98.8073318211495, 19.965194786283]]], [[[-98.7862566518488, 19.9925925517452], [-98.7863005328227, 19.9921301140551], [-98.78632336079771, 19.9921233435592], [-98.7863534594301, 19.9921143783685], [-98.7863861918342, 19.992104581033], [-98.7864165197752, 19.9920954536799], [-98.7866537277957, 19.9920201900769], [-98.7874089305723, 19.9919699451005], [-98.78720563778039, 19.9922943765709], [-98.78709682857249, 19.9923323217316], [-98.7865546165856, 19.9925043604539], [-98.7865235818871, 19.9925137005118], [-98.78649019286661, 19.9925236943842], [-98.78645953837969, 19.9925328251417], [-98.78642585573431, 19.9925428149994], [-98.7863958594564, 19.9925516788253], [-98.786361619962, 19.9925617654232], [-98.7863331007948, 19.9925701461662], [-98.7862974999512, 19.992580588575], [-98.7862761467165, 19.9925868441388], [-98.7862566518488, 19.9925925517452]]], [[[-98.7677313859365, 20.0061486453804], [-98.7676564372304, 20.0056000149251], [-98.76767959068098, 20.005574598149], [-98.76993468526929, 20.0030230306539], [-98.770168448132, 20.0029670358106], [-98.7702206879944, 20.0033260746184], [-98.7677313859365, 20.0061486453804]]], [[[-98.8023214308378, 19.9708433458284], [-98.80232760679999, 19.9708344515825], [-98.8023307676723, 19.9708367052364], [-98.8023214308378, 19.9708433458284]]], [[[-98.7781292954984, 19.995293321087], [-98.7780652077549, 19.9948577018614], [-98.77812402392051, 19.9948255327566], [-98.7784606161111, 19.9946501730058], [-98.77880706866229, 19.9944846387041], [-98.7791549348294, 19.9943331393831], [-98.7796226669702, 19.9941458497059], [-98.7797075211309, 19.9941144534426], [-98.77908237345319, 19.9948102921098], [-98.77898824913899, 19.9948532795571], [-98.77867137189801, 19.9950057299293], [-98.7783390181718, 19.9951781042412], [-98.7781339832729, 19.9952907063289], [-98.7781292954984, 19.995293321087]]], [[[-98.7798995841216, 19.9944814622485], [-98.7804738746573, 19.9938384039497], [-98.7806394076452, 19.9937874072494], [-98.7809850036044, 19.9936853138579], [-98.78133889715342, 19.9935828233744], [-98.7817105237814, 19.9934726547963], [-98.7820792200731, 19.9933658886461], [-98.7824845264014, 19.993246334614], [-98.7829432569513, 19.9932538280126], [-98.78294283327432, 19.9935630343801], [-98.78257941523339, 19.9936687786216], [-98.782211892579, 19.9937768394876], [-98.7818522803457, 19.9938810145277], [-98.7814843080773, 19.9939886034158], [-98.7811156460084, 19.9940969407242], [-98.7807517742186, 19.9942041626417], [-98.7804845992153, 19.994287511294], [-98.7798995841216, 19.9944814622485]]], [[[-98.7893381311547, 19.9917916025497], [-98.7891309238295, 19.9918060471452], [-98.7891118264525, 19.9915373094879], [-98.7892047929839, 19.9914949906578], [-98.7892080355516, 19.9914934853928], [-98.7892112876904, 19.9914919711025], [-98.78921453026999, 19.9914904568007], [-98.7892177823966, 19.9914889515469], [-98.7892210249761, 19.9914874372451], [-98.7892242675555, 19.9914859229432], [-98.789227519694, 19.9914844086525], [-98.78923076227332, 19.9914828943505], [-98.7892340048525, 19.9914813800484], [-98.7892374961144, 19.9914797576021], [-98.78924098738818, 19.9914781261191], [-98.78924446910281, 19.9914764946246], [-98.7892479603765, 19.9914748631415], [-98.7892514516501, 19.9914732316583], [-98.7892549333645, 19.9914716001636], [-98.789258424638, 19.9914699686802], [-98.78926191591141, 19.9914683371968], [-98.7892653976256, 19.9914667057019], [-98.7892686019434, 19.991465209427], [-98.789271796714, 19.991463704104], [-98.7892750010317, 19.991462207829], [-98.7892781958022, 19.9914607025059], [-98.7892813905606, 19.9914592062194], [-98.7892845948902, 19.9914577009075], [-98.7892877896485, 19.9914562046209], [-98.7892909844187, 19.9914546992976], [-98.7892941887481, 19.9914531939855], [-98.7892976991631, 19.9914515444509], [-98.7893012095781, 19.9914498949161], [-98.7893047199931, 19.9914482453812], [-98.7893082304199, 19.9914465868097], [-98.7893117408347, 19.9914449372747], [-98.7893152512614, 19.991443278703], [-98.7893170800193, 19.991442423513], [-98.7893182358061, 19.9914615947975], [-98.7893381273085, 19.9917915387518], [-98.7893381311547, 19.9917916025497]]], [[[-98.78896916062858, 19.9895296936314], [-98.7889480201311, 19.9892321971679], [-98.7889480201311, 19.9892321971679], [-98.78918197354359, 19.9892073182503], [-98.78896916062858, 19.9895296936314]]], [[[-98.78928424846399, 19.9909778814783], [-98.78927981978072, 19.990979981754], [-98.7892753910974, 19.9909820820296], [-98.7892709624139, 19.990984182305], [-98.78926654327742, 19.9909862916283], [-98.7892621145936, 19.9909883919035], [-98.7892599050373, 19.9909894375285], [-98.7892576954689, 19.99099049219], [-98.7892554859125, 19.9909915378149], [-98.7892532763561, 19.9909925834397], [-98.7892510667877, 19.9909936381012], [-98.7892488572312, 19.990994683726], [-98.7892466476747, 19.9909957293507], [-98.7892444381062, 19.9909967840121], [-98.78923855550639, 19.9909995783804], [-98.789234872904, 19.9910013271125], [-98.7892311903015, 19.9910030758446], [-98.78922750771089, 19.9910048155399], [-98.78922383466741, 19.9910065642832], [-98.7892201520646, 19.991008313015], [-98.78921646947379, 19.9910100527101], [-98.7892127868709, 19.9910118014418], [-98.78920910426791, 19.9910135501733], [-98.7892061677591, 19.991014938326], [-98.7892032312381, 19.9910163355152], [-98.78920028517, 19.9910177236563], [-98.78919734864891, 19.9910191208454], [-98.78919440256868, 19.9910205180231], [-98.7891914660595, 19.9910219061755], [-98.78918852953828, 19.9910233033644], [-98.78918558347, 19.9910246915053], [-98.7891826469486, 19.9910260886942], [-98.7891791173995, 19.9910277562773], [-98.78917558785041, 19.9910294238603], [-98.7891720678603, 19.9910310914547], [-98.78916853831092, 19.9910327590376], [-98.7891650087615, 19.9910344266204], [-98.7891614887712, 19.9910360942145], [-98.78915795922168, 19.9910377617972], [-98.7891544296721, 19.9910394293798], [-98.78915090012241, 19.9910410969623], [-98.7891478201291, 19.9910425572365], [-98.7891447401477, 19.991044008474], [-98.78914166015429, 19.9910454687481], [-98.7891385801729, 19.9910469199855], [-98.7891354906323, 19.9910483712115], [-98.7891324106387, 19.9910498314854], [-98.7891293306571, 19.9910512827226], [-98.7891262506754, 19.9910527339598], [-98.7891231611346, 19.9910541851855], [-98.78911970810549, 19.9910558167118], [-98.78911624551719, 19.9910574482267], [-98.789112792488, 19.9910590797529], [-98.78910932991168, 19.991060702231], [-98.7891058768823, 19.9910623337571], [-98.7891024143058, 19.9910639562351], [-98.7890989612763, 19.991065587761], [-98.7890954986996, 19.9910672102388], [-98.7890920361108, 19.9910688417532], [-98.78908889873749, 19.9910703200314], [-98.7890857613762, 19.9910717892729], [-98.78908261444359, 19.9910732675396], [-98.7890794770822, 19.991074736781], [-98.7890789715911, 19.99107497496], [-98.7890789713813, 19.9910749720076], [-98.7889764357692, 19.9896320717094], [-98.7891880102401, 19.9893014882873], [-98.7892889392573, 19.9909756453169], [-98.78928424846399, 19.9909778814783]]]]}}, {"type": "Feature", "properties": {"id": "MUN_estado_de_mexico_zumpango", "nivel": "municipio", "nombre": "Zumpango", "municipio": "Zumpango", "estado": "Estado De México", "proyecto": "TAP"}, "geometry": {"type": "MultiPolygon", "coordinates": [[[[-99.03293734027255, 19.75975010535677], [-99.03203765433366, 19.75952352787295], [-99.03261816908436, 19.75641837734437], [-99.03266238472789, 19.75618188045384], [-99.03293734027255, 19.75975010535677]]], [[[-99.03140115418866, 19.7630504245374], [-99.03134431686578, 19.7630344301011], [-99.03155995001953, 19.76186935500419], [-99.03177716278557, 19.76068846647387], [-99.03199291261981, 19.75951435906548], [-99.03221720844333, 19.75827474905776], [-99.03243291576197, 19.7571119379513], [-99.03259282854776, 19.75622299614671], [-99.03260815540517, 19.75641907224756], [-99.03261816908436, 19.75641837734437], [-99.03203765345255, 19.75952353258586], [-99.03140115418866, 19.7630504245374]]], [[[-99.03221720844333, 19.75827474905776], [-99.03036078192346, 19.75783950336673], [-99.03054447300003, 19.75680510702928], [-99.0305656797873, 19.75668568705436], [-99.03243291576197, 19.7571119379513], [-99.03221720844333, 19.75827474905776]]], [[[-99.03199291261981, 19.75951435906548], [-99.03102804589791, 19.75927755624951], [-99.03014751300142, 19.75906106489493], [-99.03036078192346, 19.75783950336673], [-99.03221720844333, 19.75827474905776], [-99.03199291261981, 19.75951435906548]]], [[[-99.03177716278557, 19.76068846647387], [-99.03081205217491, 19.76045420484215], [-99.02993773912871, 19.76024197490455], [-99.03014751300142, 19.75906106489493], [-99.03102804589791, 19.75927755624951], [-99.0319929120885, 19.75951436195695], [-99.03177716278557, 19.76068846647387]]], [[[-99.02953132471396, 19.76258574768507], [-99.02948067758315, 19.76257428976369], [-99.02968439294247, 19.76143403267618], [-99.02981043053022, 19.7607310817479], [-99.02990017335435, 19.76023055421628], [-99.02999897003427, 19.75966513868172], [-99.03010611900676, 19.75905189514215], [-99.0303279732083, 19.7578303545147], [-99.03053165777047, 19.75666976074478], [-99.0305656797873, 19.75668568705436], [-99.03054447300003, 19.75680510702928], [-99.03036078192346, 19.75783950336673], [-99.03014751300142, 19.75906106489493], [-99.02993773912871, 19.76024197490455], [-99.02985672627496, 19.76069290379239], [-99.02972314696727, 19.76143641928158], [-99.02953132471396, 19.76258574768507]]], [[[-99.02829403055051, 19.758632587067], [-99.03010611900676, 19.75905189514215], [-99.02990017335435, 19.76023055421628], [-99.0280849019042, 19.75978637475176], [-99.02829403055051, 19.758632587067]]], [[[-99.02990017256158, 19.76023055863794], [-99.02968439294247, 19.76143403267618], [-99.02786553238919, 19.76097628802174], [-99.02808490766776, 19.75978637616209], [-99.02990017256158, 19.76023055863794]]], [[[-99.02948067407202, 19.76257428817284], [-99.02763360514274, 19.7621548546614], [-99.02765446391959, 19.76204885631578], [-99.02775111172484, 19.76155772156298], [-99.02786553304978, 19.7609762846649], [-99.02968439294247, 19.76143403267618], [-99.02948067407202, 19.76257428817284]]], [[[-99.0276336061074, 19.7621548491447], [-99.02760088610268, 19.76214570386323], [-99.02770741657086, 19.76159347057654], [-99.02782911487866, 19.76096260841861], [-99.02804493972734, 19.75977720055878], [-99.0282612247466, 19.75862117127951], [-99.0284760251458, 19.75745383662559], [-99.02869063582268, 19.75625713155817], [-99.02873800250045, 19.7562776197291], [-99.02851750154309, 19.75746753001464], [-99.02829403055051, 19.758632587067], [-99.02808490766776, 19.75978637616209], [-99.02786553238919, 19.76097628802174], [-99.02775111172484, 19.76155772156298], [-99.02765446391959, 19.76204885631578], [-99.0276336061074, 19.7621548491447]]], [[[-99.02760088610268, 19.76214570386323], [-99.02576236367582, 19.76169013811824], [-99.02597697903538, 19.76049795479745], [-99.02782911590165, 19.76096260009331], [-99.02760088610268, 19.76214570386323]]], [[[-99.02739316629916, 19.76330854252462], [-99.02555823683139, 19.7628552474252], [-99.02576236367582, 19.76169013811824], [-99.02760088610268, 19.76214570386323], [-99.02739316629916, 19.76330854252462]]], [[[-99.0271783218907, 19.76448265520327], [-99.02535083365011, 19.76402710983944], [-99.02537020258684, 19.76391767171113], [-99.025455477787, 19.7634358490124], [-99.02555823526484, 19.76285524387194], [-99.02739316588183, 19.76330854242152], [-99.0271783218907, 19.76448265520327]]], [[[-99.02535083365011, 19.76402710983944], [-99.02531086532807, 19.76402246257481], [-99.0255242905698, 19.76284382886243], [-99.02572115159242, 19.76168096201467], [-99.02594531583969, 19.76049107324853], [-99.02615666767477, 19.75930565920067], [-99.02618468506516, 19.75931704163863], [-99.02597697903538, 19.76049795479745], [-99.02576236367582, 19.76169013811824], [-99.0255582373631, 19.76285524439031], [-99.025455477787, 19.7634358490124], [-99.02537020258684, 19.76391767171113], [-99.02535083365011, 19.76402710983944]]], [[[-99.02531085591318, 19.76402246148012], [-99.02348421008249, 19.76357594289197], [-99.02371131671957, 19.76239510296029], [-99.0255242905698, 19.76284382886243], [-99.02531085591318, 19.76402246148012]]], [[[-99.0250971598184, 19.76519431306695], [-99.02325983899138, 19.76474097912403], [-99.02348421008249, 19.76357594289197], [-99.02531085591318, 19.76402246148012], [-99.0250971598184, 19.76519431306695]]], [[[-99.02489059312944, 19.76637070233681], [-99.02303029339545, 19.76590599756964], [-99.02312287589902, 19.76543607630336], [-99.02325983899138, 19.76474097912403], [-99.0250971598184, 19.76519431306695], [-99.02489059312944, 19.76637070233681]]], [[[-99.02371131572262, 19.76239510271353], [-99.02371131671957, 19.76239510296029], [-99.02348421008249, 19.76357594289197], [-99.02325982868118, 19.76474097664452], [-99.02312287589902, 19.76543607630336], [-99.02307639456625, 19.76547410220439], [-99.02321958333091, 19.76473180263607], [-99.02368193916935, 19.76236110967683], [-99.02371131572262, 19.76239510271353]]], [[[-99.02307639466801, 19.76547410212114], [-99.023076394668, 19.76547410212116], [-99.02307639456625, 19.76547410220439], [-99.02307639466801, 19.76547410212114]]], [[[-99.02299267149166, 19.7659081227166], [-99.0211639090285, 19.76546157918083], [-99.02136781893498, 19.76428518905382], [-99.02321958333091, 19.76473180263607], [-99.02299267149166, 19.7659081227166]]], [[[-99.02275448749323, 19.76709337586501], [-99.02094547601969, 19.76664018314828], [-99.02116391154598, 19.76546158510309], [-99.02299267006123, 19.765908130132], [-99.02275448749323, 19.76709337586501]]], [[[-99.0225318031803, 19.76828108848103], [-99.02199051194849, 19.76815089441802], [-99.02169919437607, 19.76786943653042], [-99.02054485971942, 19.7689516643762], [-99.02094547601969, 19.76664018314828], [-99.02275447206345, 19.76709345264615], [-99.0225318031803, 19.76828108848103]]], [[[-99.02054485971942, 19.7689516643762], [-99.02044337601406, 19.76904680948655], [-99.02041452805562, 19.76898127013683], [-99.02051111827029, 19.76891154501117], [-99.0206925246444, 19.76783223298341], [-99.02090902367824, 19.76663554922852], [-99.02112375863672, 19.76545241144471], [-99.0211639090285, 19.76546157918083], [-99.02094547256537, 19.76664018228275], [-99.02054485971942, 19.7689516643762]]], [[[-99.02069252400746, 19.76783223650392], [-99.01884553320002, 19.76740594255266], [-99.01906297890554, 19.76618891728233], [-99.02090902367824, 19.76663554922852], [-99.02069252400746, 19.76783223650392]]], [[[-99.0206925246444, 19.76783223298341], [-99.02051111827029, 19.76891154501117], [-99.02041453330718, 19.7689812770197], [-99.01866158509243, 19.76849202014798], [-99.01884553320002, 19.76740594255266], [-99.0206925246444, 19.76783223298341]]], [[[-99.02044337601406, 19.76904680948655], [-99.02044337795508, 19.76904681780227], [-99.01865461996003, 19.7685462180268], [-99.01866158509243, 19.76849202014798], [-99.02041452805562, 19.76898127013683], [-99.02044337601406, 19.76904680948655]]], [[[-99.01817520299494, 19.77117169847612], [-99.01865461921149, 19.76854622384676], [-99.02044337795508, 19.76904681780227], [-99.01817520299494, 19.77117169847612]]], [[[-99.01817520299494, 19.77117169847612], [-99.01810787629367, 19.7712347623179], [-99.01837988230791, 19.76973819519691], [-99.01860974780645, 19.76849637181603], [-99.01866158509243, 19.76849202014798], [-99.01865461921149, 19.76854622384676], [-99.01817520299494, 19.77117169847612]]], [[[-99.01837988278845, 19.76973819260093], [-99.01649784872613, 19.76925753598446], [-99.01672314278673, 19.76804054707193], [-99.01860974919626, 19.76849636371088], [-99.01837988278845, 19.76973819260093]]], [[[-99.01810787629367, 19.7712347623179], [-99.01627666449463, 19.77042256611109], [-99.01649784872613, 19.76925753598446], [-99.01837988278845, 19.76973819260093], [-99.01810787629367, 19.7712347623179]]], [[[-99.0169282555935, 19.76692341842306], [-99.01670746157642, 19.76808394403607], [-99.0164821673361, 19.7693009329231], [-99.01626098293104, 19.77046596302484], [-99.01607096473491, 19.7715090972187], [-99.0160384538388, 19.77149995350193], [-99.01621268079928, 19.77046580154656], [-99.01643422640758, 19.7692826978829], [-99.01688085004393, 19.76691196408088], [-99.0169282555935, 19.76692341842306]]], [[[-99.01621268079928, 19.77046580154656], [-99.01443188697189, 19.77002160530997], [-99.01464273087157, 19.76884523878393], [-99.01643422640758, 19.7692826978829], [-99.01621268079928, 19.77046580154656]]], [[[-99.0160384538388, 19.77149995350193], [-99.0142694304236, 19.77094508011804], [-99.01443188697189, 19.77002160530997], [-99.01621268079928, 19.77046580154656], [-99.0160384538388, 19.77149995350193]]], [[[-99.0142694304236, 19.77094508011804], [-99.01422173691594, 19.77093136697665], [-99.01437916112398, 19.770003341961], [-99.0145985911135, 19.76882927264527], [-99.01482202523867, 19.76762809676235], [-99.01486341698339, 19.76763953407474], [-99.01464273087157, 19.76884523878393], [-99.01443188697189, 19.77002160530997], [-99.0142694304236, 19.77094508011804]]], [[[-99.01437916112398, 19.770003341961], [-99.01257534838636, 19.76956583019713], [-99.01279101111857, 19.76838044178617], [-99.0145985911135, 19.76882927264527], [-99.01437916112398, 19.770003341961]]], [[[-99.01422173691594, 19.77093136697665], [-99.01242330029433, 19.77035606640309], [-99.01257534838636, 19.76956583019713], [-99.01437916112398, 19.770003341961], [-99.01422173691594, 19.77093136697665]]], [[[-99.01320824615613, 19.76599833245446], [-99.01279101111857, 19.76838044178617], [-99.01257534824381, 19.76956583093817], [-99.01242330029433, 19.77035606640309], [-99.0123854537526, 19.7703423770714], [-99.01252767477459, 19.7695521079352], [-99.01273378289574, 19.76836895899667], [-99.01315580999078, 19.76598008172727], [-99.01320824615613, 19.76599833245446]]], [[[-99.01273378289574, 19.76836895899667], [-99.01252767477459, 19.7695521079352], [-99.01065090406816, 19.76909852029492], [-99.01070215872117, 19.76881381895618], [-99.01075924555916, 19.7684967206917], [-99.01086634098849, 19.76790183799461], [-99.01273378289574, 19.76836895899667]]], [[[-99.0123854537526, 19.7703423770714], [-99.01053185891764, 19.76974200376392], [-99.01063982170623, 19.76915842089524], [-99.01065090406816, 19.76909852029492], [-99.01252767477459, 19.7695521079352], [-99.0123854537526, 19.7703423770714]]], [[[-99.01053185891764, 19.76974200376392], [-99.01048178216374, 19.76972827723604], [-99.0106544224508, 19.76879377277377], [-99.01071289126166, 19.76847725482827], [-99.01082005290247, 19.76789716870986], [-99.01156570510724, 19.76376758139105], [-99.01160257647663, 19.76373578618891], [-99.01086634098849, 19.76790183799461], [-99.01075924555916, 19.7684967206917], [-99.01070215872117, 19.76881381895618], [-99.01065090552603, 19.76909851219684], [-99.01053185891764, 19.76974200376392]]], [[[-99.01048178216374, 19.76972827723604], [-99.00865353931775, 19.76914152630603], [-99.00885072555641, 19.76806751289642], [-99.00890607478667, 19.76775672910637], [-99.00896482201489, 19.76743458076439], [-99.01082005155807, 19.76789717598733], [-99.01071289126166, 19.76847725482827], [-99.0106544224508, 19.76879377277377], [-99.01048178216374, 19.76972827723604]]], [[[-99.00865354088141, 19.7691415305736], [-99.00860765162383, 19.76913233796917], [-99.00881184188934, 19.76805551137526], [-99.00887051303165, 19.76774609796928], [-99.00893174634933, 19.76742317114167], [-99.00922719676115, 19.76578403543697], [-99.00926340280026, 19.76575281550633], [-99.00896482118065, 19.76743458533912], [-99.00890607478667, 19.76775672910637], [-99.00885072555641, 19.76806751289642], [-99.0086535415302, 19.7691415270161], [-99.00865354088141, 19.7691415305736]]], [[[-99.00654337980392, 19.7680981264864], [-99.00707898987827, 19.76763631295154], [-99.00767611605505, 19.76712145397166], [-99.00893174634933, 19.76742317114167], [-99.00887051303165, 19.76774609796928], [-99.00881297983551, 19.76805585236779], [-99.00860764543496, 19.76913233591883], [-99.00624987012385, 19.76835119448446], [-99.00654337980392, 19.7680981264864]]]]}}, {"type": "Feature", "properties": {"id": "MUN_null_zumpango", "nivel": "municipio", "nombre": "Zumpango", "municipio": "Zumpango", "estado": "Null", "proyecto": "TAP"}, "geometry": {"type": "MultiPolygon", "coordinates": [[[[-99.02545023769929, 19.7640264857199], [-99.0255569074847, 19.7640522948858], [-99.0252655541094, 19.7642911673239], [-99.02531033772861, 19.7640456949327], [-99.0253112996885, 19.7640449079441], [-99.02533526721899, 19.764025299874], [-99.02535384374852, 19.7640101022288], [-99.02536039000638, 19.7640047466683], [-99.02545023769929, 19.7640264857199]]]]}}, {"type": "Feature", "properties": {"id": "EDO_estado_de_hidalgo", "nivel": "estado", "nombre": "Estado De Hidalgo", "estado": "Estado De Hidalgo", "proyecto": "TAP"}, "geometry": {"type": "MultiPolygon", "coordinates": [[[[-98.87765741402337, 19.88522150739466], [-98.87874192682165, 19.88579386167418], [-98.87795752568431, 19.88667924953742], [-98.8773604864579, 19.88637172637877], [-98.8770566892276, 19.88621524517751], [-98.87691317168816, 19.88614132125048], [-98.87683301447501, 19.88610003328304], [-98.8735059407039, 19.88438624888358], [-98.87433718498424, 19.88346918171831], [-98.87765741402337, 19.88522150739466]]]]}}, {"type": "Feature", "properties": {"id": "EDO_estado_de_mexico", "nivel": "estado", "nombre": "Estado De Mexico", "estado": "Estado De Mexico", "proyecto": "TAP"}, "geometry": {"type": "MultiPolygon", "coordinates": [[[[-98.97241410891381, 19.792196583745], [-98.9725238901789, 19.7920069607321], [-98.9725260187827, 19.7921625458538], [-98.9724160749665, 19.7923524372288], [-98.9724119445469, 19.7923595711449], [-98.9723827452196, 19.7923469248445], [-98.9723853576531, 19.7923242542501], [-98.97238742325031, 19.7923065001549], [-98.97238664298779, 19.7922440250154], [-98.97241410891381, 19.792196583745]]], [[[-98.97131100668571, 19.7941019215302], [-98.9713457308063, 19.7940419449544], [-98.9714407698517, 19.7940030180732], [-98.971459350229, 19.794004838945], [-98.9713888747366, 19.7941260741548], [-98.9713509065048, 19.7941921336867], [-98.9713428579744, 19.7942060351806], [-98.9713020035509, 19.7941891068042], [-98.971303827803, 19.7941857877741], [-98.97126995442662, 19.7941728281951], [-98.9712727919004, 19.794167914522], [-98.97131100668571, 19.7941019215302]]], [[[-98.967471042269, 19.7982147133661], [-98.96853415616809, 19.7987816058573], [-98.96853038803631, 19.7987880722096], [-98.96753898894431, 19.7984237994336], [-98.9672481369005, 19.799319401707], [-98.96689123063999, 19.7991974788617], [-98.967471042269, 19.7982147133661]]], [[[-98.90180260307311, 19.8609608401429], [-98.901551745938, 19.8607941233301], [-98.90166178500472, 19.8606715458146], [-98.901969, 19.8608509999999], [-98.90192, 19.8610349999999], [-98.90180260307311, 19.8609608401429]]]]}}, {"type": "Feature", "properties": {"id": "EDO_estado_de_mexico", "nivel": "estado", "nombre": "Estado De México", "estado": "Estado De México", "proyecto": "TAP"}, "geometry": {"type": "MultiPolygon", "coordinates": [[[[-99.05927716686253, 19.72728512876441], [-99.05974282173632, 19.72690745512617], [-99.0611444334723, 19.72788998694745], [-99.06073928446484, 19.72826700206777], [-99.05927716686253, 19.72728512876441]]], [[[-99.0590431086617, 19.73014762141491], [-99.06060804150711, 19.72906943534793], [-99.05964981570392, 19.73052455922139], [-99.0590431086617, 19.73014762141491]]], [[[-99.05873128020923, 19.72995388567121], [-99.06057226242703, 19.72870478396616], [-99.06086566613921, 19.72891115938306], [-99.06060804150711, 19.72906943534793], [-99.0590431086617, 19.73014762141491], [-99.05873128020923, 19.72995388567121]]], [[[-99.06057226242703, 19.72870478396616], [-99.05873128020923, 19.72995388567121], [-99.05712343270858, 19.72895492945767], [-99.05797479423019, 19.72822429009656], [-99.05881605633812, 19.72751285280356], [-99.06057226242703, 19.72870478396616]]], [[[-99.05897619879435, 19.72268842302843], [-99.05966941719662, 19.72208257235849], [-99.0612170678222, 19.72309367293181], [-99.06052476400546, 19.7237142061392], [-99.05897619879435, 19.72268842302843]]], [[[-99.05964981570392, 19.73052455922139], [-99.06060804150711, 19.72906943534793], [-99.06086566613921, 19.72891115938306], [-99.06118268934333, 19.72911513373237], [-99.059784761071, 19.73060839929699], [-99.05964981570392, 19.73052455922139]]], [[[-99.0569122701153, 19.73571397545794], [-99.05674279526609, 19.73268219230327], [-99.0580535739827, 19.73262188895799], [-99.06025868365192, 19.73612797114791], [-99.05695192071826, 19.73642390711224], [-99.0569122701153, 19.73571397545794]]], [[[-99.05011516152769, 19.7404530514797], [-99.05266485804233, 19.74033392861129], [-99.05277941990701, 19.74186261591807], [-99.05286627881095, 19.74302071357436], [-99.0503285329758, 19.74312287751423], [-99.05011516152769, 19.7404530514797]]], [[[-99.05687788854793, 19.73569568440001], [-99.05691753899421, 19.73640561606374], [-99.05704104970012, 19.73861669773249], [-99.05476175312656, 19.73868988957337], [-99.0545442111442, 19.73582953831639], [-99.05687788854793, 19.73569568440001]]], [[[-98.89730956768044, 19.8655004009296], [-98.89760366740192, 19.86517139198418], [-98.89905963577425, 19.86633454545186], [-98.89877373807032, 19.86667035291618], [-98.89730956768044, 19.8655004009296]]], [[[-98.89849644880819, 19.86416182957987], [-98.89880013684468, 19.86384867264787], [-98.90008579940054, 19.86485770174384], [-98.89993662688956, 19.86530460470173], [-98.89849644880819, 19.86416182957987]]], [[[-98.89880013684468, 19.86384867264787], [-98.89910237567814, 19.86351291039874], [-98.9002100254108, 19.86445364392462], [-98.90008579940054, 19.86485770174384], [-98.89880013684468, 19.86384867264787]]], [[[-98.89910237567814, 19.86351291039874], [-98.8993804126843, 19.86318612690484], [-98.90034662546077, 19.86402930397623], [-98.9002100254108, 19.86445364392462], [-98.89910237567814, 19.86351291039874]]], [[[-98.8970007312607, 19.86583387664689], [-98.8984764998101, 19.86701968160708], [-98.89820953360079, 19.86734424352605], [-98.89671788022055, 19.86616743966684], [-98.8970007312607, 19.86583387664689]]], [[[-98.8970007312607, 19.86583387664689], [-98.89730956768044, 19.8655004009296], [-98.89877373807032, 19.86667035291618], [-98.8984764998101, 19.86701968160708], [-98.8970007312607, 19.86583387664689]]], [[[-98.89849644880819, 19.86416182957987], [-98.89993662688956, 19.86530460470173], [-98.89964864006717, 19.86566073369492], [-98.89819657609532, 19.8645021090299], [-98.89849644880819, 19.86416182957987]]], [[[-98.8993804126843, 19.86318612690484], [-98.89982939477406, 19.86268359821084], [-98.90064742562649, 19.86309485906554], [-98.90034662546077, 19.86402930397623], [-98.8993804126843, 19.86318612690484]]], [[[-98.89760366740192, 19.86517139198418], [-98.89790361970759, 19.8648311150501], [-98.89934781110102, 19.8660055204892], [-98.89905963577425, 19.86633454545186], [-98.89760366740192, 19.86517139198418]]], [[[-98.87278282570071, 19.89278456056522], [-98.87366687206772, 19.89179115845953], [-98.87421973289632, 19.89207933623517], [-98.87329298534038, 19.89306828881033], [-98.87278282570071, 19.89278456056522]]], [[[-98.87180347527392, 19.89388883563771], [-98.87274889328076, 19.89281624659442], [-98.87326774258462, 19.89310222138705], [-98.87234327292363, 19.89418382317688], [-98.87180347527392, 19.89388883563771]]], [[[-98.8713984519756, 19.89362299356669], [-98.87216371116035, 19.89251232760884], [-98.87262390965911, 19.89276000279479], [-98.87171461565028, 19.8937873323015], [-98.8713984519756, 19.89362299356669]]], [[[-98.87080923029234, 19.8950044400496], [-98.87177334763584, 19.89392051840658], [-98.87265560658787, 19.89438883556592], [-98.87158978716121, 19.89540290025781], [-98.87080923029234, 19.8950044400496]]], [[[-98.87003097043663, 19.89461047503864], [-98.87089911783015, 19.89340023779319], [-98.87169613182024, 19.89380995295252], [-98.87067564656637, 19.89494367409661], [-98.87003097043663, 19.89461047503864]]], [[[-98.87219416071191, 19.89250324551102], [-98.87325804354127, 19.89158406763673], [-98.87353837297059, 19.8917394216041], [-98.87264535908596, 19.89273512218136], [-98.87219416071191, 19.89250324551102]]], [[[-98.89609899567861, 19.86599611463836], [-98.8956499071149, 19.86580951564419], [-98.89518266437976, 19.86562524522139], [-98.89580758893938, 19.86494612802293], [-98.89668971548919, 19.86535095382692], [-98.89702977951211, 19.86550402966887], [-98.89645497859688, 19.86614162104012], [-98.89609899567861, 19.86599611463836]]], [[[-98.89294446949879, 19.86854190076495], [-98.89357123143827, 19.86787193063918], [-98.89453860839502, 19.86826729288176], [-98.8939425446097, 19.86892845817839], [-98.89294446949879, 19.86854190076495]]], [[[-98.89955893414603, 19.85989128815292], [-98.89963358878299, 19.85987713967758], [-98.90135485060235, 19.8606827407478], [-98.9005705066815, 19.86157677073205], [-98.90053495108295, 19.86101656117851], [-98.90043668721594, 19.86053103611337], [-98.90014824275555, 19.86020184138655], [-98.89955893414603, 19.85989128815292]]], [[[-98.8993321634439, 19.86249891817171], [-98.89982166991629, 19.86173422315414], [-98.8998584353546, 19.86175448590141], [-98.90030078164018, 19.86187555668909], [-98.89964389528949, 19.8626042542004], [-98.8993321634439, 19.86249891817171]]], [[[-98.89548474963479, 19.8666954710882], [-98.89583982899647, 19.86682397918638], [-98.89496995915093, 19.86778883907597], [-98.89496200740167, 19.86649997221987], [-98.89502800515345, 19.86652467921916], [-98.89548474963479, 19.8666954710882]]], [[[-98.8998584353546, 19.86175448590141], [-98.90028818969262, 19.86093355344374], [-98.90034041945442, 19.86095599092693], [-98.90038741298797, 19.86127221500669], [-98.90032594413218, 19.86165416400425], [-98.90030078164018, 19.86187555668909], [-98.8998584353546, 19.86175448590141]]], [[[-98.89262578655267, 19.86888149543206], [-98.89294446949879, 19.86854190076495], [-98.8939425446097, 19.86892845817839], [-98.89359239675478, 19.86931682204807], [-98.89262578655267, 19.86888149543206]]], [[[-98.89740153071986, 19.86455649035499], [-98.89790557961673, 19.8639545571016], [-98.89827508103829, 19.86412266609812], [-98.89775836075573, 19.86469585482548], [-98.89740153071986, 19.86455649035499]]], [[[-98.89252083334125, 19.86984412661534], [-98.89283746964125, 19.86942998215359], [-98.89332203113656, 19.86961670054322], [-98.89295709022066, 19.87002149666062], [-98.89252083334125, 19.86984412661534]]], [[[-98.89790557961673, 19.8639545571016], [-98.89853598112985, 19.86318959343255], [-98.89876182677028, 19.86328181369378], [-98.89895977753002, 19.86336312726357], [-98.89827508103829, 19.86412266609812], [-98.89790557961673, 19.8639545571016]]], [[[-98.89357123143827, 19.86787193063918], [-98.89425993064235, 19.86714758727689], [-98.89427891951729, 19.86712727782945], [-98.89429204251574, 19.86718864505142], [-98.89454954231523, 19.86825516848295], [-98.89453860839502, 19.86826729288176], [-98.89357123143827, 19.86787193063918]]], [[[-98.89165480784465, 19.86992492087074], [-98.89193622064685, 19.86961487253536], [-98.89252083334125, 19.86984412661534], [-98.89295709022066, 19.87002149666062], [-98.89268226743042, 19.87032631477091], [-98.89165480784465, 19.86992492087074]]], [[[-98.89283746964125, 19.86942998215359], [-98.89230815257918, 19.86921873568651], [-98.89262578655267, 19.86888149543206], [-98.89359239675478, 19.86931682204807], [-98.89332203113656, 19.86961670054322], [-98.89283746964125, 19.86942998215359]]], [[[-98.89429204251574, 19.86718864505142], [-98.89488299570111, 19.86741733954585], [-98.89483642136574, 19.86793696800137], [-98.89454954231523, 19.86825516848295], [-98.89429204251574, 19.86718864505142]]], [[[-98.89548474963479, 19.8666954710882], [-98.89609899567861, 19.86599611463836], [-98.89645497859688, 19.86614162104012], [-98.89583982899647, 19.86682397918638], [-98.89548474963479, 19.8666954710882]]], [[[-98.89134443116846, 19.87024635149984], [-98.89216168472306, 19.87090371626845], [-98.89203047159972, 19.87104924357489], [-98.89120713427182, 19.87039514406666], [-98.89134443116846, 19.87024635149984]]], [[[-98.89876182677028, 19.86328181369378], [-98.8993321634439, 19.86249891817171], [-98.89964389528949, 19.8626042542004], [-98.89895977753002, 19.86336312726357], [-98.89876182677028, 19.86328181369378]]], [[[-98.89134443116846, 19.87024635149984], [-98.89165480784465, 19.86992492087074], [-98.89268226743042, 19.87032631477091], [-98.89216168472306, 19.87090371626845], [-98.89134443116846, 19.87024635149984]]], [[[-98.89668971548919, 19.86535095382692], [-98.89740153071986, 19.86455649035499], [-98.89775836075573, 19.86469585482548], [-98.89702977951211, 19.86550402966887], [-98.89668971548919, 19.86535095382692]]], [[[-98.89982939477406, 19.86268359821084], [-98.89995614130179, 19.86253908426004], [-98.90005226702945, 19.86242948344097], [-98.90006178167181, 19.86241863496719], [-98.9014935834705, 19.86078609501828], [-98.90153592864905, 19.86081831068685], [-98.9017886777783, 19.86101059850103], [-98.90064742562649, 19.86309485906554], [-98.89982939477406, 19.86268359821084]]], [[[-98.89911894986786, 19.86279159546887], [-98.89880162030734, 19.86322718981107], [-98.89875507403798, 19.8632790563359], [-98.8985359811299, 19.86318959343352], [-98.89833755987617, 19.86311546835687], [-98.898917520903, 19.8623664619232], [-98.8993321634439, 19.86249891817222], [-98.89915405367175, 19.86274340873091], [-98.89911894986786, 19.86279159546887]]], [[[-98.91027710641386, 19.85125139802652], [-98.91053141969742, 19.85131786572396], [-98.91083097789789, 19.85139615816371], [-98.91081253854712, 19.85145843243042], [-98.91075558768821, 19.85165076915522], [-98.91034655484819, 19.85192728232404], [-98.91024464839316, 19.85190057763122], [-98.9097765473558, 19.85177789085051], [-98.90998777167027, 19.85117577655988], [-98.91027710641386, 19.85125139802652]]], [[[-98.90034042, 19.86095599], [-98.90028819, 19.86093355], [-98.89992781, 19.86078514], [-98.89954843, 19.86063231], [-98.89981861, 19.86024314999999], [-98.90007201, 19.86038498], [-98.90031971000002, 19.86078663], [-98.90034042, 19.86095599]]], [[[-98.90028819, 19.86093355], [-98.89985844000002, 19.86175449], [-98.89982166999998, 19.86173422], [-98.89943121000002, 19.86158147], [-98.89992781, 19.86078514], [-98.90028819, 19.86093355]]], [[[-99.02479702144286, 19.76745302238402], [-99.02290746767956, 19.76699499375583], [-99.02314895604312, 19.76579838348082], [-99.02500925832928, 19.76626309036108], [-99.02479702144286, 19.76745302238402]]], [[[-99.00323835835803, 19.76952746680566], [-99.00217956546511, 19.76912525574855], [-99.00227159491568, 19.76886852828322], [-99.00357057604708, 19.7693579928904], [-99.00323835835803, 19.76952746680566]]], [[[-99.08153601565003, 19.70578828325464], [-99.0798106600334, 19.7041431306996], [-99.0819597200113, 19.7022673342578], [-99.08251884457106, 19.70318691924135], [-99.08153601565003, 19.70578828325464]]], [[[-99.07975731093053, 19.71049595322162], [-99.07753728745922, 19.71637124215868], [-99.0718771903777, 19.71106721711594], [-99.07610668921862, 19.70748150579947], [-99.07975731093053, 19.71049595322162]]], [[[-99.07728783719557, 19.71649946244884], [-99.0758599196907, 19.71710608118652], [-99.07054600894756, 19.71223299339418], [-99.07092444337192, 19.71190178308887], [-99.07270693262893, 19.71356203270269], [-99.0732465496901, 19.7130897446715], [-99.071464060133, 19.71142950033389], [-99.07170175319531, 19.71122032251436], [-99.07728783719557, 19.71649946244884]]], [[[-99.07559838705474, 19.71721635381122], [-99.07117837054781, 19.71910965195354], [-99.06694699002588, 19.71537498136226], [-99.0703707031269, 19.71238622441042], [-99.07559838705474, 19.71721635381122]]], [[[-99.066398280576, 19.72110448554762], [-99.06561741251738, 19.7217634955376], [-99.06250629385067, 19.71966661193674], [-99.06323057851536, 19.71896806240989], [-99.066398280576, 19.72110448554762]]], [[[-99.06493912047004, 19.72233617099116], [-99.06418888626258, 19.72295417192903], [-99.06108006688281, 19.72086765555913], [-99.0617668970421, 19.72026769097211], [-99.06493912047004, 19.72233617099116]]], [[[-99.06418888626258, 19.72295417192903], [-99.0635005382509, 19.72355894478574], [-99.06038858775854, 19.72147730668116], [-99.06108006688281, 19.72086765555913], [-99.06418888626258, 19.72295417192903]]], [[[-99.0635005382509, 19.72355894478574], [-99.06280037568608, 19.72412804117785], [-99.06121706782227, 19.72309367293274], [-99.05966941719655, 19.72208257235938], [-99.06038858775854, 19.72147730668116], [-99.0635005382509, 19.72355894478574]]], [[[-99.06208648576502, 19.72474867736675], [-99.06139465175929, 19.7253372670984], [-99.05830968497646, 19.7232899697482], [-99.05897619879427, 19.72268842302932], [-99.06208648576502, 19.72474867736675]]], [[[-99.05805222380079, 19.7325977382227], [-99.05778037321411, 19.7326093164769], [-99.05674144528057, 19.73265804155777], [-99.05477288520282, 19.73278701323395], [-99.05426477637234, 19.72757275242067], [-99.05477910255037, 19.72753737728194], [-99.05805222380079, 19.7325977382227]]], [[[-99.05691092007763, 19.73568982472205], [-99.05666307248589, 19.73570404214117], [-99.05457724278762, 19.73582367906841], [-99.05457297806775, 19.73576504500517], [-99.0545347030217, 19.73523750911211], [-99.05452902294219, 19.73515910837188], [-99.05449071949276, 19.73463129014661], [-99.05435887986197, 19.73281413432339], [-99.05477288520282, 19.73278701323395], [-99.05674144528057, 19.73265804155777], [-99.05679403855072, 19.73359891029875], [-99.05691092007763, 19.73568982472205]]], [[[-99.05457723238575, 19.73582368104201], [-99.05452845347838, 19.73582635067894], [-99.05449226895156, 19.73533533187636], [-99.05444434646525, 19.73468519316405], [-99.05430136738919, 19.73274544040792], [-99.05435887986197, 19.73281413432339], [-99.05449071949276, 19.73463129014661], [-99.05452902294219, 19.73515910837188], [-99.0545347030217, 19.73523750911211], [-99.05457297806775, 19.73576504500517], [-99.05457723238575, 19.73582368104201]]], [[[-99.0544922638732, 19.73533533757945], [-99.05233564025055, 19.73549527220972], [-99.0522950529229, 19.73495265135963], [-99.05209357554872, 19.73225898782207], [-99.05425597550958, 19.73212962868645], [-99.05430136738919, 19.73274544040792], [-99.0544922638732, 19.73533533757945]]], [[[-99.05249678916768, 19.73765064190432], [-99.04994918300133, 19.73779172471198], [-99.04974694272214, 19.73513638333843], [-99.0522950529229, 19.73495265135963], [-99.05233564025055, 19.73549527220972], [-99.05249678916768, 19.73765064190432]]], [[[-99.05014646071852, 19.74041759628677], [-99.05008892774818, 19.74055384498815], [-99.05007244944119, 19.74033909824746], [-99.0500649030849, 19.74024055869802], [-99.05003215239168, 19.73981361199346], [-99.05001955961866, 19.73964939753081], [-99.04988305733845, 19.73786933468872], [-99.04988305662617, 19.73786932540002], [-99.04932973334064, 19.73088343345283], [-99.04937022568288, 19.73084813298053], [-99.0495448598846, 19.73241145136221], [-99.04974694272214, 19.73513638333843], [-99.04994918300133, 19.73779172471198], [-99.05008319366647, 19.7395754369139], [-99.05009555184172, 19.73973992411034], [-99.05012768321778, 19.74016759080277], [-99.05013509817539, 19.74026628311256], [-99.05014646622782, 19.74041759045855], [-99.05014646071852, 19.74041759628677]]], [[[-99.05011001893558, 19.74061326501227], [-99.04759232249843, 19.74077592976357], [-99.04752002486512, 19.73990337174969], [-99.04736788763047, 19.73806720016059], [-99.04990414809487, 19.7379287547558], [-99.05011001893558, 19.74061326501227]]], [[[-99.05011001893558, 19.74061326501227], [-99.050347504731, 19.7433121409025], [-99.04783239908461, 19.74342432795957], [-99.04783221275356, 19.74342433626961], [-99.04781782059818, 19.74326483557214], [-99.04759428694035, 19.7408012156839], [-99.05011001893558, 19.74061326501227]]], [[[-99.04781849334769, 19.74323942315317], [-99.0457303755811, 19.74339750916281], [-99.0454686226361, 19.74009836696199], [-99.04755028304605, 19.73990113816339], [-99.04762258084266, 19.74077369616494], [-99.04781849334769, 19.74323942315317]]], [[[-99.04781849334769, 19.74323942315317], [-99.04783128363178, 19.7433990530284], [-99.048088266007, 19.74660626730379], [-99.04599666555502, 19.74676924173498], [-99.04573038228045, 19.74339751178969], [-99.04781849334769, 19.74323942315317]]], [[[-99.04599665582913, 19.74676924249275], [-99.04593698341901, 19.74677389231498], [-99.04585974309425, 19.74580645402945], [-99.04561536214806, 19.74274639006801], [-99.04498075750494, 19.73479789258091], [-99.04504375030368, 19.73474286903156], [-99.04546862310595, 19.74009837288391], [-99.0457303755811, 19.74339750916281], [-99.04599665582913, 19.74676924249275]]], [[[-99.0458760538997, 19.74570853305423], [-99.04367039431868, 19.74586949571286], [-99.04361407004494, 19.74521883190623], [-99.04340225235862, 19.74277184383097], [-99.04563167514104, 19.74264846925256], [-99.0458760538997, 19.74570853305423]]], [[[-99.04361271205916, 19.74536503064037], [-99.04366903637995, 19.74601569443671], [-99.0438621216449, 19.74829524309461], [-99.04156372644412, 19.74843681648169], [-99.04131836399546, 19.74554004421809], [-99.04361271205916, 19.74536503064037]]], [[[-99.0441186874671, 19.751139278474], [-99.04181246784312, 19.75137361965416], [-99.04156372644412, 19.74843681648169], [-99.0438621216449, 19.74829524309461], [-99.0441186874671, 19.751139278474]]], [[[-99.04179477041451, 19.75135044217332], [-99.0417213966071, 19.75139810793138], [-99.04147251796331, 19.7484718630966], [-99.04063055225187, 19.73862284166983], [-99.04070973160964, 19.73855360064796], [-99.04079914113078, 19.7396075960582], [-99.04130066728278, 19.74551686667205], [-99.04154602937601, 19.74841363896803], [-99.04179477041451, 19.75135044217332]]], [[[-99.0417204772718, 19.7513867604992], [-99.0393940723153, 19.75158368408404], [-99.03916669867805, 19.74863482624339], [-99.04147159704354, 19.74846050975962], [-99.0417204772718, 19.7513867604992]]], [[[-99.0419639982823, 19.7543925063301], [-99.03967142084699, 19.75453378670978], [-99.03948096631065, 19.75180356797978], [-99.03946454895251, 19.7515891468252], [-99.0417213966071, 19.75139810793138], [-99.04179095807012, 19.75139221919497], [-99.0419639982823, 19.7543925063301]]], [[[-99.036443915359, 19.74217992071728], [-99.03700689069417, 19.7489907337122], [-99.03725301213504, 19.75191743121677], [-99.03733876418936, 19.7536049561491], [-99.03740722975039, 19.75495227192352], [-99.03734183680672, 19.75495323609944], [-99.03728245849904, 19.75403922442769], [-99.03714984152292, 19.75199780970486], [-99.03707610222231, 19.75086269449373], [-99.03707332846454, 19.75082949244861], [-99.03704388149372, 19.75047705440319], [-99.03696276966475, 19.74950633646185], [-99.03670070315464, 19.74636956808072], [-99.03655475334075, 19.74458026663051], [-99.03635228907771, 19.74226014224942], [-99.036443915359, 19.74217992071728]]], [[[-99.03967227786679, 19.75452989436185], [-99.0396984095468, 19.7548604675044], [-99.03745859480551, 19.75506551308033], [-99.03730437043787, 19.7520306725415], [-99.03948182332063, 19.75179967563159], [-99.03967227786679, 19.75452989436185]]], [[[-99.03310863824238, 19.7609752073767], [-99.03304242823161, 19.76095889594202], [-99.03294039735069, 19.75970469437186], [-99.03266544181747, 19.75613646945553], [-99.03263378112602, 19.75596690896919], [-99.03231159068926, 19.75117626920588], [-99.03709760483238, 19.75089862566922], [-99.03710037859639, 19.7509318277137], [-99.03236690742138, 19.75121485195782], [-99.03272076136815, 19.75571937526464], [-99.03272007999547, 19.75586230493515], [-99.03273913868277, 19.75611288302933], [-99.03276317452026, 19.7564294386977], [-99.03276317804152, 19.7564294850335], [-99.03279681823024, 19.75687207895496], [-99.03281598592305, 19.75712429850021], [-99.03283479511609, 19.75737179796608], [-99.03285436975972, 19.75762936873227], [-99.03287149517112, 19.75785471085605], [-99.03289232015123, 19.75812874566545], [-99.03310863824238, 19.7609752073767]]], [[[-99.03293734027255, 19.75975010535677], [-99.03203765433366, 19.75952352787295], [-99.03261816908436, 19.75641837734437], [-99.03266238472789, 19.75618188045384], [-99.03293734027255, 19.75975010535677]]], [[[-99.03140115418866, 19.7630504245374], [-99.03134431686578, 19.7630344301011], [-99.03155995001953, 19.76186935500419], [-99.03177716278557, 19.76068846647387], [-99.03199291261981, 19.75951435906548], [-99.03221720844333, 19.75827474905776], [-99.03243291576197, 19.7571119379513], [-99.03259282854776, 19.75622299614671], [-99.03260815540517, 19.75641907224756], [-99.03261816908436, 19.75641837734437], [-99.03203765345255, 19.75952353258586], [-99.03140115418866, 19.7630504245374]]], [[[-99.03221720844333, 19.75827474905776], [-99.03036078192346, 19.75783950336673], [-99.03054447300003, 19.75680510702928], [-99.0305656797873, 19.75668568705436], [-99.03243291576197, 19.7571119379513], [-99.03221720844333, 19.75827474905776]]], [[[-99.03199291261981, 19.75951435906548], [-99.03102804589791, 19.75927755624951], [-99.03014751300142, 19.75906106489493], [-99.03036078192346, 19.75783950336673], [-99.03221720844333, 19.75827474905776], [-99.03199291261981, 19.75951435906548]]], [[[-99.03177716278557, 19.76068846647387], [-99.03081205217491, 19.76045420484215], [-99.02993773912871, 19.76024197490455], [-99.03014751300142, 19.75906106489493], [-99.03102804589791, 19.75927755624951], [-99.0319929120885, 19.75951436195695], [-99.03177716278557, 19.76068846647387]]], [[[-99.02953132471396, 19.76258574768507], [-99.02948067758315, 19.76257428976369], [-99.02968439294247, 19.76143403267618], [-99.02981043053022, 19.7607310817479], [-99.02990017335435, 19.76023055421628], [-99.02999897003427, 19.75966513868172], [-99.03010611900676, 19.75905189514215], [-99.0303279732083, 19.7578303545147], [-99.03053165777047, 19.75666976074478], [-99.0305656797873, 19.75668568705436], [-99.03054447300003, 19.75680510702928], [-99.03036078192346, 19.75783950336673], [-99.03014751300142, 19.75906106489493], [-99.02993773912871, 19.76024197490455], [-99.02985672627496, 19.76069290379239], [-99.02972314696727, 19.76143641928158], [-99.02953132471396, 19.76258574768507]]], [[[-99.02829403055051, 19.758632587067], [-99.03010611900676, 19.75905189514215], [-99.02990017335435, 19.76023055421628], [-99.0280849019042, 19.75978637475176], [-99.02829403055051, 19.758632587067]]], [[[-99.02990017256158, 19.76023055863794], [-99.02968439294247, 19.76143403267618], [-99.02786553238919, 19.76097628802174], [-99.02808490766776, 19.75978637616209], [-99.02990017256158, 19.76023055863794]]], [[[-99.02948067407202, 19.76257428817284], [-99.02763360514274, 19.7621548546614], [-99.02765446391959, 19.76204885631578], [-99.02775111172484, 19.76155772156298], [-99.02786553304978, 19.7609762846649], [-99.02968439294247, 19.76143403267618], [-99.02948067407202, 19.76257428817284]]], [[[-99.0276336061074, 19.7621548491447], [-99.02760088610268, 19.76214570386323], [-99.02770741657086, 19.76159347057654], [-99.02782911487866, 19.76096260841861], [-99.02804493972734, 19.75977720055878], [-99.0282612247466, 19.75862117127951], [-99.0284760251458, 19.75745383662559], [-99.02869063582268, 19.75625713155817], [-99.02873800250045, 19.7562776197291], [-99.02851750154309, 19.75746753001464], [-99.02829403055051, 19.758632587067], [-99.02808490766776, 19.75978637616209], [-99.02786553238919, 19.76097628802174], [-99.02775111172484, 19.76155772156298], [-99.02765446391959, 19.76204885631578], [-99.0276336061074, 19.7621548491447]]], [[[-99.02760088610268, 19.76214570386323], [-99.02576236367582, 19.76169013811824], [-99.02597697903538, 19.76049795479745], [-99.02782911590165, 19.76096260009331], [-99.02760088610268, 19.76214570386323]]], [[[-99.02739316629916, 19.76330854252462], [-99.02555823683139, 19.7628552474252], [-99.02576236367582, 19.76169013811824], [-99.02760088610268, 19.76214570386323], [-99.02739316629916, 19.76330854252462]]], [[[-99.0271783218907, 19.76448265520327], [-99.02535083365011, 19.76402710983944], [-99.02537020258684, 19.76391767171113], [-99.025455477787, 19.7634358490124], [-99.02555823526484, 19.76285524387194], [-99.02739316588183, 19.76330854242152], [-99.0271783218907, 19.76448265520327]]], [[[-99.02535083365011, 19.76402710983944], [-99.02531086532807, 19.76402246257481], [-99.0255242905698, 19.76284382886243], [-99.02572115159242, 19.76168096201467], [-99.02594531583969, 19.76049107324853], [-99.02615666767477, 19.75930565920067], [-99.02618468506516, 19.75931704163863], [-99.02597697903538, 19.76049795479745], [-99.02576236367582, 19.76169013811824], [-99.0255582373631, 19.76285524439031], [-99.025455477787, 19.7634358490124], [-99.02537020258684, 19.76391767171113], [-99.02535083365011, 19.76402710983944]]], [[[-99.02531085591318, 19.76402246148012], [-99.02348421008249, 19.76357594289197], [-99.02371131671957, 19.76239510296029], [-99.0255242905698, 19.76284382886243], [-99.02531085591318, 19.76402246148012]]], [[[-99.0250971598184, 19.76519431306695], [-99.02325983899138, 19.76474097912403], [-99.02348421008249, 19.76357594289197], [-99.02531085591318, 19.76402246148012], [-99.0250971598184, 19.76519431306695]]], [[[-99.02489059312944, 19.76637070233681], [-99.02303029339545, 19.76590599756964], [-99.02312287589902, 19.76543607630336], [-99.02325983899138, 19.76474097912403], [-99.0250971598184, 19.76519431306695], [-99.02489059312944, 19.76637070233681]]], [[[-99.02371131572262, 19.76239510271353], [-99.02371131671957, 19.76239510296029], [-99.02348421008249, 19.76357594289197], [-99.02325982868118, 19.76474097664452], [-99.02312287589902, 19.76543607630336], [-99.02307639456625, 19.76547410220439], [-99.02321958333091, 19.76473180263607], [-99.02368193916935, 19.76236110967683], [-99.02371131572262, 19.76239510271353]]], [[[-99.02307639466801, 19.76547410212114], [-99.023076394668, 19.76547410212116], [-99.02307639456625, 19.76547410220439], [-99.02307639466801, 19.76547410212114]]], [[[-99.02299267149166, 19.7659081227166], [-99.0211639090285, 19.76546157918083], [-99.02136781893498, 19.76428518905382], [-99.02321958333091, 19.76473180263607], [-99.02299267149166, 19.7659081227166]]], [[[-99.02275448749323, 19.76709337586501], [-99.02094547601969, 19.76664018314828], [-99.02116391154598, 19.76546158510309], [-99.02299267006123, 19.765908130132], [-99.02275448749323, 19.76709337586501]]], [[[-99.0225318031803, 19.76828108848103], [-99.02199051194849, 19.76815089441802], [-99.02169919437607, 19.76786943653042], [-99.02054485971942, 19.7689516643762], [-99.02094547601969, 19.76664018314828], [-99.02275447206345, 19.76709345264615], [-99.0225318031803, 19.76828108848103]]], [[[-99.02054485971942, 19.7689516643762], [-99.02044337601406, 19.76904680948655], [-99.02041452805562, 19.76898127013683], [-99.02051111827029, 19.76891154501117], [-99.0206925246444, 19.76783223298341], [-99.02090902367824, 19.76663554922852], [-99.02112375863672, 19.76545241144471], [-99.0211639090285, 19.76546157918083], [-99.02094547256537, 19.76664018228275], [-99.02054485971942, 19.7689516643762]]], [[[-99.02069252400746, 19.76783223650392], [-99.01884553320002, 19.76740594255266], [-99.01906297890554, 19.76618891728233], [-99.02090902367824, 19.76663554922852], [-99.02069252400746, 19.76783223650392]]], [[[-99.0206925246444, 19.76783223298341], [-99.02051111827029, 19.76891154501117], [-99.02041453330718, 19.7689812770197], [-99.01866158509243, 19.76849202014798], [-99.01884553320002, 19.76740594255266], [-99.0206925246444, 19.76783223298341]]], [[[-99.02044337601406, 19.76904680948655], [-99.02044337795508, 19.76904681780227], [-99.01865461996003, 19.7685462180268], [-99.01866158509243, 19.76849202014798], [-99.02041452805562, 19.76898127013683], [-99.02044337601406, 19.76904680948655]]], [[[-99.01817520299494, 19.77117169847612], [-99.01865461921149, 19.76854622384676], [-99.02044337795508, 19.76904681780227], [-99.01817520299494, 19.77117169847612]]], [[[-99.01817520299494, 19.77117169847612], [-99.01810787629367, 19.7712347623179], [-99.01837988230791, 19.76973819519691], [-99.01860974780645, 19.76849637181603], [-99.01866158509243, 19.76849202014798], [-99.01865461921149, 19.76854622384676], [-99.01817520299494, 19.77117169847612]]], [[[-99.01837988278845, 19.76973819260093], [-99.01649784872613, 19.76925753598446], [-99.01672314278673, 19.76804054707193], [-99.01860974919626, 19.76849636371088], [-99.01837988278845, 19.76973819260093]]], [[[-99.01810787629367, 19.7712347623179], [-99.01627666449463, 19.77042256611109], [-99.01649784872613, 19.76925753598446], [-99.01837988278845, 19.76973819260093], [-99.01810787629367, 19.7712347623179]]], [[[-99.0169282555935, 19.76692341842306], [-99.01670746157642, 19.76808394403607], [-99.0164821673361, 19.7693009329231], [-99.01626098293104, 19.77046596302484], [-99.01607096473491, 19.7715090972187], [-99.0160384538388, 19.77149995350193], [-99.01621268079928, 19.77046580154656], [-99.01643422640758, 19.7692826978829], [-99.01688085004393, 19.76691196408088], [-99.0169282555935, 19.76692341842306]]], [[[-99.01621268079928, 19.77046580154656], [-99.01443188697189, 19.77002160530997], [-99.01464273087157, 19.76884523878393], [-99.01643422640758, 19.7692826978829], [-99.01621268079928, 19.77046580154656]]], [[[-99.0160384538388, 19.77149995350193], [-99.0142694304236, 19.77094508011804], [-99.01443188697189, 19.77002160530997], [-99.01621268079928, 19.77046580154656], [-99.0160384538388, 19.77149995350193]]], [[[-99.0142694304236, 19.77094508011804], [-99.01422173691594, 19.77093136697665], [-99.01437916112398, 19.770003341961], [-99.0145985911135, 19.76882927264527], [-99.01482202523867, 19.76762809676235], [-99.01486341698339, 19.76763953407474], [-99.01464273087157, 19.76884523878393], [-99.01443188697189, 19.77002160530997], [-99.0142694304236, 19.77094508011804]]], [[[-99.01437916112398, 19.770003341961], [-99.01257534838636, 19.76956583019713], [-99.01279101111857, 19.76838044178617], [-99.0145985911135, 19.76882927264527], [-99.01437916112398, 19.770003341961]]], [[[-99.01422173691594, 19.77093136697665], [-99.01242330029433, 19.77035606640309], [-99.01257534838636, 19.76956583019713], [-99.01437916112398, 19.770003341961], [-99.01422173691594, 19.77093136697665]]], [[[-99.01320824615613, 19.76599833245446], [-99.01279101111857, 19.76838044178617], [-99.01257534824381, 19.76956583093817], [-99.01242330029433, 19.77035606640309], [-99.0123854537526, 19.7703423770714], [-99.01252767477459, 19.7695521079352], [-99.01273378289574, 19.76836895899667], [-99.01315580999078, 19.76598008172727], [-99.01320824615613, 19.76599833245446]]], [[[-99.01273378289574, 19.76836895899667], [-99.01252767477459, 19.7695521079352], [-99.01065090406816, 19.76909852029492], [-99.01070215872117, 19.76881381895618], [-99.01075924555916, 19.7684967206917], [-99.01086634098849, 19.76790183799461], [-99.01273378289574, 19.76836895899667]]], [[[-99.0123854537526, 19.7703423770714], [-99.01053185891764, 19.76974200376392], [-99.01063982170623, 19.76915842089524], [-99.01065090406816, 19.76909852029492], [-99.01252767477459, 19.7695521079352], [-99.0123854537526, 19.7703423770714]]], [[[-99.06250629385067, 19.71966661193674], [-99.06561741251738, 19.7217634955376], [-99.06493912047004, 19.72233617099116], [-99.0617668970421, 19.72026769097211], [-99.06250629385067, 19.71966661193674]]], [[[-99.066398280576, 19.72110448554762], [-99.06323057851536, 19.71896806240989], [-99.06404687196763, 19.71827601080849], [-99.0672850965174, 19.72037278422241], [-99.066398280576, 19.72110448554762]]], [[[-99.06404687196763, 19.71827601080849], [-99.0656557061854, 19.71682506761479], [-99.06586110088831, 19.71701303024831], [-99.0658317956952, 19.71730548070094], [-99.0672850965174, 19.72037278422241], [-99.06404687196763, 19.71827601080849]]], [[[-99.0672850965174, 19.72037278422241], [-99.0658317956952, 19.71730548070094], [-99.06586110088831, 19.71701303024831], [-99.06588791732226, 19.71726370582686], [-99.06731835028413, 19.72034534671795], [-99.0672850965174, 19.72037278422241]]], [[[-99.06139465175929, 19.7253372670984], [-99.06070736620171, 19.72595468050229], [-99.0575725895005, 19.72395870839711], [-99.05830968497646, 19.7232899697482], [-99.06139465175929, 19.7253372670984]]], [[[-99.06070736620171, 19.72595468050229], [-99.05998225893177, 19.72655716580285], [-99.058552819264, 19.72562908149775], [-99.05689271443993, 19.72456108547724], [-99.0575725895005, 19.72395870839711], [-99.06070736620171, 19.72595468050229]]], [[[-99.058552819264, 19.72562908149775], [-99.05998225893177, 19.72655716580285], [-99.05968523439579, 19.72684937568608], [-99.05921720410586, 19.72722939053478], [-99.05781731342023, 19.72628678635005], [-99.058552819264, 19.72562908149775]]], [[[-99.0635005382509, 19.72355894478574], [-99.06358852411167, 19.72360106200115], [-99.05974282173634, 19.72690745512705], [-99.05927716686247, 19.72728512876532], [-99.05921720410586, 19.72722939053478], [-99.05968523439579, 19.72684937568608], [-99.05998225893177, 19.72655716580285], [-99.06070736620171, 19.72595468050229], [-99.06139465175929, 19.7253372670984], [-99.06208648576502, 19.72474867736675], [-99.06280037568608, 19.72412804117785], [-99.0635005382509, 19.72355894478574]]], [[[-99.01053185891764, 19.76974200376392], [-99.01048178216374, 19.76972827723604], [-99.0106544224508, 19.76879377277377], [-99.01071289126166, 19.76847725482827], [-99.01082005290247, 19.76789716870986], [-99.01156570510724, 19.76376758139105], [-99.01160257647663, 19.76373578618891], [-99.01086634098849, 19.76790183799461], [-99.01075924555916, 19.7684967206917], [-99.01070215872117, 19.76881381895618], [-99.01065090552603, 19.76909851219684], [-99.01053185891764, 19.76974200376392]]], [[[-99.01048178216374, 19.76972827723604], [-99.00865353931775, 19.76914152630603], [-99.00885072555641, 19.76806751289642], [-99.00890607478667, 19.76775672910637], [-99.00896482201489, 19.76743458076439], [-99.01082005155807, 19.76789717598733], [-99.01071289126166, 19.76847725482827], [-99.0106544224508, 19.76879377277377], [-99.01048178216374, 19.76972827723604]]], [[[-99.00865354088141, 19.7691415305736], [-99.00860765162383, 19.76913233796917], [-99.00881184188934, 19.76805551137526], [-99.00887051303165, 19.76774609796928], [-99.00893174634933, 19.76742317114167], [-99.00922719676115, 19.76578403543697], [-99.00926340280026, 19.76575281550633], [-99.00896482118065, 19.76743458533912], [-99.00890607478667, 19.76775672910637], [-99.00885072555641, 19.76806751289642], [-99.0086535415302, 19.7691415270161], [-99.00865354088141, 19.7691415305736]]], [[[-99.00654337980392, 19.7680981264864], [-99.00707898987827, 19.76763631295154], [-99.00767611605505, 19.76712145397166], [-99.00893174634933, 19.76742317114167], [-99.00887051303165, 19.76774609796928], [-99.00881297983551, 19.76805585236779], [-99.00860764543496, 19.76913233591883], [-99.00624987012385, 19.76835119448446], [-99.00654337980392, 19.7680981264864]]], [[[-98.99854344128167, 19.77034609431121], [-98.99872024483888, 19.76992766631641], [-99.00045982694965, 19.7705941676533], [-98.99992942631552, 19.77085419207404], [-98.99854344128167, 19.77034609431121]]], [[[-98.99780530160496, 19.77077072666573], [-98.99808166478145, 19.7703255795327], [-98.99960730048669, 19.7709609296352], [-98.99888006175304, 19.77127204310271], [-98.99780530160496, 19.77077072666573], [-98.99780530160496, 19.77077072666573], [-98.99780530160496, 19.77077072666573], [-98.99780530160496, 19.77077072666573], [-98.99780530160496, 19.77077072666573]]], [[[-98.99889290414932, 19.77150123758936], [-99.00000449904354, 19.7711029532101], [-99.000441492818, 19.77125631914611], [-99.0000500168111, 19.7723565357535], [-98.99959141090265, 19.77220919013153], [-98.9997385407712, 19.77179322009318], [-98.99889290414932, 19.77150123758936]]], [[[-98.99059281188812, 19.7741814784431], [-98.99055953756127, 19.77408503832288], [-98.99058466158665, 19.77404324789492], [-98.99064945580437, 19.77407452226588], [-98.99083438082374, 19.77407916596692], [-98.99082490107804, 19.77410218612444], [-98.99059281188812, 19.7741814784431]]], [[[-98.99036418877132, 19.77425958681045], [-98.99041931795338, 19.774039648373], [-98.99055953756127, 19.77408503832288], [-98.99059281188812, 19.7741814784431], [-98.99036418877132, 19.77425958681045]]], [[[-98.99881241734515, 19.77153007569268], [-98.99885007947607, 19.77165180777001], [-98.99856307851205, 19.77224274071701], [-98.99843256844946, 19.77220611660172], [-98.99834316075655, 19.7723834093089], [-98.99817759270486, 19.772334523388], [-98.99809874679104, 19.7724854120075], [-98.99776748224909, 19.77235930791391], [-98.99762996491164, 19.77274554948784], [-98.99669847370332, 19.77242991942319], [-98.9968662883551, 19.77224492043725], [-98.99881241734515, 19.77153007569268]]], [[[-98.99768162277864, 19.7709804493422], [-98.99780597839931, 19.77076967388136], [-98.9984367008087, 19.77106700608773], [-98.99882776392941, 19.77124819385325], [-98.99842583637307, 19.77138592389615], [-98.99768162277864, 19.7709804493422]]], [[[-98.99828363446146, 19.77130844753709], [-98.99843910717856, 19.77106580290814], [-98.99882762102382, 19.77124798259864], [-98.99842583637307, 19.77138592389615], [-98.99828363446146, 19.77130844753709]]], [[[-98.99768162277864, 19.7709804493422], [-98.99780597839931, 19.77076967388136], [-98.99843910717856, 19.77106580290814], [-98.99828363446146, 19.77130844753709], [-98.99768162277864, 19.7709804493422]]], [[[-98.99751214144919, 19.77122545499299], [-98.99768162277864, 19.7709804493422], [-98.99842583637307, 19.77138592389615], [-98.99804628178734, 19.77151634083906], [-98.99751214144919, 19.77122545499299]]], [[[-98.99804628178734, 19.77151634083906], [-98.997081640262, 19.77184779213074], [-98.99751214144919, 19.77122545499299], [-98.99804628178734, 19.77151634083906]]], [[[-99.08153601565003, 19.70578828325464], [-99.08097750905642, 19.70726650558143], [-99.07882869315252, 19.70500021246897], [-99.0798106600334, 19.7041431306996], [-99.08153601565003, 19.70578828325464]]], [[[-99.08097750905642, 19.70726650558143], [-99.08050837754587, 19.70848356640813], [-99.07764338654002, 19.70603475413673], [-99.07882869315252, 19.70500021246897], [-99.08097750905642, 19.70726650558143]]], [[[-99.08050837754587, 19.70848356640813], [-99.07975731093053, 19.71049595322162], [-99.07610668921862, 19.70748150579947], [-99.07604659204733, 19.70742841100609], [-99.07764338654002, 19.70603475413673], [-99.08050837754587, 19.70848356640813]]], [[[-99.07753728745922, 19.71637124215868], [-99.0774823744813, 19.7165165634705], [-99.07728783719557, 19.71649946244884], [-99.07170175319531, 19.71122032251436], [-99.0718771903777, 19.71106721711594], [-99.07753728745922, 19.71637124215868]]], [[[-99.071464060133, 19.71142950033389], [-99.0732465496901, 19.7130897446715], [-99.07270693262893, 19.71356203270269], [-99.07092444337192, 19.71190178308887], [-99.071464060133, 19.71142950033389]]], [[[-99.0758599196907, 19.71710608118652], [-99.07559838705474, 19.71721635381122], [-99.0703707031269, 19.71238622441042], [-99.07054600894756, 19.71223299339418], [-99.0758599196907, 19.71710608118652]]], [[[-99.07117837054781, 19.71910965195354], [-99.06744375350918, 19.72060874523675], [-99.06588790948933, 19.71726370929203], [-99.06586110598764, 19.71701297936048], [-99.06579795718676, 19.71695520721872], [-99.06727587366633, 19.71566526814217], [-99.07117837054781, 19.71910965195354]]], [[[-99.05471187126534, 19.73831487787177], [-99.05290608401792, 19.73854812931161], [-99.05270144527213, 19.73857456106973], [-99.05256722066181, 19.73859189779393], [-99.05249678916768, 19.73765064190432], [-99.05233564025055, 19.73549527220972], [-99.0544922638732, 19.73533533757945], [-99.05452845347838, 19.73582635067894], [-99.05471187126534, 19.73831487787177]]], [[[-99.05249678916768, 19.73765064190432], [-99.05256722066181, 19.73859189779393], [-99.05269615664609, 19.7402984729738], [-99.05014646622782, 19.74041759045855], [-99.04994918300133, 19.73779172471198], [-99.05249678916768, 19.73765064190432]]], [[[-99.04595329650685, 19.74667597118026], [-99.04603938207059, 19.74890307006859], [-99.04394682035309, 19.7490373014588], [-99.0438634794227, 19.74814904440677], [-99.04367039431868, 19.74586949571286], [-99.04587605613224, 19.74570853289129], [-99.04595329650685, 19.74667597118026]]], [[[-99.03714984152292, 19.75199780970486], [-99.03734183680672, 19.75495323609944], [-99.03733825571528, 19.75495352776385], [-99.03729364841566, 19.75474932829413], [-99.0365317936933, 19.7547982419399], [-99.03498237020173, 19.75489771006784], [-99.03492674653666, 19.7546368879595], [-99.03723600035822, 19.75446856464884], [-99.037217028624, 19.75425077741571], [-99.03724260409763, 19.75424913533312], [-99.03722465045982, 19.75399848421302], [-99.03720669138016, 19.75399963728264], [-99.037189888275, 19.75374915798839], [-99.03705528021281, 19.75207147235856], [-99.03714984152292, 19.75199780970486]]], [[[-99.03705528021281, 19.75207147235856], [-99.037189888275, 19.75374915798839], [-99.03487804692668, 19.75389614787203], [-99.03705528021281, 19.75207147235856]]], [[[-99.037189888275, 19.75374915798839], [-99.03720669138016, 19.75399963728264], [-99.03491338299212, 19.75414686509169], [-99.03489486269426, 19.75414686973249], [-99.03487804692668, 19.75389614787203], [-99.037189888275, 19.75374915798839]]], [[[-99.03491338299212, 19.75414686509169], [-99.03720669138016, 19.75399963728264], [-99.03722465045982, 19.75399848421302], [-99.03724260409763, 19.75424913533312], [-99.037217028624, 19.75425077741571], [-99.03721418585171, 19.7542181435778], [-99.03493041189914, 19.75438465384266], [-99.03491338299212, 19.75414686509169]]], [[[-99.03493041189914, 19.75438465384266], [-99.03721418585171, 19.7542181435778], [-99.037217028624, 19.75425077741571], [-99.03723600035822, 19.75446856464884], [-99.03492674653666, 19.7546368879595], [-99.03490495461459, 19.75438650977059], [-99.03493041189914, 19.75438465384266]]], [[[-99.03498237020173, 19.75489771006784], [-99.03729364841566, 19.75474932829413], [-99.03733825571528, 19.75495352776385], [-99.03734688904609, 19.75499304862297], [-99.03734500005805, 19.75499317366226], [-99.03500032044106, 19.75514836139297], [-99.03498237020173, 19.75489771006784]]], [[[-99.03501403654636, 19.75514748092137], [-99.03734500005805, 19.75499317366226], [-99.03736484298886, 19.7552436997025], [-99.03691338315588, 19.75527268543486], [-99.03503165429898, 19.75539348843673], [-99.03501403654636, 19.75514748092137]]], [[[-99.03691338315588, 19.75527268543486], [-99.03693484143996, 19.7555316135509], [-99.03504965388805, 19.75565363035156], [-99.03504958557123, 19.75565264299372], [-99.03503165429898, 19.75539348843673], [-99.03691338315588, 19.75527268543486]]], [[[-99.03693490088705, 19.75553233087281], [-99.03733701906246, 19.75550579200478], [-99.03735497304865, 19.75575644307091], [-99.03661556987794, 19.75582008673153], [-99.03502680551398, 19.75592208034554], [-99.03500382653604, 19.75565558037807], [-99.03504965388805, 19.75565363035156], [-99.03693490088705, 19.75553233087281]]], [[[-99.03661556987794, 19.75582008673153], [-99.03634658641165, 19.75608916432807], [-99.03618942667563, 19.75609925325791], [-99.03504475594008, 19.75617273163728], [-99.03502680551398, 19.75592208034554], [-99.03661556987794, 19.75582008673153]]], [[[-99.03618942667563, 19.75609925325791], [-99.03621150261505, 19.75637413486574], [-99.03506560454136, 19.7564380090428], [-99.03504475594008, 19.75617273163728], [-99.03618942667563, 19.75609925325791]]], [[[-99.03506560454136, 19.7564380090428], [-99.03495427224284, 19.7566562124159], [-99.03491444743445, 19.75619687365653], [-99.0348782321664, 19.75589360665414], [-99.03485864438287, 19.75564306528015], [-99.03269580475776, 19.75579317115761], [-99.03269648615186, 19.75565024148608], [-99.03487804692668, 19.75389614787203], [-99.03489486269426, 19.75414686973249], [-99.03491338299212, 19.75414686509169], [-99.03493041189914, 19.75438465384266], [-99.03490495461459, 19.75438650977059], [-99.03492674653666, 19.7546368879595], [-99.03498237020173, 19.75489771006784], [-99.03500032044106, 19.75514836139297], [-99.03501403654636, 19.75514748092137], [-99.03503165429898, 19.75539348843673], [-99.03504958557123, 19.75565264299372], [-99.03500382653604, 19.75565558037807], [-99.03502680551398, 19.75592208034554], [-99.03504475594008, 19.75617273163728], [-99.03506560454136, 19.7564380090428]]], [[[-99.0348782321664, 19.75589360665414], [-99.03271484024337, 19.75604371595581], [-99.03269580475776, 19.75579317115761], [-99.03485864438287, 19.75564306528015], [-99.0348782321664, 19.75589360665414]]], [[[-99.0348782321664, 19.75589360665414], [-99.03491444743445, 19.75619687365653], [-99.03273889917782, 19.75636030493054], [-99.0327148633988, 19.75604374925641], [-99.0348782321664, 19.75589360665414]]], [[[-99.03491444743445, 19.75619687365653], [-99.0349520090769, 19.75665636466721], [-99.03277254280603, 19.7568029451959], [-99.03273890269907, 19.75636035126636], [-99.03491444743445, 19.75619687365653]]], [[[-99.0349520090769, 19.75665636466721], [-99.03496030481871, 19.75690924670219], [-99.03497815080993, 19.75714789861704], [-99.03500917722748, 19.75740465168404], [-99.03502712397348, 19.75762993517008], [-99.03503378486025, 19.75791505320806], [-99.03286804449496, 19.75805961192937], [-99.03284721956545, 19.75778557711497], [-99.03283009419567, 19.75756023498705], [-99.0328105195996, 19.75730266421616], [-99.03279171045232, 19.75705516474575], [-99.03277254280603, 19.7568029451959], [-99.0349520090769, 19.75665636466721]]], [[[-99.00249284024294, 19.76813746175144], [-99.00290198174719, 19.76711170687057], [-99.00561118058972, 19.7681510631024], [-99.0044489605259, 19.76887384809783], [-99.00249284024294, 19.76813746175144]]], [[[-99.00227159491568, 19.76886852828322], [-99.00249284024294, 19.76813746175144], [-99.0044489605259, 19.76887384809783], [-99.00357057604708, 19.76935799289041], [-99.00227159491568, 19.76886852828322]]], [[[-99.00211077717645, 19.7693811207642], [-99.00218385587523, 19.76916031805187], [-99.00217956546511, 19.76912525574855], [-99.00319739799347, 19.76951190708094], [-99.00293479164787, 19.7696710208375], [-99.00211077717645, 19.7693811207642]]], [[[-99.00211077717645, 19.7693811207642], [-99.00293479164787, 19.7696710208375], [-99.0020066011031, 19.77011038348568], [-99.00189925811814, 19.77007153131675], [-99.00211077717645, 19.7693811207642]]], [[[-98.99094527007792, 19.77381639160616], [-98.99104209188758, 19.7738411585385], [-98.99105753880379, 19.77380293676416], [-98.99121915932996, 19.77396504267248], [-98.99082490107804, 19.77410218612444], [-98.99094527007792, 19.77381639160616]]], [[[-98.98984521049735, 19.77442685041882], [-98.98983804215305, 19.77436790852742], [-98.98983592863124, 19.77433760400943], [-98.98992318392933, 19.77432292395511], [-98.98994843729784, 19.77440230746319], [-98.98984521049735, 19.77442685041882]]], [[[-98.98960232664524, 19.77435561923467], [-98.98983804215305, 19.77436790852742], [-98.98984521049735, 19.77442685041882], [-98.98971285842734, 19.77446151570052], [-98.98966124934385, 19.77446554680519], [-98.98960930212198, 19.77445792386713], [-98.98960232664524, 19.77435561923467]]], [[[-98.98960930212198, 19.77445792386713], [-98.98943059957764, 19.77445653050912], [-98.9894565253505, 19.77430875360372], [-98.98950124730871, 19.77415319896651], [-98.98976470153738, 19.77416727672177], [-98.98978142394795, 19.77419615688347], [-98.98973706355868, 19.77436264393326], [-98.98960232664521, 19.77435561923466], [-98.98960930212198, 19.77445792386713]]], [[[-98.98973706355868, 19.77436264393326], [-98.98978142394795, 19.77419615688346], [-98.9898453375399, 19.77421462294474], [-98.9898133184708, 19.77436661936065], [-98.98973706355868, 19.77436264393326]]], [[[-98.98979737687505, 19.77403216052908], [-98.98988430857078, 19.77404131937232], [-98.9898779005079, 19.77418288891116], [-98.98993694515156, 19.77418549520919], [-98.98993266125242, 19.77423433739661], [-98.98995096766988, 19.77431623096965], [-98.98992318392933, 19.77432292395511], [-98.98983592863124, 19.77433760400943], [-98.98983804215305, 19.77436790852742], [-98.9898133184708, 19.77436661936065], [-98.9898453375399, 19.77421462294474], [-98.98978142394795, 19.77419615688346], [-98.98976470153738, 19.77416727672177], [-98.98979737687505, 19.77403216052908]]], [[[-98.98495248666512, 19.77644015748233], [-98.9849244442286, 19.77635940757517], [-98.98706929492904, 19.77560708056395], [-98.98710970022535, 19.77570655010063], [-98.98739057546116, 19.77562049349664], [-98.98746128233896, 19.77581178015019], [-98.98744713687942, 19.77583281980872], [-98.98741278408363, 19.77585003271902], [-98.98550130686928, 19.776516533108], [-98.98542606390485, 19.77629138671672], [-98.98495248666512, 19.77644015748233]]], [[[-99.05481354639639, 19.72748306826924], [-99.06288990052921, 19.73255899218666], [-99.06042581710402, 19.73625858595932], [-99.05481354639639, 19.72748306826924]]], [[[-98.9852553782816, 19.77588563781736], [-98.98525797458393, 19.77588680559827], [-98.98532653362973, 19.775917642491], [-98.98526773170173, 19.775978185958], [-98.98515756491842, 19.77609161537886], [-98.98488795644266, 19.77618468929901], [-98.98493995971259, 19.77612385161168], [-98.98517462751849, 19.77584931721118], [-98.9852553782816, 19.77588563781736]]], [[[-98.96899200972281, 19.79678567059511], [-98.96916637150858, 19.79648084657198], [-98.96926018684921, 19.79650939213015], [-98.96986417367093, 19.79669316812261], [-98.96966938345113, 19.79699177672682], [-98.96952751132471, 19.7969486092108], [-98.96949439039649, 19.79693853146676], [-98.96899200972281, 19.79678567059511]]], [[[-98.96924232910871, 19.79573900745354], [-98.96941910667475, 19.79533930971974], [-98.96947957728194, 19.79536039775189], [-98.97028459099005, 19.79564112991018], [-98.97046863670673, 19.79570531145755], [-98.97026613006335, 19.79607768574331], [-98.96924232910871, 19.79573900745354]]], [[[-98.98427113766694, 19.77684370555369], [-98.9841877894575, 19.77689975508951], [-98.98410010719213, 19.77679403661189], [-98.9842135505339, 19.77674199166898], [-98.98427113766694, 19.77684370555369]]], [[[-98.97749748760113, 19.77960082543293], [-98.97830232006885, 19.7780018182896], [-98.97928218032662, 19.77856361869695], [-98.97931024051285, 19.77835291898478], [-98.98055312337934, 19.77883025861438], [-98.97938999237772, 19.78037595342267], [-98.97749748760113, 19.77960082543293]]], [[[-98.97571097506123, 19.78558253340288], [-98.97564712800805, 19.78451698740994], [-98.97647131134958, 19.78481589512467], [-98.97620926545838, 19.78572428296746], [-98.97571097506123, 19.78558253340288]]], [[[-98.97755533283474, 19.78475406457797], [-98.97757490558372, 19.78476180490362], [-98.97691600908827, 19.78652461634852], [-98.9761627490602, 19.78634009188145], [-98.97715858873403, 19.78461329501265], [-98.97755533283474, 19.78475406457797]]], [[[-98.97597031829659, 19.78687145404064], [-98.97625224714089, 19.78636816355852], [-98.97648423193164, 19.78642127388219], [-98.97633009501509, 19.78706463130705], [-98.9761102670965, 19.78701026125374], [-98.97605758251153, 19.78699723072631], [-98.97604191274324, 19.78699335510452], [-98.97596521736013, 19.78697438592472], [-98.97591905439313, 19.78696296835347], [-98.97597031829659, 19.78687145404064]]], [[[-98.96817937056377, 19.79760015292915], [-98.96843338046966, 19.7970072546668], [-98.96949767706454, 19.7973569944918], [-98.9691356696745, 19.79798146409077], [-98.96817937056377, 19.79760015292915]]], [[[-98.9653149020114, 19.79996142266787], [-98.9653001925018, 19.79995653152051], [-98.96589790183931, 19.79897879389642], [-98.96753965256003, 19.79945973673115], [-98.96708973225046, 19.8004252127128], [-98.96539158090056, 19.79988534584966], [-98.9653149020114, 19.79996142266787]]], [[[-98.98471556805406, 19.7758999367208], [-98.98474347176456, 19.77585363404179], [-98.98482732366854, 19.77589043781391], [-98.98505522545966, 19.77598900443303], [-98.98488795644269, 19.77618468929898], [-98.98482536848718, 19.77621807811322], [-98.98480203033988, 19.77623052809732], [-98.98463948423483, 19.77631723877641], [-98.98457253586321, 19.77628637285402], [-98.98454840379416, 19.77627524723248], [-98.98453725035014, 19.77627010516776], [-98.98448646069643, 19.77625656219556], [-98.98465857343271, 19.77599450958128], [-98.98467664270959, 19.77596452754853], [-98.98470420087304, 19.77591879894372], [-98.98471142545209, 19.77590681084226], [-98.98471556805406, 19.7758999367208]]], [[[-98.98441146650033, 19.77657688184676], [-98.98440948907478, 19.77657221531381], [-98.98447452443435, 19.77653419001799], [-98.98451576891507, 19.77651007497098], [-98.98460536931336, 19.77645768576841], [-98.9846590940139, 19.77655989879417], [-98.98446610847739, 19.77670055436861], [-98.98441146650033, 19.77657688184676]]], [[[-98.98427356454089, 19.77662773164186], [-98.98429919849193, 19.77661726191688], [-98.98430523680439, 19.77661479536905], [-98.98440074331165, 19.77657578774744], [-98.98440941747428, 19.77657224422567], [-98.98441146650033, 19.77657688184676], [-98.98446610847739, 19.77670055436861], [-98.98435856832936, 19.77678269055114], [-98.98427356454089, 19.77662773164186]]], [[[-98.98427356454089, 19.77662773164186], [-98.98435856832936, 19.77678269055114], [-98.98427113766694, 19.77684370555369], [-98.98420682266388, 19.7767289410131], [-98.98420209325755, 19.77672065103373], [-98.9841765515333, 19.77667664171312], [-98.98417759222318, 19.77667525825355], [-98.98427356454089, 19.77662773164186]]], [[[-98.98410010719213, 19.77679403661189], [-98.98408469055659, 19.77680110936711], [-98.98418477900877, 19.77690156468926], [-98.98415784017689, 19.77691775778752], [-98.98409873175103, 19.77695328820167], [-98.98406748565868, 19.77691782941759], [-98.98406080922797, 19.77691025284774], [-98.98399246970247, 19.77683270278992], [-98.98408128663137, 19.77677134464419], [-98.98410010719213, 19.77679403661189]]], [[[-98.98409873175103, 19.77695328820167], [-98.98401459545593, 19.77702284144697], [-98.98395926780952, 19.77697234298809], [-98.98386204956927, 19.77688273085749], [-98.98384796914631, 19.77687075870646], [-98.98387694626759, 19.77685115392732], [-98.98395816847444, 19.77679620142689], [-98.98409873175103, 19.77695328820167]]], [[[-98.98383736272663, 19.77656228266913], [-98.98388251910391, 19.77653362523762], [-98.98389771330251, 19.77652519409666], [-98.98389682898573, 19.77652454380358], [-98.98411979600073, 19.77638304268517], [-98.98402930400708, 19.7763093593724], [-98.98404085055728, 19.77629762587501], [-98.98414172917765, 19.77619511384974], [-98.98417623411105, 19.77616004991025], [-98.98418272428371, 19.77615345458941], [-98.98451363294062, 19.77634680574833], [-98.98389262682483, 19.77661674771669], [-98.98383736272663, 19.77656228266913]]], [[[-98.98389682898573, 19.77652454380358], [-98.98388251910391, 19.77653362523762], [-98.9838678448378, 19.77654176787009], [-98.98383736272663, 19.77656228266913], [-98.98389262682483, 19.77661674771669], [-98.9837213663468, 19.77666162489465], [-98.98359431025355, 19.7765461021316], [-98.98355946563413, 19.7765144204362], [-98.98370110129925, 19.77638029937392], [-98.98379163541428, 19.77644718836522], [-98.98389682898573, 19.77652454380358]]], [[[-98.98241087684163, 19.77708418714456], [-98.98245704762537, 19.77700848944831], [-98.98267912898282, 19.77710484549924], [-98.98267790782593, 19.77710645666278], [-98.98280615865866, 19.77716073841658], [-98.98271522298214, 19.7772193096408], [-98.98241087684163, 19.77708418714456]]], [[[-98.98241087684163, 19.77708418714456], [-98.98271522298214, 19.7772193096408], [-98.98266746191518, 19.77725890116177], [-98.98263923445187, 19.7772475634232], [-98.9823689984568, 19.77713901811302], [-98.98241087684163, 19.77708418714456]]], [[[-98.98212789211918, 19.77766889531704], [-98.9822216488469, 19.77743303940557], [-98.98230734322978, 19.77747522588982], [-98.98212789211918, 19.77766889531704]]], [[[-98.9810776187496, 19.7783704296865], [-98.9811459875246, 19.77796437552334], [-98.98123067114275, 19.77802616491303], [-98.98121196978245, 19.77807693665887], [-98.98135364916591, 19.77819606137263], [-98.98111177420772, 19.77840637542431], [-98.9810776187496, 19.7783704296865]]], [[[-98.97775743853228, 19.78116804755372], [-98.97839044548557, 19.78001289962248], [-98.97913611527976, 19.78031587678646], [-98.97844425685716, 19.78144037721254], [-98.97775743853228, 19.78116804755372]]], [[[-98.97845999667364, 19.78191313626071], [-98.97824198232676, 19.7823142868263], [-98.9774708622226, 19.78197420363876], [-98.9775958488331, 19.78162204736957], [-98.97761823317254, 19.7815443371426], [-98.97845999667364, 19.78191313626071]]], [[[-98.97696506427778, 19.7835667433541], [-98.97710213651247, 19.78309451295006], [-98.97761369985321, 19.78329144314025], [-98.97736861911038, 19.78371222412307], [-98.97696506427778, 19.7835667433541]]], [[[-98.97696506427778, 19.7835667433541], [-98.97736861911038, 19.78371222412307], [-98.97739553588168, 19.78372192764304], [-98.97727000729763, 19.78401721164849], [-98.97691705552214, 19.78388453085031], [-98.97691486289754, 19.78388926229181], [-98.97681991503941, 19.78385144320528], [-98.97696506427778, 19.7835667433541]]], [[[-98.97652736259242, 19.78471485313248], [-98.97664739425615, 19.78435463730127], [-98.97669094338129, 19.78437029793001], [-98.97693072619933, 19.78445042823492], [-98.97630836527348, 19.78553622796523], [-98.97652736259242, 19.78471485313248]]], [[[-98.97757490558372, 19.78476180490362], [-98.97757516817295, 19.78476110236423], [-98.97755533283474, 19.78475406457797], [-98.97727492867963, 19.7846431743962], [-98.97712125145208, 19.78458240058302], [-98.97746241453652, 19.78400955553388], [-98.97967830477157, 19.78487297488393], [-98.97949118204913, 19.78551960739296], [-98.97760214745604, 19.78477257808977], [-98.97757490558372, 19.78476180490362]]], [[[-98.97597031829659, 19.78687145404064], [-98.97591905439313, 19.78696296835346], [-98.9761102670965, 19.78701026125374], [-98.97584950459367, 19.78754704842824], [-98.97569787185195, 19.78803479562886], [-98.97534959973716, 19.78784880102397], [-98.97597031829659, 19.78687145404064]]], [[[-98.9749480477131, 19.78578094614291], [-98.9759574709323, 19.78617807956146], [-98.97556950821996, 19.7868008142767], [-98.97506403553656, 19.78658682380816], [-98.9749480477131, 19.78578094614291]]], [[[-98.9749480477131, 19.78578094614291], [-98.97506403553656, 19.78658682380816], [-98.97556950821996, 19.7868008142767], [-98.97510279866886, 19.78761501377436], [-98.97385961128649, 19.7870493268089], [-98.97433963533089, 19.78558254408254], [-98.9749480477131, 19.78578094614291]]], [[[-98.97328351344355, 19.7884848169488], [-98.9737081657437, 19.78740950202267], [-98.97374861022044, 19.78723735405145], [-98.97395067914627, 19.78729476884536], [-98.97493632597516, 19.78760684534726], [-98.97497252822062, 19.78761830761228], [-98.97507937739285, 19.78765534853622], [-98.97445038177325, 19.78875587867314], [-98.97444719529085, 19.78876145389782], [-98.97328351344355, 19.7884848169488]]], [[[-98.97505087328454, 19.78881593942678], [-98.97515353041544, 19.78852065313608], [-98.97507947115292, 19.78849015842839], [-98.9750347407639, 19.78847189915513], [-98.97532636586747, 19.78798044922821], [-98.97535753691437, 19.78800750967617], [-98.97580576269003, 19.78839662524983], [-98.97588901295877, 19.78911394240635], [-98.97505087328454, 19.78881593942678]]], [[[-98.9750347407639, 19.78847189915513], [-98.97515353041544, 19.78852065313608], [-98.97505087328454, 19.78881593942678], [-98.97481184604949, 19.78950347915617], [-98.97481133317089, 19.78950329602664], [-98.97444088771822, 19.78940277079975], [-98.97439575166057, 19.78939052247802], [-98.97455746553364, 19.78912491393392], [-98.97482785196404, 19.78868081287892], [-98.97497118080163, 19.78844539820167], [-98.9750347407639, 19.78847189915513]]], [[[-98.96947957728194, 19.79536039775189], [-98.96977049275435, 19.79364514399042], [-98.96986927433535, 19.79367970348653], [-98.97075067386878, 19.79398806481321], [-98.97115903563778, 19.79413093001379], [-98.97117547275734, 19.79413668050854], [-98.97130382780301, 19.7941857877741], [-98.97046863670673, 19.79570531145755], [-98.97028459099005, 19.79564112991018], [-98.96947957728194, 19.79536039775189]]], [[[-98.96998319038049, 19.79641174597874], [-98.9698628263962, 19.79636952193489], [-98.96934910235787, 19.7962109243907], [-98.96907048231081, 19.79610719419667], [-98.96924232910871, 19.79573900745354], [-98.97025271180381, 19.79607392040262], [-98.97004550372225, 19.79643253843796], [-98.96998319038049, 19.79641174597874]]], [[[-98.96926018684921, 19.79650939213015], [-98.96934910235787, 19.7962109243907], [-98.9698628263962, 19.79636952193489], [-98.96998319038049, 19.79641174597874], [-98.96999718470244, 19.7964166552218], [-98.96986417367093, 19.79669316812261], [-98.96926018684921, 19.79650939213015]]], [[[-98.96899200972281, 19.79678567059511], [-98.96949439039649, 19.79693853146676], [-98.96952751132471, 19.7969486092108], [-98.96966938345113, 19.79699177672682], [-98.9696898129807, 19.79699799282067], [-98.9695038014022, 19.79733924939166], [-98.9688351707588, 19.79710791688935], [-98.96899200972281, 19.79678567059511]]], [[[-98.96780113075133, 19.79849358603163], [-98.9678904676857, 19.79826227878175], [-98.96815062513784, 19.79758869097706], [-98.96817937056377, 19.79760015292915], [-98.96816429297401, 19.79763534619621], [-98.96912474326764, 19.79800031226145], [-98.9691356696745, 19.79798146409077], [-98.9691584780085, 19.79799055851649], [-98.96870374323339, 19.79880753197496], [-98.96849345988265, 19.79873439192247], [-98.96780113075133, 19.79849358603163]]], [[[-98.96780113075133, 19.79849358603163], [-98.96849345988265, 19.79873439192247], [-98.96870374323339, 19.79880753197496], [-98.96821046321425, 19.7995951595842], [-98.96802540315902, 19.7995251408398], [-98.96754995234451, 19.79938036110246], [-98.96726629473977, 19.79928268531539], [-98.96753839754959, 19.79840220115474], [-98.96780113075133, 19.79849358603163]]], [[[-98.9653149020114, 19.79996142266787], [-98.96703874780445, 19.80053461851366], [-98.96708973225046, 19.8004252127128], [-98.9674484049876, 19.80053923742819], [-98.96764920782779, 19.80060307375023], [-98.96732090140145, 19.80106184490231], [-98.96729115567828, 19.80108872827295], [-98.96695355992213, 19.80139383709279], [-98.96637821766066, 19.8019138097463], [-98.96479283494469, 19.8014757566613], [-98.96504218442271, 19.80064474890531], [-98.9650495563183, 19.80022468408923], [-98.9653149020114, 19.79996142266787]]], [[[-98.96729115567828, 19.80108872827295], [-98.96621429689893, 19.80295538317193], [-98.96548978566766, 19.80272640994338], [-98.96729115567828, 19.80108872827295]]], [[[-98.96585795529866, 19.80343560355877], [-98.9658579140476, 19.80343563040767], [-98.9657222728816, 19.80352034561878], [-98.96540843643959, 19.8037163526317], [-98.96511289316476, 19.80359435323403], [-98.96548064579721, 19.80273366028002], [-98.96625740700985, 19.80298127838491], [-98.96609440588712, 19.80326458285402], [-98.96585795529866, 19.80343560355877]]], [[[-98.96501256492171, 19.80433758134571], [-98.96540843643959, 19.8037163526317], [-98.9657222728816, 19.80352034561878], [-98.9658579140476, 19.80343563040767], [-98.96585795529866, 19.80343560355877], [-98.96600782921438, 19.80332806160218], [-98.96533603900436, 19.80449516599959], [-98.96519703439385, 19.80442744818536], [-98.96501256492171, 19.80433758134571]]], [[[-98.96445657667076, 19.80530104936697], [-98.96501256492171, 19.80433758134571], [-98.96519703439385, 19.80442744818536], [-98.96533603900436, 19.80449516599959], [-98.96544967451996, 19.80455052482244], [-98.96491148438855, 19.80548983033961], [-98.96445657667076, 19.80530104936697]]], [[[-98.96445657667076, 19.80530104936697], [-98.96491148438855, 19.80548983033961], [-98.96438769113328, 19.80644342453218], [-98.96437569843435, 19.80646525774231], [-98.96436083702584, 19.8064993149111], [-98.9640908846252, 19.80638442445487], [-98.96390047177117, 19.80630729519756], [-98.96445657667076, 19.80530104936697]]], [[[-98.97688364927296, 19.78295299573452], [-98.97705685706835, 19.78242129222096], [-98.97799800263365, 19.78276082043635], [-98.97772020972897, 19.78326391581716], [-98.97688364927296, 19.78295299573452]]], [[[-98.9774708622226, 19.78197420363878], [-98.97824198232676, 19.7823142868263], [-98.97799800263365, 19.78276082043635], [-98.97732671400627, 19.78245533116365], [-98.9774708622226, 19.78197420363878]]], [[[-98.97574812105304, 19.78607784737943], [-98.97570507602549, 19.78570554725842], [-98.97614927664284, 19.78582320159402], [-98.97601333885486, 19.78613168075152], [-98.97574812105304, 19.78607784737943]]], [[[-98.977158588734, 19.78461329501268], [-98.97757490558372, 19.78476180490366], [-98.97735649870013, 19.78534613521319], [-98.97683794305169, 19.78516930283698], [-98.977158588734, 19.78461329501268]]], [[[-98.97845999667364, 19.78191313626071], [-98.97761823317254, 19.7815443371426], [-98.97774204471143, 19.78117176099487], [-98.97865747633328, 19.78152193903155], [-98.97867585152773, 19.78152896796671], [-98.97845999667364, 19.78191313626071]]], [[[-98.97719335505688, 19.783993392497], [-98.9769632114208, 19.78447011473872], [-98.97667088942015, 19.7843169062415], [-98.97681845789258, 19.78385877253391], [-98.97719335505688, 19.783993392497]]], [[[-98.92757396700105, 19.84080155283259], [-98.92667741199993, 19.84086304600008], [-98.92545316105618, 19.84056523301373], [-98.92792365599998, 19.83863702400006], [-98.92923541850843, 19.8391104179843], [-98.9284561566583, 19.84119202115052], [-98.92757396700105, 19.84080155283259]]], [[[-98.92545316105618, 19.84056523301373], [-98.92667741199993, 19.84086304600008], [-98.92757396700105, 19.84080155283259], [-98.92845591227473, 19.84119266437678], [-98.92405584845723, 19.84164800072972], [-98.92545316105618, 19.84056523301373]]], [[[-98.90097861007905, 19.8576825198203], [-98.90227806529236, 19.85641078510672], [-98.90421213745067, 19.85736817901699], [-98.90343232148372, 19.85824334365973], [-98.90226118749891, 19.85907784887621], [-98.90194436518925, 19.85886185727222], [-98.90066487285968, 19.85798955977372], [-98.90097861007905, 19.8576825198203]]], [[[-98.89984834315527, 19.85986221486294], [-98.90230866610023, 19.85948221160595], [-98.90132148605245, 19.86055018929746], [-98.89984834315527, 19.85986221486294]]], [[[-98.89555074625058, 19.86746373113286], [-98.89840300488612, 19.86978654369596], [-98.89834591530253, 19.87001984884961], [-98.89663490016636, 19.87066913889244], [-98.8943144442137, 19.8687938181342], [-98.89555074625058, 19.86746373113286]]], [[[-98.89901920224138, 19.86799482422262], [-98.89840300488612, 19.86978654369596], [-98.89555074625058, 19.86746373113286], [-98.89675163080179, 19.86615836862251], [-98.89901920224138, 19.86799482422262]]], [[[-98.90413793610291, 19.85607498173498], [-98.90443322412771, 19.85527291804368], [-98.90599279912757, 19.85554607832557], [-98.90456208656605, 19.85703855873771], [-98.90413793610291, 19.85607498173498]]], [[[-98.90413793610291, 19.85607498173498], [-98.90456208656605, 19.85703855873771], [-98.90426623509062, 19.85734717798448], [-98.90262411549777, 19.85651476436237], [-98.9028695968769, 19.85577830910544], [-98.90413793610291, 19.85607498173498]]], [[[-98.90604334084131, 19.85538941940423], [-98.90601929628892, 19.85546746637687], [-98.90599497822451, 19.85554640106848], [-98.90443955283571, 19.8552557278614], [-98.90413793610291, 19.85607498173503], [-98.90287695118239, 19.85578002935359], [-98.90383207900165, 19.85272071537359], [-98.90653495287516, 19.85340126861338], [-98.90664713630106, 19.85342951412717], [-98.906530480584, 19.85380817970205], [-98.90629809867768, 19.854562487924], [-98.90619226279203, 19.85490602713601], [-98.90606327082418, 19.85532472798162], [-98.90604334084131, 19.85538941940423]]], [[[-98.90224338814349, 19.85910614015734], [-98.90218876935747, 19.85912623048637], [-98.90213555727104, 19.85914551973812], [-98.90211993715006, 19.85915063884122], [-98.90203052121316, 19.85917974787941], [-98.90194306714359, 19.85920527338287], [-98.90187295593586, 19.85922374869947], [-98.90172364214864, 19.85925873522314], [-98.90166438441125, 19.85927007507203], [-98.90156746639956, 19.85928966974956], [-98.9013909454402, 19.8593271735005], [-98.90131568880648, 19.8593431625123], [-98.90120373618468, 19.85936694788274], [-98.90116101734459, 19.85937602344478], [-98.9010479240217, 19.85940005148952], [-98.90041066894877, 19.85953544013545], [-98.90005821828191, 19.85961031930545], [-98.89983212498649, 19.85965835307949], [-98.89958446769836, 19.85971096778502], [-98.89924341935426, 19.85949863622951], [-98.89998086760117, 19.8587127900872], [-98.89998100969883, 19.85871263866282], [-98.90068626000732, 19.85803959028999], [-98.90107538379873, 19.85830459680839], [-98.90144994796982, 19.85856475297455], [-98.90163644671861, 19.85868924403899], [-98.90190872141942, 19.85886815535036], [-98.90200629887522, 19.85893375481954], [-98.90210668302815, 19.85900755547192], [-98.90210697783974, 19.85900776807501], [-98.90210793827389, 19.85900846069143], [-98.9021079533423, 19.85900847155883], [-98.90210913068822, 19.85900932060021], [-98.90212296486737, 19.85901929710735], [-98.90214140197787, 19.85903259301106], [-98.9021737761101, 19.85905593957402], [-98.90223445903095, 19.85909970094839], [-98.90224338814349, 19.85910614015734]]], [[[-98.89663490016636, 19.87066913889244], [-98.89604898118546, 19.87094687672399], [-98.8958430109596, 19.87104451022099], [-98.89552470188676, 19.87119539359342], [-98.89183321028189, 19.87155447607874], [-98.89431444421368, 19.86879381813424], [-98.89663490016636, 19.87066913889244]]], [[[-98.89172461290161, 19.87358262035037], [-98.89170788356469, 19.87359783712697], [-98.88940674452239, 19.87569087877131], [-98.88863005210065, 19.87510490027369], [-98.89157575151671, 19.87187577806522], [-98.89331534673029, 19.87163856379649], [-98.89345786135021, 19.87174618317458], [-98.89348566292885, 19.87176717740161], [-98.89361396406888, 19.87186406325596], [-98.89172461290161, 19.87358262035037]]], [[[-98.88898387135252, 19.87037610151481], [-98.88723577238385, 19.86901740573652], [-98.8881204893035, 19.86805669397831], [-98.89196628590715, 19.87104481709933], [-98.89146030999204, 19.87158658137048], [-98.89067515323718, 19.87169059823376], [-98.8897236819187, 19.87095110112801], [-98.88898387135252, 19.87037610151481]]], [[[-98.8890632116668, 19.87207692730049], [-98.89130666148466, 19.87180946845081], [-98.88883243813034, 19.87454017852518], [-98.88619376337839, 19.87241897370744], [-98.88829815498968, 19.87216812890093], [-98.8890632116668, 19.87207692730049]]], [[[-98.88793109128781, 19.87381745820925], [-98.88775391455245, 19.87367317554022], [-98.88883243813034, 19.8745401785252], [-98.8877506406218, 19.87573393385218], [-98.88564605453948, 19.87397481696868], [-98.88671194178626, 19.87283989880369], [-98.88793109128781, 19.87381745820925]]], [[[-98.8856071209058, 19.87563916221209], [-98.88310702072276, 19.87361362081948], [-98.88386471973746, 19.87274060281604], [-98.88400248547289, 19.87267800127919], [-98.8877506406218, 19.87573393385218], [-98.88690154696144, 19.8766878515279], [-98.88573677168606, 19.87574420084587], [-98.8856071209058, 19.87563916221209]]], [[[-98.8859013961308, 19.87891652767022], [-98.8853574148458, 19.87941574590387], [-98.88468046799758, 19.88003698150127], [-98.88459288456347, 19.88238508631764], [-98.88208293232924, 19.88228130684605], [-98.88717588103732, 19.87669891869695], [-98.88780696742546, 19.87716772363022], [-98.8859013961308, 19.87891652767022]]], [[[-98.88324066894933, 19.8844006010921], [-98.88167203488908, 19.88433028538319], [-98.8812715227258, 19.88317064396108], [-98.88208293232924, 19.88228130684605], [-98.88459288456347, 19.88238508631764], [-98.88451557303566, 19.88445773981642], [-98.88348277445644, 19.88441145249569], [-98.88324066894933, 19.8844006010921]]], [[[-98.88235544377474, 19.88517637045652], [-98.88279457750035, 19.88572002784963], [-98.8841660465433, 19.8874179063195], [-98.88369762356378, 19.88834793381096], [-98.87885596509987, 19.88581810945482], [-98.88001075858698, 19.88455246416114], [-98.880125728956, 19.88442645594355], [-98.8812715227258, 19.88317064396108], [-98.88167203488908, 19.88433028538319], [-98.88235544377474, 19.88517637045652]]], [[[-98.8760397479851, 19.88569142863777], [-98.87652796880005, 19.88594290758505], [-98.87683301447501, 19.88610003328304], [-98.8770566892276, 19.88621524517751], [-98.87795752568431, 19.88667924953742], [-98.8771960210528, 19.88753817466828], [-98.87274302679582, 19.88525288400863], [-98.8735059407039, 19.88438624888358], [-98.8760397479851, 19.88569142863777]]], [[[-98.87671463041315, 19.88871141439849], [-98.87654143844294, 19.88864757776222], [-98.87669761976001, 19.88847368681951], [-98.87707956997103, 19.8886144689002], [-98.87692338892995, 19.88878836017669], [-98.8767365193774, 19.8887194824119], [-98.87671463041315, 19.88871141439849]]], [[[-98.88034261807135, 19.88216851987694], [-98.88147322137155, 19.88088877168854], [-98.88590067813827, 19.87587699192122], [-98.88690154730669, 19.87668785114], [-98.8797152355875, 19.88467902655374], [-98.87928197445311, 19.88438931282201], [-98.87916395674316, 19.88432702912492], [-98.87866722181177, 19.88406487650123], [-98.88034261807135, 19.88216851987694]]], [[[-98.87826345507783, 19.88452735247085], [-98.87866722181177, 19.88406487650123], [-98.87916395674316, 19.88432702912492], [-98.87928197445311, 19.88438931282201], [-98.8797152355875, 19.88467902655374], [-98.87874192682165, 19.88579386167417], [-98.8776574140234, 19.88522150739463], [-98.87812960646383, 19.88468066238485], [-98.87826345507783, 19.88452735247085]]], [[[-98.87776183511902, 19.88867997722204], [-98.87770031520093, 19.88874948036541], [-98.87707956997103, 19.8886144689002], [-98.87669761976001, 19.88847368681951], [-98.87685374952271, 19.88829985275505], [-98.877429304307, 19.88765902854929], [-98.87827643810526, 19.88809859275799], [-98.87776183511902, 19.88867997722204]]], [[[-98.87555643557153, 19.88875631901838], [-98.87559290366208, 19.88871553778656], [-98.8757148333208, 19.88857918709768], [-98.87601698889388, 19.88873455367427], [-98.87564805389971, 19.88917055070239], [-98.87533033850751, 19.88900915631601], [-98.87555643557153, 19.88875631901838]]], [[[-98.87581881989661, 19.88836672156725], [-98.87576979620839, 19.88834865092024], [-98.87149961480554, 19.88677454962174], [-98.87224703069226, 19.88594044206356], [-98.8769645605857, 19.88767942636926], [-98.87621716106295, 19.88851355365726], [-98.87581881989661, 19.88836672156725]]], [[[-98.87800657709592, 19.8897510414787], [-98.87932431883526, 19.89045031030012], [-98.88166715364467, 19.89169351260676], [-98.88138713471847, 19.89217900560493], [-98.87592017784483, 19.88928278670004], [-98.87629329121775, 19.88884185062231], [-98.87634316378994, 19.88886831692207], [-98.87668788745168, 19.8890512537206], [-98.87800657709592, 19.8897510414787]]], [[[-98.87659388781444, 19.88878796314194], [-98.87666033537218, 19.88881271874811], [-98.87684151325914, 19.88888021795493], [-98.87668788745168, 19.8890512537206], [-98.87634316378994, 19.88886831692207], [-98.87646010663647, 19.88873812172084], [-98.87659388781444, 19.88878796314194]]], [[[-98.87801286430081, 19.89161143445293], [-98.87743888727151, 19.89130775775281], [-98.87517589739583, 19.8901104378203], [-98.87592017784483, 19.88928278670004], [-98.88138713471847, 19.89217900560493], [-98.88080185558097, 19.8930869761932], [-98.87850704354256, 19.89187288975357], [-98.87801286430081, 19.89161143445293]]], [[[-98.87287106699175, 19.88899520289203], [-98.87050313988381, 19.88780299445315], [-98.87126157762572, 19.88695392037899], [-98.87533033850751, 19.88900915631601], [-98.87564805389971, 19.88917055070239], [-98.87490739053348, 19.89002041545352], [-98.8736759975441, 19.88940045961215], [-98.87287106699175, 19.88899520289203]]], [[[-98.87179833174959, 19.89085861063312], [-98.86895001514804, 19.8894270576937], [-98.87044555418944, 19.8877740010454], [-98.8705031398828, 19.887802994455], [-98.87287106699175, 19.88899520289203], [-98.87367599754435, 19.88940045961163], [-98.87490739053348, 19.89002041545352], [-98.87345239020878, 19.89168990128942], [-98.87341615665477, 19.89167169142001], [-98.87325804354127, 19.89158406763672], [-98.8732520717254, 19.89158922723861], [-98.87210512668052, 19.89101280032599], [-98.87179833174959, 19.89085861063312]]], [[[-98.87501834923597, 19.89246598556651], [-98.87368720490043, 19.89175122852281], [-98.87517589739583, 19.8901104378203], [-98.87743888727148, 19.89130775775281], [-98.876404438679, 19.89321022793671], [-98.87554721311169, 19.89274995411662], [-98.87501834923597, 19.89246598556651]]], [[[-98.89899071694416, 19.86571513684527], [-98.89869509205629, 19.86547473774934], [-98.89798897209356, 19.86490052338242], [-98.89790361974364, 19.86483111483795], [-98.8981965760953, 19.8645021090302], [-98.89828395922927, 19.86457183421849], [-98.89885376111495, 19.86502649084577], [-98.89900774519685, 19.86514935714747], [-98.89964864006717, 19.8656607336952], [-98.89934781110105, 19.86600552048949], [-98.89899071694416, 19.86571513684527]]], [[[-99.03167860839666, 19.76176174032448], [-99.0298417978358, 19.76132880382791], [-99.0300563943438, 19.76013435688128], [-99.03189581862065, 19.76058085407497], [-99.03167860839666, 19.76176174032448]]], [[[-99.02937971696159, 19.76364754821903], [-99.02754853183042, 19.76321234990632], [-99.02775226158923, 19.762047241495], [-99.0295993338862, 19.76246667476429], [-99.02937971696159, 19.76364754821903]]], [[[-99.0272969837848, 19.76437503474411], [-99.02720897816164, 19.76484952753592], [-99.02708090759302, 19.76554914454676], [-99.02525691114826, 19.76510040053521], [-99.0254694973117, 19.76391949918171], [-99.0272969837848, 19.76437503474411]]], [[[-99.05781731, 19.72628679], [-99.05628356, 19.72521245], [-99.05689271, 19.72456109], [-99.05855282, 19.72562908], [-99.05781731, 19.72628679]]], [[[-98.97187402306916, 19.79227327222774], [-98.97238742325031, 19.79230650015488], [-98.97238664298786, 19.79224402501544], [-98.97238025573563, 19.79173242608168], [-98.97208541451968, 19.79164939880092], [-98.97187402306916, 19.79227327222774]]], [[[-98.97174518886075, 19.79261844703656], [-98.97215522218357, 19.79274722652555], [-98.97238274521956, 19.79234692484451], [-98.97238742325031, 19.79230650015488], [-98.97187402306916, 19.79227327222774], [-98.97186240251094, 19.79227252011282], [-98.97174518886075, 19.79261844703656]]], [[[-98.97164884015719, 19.79290009906298], [-98.9720045597032, 19.79301078162984], [-98.97215522218357, 19.79274722652555], [-98.97174518886075, 19.79261844703656], [-98.97164884015719, 19.79290009906298]]], [[[-98.97150930734757, 19.79330795857223], [-98.97151116989023, 19.79330854035328], [-98.97178538034744, 19.79339419207073], [-98.9720045597032, 19.79301078162984], [-98.97164883650844, 19.79290009792764], [-98.97150930734757, 19.79330795857223]]], [[[-98.97137264394668, 19.79370586865513], [-98.97157187938053, 19.79376766726406], [-98.97178538034744, 19.79339419207073], [-98.97151116989023, 19.79330854035328], [-98.97137264394668, 19.79370586865513]]], [[[-98.97123532365005, 19.79408716634672], [-98.9714407698517, 19.79400301807316], [-98.97157187938053, 19.79376766726406], [-98.97137264394668, 19.79370586865513], [-98.97123532365005, 19.79408716634672]]], [[[-98.99030444873162, 19.77422419252347], [-98.98993158911902, 19.77419220359332], [-98.98993158698416, 19.77422619765768], [-98.98988108770017, 19.77422619480849], [-98.98982730012759, 19.77435197146231], [-98.98984775456242, 19.77435955362311], [-98.98987844686111, 19.77436134737628], [-98.98993139392158, 19.77434935034403], [-98.98994343676722, 19.77440681997732], [-98.99028768520886, 19.77429076622192], [-98.99030444873162, 19.77422419252347]]], [[[-98.92775600274389, 19.83595720261084], [-98.93009785993392, 19.83677433640041], [-98.93090642375498, 19.83465833462515], [-98.92852047117418, 19.83386440360679], [-98.92775600274389, 19.83595720261084]]], [[[-98.9268698166357, 19.83797773658203], [-98.92799528227148, 19.83838821074091], [-98.93009785992697, 19.83677433641866], [-98.92775600274389, 19.83595720261084], [-98.92770584987943, 19.83593970256748], [-98.9268698166357, 19.83797773658203]]], [[[-98.92406830564846, 19.8387326039525], [-98.92650500180504, 19.83955033455203], [-98.92799528227148, 19.83838821074091], [-98.92465525939743, 19.83717002750768], [-98.92406830564846, 19.8387326039525]]], [[[-98.97867585152773, 19.78152896796671], [-98.97844425685716, 19.78144037721254], [-98.97913611527976, 19.78031587678646], [-98.97935419974556, 19.78041348859758], [-98.97867585152773, 19.78152896796671]]], [[[-98.9127563353317, 19.8501494483839], [-98.9107720103897, 19.8517159049587], [-98.91087733694309, 19.8514079824402], [-98.91258136495648, 19.8500812430546], [-98.9127563353317, 19.8501494483839]]], [[[-98.8950381366414, 19.8680073194497], [-98.89555844189042, 19.8674538584084], [-98.89564000917892, 19.8675196309253], [-98.8956164755525, 19.8675458510052], [-98.8953697539762, 19.8678213200181], [-98.8951330492234, 19.868085561817], [-98.8950381366414, 19.8680073194497]]], [[[-98.8944927611456, 19.8685936128856], [-98.8950381366414, 19.8680073194497], [-98.8951330492234, 19.868085561817], [-98.89512284996161, 19.8680969421961], [-98.8948729254966, 19.8683744147842], [-98.8949272370469, 19.8684181036485], [-98.894679729713, 19.8686935169849], [-98.8946468089701, 19.8687301417886], [-98.8944927611456, 19.8685936128856]]], [[[-98.89261515396801, 19.8706826237643], [-98.8937550512755, 19.8694144307729], [-98.89391661154322, 19.8695441962045], [-98.8936930074123, 19.8697935511581], [-98.8934449797458, 19.8700693509923], [-98.89319804946972, 19.870345485489], [-98.892950679233, 19.8706211946372], [-98.8928317352232, 19.8707536117716], [-98.89261515396801, 19.8706826237643]]], [[[-98.8916916603039, 19.8717098750522], [-98.89261515396801, 19.8706826237643], [-98.8928317352232, 19.8707536117716], [-98.8927034230618, 19.8708964606951], [-98.892455497702, 19.8711712741537], [-98.89220875552631, 19.8714466934373], [-98.89201697838689, 19.871660460448], [-98.8916916603039, 19.8717098750522]]], [[[-98.89148722604068, 19.8719371889966], [-98.8918128214864, 19.8718880279681], [-98.89171374919759, 19.871998478883], [-98.8916674155413, 19.8720498701422], [-98.89148722604068, 19.8719371889966]]], [[[-98.8901817178284, 19.8733834617113], [-98.89148722604068, 19.8719371889966], [-98.8916674155413, 19.8720498701422], [-98.8914654188055, 19.8722739142095], [-98.8912178140177, 19.8725486086028], [-98.8909701117678, 19.8728248930581], [-98.890723947526, 19.8730997502852], [-98.890475479716, 19.8733755636453], [-98.8903418858888, 19.8735251942017], [-98.8901817178284, 19.8733834617113]]], [[[-98.8886404418738, 19.8750968045839], [-98.8901817178284, 19.8733834617113], [-98.8903418858888, 19.8735251942017], [-98.8902289690346, 19.8736516670304], [-98.8899807292699, 19.873926738799], [-98.8897332335548, 19.874202045627], [-98.8894851542007, 19.874477496326], [-98.8892379909751, 19.8747529833843], [-98.888990072477, 19.8750281714024], [-98.8888119476346, 19.8752264723435], [-98.8886404418738, 19.8750968045839]]], [[[-98.8937550512755, 19.8694144307729], [-98.8944927611456, 19.8685936128856], [-98.8946468089701, 19.8687301417886], [-98.8944323457935, 19.8689687854499], [-98.8941867390408, 19.8692419851855], [-98.8939399450225, 19.8695181750479], [-98.89391661154322, 19.8695441962045], [-98.8937550512755, 19.8694144307729]]], [[[-98.9838425002183, 19.7768312760337], [-98.9839431509655, 19.7767834283239], [-98.9839919323499, 19.7768380155465], [-98.98389352772591, 19.7768858131735], [-98.9838425002183, 19.7768312760337]]], [[[-98.98394230803041, 19.7767824125121], [-98.98405374533418, 19.7767300965653], [-98.98409704598099, 19.7767875303084], [-98.9839928422705, 19.7768381697863], [-98.98394230803041, 19.7767824125121]]], [[[-98.8978426350937, 19.8650644122497], [-98.8976872810339, 19.8652382004744], [-98.8976036611193, 19.8651713975029], [-98.89790361871711, 19.8648311166447], [-98.89798976767771, 19.8649011741787], [-98.8978426350937, 19.8650644122497]]], [[[-98.9060051894462, 19.8555622409042], [-98.9045199594723, 19.8571459956411], [-98.90442070087559, 19.8568639302887], [-98.90443628876, 19.8568472657045], [-98.9045640402456, 19.8567110769022], [-98.9048201632282, 19.8564389614132], [-98.90508091799342, 19.8561662154332], [-98.90561585426718, 19.8556358209016], [-98.90575120750738, 19.8555139586159], [-98.9059470300035, 19.8555511853055], [-98.9060051894462, 19.8555622409042]]], [[[-98.9045199594723, 19.8571459956411], [-98.9042603076071, 19.8574228621454], [-98.9042194302392, 19.8574042062582], [-98.90401273893451, 19.8572996655588], [-98.9040563201032, 19.8572533210764], [-98.90442070087559, 19.8568639302887], [-98.9045199594723, 19.8571459956411]]], [[[-98.8929571376877, 19.8700215069025], [-98.8926823147771, 19.8703263338627], [-98.892491077963, 19.8702516287653], [-98.89249128826998, 19.8702513848984], [-98.8927432215587, 19.8699801071603], [-98.8927731510782, 19.8699467070567], [-98.8929571376877, 19.8700215069025]]], [[[-98.90241662850221, 19.8590587473026], [-98.9022688969411, 19.8591245357627], [-98.9021066830282, 19.8590075554719], [-98.9022758983779, 19.8589056045272], [-98.90243256989848, 19.8587926397061], [-98.9025845171385, 19.8586734367564], [-98.9027234751601, 19.8585530969845], [-98.9028650993765, 19.8584301107658], [-98.9030065810346, 19.8583055971315], [-98.9031478800502, 19.8581826466535], [-98.903289322609, 19.8580588828248], [-98.9034215806166, 19.857928634504], [-98.9035490470641, 19.8577928348807], [-98.90367570024948, 19.8576590137883], [-98.9038026221206, 19.8575227618426], [-98.9039292751998, 19.8573884073918], [-98.90401273893451, 19.8572996655588], [-98.9042194302392, 19.8574042062582], [-98.9041057620966, 19.8575308143064], [-98.9038568170675, 19.8578055352013], [-98.9037328442983, 19.8579451685448], [-98.9034894762561, 19.8582192864538], [-98.9031032766975, 19.858621730646], [-98.90261409277912, 19.8589469884733], [-98.90241662850221, 19.8590587473026]]], [[[-98.89645499184661, 19.8661416309932], [-98.8958397994035, 19.8668240036746], [-98.895640100878, 19.8667517098211], [-98.8957109403389, 19.8666727785892], [-98.8959576597895, 19.8663969295117], [-98.8962050558619, 19.8661221468188], [-98.8962592533075, 19.8660616226927], [-98.89645499184661, 19.8661416309932]]], [[[-98.90856964558311, 19.8534510082203], [-98.9082628054711, 19.8536954865926], [-98.9080186997695, 19.8536336031503], [-98.9083358660988, 19.8533866724887], [-98.90856964558311, 19.8534510082203]]], [[[-98.8926823147771, 19.8703263338627], [-98.8921617256173, 19.8709037426544], [-98.8920177125008, 19.87078790297], [-98.8922469244779, 19.8705290920165], [-98.892491077963, 19.8702516287653], [-98.8926823147771, 19.8703263338627]]], [[[-98.8949699564856, 19.8677888053367], [-98.894836420319, 19.8679369302793], [-98.8948650666496, 19.8676173874723], [-98.8949681787107, 19.8675004306082], [-98.8949699564856, 19.8677888053367]]], [[[-98.8719190610286, 19.8938674653856], [-98.8718463040483, 19.8939489518742], [-98.8716854586446, 19.8938605105249], [-98.8726339108351, 19.8927903333105], [-98.8728027380953, 19.8928839666261], [-98.87275839029549, 19.8929336010752], [-98.8725590073426, 19.8931557361193], [-98.8723153534806, 19.8934258877381], [-98.87211540619748, 19.8936473350672], [-98.8719190610286, 19.8938674653856]]], [[[-98.897029746622, 19.8655040553523], [-98.89645499184661, 19.8661416309932], [-98.8962592533075, 19.8660616226927], [-98.8964508844314, 19.8658476339643], [-98.8966987089883, 19.8655722905291], [-98.89683751825699, 19.865417507058], [-98.897029746622, 19.8655040553523]]], [[[-98.91035556215479, 19.8520280089435], [-98.90856964558311, 19.8534510082203], [-98.9083358660988, 19.8533866724887], [-98.91015164427499, 19.8519729894949], [-98.91035556215479, 19.8520280089435]]], [[[-98.8715783339171, 19.8937813614568], [-98.8705546338931, 19.894912476406], [-98.87050362115572, 19.8948859434688], [-98.8705203451162, 19.8948674302414], [-98.8707152482184, 19.8946505898454], [-98.87088028952628, 19.894465889462], [-98.8710593567097, 19.8942670294123], [-98.87122499025878, 19.8940814254486], [-98.87143414800109, 19.8938490693631], [-98.87152141020908, 19.8937519056648], [-98.8715783339171, 19.8937813614568]]], [[[-98.87497572635529, 19.8900026731602], [-98.8734601650084, 19.8916835644741], [-98.8734060774334, 19.891656081314], [-98.8749193499078, 19.8899706433466], [-98.8749649098801, 19.8899934932285], [-98.87497572635529, 19.8900026731602]]], [[[-98.89858975067769, 19.8642358650632], [-98.8984964451821, 19.8641618272687], [-98.8988001355245, 19.8638486754955], [-98.8988794694794, 19.8639109390016], [-98.89858975067769, 19.8642358650632]]], [[[-98.89932189585872, 19.8634143362832], [-98.8991785197587, 19.8635775866534], [-98.89910236803762, 19.8635129122499], [-98.8993804091801, 19.8631861264514], [-98.8994630893865, 19.8632582778684], [-98.8994485513355, 19.8632744455688], [-98.89932189585872, 19.8634143362832]]], [[[-98.89775838715721, 19.8646958607132], [-98.897029746622, 19.8655040553523], [-98.89683751825699, 19.865417507058], [-98.89694576866302, 19.8652967836325], [-98.89719403165772, 19.8650202378421], [-98.897440831065, 19.8647457602822], [-98.8975564404585, 19.8646169889059], [-98.89775838715721, 19.8646958607132]]], [[[-98.87342644542179, 19.891715521672], [-98.872530609466, 19.8927089283477], [-98.8724814686434, 19.8926835178738], [-98.8726620543064, 19.8924802563285], [-98.8729158225559, 19.8921987070002], [-98.873108681667, 19.8919851518164], [-98.8732953757982, 19.8917749085271], [-98.87337497639142, 19.8916868203988], [-98.87342644542179, 19.891715521672]]], [[[-98.90030078118069, 19.86187555507], [-98.89964385255992, 19.8626042768569], [-98.8994285221148, 19.8625314814007], [-98.8995431828213, 19.8624025183829], [-98.8996681545303, 19.862265346626], [-98.8997899461638, 19.8621269439835], [-98.8999157768645, 19.8619901068923], [-98.90003765414319, 19.8618515324232], [-98.9000720443745, 19.8618129464195], [-98.90030078118069, 19.86187555507]]], [[[-98.9021390362355, 19.8595009384892], [-98.9012215773578, 19.8596701349186], [-98.9012139973019, 19.8596333327846], [-98.9023726510337, 19.8593922000023], [-98.9021817880766, 19.8596251911307], [-98.9021390362355, 19.8595009384892]]], [[[-98.8982751124299, 19.864122680108], [-98.89775838715721, 19.8646958607132], [-98.8975564404585, 19.8646169889059], [-98.8976878115083, 19.8644706498958], [-98.8979355465174, 19.8641942202124], [-98.8980795626413, 19.8640337184182], [-98.8982751124299, 19.864122680108]]], [[[-98.9018317947344, 19.8600524403431], [-98.9013004160793, 19.8607010899861], [-98.9011234805672, 19.8606182779177], [-98.9012226891833, 19.860512502726], [-98.90135483118, 19.8605759330456], [-98.9018317947344, 19.8600524403431]]], [[[-98.8996961087895, 19.8629991609581], [-98.8994630893865, 19.8632582778684], [-98.8993804091801, 19.8631861264514], [-98.8998293975756, 19.8626835979715], [-98.8999336573669, 19.8627360158551], [-98.8996961087895, 19.8629991609581]]], [[[-98.8939425723161, 19.8689284615457], [-98.8935924286526, 19.8693168356002], [-98.8934106824079, 19.8692349799987], [-98.89348408625258, 19.8691526443397], [-98.89373115702821, 19.8688771510976], [-98.8937516226332, 19.8688545080199], [-98.8939425723161, 19.8689284615457]]], [[[-98.9695093575632, 19.7973721527635], [-98.96919762457571, 19.7979888491617], [-98.96908170595118, 19.797943798311], [-98.96915110150822, 19.7978270355782], [-98.9692425313587, 19.797668363502], [-98.96933411377562, 19.7975097636973], [-98.9694254668895, 19.7973510553606], [-98.96942992709002, 19.79734332958], [-98.9695093575632, 19.7973721527635]]], [[[-98.9013548511128, 19.860682739228], [-98.9005705089288, 19.8615767677855], [-98.90053494481782, 19.8610165555462], [-98.9005155007716, 19.8609205104183], [-98.9005418212056, 19.8608336541631], [-98.9006093011666, 19.8606504522157], [-98.9006692868922, 19.860461254651], [-98.9006973069393, 19.8603749867081], [-98.9013548511128, 19.860682739228]]], [[[-98.9675899748806, 19.7994542492544], [-98.96709227915498, 19.8004852132553], [-98.96629037154992, 19.8002094296114], [-98.966533764982, 19.7997893864819], [-98.96688695348341, 19.7991960177356], [-98.9672481369005, 19.799319401707], [-98.9675899748806, 19.7994542492544]]], [[[-98.89895977250002, 19.8633631637168], [-98.8982751124299, 19.864122680108], [-98.8980795626413, 19.8640337184182], [-98.89818337603869, 19.8639180161472], [-98.8984307933234, 19.8636428507244], [-98.89867848750569, 19.8633664922441], [-98.8987563780415, 19.8632795842595], [-98.8987618209957, 19.8632818104081], [-98.89895977250002, 19.8633631637168]]], [[[-98.97855744131871, 19.7817439204278], [-98.9784594793366, 19.7819133416665], [-98.9784556990743, 19.7819117055306], [-98.97855744131871, 19.7817439204278]]], [[[-98.9784594793366, 19.7819133416665], [-98.9782412765979, 19.7822943022954], [-98.97822718645828, 19.7822885440697], [-98.9784556990743, 19.7819117055306], [-98.9784594793366, 19.7819133416665]]], [[[-98.9782412765979, 19.7822943022954], [-98.97798457222528, 19.7827351635705], [-98.97796190956929, 19.7827259973542], [-98.97822718645828, 19.7822885440697], [-98.9782412765979, 19.7822943022954]]], [[[-98.97798457222528, 19.7827351635705], [-98.9776961159456, 19.7832303232758], [-98.97766312399122, 19.7832187248054], [-98.97796190956929, 19.7827259973542], [-98.97798457222528, 19.7827351635705]]], [[[-98.8999436264969, 19.8627249694243], [-98.8999336573669, 19.8627360158551], [-98.8998293975756, 19.8626835979715], [-98.90149357820661, 19.8607860887203], [-98.90160751083519, 19.8608727605244], [-98.9014274217755, 19.8610702601168], [-98.9013035883361, 19.8612087169933], [-98.9011794876286, 19.8613465500922], [-98.9009315817087, 19.8616221438916], [-98.900809686743, 19.8617599689133], [-98.9006853088178, 19.8618967893785], [-98.9005620471054, 19.8620353635194], [-98.9004378305411, 19.8621731237251], [-98.90031690750821, 19.8623132985137], [-98.9001907720611, 19.8624488344111], [-98.9000674239589, 19.8625867213516], [-98.8999436264969, 19.8627249694243]]], [[[-98.8971001404959, 19.8658918566456], [-98.89708874668119, 19.8659045919733], [-98.897000735429, 19.8658338732475], [-98.89730956466252, 19.8655004032721], [-98.8973922872229, 19.8655665009912], [-98.8973474483615, 19.8656162860869], [-98.8971001404959, 19.8658918566456]]], [[[-98.8933220053689, 19.8696166959633], [-98.8929571376877, 19.8700215069025], [-98.8927731510782, 19.8699467070567], [-98.89299024723552, 19.8697044703653], [-98.8931341298221, 19.8695442979509], [-98.8933220053689, 19.8696166959633]]], [[[-98.9128414655871, 19.8498787284312], [-98.9127804957822, 19.8500726182076], [-98.9126551815479, 19.8500237697257], [-98.9128414655871, 19.8498787284312]]], [[[-98.9082628054711, 19.8536954865926], [-98.907517661446, 19.8542526558507], [-98.9076431975709, 19.8539259492369], [-98.9080186997695, 19.8536336031503], [-98.9082628054711, 19.8536954865926]]], [[[-98.90032594424781, 19.8616541670953], [-98.90030078118069, 19.86187555507], [-98.9000720443745, 19.8618129464195], [-98.90016114537812, 19.8617129949191], [-98.9002855812995, 19.8615755603468], [-98.9003664753885, 19.8614023065129], [-98.90032594424781, 19.8616541670953]]], [[[-99.0545700112293, 19.7359159723734], [-99.05453076967709, 19.7359504169172], [-99.05452827934009, 19.7359185298833], [-99.0545700112293, 19.7359159723734]]], [[[-99.05813726696091, 19.7327846267775], [-99.0581177180296, 19.7328017852598], [-99.0580378295861, 19.7326759534684], [-99.05788902737011, 19.7324480353483], [-99.05789007685108, 19.7324471222767], [-99.05789887338871, 19.7324394109117], [-99.0579076699255, 19.7324316995462], [-99.0579107515748, 19.7324289965007], [-99.0581392228076, 19.7327829091215], [-99.05813726696091, 19.7327846267775]]], [[[-98.9844198419585, 19.7765958382394], [-98.98441146650029, 19.7765768818468], [-98.9844094853475, 19.7765721865263], [-98.9844745180439, 19.7765341564838], [-98.9845157599174, 19.7765100571142], [-98.98460536297888, 19.7764576726583], [-98.98463304081062, 19.7765103317286], [-98.9845591264337, 19.7765399077441], [-98.9845317759701, 19.776550853879], [-98.9844771177393, 19.7765727629664], [-98.9844198419585, 19.7765958382394]]], [[[-98.9843396042527, 19.7766285228721], [-98.9843245184284, 19.7766347312283], [-98.98429912001261, 19.7766452379544], [-98.98428629817602, 19.7766509446315], [-98.9842735645409, 19.7766277316419], [-98.98429919849191, 19.7766172619169], [-98.98430523680439, 19.776614795369], [-98.9844007397451, 19.7765757798927], [-98.9844094139077, 19.7765722363709], [-98.98441146650029, 19.7765768818468], [-98.9844198419585, 19.7765958382394], [-98.9844065821189, 19.7766012061132], [-98.9843919631376, 19.7766071380804], [-98.984373630059, 19.7766145993679], [-98.98435420693518, 19.7766225344502], [-98.9843396042527, 19.7766285228721]]], [[[-98.98417758577239, 19.7766752488818], [-98.98427355809011, 19.7766277222701], [-98.98428629817602, 19.7766509446315], [-98.98418760652902, 19.7766956898766], [-98.9841765515333, 19.7766766417131], [-98.98417758577239, 19.7766752488818]]], [[[-98.9838926268249, 19.7766167477167], [-98.9838746022404, 19.7765989837515], [-98.9838953037817, 19.7765890217713], [-98.983945589457, 19.7765661717964], [-98.98400233291511, 19.7765406581205], [-98.9840473817399, 19.7765205437316], [-98.9841120072793, 19.7764917993606], [-98.9844810766951, 19.776327783061], [-98.9845136329406, 19.7763468057483], [-98.9838926268249, 19.7766167477167]]], [[[-98.9845733854499, 19.776286760611], [-98.9849399610264, 19.7761238472311], [-98.9848800798499, 19.7761939053832], [-98.9846342597538, 19.7763148345083], [-98.9845733854499, 19.776286760611]]], [[[-98.9642513988324, 19.8064527358077], [-98.9640908813752, 19.8063844209252], [-98.96401030249432, 19.8063517815617], [-98.96462227770189, 19.8053698113765], [-98.9648288695463, 19.8054555489406], [-98.9642513988324, 19.8064527358077]]], [[[-98.89798976767771, 19.8649011741787], [-98.89790361871711, 19.8648311166447], [-98.8981965760736, 19.8645021092104], [-98.8982848833877, 19.8645725744937], [-98.8980908476792, 19.8647890218788], [-98.89798976767771, 19.8649011741787]]], [[[-98.8715968856018, 19.8937587828929], [-98.8715413277043, 19.8937297257106], [-98.8715285411855, 19.8937230292663], [-98.8715304057691, 19.8937209431161], [-98.87159174548842, 19.8936526512532], [-98.87181263504459, 19.8934066395587], [-98.8719934210119, 19.893205854938], [-98.8722607981515, 19.8929090713155], [-98.8724428746048, 19.8927058833642], [-98.87244766510682, 19.8927005008759], [-98.8724602986147, 19.8927073417336], [-98.8725090947133, 19.8927337640858], [-98.8715968856018, 19.8937587828929]]], [[[-98.8933220053688, 19.8696166959633], [-98.8931341298221, 19.8695442979509], [-98.89323804590562, 19.8694286167956], [-98.8934106824079, 19.8692349799987], [-98.8935924286526, 19.8693168356002], [-98.8933220053688, 19.8696166959633]]], [[[-98.89964385255992, 19.8626042768569], [-98.89895977250002, 19.8633631637168], [-98.89876182677028, 19.8632818136938], [-98.8988016203073, 19.8632271898111], [-98.8988364936606, 19.8631883303908], [-98.8992579834144, 19.8627186816374], [-98.8994199292452, 19.8625411459464], [-98.8994285221148, 19.8625314814007], [-98.89964385255992, 19.8626042768569]]], [[[-98.8939425723161, 19.8689284615457], [-98.8937516226332, 19.8688545080199], [-98.8943490346423, 19.8681898534133], [-98.894538608395, 19.8682672928818], [-98.8939425723161, 19.8689284615457]]], [[[-99.0567688067876, 19.7334290298861], [-99.05672285165, 19.7326669037623], [-99.0576932134883, 19.7326195205069], [-99.0567688067876, 19.7334290298861]]], [[[-99.0568006886561, 19.7339578985264], [-99.0567688067876, 19.7334290298861], [-99.057604026631, 19.7326976194564], [-99.0580378295861, 19.7326759534684], [-99.0581177180296, 19.7328017852598], [-99.0568006886561, 19.7339578985264]]], [[[-99.05923894060379, 19.7260160158203], [-99.0592405564452, 19.726024200063], [-99.0592421942409, 19.7260323960465], [-99.0592438549443, 19.7260406019631], [-99.0592455356927, 19.7260488178136], [-99.0592472374409, 19.7260570454053], [-99.059248959234, 19.7260652829309], [-99.0592507010726, 19.726073532198], [-99.05925246104741, 19.7260817913997], [-99.0592542391591, 19.7260900623434], [-99.059256034453, 19.7260983441258], [-99.05925784597481, 19.7261066367472], [-99.0592596746792, 19.7261149411108], [-99.05926151865738, 19.7261232572175], [-99.0592633769548, 19.7261315841638], [-99.05926524957181, 19.7261399228533], [-99.0592671365086, 19.7261482741898], [-99.05926903490172, 19.7261566363669], [-99.05927096577769, 19.726165094325], [-99.0592728870819, 19.7261734745684], [-99.0592748188883, 19.7261818665563], [-99.0592767611973, 19.7261902711925], [-99.0592787130545, 19.7261986884772], [-99.0592806735056, 19.7262071184108], [-99.0592826425506, 19.7262155609932], [-99.0592846182808, 19.7262240162252], [-99.0592866006966, 19.7262324850104], [-99.05928858979789, 19.7262409673488], [-99.05929058463042, 19.7262494632407], [-99.0592925832852, 19.726257971783], [-99.0592945857629, 19.7262664947832], [-99.05958211496461, 19.7274899163509], [-99.0592771668625, 19.7272851287653], [-99.05921720410589, 19.7272293905348], [-99.0585395574465, 19.7267731055903], [-99.0582984840803, 19.7266107809155], [-99.05823897251008, 19.7265568245465], [-99.05820468416438, 19.7265239725191], [-99.0581560631247, 19.7264727306515], [-99.058126523847, 19.7264419513029], [-99.0580919670467, 19.7264016305435], [-99.05804937922609, 19.726347277976], [-99.0580085677589, 19.7262911264677], [-99.05798476141682, 19.7262581944427], [-99.05796211665708, 19.7262230208723], [-99.0578928205707, 19.7260935670917], [-99.05786473904199, 19.7260478798545], [-99.05786128593219, 19.7260443204059], [-99.0577573579004, 19.7257281596381], [-99.0577543151317, 19.7257085757128], [-99.0582973654189, 19.7252366758966], [-99.0593650715434, 19.7243088474906], [-99.0592994187629, 19.724515906044], [-99.0592477475465, 19.7247264866445], [-99.0592102654584, 19.7249397436115], [-99.0591871230819, 19.7251548205124], [-99.0591784134141, 19.7253708536028], [-99.0591841714911, 19.7255869752947], [-99.0592043742467, 19.7258023176408], [-99.05923894060379, 19.7260160158203]]]]}}, {"type": "Feature", "properties": {"id": "EDO_hidalgo", "nivel": "estado", "nombre": "Hidalgo", "estado": "Hidalgo", "proyecto": "TAP"}, "geometry": {"type": "MultiPolygon", "coordinates": [[[[-98.73672201237777, 20.05960749860913], [-98.73472244508584, 20.05844252411337], [-98.732935961449, 20.05742865454906], [-98.73415810126902, 20.05517742491958], [-98.73601373976946, 20.05607880523925], [-98.73624687766176, 20.05618167506698], [-98.73752304681045, 20.05679654883534], [-98.73745546165966, 20.05688526141428], [-98.73838072333211, 20.05734293005005], [-98.73904447423344, 20.05764454956401], [-98.73977483336968, 20.05798947442668], [-98.74068451708204, 20.05849055789886], [-98.74075955900473, 20.0583898161914], [-98.74191406120694, 20.05895004287548], [-98.74203994991063, 20.05783536416423], [-98.74263733235006, 20.05812213105077], [-98.74287324026234, 20.05821870239348], [-98.74337685122735, 20.05840744809334], [-98.74377618396866, 20.05862699026423], [-98.74388430893994, 20.05865342281015], [-98.74458081521442, 20.05893735767935], [-98.7457666740083, 20.05952582228196], [-98.74728824702068, 20.06022598558103], [-98.7482911579306, 20.06067790397771], [-98.74851282586201, 20.06075034820679], [-98.74978073105589, 20.06125165245236], [-98.75079911904534, 20.06176876933209], [-98.75116012344166, 20.06200673266192], [-98.75143766907955, 20.06211919015004], [-98.7532717164388, 20.06294853124797], [-98.75340472919407, 20.06539104579297], [-98.7536650211295, 20.06551459259331], [-98.75375446162656, 20.06557371772473], [-98.75457965623669, 20.06604552567299], [-98.7549177191463, 20.06622829907327], [-98.75514738051972, 20.06631934050247], [-98.75700308584919, 20.06748009443583], [-98.75699778527996, 20.06750707728191], [-98.75697191756366, 20.06763911230082], [-98.75695206327975, 20.06774044356952], [-98.75633371275316, 20.07064970536239], [-98.75600430534445, 20.0704684617706], [-98.75445969447723, 20.06959798563933], [-98.75240683866883, 20.06843808520445], [-98.75189359984907, 20.06813926368691], [-98.75186985780716, 20.06812596920449], [-98.7518461255797, 20.06811266586018], [-98.75126553941686, 20.06779643148743], [-98.75092835122311, 20.06762444155753], [-98.7508100245202, 20.06756602924577], [-98.75070924330666, 20.06751276243945], [-98.74944993567132, 20.06679092567078], [-98.74853764953365, 20.06630547984026], [-98.74825970601732, 20.06616534986428], [-98.74729815490363, 20.06557840047909], [-98.74722104610808, 20.06554660470121], [-98.74682168310724, 20.06530326578182], [-98.74663286749133, 20.06520572386653], [-98.74637798212025, 20.06506513263917], [-98.74612015645187, 20.06490912530644], [-98.74602663466978, 20.06485425184026], [-98.74493940484476, 20.06426064826704], [-98.74480698581664, 20.06417425261686], [-98.74461702753746, 20.06404929745452], [-98.74427023894722, 20.06387617111277], [-98.7438814191127, 20.06361624724812], [-98.74314970377438, 20.06318831907174], [-98.74193159045058, 20.06252947737349], [-98.74151706705356, 20.06229195667164], [-98.74140712664669, 20.06223276503125], [-98.74055723398538, 20.06177553550172], [-98.73996870505746, 20.06140389845379], [-98.73988296010047, 20.06135028560128], [-98.7387614577589, 20.06076059962042], [-98.73672201237777, 20.05960749860913]]], [[[-98.69914036539615, 20.04803870815496], [-98.69903915491359, 20.04678723145142], [-98.69899719827622, 20.04626855974038], [-98.70124610224947, 20.04665980084243], [-98.70127224766362, 20.04666428669885], [-98.70182524747314, 20.04679350517921], [-98.70203347572432, 20.04681696546001], [-98.70209766251622, 20.04682449061761], [-98.70329361191034, 20.04703469935033], [-98.70472504743428, 20.04725966132547], [-98.70540797307338, 20.04740665073492], [-98.70545652000699, 20.0474066256607], [-98.70619000845039, 20.04753427864091], [-98.70751866385241, 20.04776581553402], [-98.70881256501501, 20.04799227954668], [-98.7096183187296, 20.04812740481303], [-98.71042902932695, 20.04826079239516], [-98.71061564109411, 20.04829571507186], [-98.71119963726427, 20.04840494098278], [-98.71190656631667, 20.04853567227383], [-98.71203833666235, 20.04856151547704], [-98.71337263502944, 20.04880528365885], [-98.71482656200222, 20.04907127178705], [-98.71647862273328, 20.04936868366654], [-98.7166583565737, 20.04940362234899], [-98.71916144961004, 20.04986402762211], [-98.71811173411933, 20.05187752592159], [-98.71638599773586, 20.05509071633782], [-98.71558596470484, 20.05641332145798], [-98.71541457062317, 20.05717255345634], [-98.71520453667682, 20.05731231081611], [-98.70666874708938, 20.05521263516766], [-98.69939282950304, 20.05410028043066], [-98.69938564906583, 20.05218292801101], [-98.69937876592054, 20.05035147994163], [-98.69937080598477, 20.05028509044354], [-98.69917352069267, 20.04864061697068], [-98.6991659357888, 20.04857735519449], [-98.69914390674057, 20.04852875087205], [-98.69914036539615, 20.04803870815496]]], [[[-98.71373847058804, 20.02382533184756], [-98.71454152108906, 20.02277678093235], [-98.71540498768378, 20.02200635343303], [-98.71562629649307, 20.02196601316561], [-98.71562188895489, 20.02160193796502], [-98.71566103818638, 20.02046508081588], [-98.71560513768442, 20.01916515648761], [-98.71638995782716, 20.01906889505764], [-98.71632221455108, 20.0176991744296], [-98.71630730821762, 20.0170282682213], [-98.71512091647995, 20.01682539726431], [-98.71491832934714, 20.01612058492154], [-98.71491218778296, 20.01601615253923], [-98.71489957237934, 20.01592470128448], [-98.71473050245024, 20.0147004515526], [-98.71468003349221, 20.01434211875312], [-98.71466270801983, 20.01421900018718], [-98.71453829774516, 20.01421700418445], [-98.71433754713989, 20.01417676567934], [-98.7141409564658, 20.01413945526695], [-98.71394466274882, 20.01410414597337], [-98.71374441538438, 20.01406967571006], [-98.71277344866644, 20.01386683707545], [-98.71253732696586, 20.01381751446717], [-98.71199537915511, 20.01370809002317], [-98.71170866661365, 20.01365379764093], [-98.71155354043087, 20.0136244193127], [-98.71147825709355, 20.01360908581054], [-98.71064593513768, 20.01345798794068], [-98.71057338143125, 20.01344482599745], [-98.71052333685995, 20.01343432838788], [-98.70952329640711, 20.01325300952579], [-98.70866336937641, 20.01309712167868], [-98.70826154354715, 20.01302237987909], [-98.70714213677348, 20.01281417131481], [-98.70676621274255, 20.0127442678035], [-98.70595520819495, 20.01259829496648], [-98.70582129233509, 20.01257418636265], [-98.70489641339442, 20.01239628251457], [-98.70473297371583, 20.01236724255264], [-98.70460898537516, 20.01234519836877], [-98.70453217919604, 20.01233139707687], [-98.70401656444538, 20.0122086965348], [-98.70326484009203, 20.01210588188978], [-98.69756435613816, 20.01083538543937], [-98.69525136726674, 20.01031982350796], [-98.68991931134805, 20.00913116721005], [-98.68911286055462, 20.00890124354708], [-98.68969685211157, 20.00726258663556], [-98.69033241683208, 20.00627313722855], [-98.69120385723602, 20.0052691086545], [-98.69338442511665, 20.00276435922931], [-98.69812726225962, 20.00480783450922], [-98.69944483547305, 20.0051616171383], [-98.70543773361004, 20.00673370498065], [-98.70657976407628, 20.00694160112135], [-98.70673354812617, 20.00697098260554], [-98.70779355382939, 20.00713057977957], [-98.70887780345791, 20.00731547797188], [-98.71012622269906, 20.00751901766687], [-98.71122220603823, 20.00769224738748], [-98.71234229970956, 20.00786903847933], [-98.71361640723275, 20.00805843423701], [-98.71341953087672, 20.0064230511443], [-98.71344906706992, 20.00617463336358], [-98.71404326236063, 20.00629577544699], [-98.71459071155488, 20.00640820420548], [-98.71643551961127, 20.00674066616562], [-98.71653774301808, 20.00675734197984], [-98.72017204064574, 20.00743661469511], [-98.7227863301992, 20.00792364627391], [-98.72358352643123, 20.00802641208231], [-98.72719223385572, 20.00848094194804], [-98.72696161735144, 20.00939564669446], [-98.72667307069266, 20.0105865244302], [-98.72323128714277, 20.00988849764504], [-98.72311619274672, 20.00986520989926], [-98.72121754494563, 20.00948090388907], [-98.72118440862302, 20.00947420291399], [-98.71978398150043, 20.00919606745015], [-98.71806954648967, 20.00884368837715], [-98.71803741329565, 20.00883717163533], [-98.71730724105547, 20.00868937227072], [-98.71722618614271, 20.00889618838051], [-98.71744130804254, 20.0094653275054], [-98.71812874063727, 20.01130831286001], [-98.71868583640219, 20.01288570915419], [-98.71913543758441, 20.01417025391254], [-98.71917527583742, 20.01422472495856], [-98.71928268297289, 20.01459822465941], [-98.72002645312973, 20.01610465620727], [-98.72084941912746, 20.01761739512643], [-98.72246724831389, 20.01783715941938], [-98.72249894764005, 20.01784148048124], [-98.72469796952018, 20.01814115033575], [-98.72414428245908, 20.01954122008661], [-98.72320566485895, 20.02186400306023], [-98.72303145608805, 20.02231187993519], [-98.7230032528755, 20.02237362217582], [-98.72237987161436, 20.02373857142074], [-98.72233915070261, 20.02373986802247], [-98.71974923877522, 20.02378103969551], [-98.71751727813466, 20.02380008741803], [-98.71748630638525, 20.02379815687498], [-98.7155159922266, 20.02381124694107], [-98.71525812031238, 20.02382054473125], [-98.71423425740704, 20.02382775460648], [-98.71373847058804, 20.02382533184756]]], [[[-98.92293788651679, 19.84195319855864], [-98.92285038900496, 19.84193681641488], [-98.92280181105738, 19.84194574834567], [-98.92425753742883, 19.83818347039298], [-98.92624257366951, 19.83305284275445], [-98.92709620345903, 19.83334251701973], [-98.92832459585848, 19.83375937348252], [-98.9295626751038, 19.83417948060401], [-98.9295978533243, 19.83419141712957], [-98.93092699546933, 19.83464241483213], [-98.9309047480291, 19.83465983341184], [-98.93047697687219, 19.83582601936106], [-98.93009752896737, 19.83677516400937], [-98.92799579636042, 19.83838838955374], [-98.92651113705318, 19.83955580607814], [-98.92325799264955, 19.8420132514064], [-98.92293788651679, 19.84195319855864]]], [[[-98.90353944057047, 19.86347943275278], [-98.90405166099846, 19.86275226047658], [-98.90408794442898, 19.86277809723751], [-98.90510856716809, 19.86350486384638], [-98.90423847716302, 19.86490866006195], [-98.90383527545508, 19.86553071658865], [-98.90360173807493, 19.86595028735956], [-98.90332868645362, 19.86639263226608], [-98.90318499800007, 19.8666227745015], [-98.90304157712646, 19.86684789029854], [-98.90289492542192, 19.86709739199111], [-98.90273025120135, 19.86733833839848], [-98.90258034768411, 19.86756904235789], [-98.9024271173368, 19.8678035677167], [-98.90227920048326, 19.86801940698521], [-98.90215596706538, 19.86822316652649], [-98.90199909576911, 19.86847648435516], [-98.90187153613802, 19.86869927634823], [-98.90175362633377, 19.86889982624379], [-98.90162380831228, 19.86911404957133], [-98.90149960824964, 19.86932731785359], [-98.90133432381957, 19.86951293686061], [-98.90122535762917, 19.86971414989604], [-98.90107837604053, 19.86992788606651], [-98.90095123601554, 19.87011959757036], [-98.90082425134311, 19.87030784882372], [-98.9007057826896, 19.87049959244864], [-98.90060425387891, 19.87069104776917], [-98.90046559790075, 19.87090605087295], [-98.90035572958519, 19.87106778816527], [-98.90022956715626, 19.87126066168146], [-98.89985920731777, 19.87184166936743], [-98.89880326727834, 19.8705383502533], [-98.89853782806256, 19.87018886726174], [-98.89859593825537, 19.87014914871073], [-98.89870532352063, 19.86993230643117], [-98.89877307300982, 19.86970273526202], [-98.89886309925983, 19.86950938682499], [-98.89900743022208, 19.86932538169463], [-98.89915428288434, 19.8691396238462], [-98.89927661412351, 19.86895418929742], [-98.89943463195605, 19.86876836048027], [-98.89959876023318, 19.86854367108197], [-98.89962630353452, 19.86849915642737], [-98.8997159129358, 19.86837512078236], [-98.89990040632432, 19.86817131054133], [-98.90002447635544, 19.86797847673948], [-98.90017521265187, 19.86781071669487], [-98.90019492322266, 19.86778878542366], [-98.90034252277805, 19.86759451965671], [-98.90043480816978, 19.8674843036766], [-98.90052724454547, 19.8673739135342], [-98.90067849096081, 19.86717685714173], [-98.90071211434257, 19.86713236189932], [-98.9008241470144, 19.8669841288578], [-98.90095907296718, 19.8668032893164], [-98.90100481673231, 19.86674198844413], [-98.90117384428518, 19.86653375378519], [-98.9012237599065, 19.86648107631065], [-98.90136362825962, 19.86633347748183], [-98.90147248471199, 19.86614417731212], [-98.90149797922, 19.86609984594032], [-98.9016669053987, 19.86588213448017], [-98.90172092352509, 19.86581140861601], [-98.90183746315324, 19.86565883510055], [-98.90194712790526, 19.8655116178614], [-98.9019794382574, 19.86547012743505], [-98.90223184888013, 19.86514599260454], [-98.90249041819615, 19.86481393914394], [-98.90275237236644, 19.86447753923713], [-98.90291917881493, 19.86432199996081], [-98.90299713300098, 19.86424931815398], [-98.90353944057047, 19.86347943275278]]], [[[-98.83064328016924, 20.01211231463229], [-98.83102571817547, 20.01128022360245], [-98.83111303201359, 20.01108139676013], [-98.83149501971712, 20.01025067436652], [-98.83195863968466, 20.00925375875305], [-98.83299171299524, 20.00704253462602], [-98.83213840603845, 20.00677703433346], [-98.82941921196046, 20.00592813786436], [-98.82847988190409, 20.00561622419632], [-98.82792472688118, 20.0068264972744], [-98.82744732485902, 20.00791456737237], [-98.8269736356219, 20.00887403496186], [-98.82654325724573, 20.00970179264386], [-98.82646483154915, 20.00987516819489], [-98.82608385363322, 20.01074178039181], [-98.825634126437, 20.01173245145712], [-98.8253036633076, 20.01246116623436], [-98.82440143392655, 20.01435291396713], [-98.823937303478, 20.0153250833802], [-98.8235362755982, 20.01618295033303], [-98.82309397658034, 20.01715761645005], [-98.82266999810678, 20.01804908808742], [-98.82227976244805, 20.01889525611362], [-98.82146372484311, 20.02061075820577], [-98.82145805813492, 20.02062329816549], [-98.8212299746152, 20.02112833984666], [-98.82119851312775, 20.02120004192684], [-98.82105170583627, 20.02153462468993], [-98.82102981013904, 20.02158175388356], [-98.82042126161075, 20.02289118302177], [-98.82035817096023, 20.02302693941178], [-98.82031172282389, 20.02312275614782], [-98.82022619767196, 20.02332775594765], [-98.82021364940277, 20.02335388946077], [-98.81878164627918, 20.02633804577739], [-98.81875955419696, 20.0263840735586], [-98.81773880838313, 20.0258091826228], [-98.81763701354772, 20.0257503007605], [-98.81691731139038, 20.02533946322195], [-98.81664324504666, 20.02518528114961], [-98.8160388931143, 20.02481070101923], [-98.81568090416735, 20.02462155858547], [-98.814056371728, 20.02370386327828], [-98.81383900440682, 20.02358067290254], [-98.81185012833882, 20.02240614512046], [-98.81184561264544, 20.02240234147789], [-98.81174147602775, 20.02231434407035], [-98.81150448538865, 20.0222183949897], [-98.81142684131294, 20.02218695717961], [-98.81123179544213, 20.02209675863726], [-98.81122165915839, 20.02209207514481], [-98.81070152675694, 20.0217923674613], [-98.81064620896903, 20.02176050086524], [-98.79047349575956, 19.98730616511624], [-98.79043192929389, 19.98723511158861], [-98.78995945177569, 19.98642794644044], [-98.79099493467297, 19.98629163667863], [-98.79113781867363, 19.9862730695938], [-98.79404115431285, 19.9859025741912], [-98.79663467794389, 19.98567083401971], [-98.80747273319159, 19.98442061936147], [-98.80755890716344, 19.9844802930165], [-98.80763648184923, 19.98453245907327], [-98.81016054814575, 19.98622913352676], [-98.81128911883447, 19.98699161385202], [-98.81401200901364, 19.98880610393433], [-98.81405650321224, 19.98883638110623], [-98.8156888361925, 19.98989908209504], [-98.81573953892443, 19.98993336097462], [-98.81881521703174, 19.99201209361202], [-98.81885960931884, 19.99205129885306], [-98.82193519639274, 19.9941084873739], [-98.82198413879942, 19.99413533726742], [-98.82507743968107, 19.9961831238805], [-98.8251194980227, 19.99620866804933], [-98.82826038361956, 19.99827245811742], [-98.82830704157978, 19.99830112618501], [-98.82970644177874, 19.99925694145623], [-98.82971814686216, 19.99926493342795], [-98.83111335742326, 20.00021481265818], [-98.83114508120153, 20.00017166961369], [-98.83156045237361, 19.99965062398202], [-98.83204248540706, 19.99898807302577], [-98.83252449606061, 19.99834680228046], [-98.83304949650653, 19.99764716210596], [-98.83354888084381, 19.99698075373632], [-98.8340361172896, 19.99634470291647], [-98.83426715510151, 19.99645069188602], [-98.834437140285, 19.99652626096849], [-98.83492138398879, 19.99674153120882], [-98.83655345338053, 19.99721026718175], [-98.83687503336924, 19.99730237380996], [-98.83859000734277, 19.99779357026928], [-98.8386427231954, 19.99781140768895], [-98.83892982656023, 19.99789463269315], [-98.84109430354032, 19.99852206774614], [-98.84283746836923, 19.99902735053261], [-98.84329314560371, 19.99916078127577], [-98.84334756551816, 19.99917671493641], [-98.84429439668843, 19.9994539656374], [-98.84505125504722, 19.9996852591022], [-98.8454473983915, 19.9998063213575], [-98.84550881507155, 19.9998270938792], [-98.8461742578479, 20.00002106784278], [-98.84624383178308, 20.00004135124657], [-98.84730897966921, 20.00035182874316], [-98.84735488851815, 20.00036671070551], [-98.8491914090546, 20.00091678827397], [-98.84924983694988, 20.00093454116018], [-98.84946560308549, 20.00099637589241], [-98.85105732333128, 20.00145252844903], [-98.85135816032981, 20.00154282509882], [-98.85136824715478, 20.00154585004899], [-98.8531354322172, 20.00207163714287], [-98.85318662967553, 20.00208687035802], [-98.85325966987193, 20.00211157137816], [-98.85413954284894, 20.00236737384533], [-98.8546691614745, 20.00252733690609], [-98.85528654861541, 20.00270407008451], [-98.85595419023922, 20.00289954230339], [-98.85681622986678, 20.0031404876949], [-98.85790998252754, 20.00346507978204], [-98.85927299476946, 20.00387799905021], [-98.86100544261716, 20.00440560329069], [-98.86105065198521, 20.0044238851288], [-98.86112231577906, 20.00445552688934], [-98.862350606476, 20.00483161558585], [-98.86236405536799, 20.00483573197522], [-98.86238748324604, 20.00484600877616], [-98.86239165179516, 20.00484783677454], [-98.86329999487585, 20.00508069879671], [-98.86414511965324, 20.00531666452254], [-98.86419814481701, 20.00532720000953], [-98.86552973152362, 20.00571097732367], [-98.86396469580387, 20.00739608942144], [-98.86166760449045, 20.00986081891658], [-98.86055740996528, 20.01108634114547], [-98.85933908957472, 20.01239253375331], [-98.85879480433047, 20.01296826276779], [-98.8586227016293, 20.01314946279327], [-98.85725366191336, 20.0143558228874], [-98.8566183835247, 20.01494193822962], [-98.85605264765097, 20.01542943010064], [-98.85510358552851, 20.01629817996038], [-98.85483758708367, 20.01653533662502], [-98.8523687729016, 20.01870289690013], [-98.85212134966763, 20.01895774528125], [-98.85114768434377, 20.01978859554478], [-98.85058953578246, 20.01796525219105], [-98.84877070824194, 20.01205314191865], [-98.84629986773292, 20.01382050233026], [-98.84609283739508, 20.01397197305296], [-98.8445352997557, 20.01525154208562], [-98.84433269800043, 20.01540916913052], [-98.84423530869425, 20.01548479047229], [-98.84419369046266, 20.01551781093355], [-98.84407085066587, 20.01562097652273], [-98.84384439443953, 20.01579359448493], [-98.8433846324541, 20.01616180977253], [-98.84148049606654, 20.01766136847778], [-98.8413699627872, 20.01775375290416], [-98.84088064296247, 20.01814647298051], [-98.8370530943522, 20.02295936449228], [-98.83711434662533, 20.02611530468461], [-98.83713407337389, 20.02713277526577], [-98.83714867906421, 20.02743317141917], [-98.83715765030632, 20.02790634712606], [-98.837162378377, 20.02812843606202], [-98.83716942119806, 20.02864354704126], [-98.83717741882903, 20.02875390651038], [-98.83719157608034, 20.02940242758645], [-98.83720348313183, 20.02991180086008], [-98.83720556663404, 20.0300523420323], [-98.83721138432361, 20.03062201706896], [-98.83731347980613, 20.03559808266634], [-98.83726145649298, 20.03631301120316], [-98.8363632996366, 20.03603240518004], [-98.83544671690238, 20.03581704143846], [-98.8345307484189, 20.03560181817739], [-98.83361833019816, 20.03538741802536], [-98.83334809459654, 20.03488573543684], [-98.83314833825159, 20.0345149228741], [-98.83296101606896, 20.03416718458391], [-98.83291474274127, 20.03408125229113], [-98.83288514038361, 20.03402632661155], [-98.83284266789157, 20.03394814510324], [-98.83268198397947, 20.03365248656859], [-98.8323825140708, 20.033101380086], [-98.83232045646896, 20.03298718898352], [-98.83224773695474, 20.03285338807311], [-98.83217252501493, 20.03271498301294], [-98.83208864820152, 20.03256060978697], [-98.8318678247539, 20.03215425447787], [-98.83165539256554, 20.03176331734556], [-98.8316029952928, 20.03166689231996], [-98.83142141720705, 20.03133275681081], [-98.83123743959615, 20.03099418219478], [-98.83116533847091, 20.03086151830555], [-98.83067987252775, 20.029968120337], [-98.83062234378676, 20.02986224799222], [-98.83051249316622, 20.02966007890704], [-98.83031029733114, 20.02928797991235], [-98.83030263751706, 20.02909736713531], [-98.83027458402977, 20.02839953366045], [-98.83027272941912, 20.02836396697468], [-98.8302708867817, 20.02832870884803], [-98.83026109481106, 20.0281558337966], [-98.83017092004052, 20.02656528661596], [-98.8301677451378, 20.02638516884786], [-98.83016210135936, 20.02631307026813], [-98.83016205172557, 20.02631150049164], [-98.8301423891346, 20.02574311542185], [-98.83010151582181, 20.02504953203126], [-98.83008591238922, 20.02434084408361], [-98.83003241944752, 20.02172732958926], [-98.83000342091613, 20.02079684634951], [-98.82989881841432, 20.01728862408821], [-98.82979918130447, 20.01394652036823], [-98.83021937957388, 20.01303895902565], [-98.83064328016924, 20.01211231463229]]], [[[-98.81256518411183, 20.03384992341423], [-98.80837382754414, 20.03161165224971], [-98.8044118538011, 20.02949572757851], [-98.80436911074193, 20.02947290109237], [-98.80433005159388, 20.02941347244188], [-98.80425140857899, 20.02937871810368], [-98.80385002163884, 20.02923821615326], [-98.80096846451221, 20.02769208979464], [-98.79968500739034, 20.03014746697988], [-98.79960123370203, 20.03021705551229], [-98.79912292250967, 20.03110457370325], [-98.798582711622, 20.03209474020134], [-98.79845799024515, 20.03232658769945], [-98.79836980721672, 20.03248810431327], [-98.79835070737582, 20.03252288495402], [-98.79775267657334, 20.0335946386427], [-98.79682476729558, 20.03518530694738], [-98.79657727698029, 20.03506905366591], [-98.79472885349638, 20.03412301984793], [-98.79432737034219, 20.03392026569847], [-98.79247030990588, 20.03295167877281], [-98.79006441327549, 20.03170968530344], [-98.78974436906861, 20.03154160413267], [-98.78905627806141, 20.03118326838806], [-98.78776767155045, 20.03052190644648], [-98.78534376282916, 20.02928562400415], [-98.78387436255565, 20.02852601956559], [-98.78377985653374, 20.02848152388274], [-98.7827182457895, 20.02794802861972], [-98.78261716461961, 20.02788347959914], [-98.78248511607069, 20.02783130443326], [-98.78075270804084, 20.02693907782839], [-98.77817866648373, 20.02562977346249], [-98.77607532118417, 20.02456288479675], [-98.77395634302252, 20.02348945963397], [-98.77454946618168, 20.02045594476623], [-98.77457974275627, 20.02031695205023], [-98.77384327948742, 20.01993600256847], [-98.77051543787353, 20.01821454718665], [-98.77046765443382, 20.01818983566836], [-98.77026601170526, 20.01808551542884], [-98.77005260802208, 20.01797512296218], [-98.76999966925447, 20.01794774440202], [-98.768902103212, 20.01737995612884], [-98.76715046476473, 20.01647379361003], [-98.76515956389602, 20.01544381140239], [-98.76299227799839, 20.01432255338437], [-98.76288460053182, 20.01342756249649], [-98.76282255186567, 20.01294063743136], [-98.76269125125093, 20.01195353113924], [-98.76252723653828, 20.01079182478061], [-98.76251543758049, 20.01070824877245], [-98.76246759351667, 20.01036936077945], [-98.76242984938251, 20.01030285893753], [-98.76245404280286, 20.01017558250324], [-98.76237558249453, 20.00954570803133], [-98.76217307255634, 20.00791990836212], [-98.76206855141729, 20.00706872340759], [-98.76191650449994, 20.00583057260273], [-98.76190144384232, 20.00576149015416], [-98.76187914636986, 20.00559739520282], [-98.76171507232795, 20.00447211859941], [-98.76158009613032, 20.00354639265956], [-98.76138231765557, 20.00218987789693], [-98.76137350674573, 20.00212945273116], [-98.76116991443818, 20.00018218836539], [-98.76116820603498, 20.00014810255352], [-98.76110426262849, 19.99966471487515], [-98.7607699801842, 19.99713744973422], [-98.76072686308132, 19.99681147895937], [-98.76047115465572, 19.99463622759362], [-98.76033667378337, 19.99349227851767], [-98.76017100103415, 19.99215371600257], [-98.75989948900731, 19.98995979152823], [-98.75986006403166, 19.98960594595862], [-98.75985612086339, 19.98957067020476], [-98.76321214647749, 19.98920714708657], [-98.76636956772793, 19.98886678233568], [-98.76922339977088, 19.98853454870737], [-98.77363144971201, 19.98806620849339], [-98.77512938457858, 19.98790716236239], [-98.7766256464917, 19.98773803721909], [-98.77889434286207, 19.9875188189632], [-98.78027732982993, 19.98741378148328], [-98.78171052039997, 19.98731102983197], [-98.78359034630644, 19.98716774655205], [-98.7850053686536, 19.9870672445221], [-98.7861176580729, 19.98699342104086], [-98.7867318525601, 19.98708632792599], [-98.78798734978209, 19.98687583833582], [-98.78837979484253, 19.98684531174368], [-98.78974499017673, 19.98647425861166], [-98.78995945177569, 19.98642794644044], [-98.79043192929389, 19.98723511158861], [-98.79047349575956, 19.98730616511624], [-98.81064620896903, 20.02176050086524], [-98.81070152675694, 20.0217923674613], [-98.81122165915839, 20.02209207514481], [-98.81123179544213, 20.02209675863726], [-98.81142684131294, 20.02218695717961], [-98.81150448538865, 20.0222183949897], [-98.81174147602775, 20.02231434407035], [-98.81184561264544, 20.02240234147789], [-98.81185012833882, 20.02240614512046], [-98.81383900440682, 20.02358067290254], [-98.814056371728, 20.02370386327828], [-98.81568090416735, 20.02462155858547], [-98.8160388931143, 20.02481070101923], [-98.81664324504666, 20.02518528114961], [-98.81691731139038, 20.02533946322195], [-98.81763701354772, 20.0257503007605], [-98.81773880838313, 20.0258091826228], [-98.81875955419696, 20.0263840735586], [-98.81878164627918, 20.02633804577739], [-98.82021364940277, 20.02335388946077], [-98.82022619767196, 20.02332775594765], [-98.82031172282389, 20.02312275614782], [-98.82035817096023, 20.02302693941178], [-98.82042126161075, 20.02289118302177], [-98.82102981013904, 20.02158175388356], [-98.82105170583627, 20.02153462468993], [-98.82119851312775, 20.02120004192684], [-98.8212299746152, 20.02112833984666], [-98.82145805813492, 20.02062329816549], [-98.82146372484311, 20.02061075820577], [-98.82227976244805, 20.01889525611362], [-98.82266999810678, 20.01804908808742], [-98.82330693848307, 20.01825047415997], [-98.82373189653599, 20.01838388159234], [-98.82444228293566, 20.01862734267347], [-98.82598893951238, 20.01906406856581], [-98.82639071897557, 20.01919727379699], [-98.82710414637991, 20.0193972696325], [-98.82805596141765, 20.0176149571623], [-98.82839040255145, 20.0168858717322], [-98.82928459799226, 20.01496349724766], [-98.82979918130447, 20.01394652036823], [-98.82989881841432, 20.01728862408821], [-98.83000342091613, 20.02079684634951], [-98.83003241944752, 20.02172732958926], [-98.83008591238922, 20.02434084408361], [-98.83010151582181, 20.02504953203126], [-98.8301423891346, 20.02574311542185], [-98.83016205172557, 20.02631150049164], [-98.83016210135936, 20.02631307026813], [-98.8301677451378, 20.02638516884786], [-98.83017092004052, 20.02656528661596], [-98.83026109481106, 20.0281558337966], [-98.8302708867817, 20.02832870884803], [-98.83027272941912, 20.02836396697468], [-98.83027458402977, 20.02839953366045], [-98.83030263751706, 20.02909736713531], [-98.83031029733114, 20.02928797991235], [-98.82931434984108, 20.03048397237048], [-98.82809217148306, 20.03194306956057], [-98.82801251647152, 20.03204060726768], [-98.82742293695371, 20.03273411788456], [-98.82667953875647, 20.03362625278922], [-98.82652335227856, 20.03385657597402], [-98.82541324894783, 20.03515186774166], [-98.82508802099497, 20.03557888227199], [-98.82312682852337, 20.03784521038046], [-98.82247382273052, 20.03863362609664], [-98.8224374438866, 20.0386767351295], [-98.821351645307, 20.03818508783826], [-98.82031653831739, 20.03770438828576], [-98.81857783013622, 20.03690679515113], [-98.817675817364, 20.03647100716073], [-98.81664939324776, 20.03597630984332], [-98.8158603563679, 20.0356045707224], [-98.81448178363752, 20.03487337562386], [-98.81431729884663, 20.03478553585754], [-98.81256518411183, 20.03384992341423]]], [[[-98.6867454456001, 19.90198351436971], [-98.68684458878944, 19.90176346757182], [-98.68755117919314, 19.90177896272155], [-98.68786894911604, 19.90156886944769], [-98.68830532643871, 19.9011784041556], [-98.68832459994425, 19.90115655670314], [-98.68849028735985, 19.90096895363727], [-98.68892663598649, 19.90089639228544], [-98.68955398582695, 19.90067666396231], [-98.68967900370863, 19.90048690225019], [-98.68977295538252, 19.90023267604455], [-98.68990256872657, 19.90013856222842], [-98.6901243421731, 19.89997750627848], [-98.6905005959446, 19.89968566787185], [-98.69066956400454, 19.89953744873608], [-98.69090737601046, 19.8993534488932], [-98.69081172035513, 19.89916372934489], [-98.69082764603657, 19.89903901652945], [-98.69091698586439, 19.89898469720081], [-98.69112243468803, 19.89864199915429], [-98.6911519602831, 19.89862187123267], [-98.69237980252149, 19.89901757299828], [-98.69254197530128, 19.89907046270309], [-98.6945742541813, 19.89972982680369], [-98.6957891918794, 19.90012641641899], [-98.69540330673448, 19.90057085425969], [-98.69501289929634, 19.90102965458055], [-98.69463078744457, 19.90163608205577], [-98.69427190921678, 19.90220588637251], [-98.69389865711386, 19.90274901904836], [-98.69367667980279, 19.90322201696188], [-98.69343550171052, 19.9036870976159], [-98.69321955140401, 19.90418523358283], [-98.69287284585262, 19.90532698526321], [-98.69273295176748, 19.9085480561799], [-98.69203351234344, 19.90866869298967], [-98.69187468641424, 19.90820497576306], [-98.69148273531088, 19.90736597359529], [-98.69076859000376, 19.90665234406022], [-98.68997347749736, 19.90620036767322], [-98.68904950078003, 19.90586755142745], [-98.6881359153254, 19.90565465019873], [-98.68725274654616, 19.90542732966142], [-98.68628747324624, 19.90525311010511], [-98.68537705971309, 19.90502057704626], [-98.68606356692294, 19.90349689662358], [-98.6867454456001, 19.90198351436971]]], [[[-98.80984809470806, 19.92444150638539], [-98.80688286445299, 19.92269115762229], [-98.80542327094116, 19.92181622946126], [-98.80475549851681, 19.92140931292312], [-98.80407835922632, 19.92100420895058], [-98.80228234724855, 19.91996390456561], [-98.8023294587747, 19.91988495464792], [-98.80405949924264, 19.91683850251738], [-98.8040948254949, 19.91678401133516], [-98.80567109161599, 19.91402961961687], [-98.80677535974371, 19.91455584164688], [-98.81189868390038, 19.91700134111245], [-98.81364301461188, 19.91363083425566], [-98.80756117763221, 19.910730652477], [-98.80743813333359, 19.91067589967916], [-98.80683075102901, 19.91037868007858], [-98.80619212313829, 19.91007808885587], [-98.80614321778427, 19.9100555610206], [-98.80535828414914, 19.90967907703827], [-98.80454406677774, 19.90929903415599], [-98.80449768691803, 19.90927756544914], [-98.80374490408752, 19.90892549701332], [-98.80273999487525, 19.90845539764989], [-98.80107387006761, 19.90764419960814], [-98.80100282578987, 19.90759471867071], [-98.80098181905524, 19.90758959690766], [-98.7993367150478, 19.90677607631604], [-98.79775046395966, 19.9060553202398], [-98.7971962482112, 19.90579095577048], [-98.79792005057845, 19.90419761375532], [-98.79929461653602, 19.90115080998782], [-98.80085786890892, 19.89773240369708], [-98.80111265730996, 19.89713609982765], [-98.80141228309068, 19.89646703821129], [-98.8017746180962, 19.89567820383375], [-98.80202817440514, 19.89510780472051], [-98.80224996903596, 19.89463719516397], [-98.80262023247506, 19.89363480636208], [-98.8026587846542, 19.89351764305583], [-98.80320805303815, 19.89202627995101], [-98.80436514057197, 19.88873534301913], [-98.80475224543679, 19.88759524302631], [-98.80479152631321, 19.88752267619502], [-98.80648858129646, 19.888092592642], [-98.80659887773606, 19.88812245176471], [-98.8084000487871, 19.88868940839668], [-98.80947562041275, 19.88880059545448], [-98.81112655188302, 19.88897740013861], [-98.81231136757681, 19.88907294023799], [-98.81621913292696, 19.88946210796802], [-98.81636692135281, 19.88947100547414], [-98.81769543725325, 19.88960170799953], [-98.81781586995862, 19.88960983940761], [-98.81877822111929, 19.88973043362464], [-98.81987951446635, 19.88984895897296], [-98.82128986795742, 19.88997652323738], [-98.82265802296753, 19.89009300797586], [-98.82318136747749, 19.89014010720191], [-98.82417482504002, 19.89021296632008], [-98.82594466702268, 19.89042220165603], [-98.82611132650902, 19.89044596425567], [-98.82639826849432, 19.89045810993372], [-98.8264330382864, 19.89046482186048], [-98.82619383734361, 19.89083162045958], [-98.8260704281842, 19.8910296914308], [-98.82499929043607, 19.8925451714492], [-98.82578865907028, 19.89306557517272], [-98.82664151749016, 19.89355800946506], [-98.82688985511267, 19.89362804385008], [-98.82897872159492, 19.89482548303387], [-98.8296276162408, 19.89519759843214], [-98.83131978349307, 19.89615942469266], [-98.83293777352871, 19.89707411343616], [-98.83333664402161, 19.89625045590441], [-98.833868667832, 19.89510558920464], [-98.834778880418, 19.89315633371432], [-98.83542924949269, 19.89178071428775], [-98.83547114588602, 19.89182873563334], [-98.83705478898797, 19.89367850566913], [-98.83845440611984, 19.89531388580335], [-98.8412538438274, 19.89856705504116], [-98.84290759422483, 19.90044003914365], [-98.84293816530977, 19.90047037845003], [-98.84514578104245, 19.9029193250478], [-98.84522721462105, 19.90301847832729], [-98.84713891787453, 19.90514599023091], [-98.8473925504271, 19.9054308299101], [-98.84743465182302, 19.90548152737998], [-98.84768607260722, 19.90576218618791], [-98.8486999731755, 19.90693962512215], [-98.84895424032, 19.90731090046201], [-98.84912734467308, 19.907354963352], [-98.85097179804518, 19.90942881994826], [-98.85017457725458, 19.91031943051348], [-98.84952181511245, 19.91104225697405], [-98.84882876893201, 19.91181523589526], [-98.84810897955263, 19.91261787622668], [-98.8473751550157, 19.91342925268768], [-98.84662972496513, 19.9142846222676], [-98.84584474827912, 19.91513804208209], [-98.84502727846734, 19.91604191073998], [-98.8442647439066, 19.91688992497636], [-98.8433167758616, 19.91794877074507], [-98.84246519357966, 19.91889618319433], [-98.84169147744299, 19.91975242315331], [-98.84150404694093, 19.91995902541747], [-98.84045282925493, 19.92113324107797], [-98.83942355658247, 19.92228731759169], [-98.83847660042342, 19.92334102943039], [-98.83828395547752, 19.92355415692495], [-98.83796418918092, 19.92391020324833], [-98.8372004582375, 19.92477979913032], [-98.83536661236114, 19.92388229447884], [-98.8305005620505, 19.93101149613107], [-98.82930320062219, 19.93267935232527], [-98.82889520773637, 19.93322370205177], [-98.8276347860404, 19.93490670554235], [-98.82726943210186, 19.93545738465096], [-98.82490189505747, 19.93902855561468], [-98.8237058791132, 19.94107670520033], [-98.82229995016063, 19.94324778149977], [-98.82064320938308, 19.94580018907955], [-98.82053050156728, 19.94576022442158], [-98.81886352609136, 19.94513140947284], [-98.81706504345725, 19.94444031723749], [-98.81531314713969, 19.94375506934193], [-98.81350350043049, 19.94307540627254], [-98.81172883260649, 19.94239362816685], [-98.80993774842962, 19.94170896334672], [-98.8094135996181, 19.94150191298164], [-98.80942305805885, 19.94148665249408], [-98.81081855684722, 19.93711802211893], [-98.81073788529676, 19.93679055310066], [-98.81145097997936, 19.93468553432244], [-98.81197401274315, 19.93319027137983], [-98.81256535762815, 19.93159580971484], [-98.8132732812285, 19.92978518306348], [-98.81429937592763, 19.92706186363082], [-98.8128310356281, 19.92617045531326], [-98.8113549659838, 19.92529461999203], [-98.80984809470806, 19.92444150638539]]], [[[-98.85482409717139, 19.91288256085534], [-98.85710987576806, 19.91033781991662], [-98.85747000271488, 19.91063339209245], [-98.85783082782105, 19.91092868779708], [-98.85819320923179, 19.91122390614484], [-98.8585539683996, 19.91151763030693], [-98.85891688282992, 19.9118106639024], [-98.85927615603876, 19.91210783732492], [-98.85963867012957, 19.91240090633739], [-98.86000235230323, 19.91269369045411], [-98.86036388716462, 19.9129881973149], [-98.86072400354594, 19.91328317267072], [-98.8610857671687, 19.9135774559803], [-98.86144725127907, 19.9138722857698], [-98.86171499851062, 19.91409018264925], [-98.86180832697688, 19.91416743270231], [-98.86216976024055, 19.91446252275981], [-98.86253091550273, 19.91475643663211], [-98.86289551365952, 19.91504621391689], [-98.86325724405661, 19.91534150715638], [-98.86361887451716, 19.91563580016424], [-98.86398146704319, 19.91593001252559], [-98.86434300073094, 19.9162253083296], [-98.8647033926531, 19.91652029864047], [-98.86506445222525, 19.91681425926321], [-98.8654245675181, 19.9171093238465], [-98.86595277335768, 19.9175330938387], [-98.86232477114004, 19.91970434868998], [-98.86208898103952, 19.91950230944177], [-98.86177529895521, 19.91921245875928], [-98.86146037296955, 19.91892380576205], [-98.86114268141648, 19.91863623733713], [-98.8608280760017, 19.91834751723455], [-98.86051006009545, 19.91806123743777], [-98.86019323321285, 19.91777417469735], [-98.85987855187551, 19.91748393704371], [-98.85956080102008, 19.91719756116716], [-98.85924410385071, 19.91691003687816], [-98.85892891617758, 19.91662113788861], [-98.85861394366232, 19.91633169874353], [-98.85829880364567, 19.91604292647484], [-98.85798232677178, 19.91575564006577], [-98.85766445236258, 19.91546790700821], [-98.8573484588919, 19.91517973178158], [-98.85703025997695, 19.91489287932556], [-98.85671463238178, 19.91460516381121], [-98.85639744132142, 19.91431878436962], [-98.85608162270348, 19.9140299121926], [-98.8557666913632, 19.91374086740822], [-98.85545109350235, 19.91345209833831], [-98.85513446833708, 19.91316469458258], [-98.85482409717139, 19.91288256085534]]], [[[-98.92405584845712, 19.8416480007289], [-98.92455843666752, 19.84158928962524], [-98.92446134824759, 19.84242721287878], [-98.92347130331875, 19.84209332979907], [-98.92405584845712, 19.8416480007289]]], [[[-98.86405321151535, 19.90126900897488], [-98.86437280381773, 19.90090065972898], [-98.86604049247396, 19.89897851141033], [-98.86668655718552, 19.89913964412216], [-98.86375495626025, 19.90238735229082], [-98.8632119340291, 19.90223862058427], [-98.86405321151535, 19.90126900897488]]], [[[-98.80184271255203, 19.97048983496308], [-98.80330065256284, 19.96915771204523], [-98.80359423851405, 19.96936083472423], [-98.80268643691102, 19.97041885395877], [-98.80232854539528, 19.97083667046572], [-98.80184271255203, 19.97048983496308]]], [[[-98.8031842038585, 19.97029299990898], [-98.80389302046409, 19.96958930094843], [-98.80546760115463, 19.97072469973461], [-98.8031842038585, 19.97029299990898]]], [[[-98.80605571412244, 19.96880088634182], [-98.80478951931273, 19.97021149055556], [-98.80391057872247, 19.96957188070389], [-98.80516557442431, 19.96817515757889], [-98.80605571412244, 19.96880088634182]]], [[[-98.80726939401542, 19.96743757021672], [-98.80607864547326, 19.96877927200621], [-98.80518824035126, 19.96814730849956], [-98.80640106414624, 19.96679033831485], [-98.80726939401542, 19.96743757021672]]], [[[-98.80336563484302, 19.96687430672999], [-98.80441549534903, 19.96539512738686], [-98.80610698374952, 19.9665818069697], [-98.80484962219346, 19.96794974176083], [-98.80336563484302, 19.96687430672999]]], [[[-98.8044559269432, 19.96535607379489], [-98.80558898284004, 19.96396695796318], [-98.80732959382594, 19.96519474391123], [-98.80613370143952, 19.96654722445934], [-98.8044559269432, 19.96535607379489]]], [[[-98.8097039854383, 19.96460954971549], [-98.80849242292918, 19.96601011948544], [-98.80762528459933, 19.96542077027712], [-98.80887416698559, 19.96398795197487], [-98.8097039854383, 19.96460954971549]]], [[[-98.81093323228968, 19.96319687694295], [-98.80973103672684, 19.96458844777286], [-98.80889529256426, 19.96395784857229], [-98.8101355385177, 19.96257628881442], [-98.81093323228968, 19.96319687694295]]], [[[-98.80769460371974, 19.96301802906873], [-98.80893224413065, 19.96170455740565], [-98.8098587177933, 19.96241323853814], [-98.80865691752881, 19.96371408936896], [-98.80769460371974, 19.96301802906873]], [[-98.80798923234133, 19.96279815436512], [-98.80814818912533, 19.963239135266], [-98.80844541780493, 19.96303182729119], [-98.80811312961114, 19.96270382304673], [-98.80798923234133, 19.96279815436512]]], [[[-98.81211413164117, 19.96172949275007], [-98.81090820848733, 19.9631220166777], [-98.8101561136724, 19.96256181486806], [-98.81139341499829, 19.96119793910106], [-98.81211413164117, 19.96172949275007]]], [[[-98.80822423219549, 19.96112227018094], [-98.80946753361302, 19.9597139813724], [-98.81114044174954, 19.96098937607886], [-98.8098935304174, 19.96237649551173], [-98.80822423219549, 19.96112227018094]]], [[[-98.81338152892793, 19.96032838808382], [-98.8121456984638, 19.96168597119792], [-98.81141378897752, 19.96115285856249], [-98.81266205346762, 19.9597759670558], [-98.81338152892793, 19.96032838808382]]], [[[-98.80950271089446, 19.95966416208136], [-98.8105667232521, 19.95820306795085], [-98.81238187819594, 19.95957828668289], [-98.81117630949096, 19.9609534075967], [-98.80950271089446, 19.95966416208136]]], [[[-98.81268282223205, 19.95975241144476], [-98.81390938326905, 19.95838267245671], [-98.81556289228551, 19.95963905696912], [-98.81432337199715, 19.96102551267258], [-98.81268282223205, 19.95975241144476]]], [[[-98.81158141173411, 19.95893106439139], [-98.81279291078216, 19.95754096192139], [-98.8136544173296, 19.9581716422633], [-98.81240988831536, 19.95954978748933], [-98.81158141173411, 19.95893106439139]]], [[[-98.81393194119603, 19.95835845612142], [-98.81518301126954, 19.95693095774784], [-98.81683831387006, 19.95821647039604], [-98.81558712957127, 19.95961192874902], [-98.81393194119603, 19.95835845612142]]], [[[-98.81289443791253, 19.95757836736338], [-98.81421739296223, 19.95622356676625], [-98.81494115631843, 19.9567815092172], [-98.8136823776828, 19.95813993201714], [-98.81289443791253, 19.95757836736338]]], [[[-98.81729290426581, 19.9562335941034], [-98.81610233136809, 19.95758772746377], [-98.81521284339253, 19.95691179942689], [-98.81641149098601, 19.95552837475509], [-98.81729290426581, 19.9562335941034]]], [[[-98.81423736518548, 19.95620245153895], [-98.81548793899653, 19.95478203426918], [-98.8161868715168, 19.95536372170858], [-98.81495880365354, 19.95675771554523], [-98.81423736518548, 19.95620245153895]]], [[[-98.81842119359409, 19.95404112142777], [-98.81680598077256, 19.95581377854307], [-98.81642741143793, 19.95551644095296], [-98.81805382372981, 19.95376104256291], [-98.81842119359409, 19.95404112142777]]], [[[-98.81604185246374, 19.95521545575571], [-98.81755479666923, 19.95336242941654], [-98.8178163207942, 19.95356804966546], [-98.81620802918803, 19.95533988375409], [-98.81604185246374, 19.95521545575571]]], [[[-98.80362104044337, 19.96932069599497], [-98.80284800869302, 19.96879204859145], [-98.80284800869302, 19.96879204859145], [-98.80402846671714, 19.9673842075034], [-98.80402846671714, 19.9673842075034], [-98.80482763560329, 19.96797969059712], [-98.80362104044337, 19.96932069599497]]], [[[-98.78034645415353, 19.99555349296692], [-98.77897139641742, 19.99552076465945], [-98.78102395286699, 19.99322244998345], [-98.78294326430424, 19.99325383675917], [-98.78294003466907, 19.995624614775], [-98.78034645415353, 19.99555349296692]]], [[[-98.79572424506317, 19.98906586300351], [-98.79465583738174, 19.99046860680716], [-98.7931903323106, 19.98907429109568], [-98.79378610865793, 19.98826106393391], [-98.79381187081223, 19.98827652465235], [-98.79397531868808, 19.98803459248446], [-98.79572424506317, 19.98906586300351]]], [[[-98.77820233112153, 19.99578983717171], [-98.777717843152, 19.99249636525197], [-98.78104133509832, 19.99231514802313], [-98.781083366412, 19.99258300028503], [-98.77820233112153, 19.99578983717171]]], [[[-98.7781564989866, 19.99583706746719], [-98.77545439165797, 19.9988533987296], [-98.77527593096136, 19.99759395181883], [-98.77531294592055, 19.99755325255025], [-98.77523985974452, 19.99701678122187], [-98.77508630836917, 19.99514443493629], [-98.77802051868531, 19.99480557939652], [-98.7781564989866, 19.99583706746719]]], [[[-98.77545439165797, 19.9988533987296], [-98.77291575895768, 20.00168511512554], [-98.77278255632918, 20.00068825928868], [-98.77294398485628, 20.00068688757959], [-98.77294767454387, 20.00057743708326], [-98.77276757455924, 20.00057899190537], [-98.7724908743133, 19.9980167909286], [-98.774602187281, 19.99771889529081], [-98.77527593096136, 19.99759395181883], [-98.77545439165797, 19.9988533987296]]], [[[-98.76982505843978, 20.00058100702737], [-98.76980984684695, 20.00049154739304], [-98.76978097477209, 20.00023466063268], [-98.77133494900697, 19.99810049705439], [-98.77243325824725, 19.99802702661832], [-98.77271661821332, 20.00062534107643], [-98.76982505843978, 20.00058100702737]]], [[[-98.77039131704059, 20.00449893830072], [-98.77016844726738, 20.00296703003422], [-98.76982505843978, 20.00058100702737], [-98.77271661821332, 20.00062534107643], [-98.77285294184573, 20.00175338268032], [-98.77039131704059, 20.00449893830072]]], [[[-98.80610698374952, 19.9665818069697], [-98.80609622464635, 19.96657425892834], [-98.80612566120266, 19.96654151630344], [-98.80613370143952, 19.96654722445934], [-98.80610698374952, 19.9665818069697]]], [[[-98.80359423851405, 19.96936083472423], [-98.80355363566156, 19.96933274298478], [-98.80358595450284, 19.96929670217722], [-98.80362104044337, 19.96932069599497], [-98.80359423851405, 19.96936083472423]]], [[[-98.8178163207942, 19.95356804966546], [-98.8177996337334, 19.95355495143134], [-98.81782361221182, 19.95352827385892], [-98.81783986500486, 19.95354093834982], [-98.8178163207942, 19.95356804966546]]], [[[-98.81494115631843, 19.9567815092172], [-98.81491651487418, 19.95676251347022], [-98.81493635687238, 19.95674043922044], [-98.81495880365354, 19.95675771554523], [-98.81494115631843, 19.9567815092172]]], [[[-98.8161868715168, 19.95536372170858], [-98.81617941633897, 19.95535751714952], [-98.8162004005449, 19.95533417162444], [-98.81620802918803, 19.95533988375409], [-98.8161868715168, 19.95536372170858]]], [[[-98.8136544173296, 19.9581716422633], [-98.81365167349131, 19.95816963360451], [-98.81367993626482, 19.95813819200005], [-98.8136823776828, 19.95813993201714], [-98.8136544173296, 19.9581716422633]]], [[[-98.8098935304174, 19.96237649551173], [-98.8098587177933, 19.96241323853814], [-98.8098458293168, 19.9624033799234], [-98.80987948444371, 19.96236594221586], [-98.8098935304174, 19.96237649551173]]], [[[-98.81114044174954, 19.96098937607886], [-98.811126503851, 19.96097875019157], [-98.81116034234459, 19.9609411075842], [-98.81117630949096, 19.9609534075967], [-98.81114044174954, 19.96098937607886]]], [[[-98.8048176926981, 19.96792660296228], [-98.80484962219346, 19.96794974176083], [-98.80482763560329, 19.96797969059712], [-98.80479309984977, 19.96795395720929], [-98.8048176926981, 19.96792660296228]]], [[[-98.80887416698559, 19.96398795197487], [-98.80889529256426, 19.96395784857229], [-98.80892797557091, 19.96398250925014], [-98.80890339807564, 19.96400984846801], [-98.80887416698559, 19.96398795197487]]], [[[-98.8031842038585, 19.97029299990898], [-98.80329967663542, 19.97031516557415], [-98.80325531722347, 19.9703711404835], [-98.80314163681938, 19.97035095879465], [-98.8031842038585, 19.97029299990898]]], [[[-98.80389302046409, 19.96958930094843], [-98.80391057872247, 19.96957188070389], [-98.80392499229646, 19.9695823696151], [-98.8039086602904, 19.96960057866441], [-98.80389302046409, 19.96958930094843]]], [[[-98.7921288977492, 19.99010670909675], [-98.79190904572106, 19.98973076179279], [-98.79197666408947, 19.98969863361994], [-98.79220696517564, 19.99006961613805], [-98.7921288977492, 19.99010670909675]]], [[[-98.81641149098601, 19.95552837475509], [-98.81642741143793, 19.95551644095296], [-98.81649239164831, 19.95556747812244], [-98.8164789934867, 19.95558238398869], [-98.81641149098601, 19.95552837475509]]], [[[-98.81805382372981, 19.95376104256291], [-98.81807826261496, 19.95373588548435], [-98.81811334896653, 19.95376408484945], [-98.81809065352111, 19.95378933501807], [-98.81805382372981, 19.95376104256291]]], [[[-98.81266205346762, 19.9597759670558], [-98.81268282223205, 19.95975241144476], [-98.81271097931881, 19.9597742623012], [-98.81269009340137, 19.95979749682601], [-98.81266205346762, 19.9597759670558]]], [[[-98.81390938326905, 19.95838267245671], [-98.81393194119603, 19.95835845612142], [-98.81396271031556, 19.95838175786847], [-98.81394058018316, 19.95840637711087], [-98.81390938326905, 19.95838267245671]]], [[[-98.81518301126954, 19.95693095774784], [-98.81521284339253, 19.95691179942689], [-98.81525514055971, 19.95694394167881], [-98.81523236130919, 19.95696928368638], [-98.81518301126954, 19.95693095774784]]], [[[-98.8101355385177, 19.96257628881442], [-98.8101561136724, 19.96256181486806], [-98.81018547765481, 19.96258368691943], [-98.81016883881686, 19.96260219588021], [-98.8101355385177, 19.96257628881442]]], [[[-98.81139341499829, 19.96119793910106], [-98.81141378897752, 19.96115285856249], [-98.81144879768513, 19.96117835856472], [-98.81141613349344, 19.96121469493364], [-98.81139341499829, 19.96119793910106]]], [[[-98.80516557442431, 19.96817515757889], [-98.80518824035126, 19.96814730849956], [-98.80520464801793, 19.96815895389848], [-98.80518059022128, 19.96818571309694], [-98.80516557442431, 19.96817515757889]]], [[[-98.79823566744695, 19.98548619623323], [-98.79817939649602, 19.98556277256488], [-98.79758348638276, 19.98562388739628], [-98.79763359862648, 19.98555533577641], [-98.79823566744695, 19.98548619623323]]], [[[-98.75524198099998, 20.01952552000006], [-98.75662935520799, 20.01717024804283], [-98.75784053281514, 20.01785335889582], [-98.75664114643179, 20.01986193339267], [-98.75637831693952, 20.02016266464174], [-98.75524198099998, 20.01952552000006]]], [[[-98.7595920666638, 20.01224066679119], [-98.7604921212264, 20.0107318771944], [-98.7604928045186, 20.0107307317575], [-98.76156769179659, 20.0113177359911], [-98.7616637302117, 20.0113683714887], [-98.76176872991711, 20.01142699654129], [-98.76269125112302, 20.0119535316375], [-98.7628225517382, 20.0129406379295], [-98.76288460040459, 20.01342756299459], [-98.7629922778716, 20.0143225538825], [-98.7624154715115, 20.0139591111279], [-98.7621056895917, 20.01374689542249], [-98.7608779317185, 20.0130187990188], [-98.76076316776762, 20.0129524294183], [-98.76068633631189, 20.0128226512258], [-98.7595920666638, 20.01224066679119]]], [[[-98.74853178349063, 20.08080254041087], [-98.74850922103617, 20.08082509141565], [-98.74848335271673, 20.08084956406554], [-98.74847673546581, 20.07854194462169], [-98.74855726192447, 20.07831255850441], [-98.74853178349063, 20.08080254041087]]], [[[-98.76051440163134, 20.01273120894819], [-98.76040616831904, 20.01285330088783], [-98.76003183012838, 20.01264596084686], [-98.76013267952253, 20.01252819169634], [-98.76051440163134, 20.01273120894819]]], [[[-98.76269125125091, 20.0119535311392], [-98.7604921212264, 20.0107318771944], [-98.7621730737917, 20.0079199198229], [-98.76269125125091, 20.0119535311392]]], [[[-98.74857573470831, 20.06632566188134], [-98.74854426132501, 20.06630899813526], [-98.74854389053634, 20.06622398692057], [-98.74857540225575, 20.06623655114885], [-98.74857573470831, 20.06632566188134]]], [[[-98.75787603493065, 20.01787291318038], [-98.75784053281514, 20.01785335889582], [-98.75750134522106, 20.01766205664901], [-98.75751784445653, 20.0176219929436], [-98.75786375960392, 20.01782251554169], [-98.75789049874585, 20.01783805923162], [-98.75787603493065, 20.01787291318038]]], [[[-98.75476575499995, 20.02244365600006], [-98.75481088930914, 20.02246217485105], [-98.75476631045252, 20.02251658051108], [-98.75473055308818, 20.02249777244866], [-98.75476575499995, 20.02244365600006]]], [[[-98.75446020743395, 20.02225901946858], [-98.75441400488651, 20.02232619138409], [-98.75441092093038, 20.02232431199117], [-98.75446020743395, 20.02225901946858]]], [[[-98.767887317932, 20.007290232325], [-98.7673842895179, 20.0036075573423], [-98.7701684472674, 20.00296703003421], [-98.7703913170406, 20.0044989383007], [-98.767887317932, 20.007290232325]]], [[[-98.7677373761088, 20.00633891053639], [-98.76521426529459, 20.00661504336101], [-98.7671998313581, 20.00384797531409], [-98.7673606259775, 20.0038134170347], [-98.7677373761088, 20.00633891053639]]], [[[-98.80637698037513, 19.96447958320404], [-98.80766022698987, 19.96305984945053], [-98.80861431597154, 19.96375536515856], [-98.80735003826278, 19.96516100846058], [-98.80637698037513, 19.96447958320404]]], [[[-98.95603501164301, 19.81641204505193], [-98.956039268993, 19.81640760059882], [-98.9560398535022, 19.81640831519383], [-98.95608895229228, 19.81646834116695], [-98.95605042495869, 19.81649798472064], [-98.9559585520287, 19.81656867316079], [-98.9558666790175, 19.81663936155291], [-98.95584686865294, 19.81660845624697], [-98.95600600708192, 19.81644232430346], [-98.95603501164301, 19.81641204505193]]], [[[-98.95708087525362, 19.8156072707684], [-98.95703478741092, 19.81556099423131], [-98.95703451312612, 19.81556124859308], [-98.95690633729929, 19.81543401241927], [-98.9570732232739, 19.81523894569819], [-98.95727397284894, 19.81548004888238], [-98.95709070114982, 19.81561702461083], [-98.95708087525362, 19.8156072707684]]], [[[-98.95681629789537, 19.81574115322194], [-98.95691616763918, 19.81565979665338], [-98.95697400044087, 19.81571995623599], [-98.9569262172627, 19.81575845612424], [-98.95688020887758, 19.8157955259955], [-98.95681629789537, 19.81574115322194]]], [[[-98.95649732995426, 19.8159063403168], [-98.95657438381129, 19.8158173576389], [-98.9567165285203, 19.81592740627892], [-98.9566876052304, 19.81595071026873], [-98.9566150497975, 19.81600916937224], [-98.95649732995426, 19.8159063403168]]], [[[-98.95640104618944, 19.81600669608519], [-98.95649732995426, 19.8159063403168], [-98.9566150497975, 19.81600916937224], [-98.95651847876208, 19.81609112464259], [-98.95650841353385, 19.81609966651788], [-98.95640104618944, 19.81600669608519]]], [[[-98.95631118123327, 19.81610036142094], [-98.95640104618944, 19.81600669608519], [-98.95650841353385, 19.81609966651788], [-98.95640557307779, 19.81618694218308], [-98.95631118123327, 19.81610036142094]]], [[[-98.95703451312612, 19.81556124859308], [-98.95708087525362, 19.8156072707684], [-98.95709555858028, 19.81562201420384], [-98.95699378883431, 19.81570401231166], [-98.9569393048459, 19.81564954123353], [-98.95703451312612, 19.81556124859308]]], [[[-98.95699378883431, 19.81570401231166], [-98.95709589289802, 19.81562234989013], [-98.95709555858028, 19.81562201420384], [-98.9570956518765, 19.81562193903295], [-98.95712767142491, 19.81566544941584], [-98.9570223699549, 19.81574407781705], [-98.95699378883431, 19.81570401231166]]], [[[-98.9569262172627, 19.81575845612424], [-98.95697400044087, 19.81571995623599], [-98.95700238614543, 19.81575899967255], [-98.9569587470692, 19.81579158483306], [-98.9569262172627, 19.81575845612424]]], [[[-98.9567967551385, 19.81586276625885], [-98.95688020887758, 19.8157955259955], [-98.9569262172627, 19.81575845612424], [-98.9569587470692, 19.81579158483306], [-98.95698196449847, 19.81581522970358], [-98.95684349781978, 19.81592068210663], [-98.9567967551385, 19.81586276625885]]], [[[-98.9566876052304, 19.81595071026873], [-98.9567165285203, 19.81592740627892], [-98.9567967551385, 19.81586276625885], [-98.95684349781978, 19.81592068210663], [-98.95673463990701, 19.8160035851162], [-98.9566876052304, 19.81595071026873]]], [[[-98.95665062299184, 19.81604024274946], [-98.9566150497975, 19.81600916937224], [-98.9566876052304, 19.81595071026873], [-98.95673463990701, 19.8160035851162], [-98.95666733605223, 19.81605484169123], [-98.95665062299184, 19.81604024274946]]], [[[-98.95651847876208, 19.81609112464259], [-98.9566150497975, 19.81600916937224], [-98.95665062299184, 19.81604024274946], [-98.95654890823063, 19.81612369444245], [-98.95651847876208, 19.81609112464259]]], [[[-98.96322705617413, 19.80796845678464], [-98.96283968230254, 19.80782282810351], [-98.9638873211587, 19.80633731333702], [-98.96424222857527, 19.80647085292382], [-98.96322705617413, 19.80796845678464]]], [[[-98.95770064714699, 19.81489389183537], [-98.9578703518999, 19.8146482270164], [-98.95807230043799, 19.81479298342325], [-98.95783587027131, 19.81501936712723], [-98.95770064714699, 19.81489389183537]]], [[[-98.95732243134373, 19.81495622201918], [-98.9576053285822, 19.81520955249513], [-98.95738375065277, 19.8153923424981], [-98.95732756203304, 19.81531842654637], [-98.95727677759464, 19.81524643290069], [-98.9572456016476, 19.81520223684061], [-98.9572284083046, 19.81513689966267], [-98.9572183159055, 19.81508352001462], [-98.95721680298129, 19.81507551801316], [-98.95732243134373, 19.81495622201918]]], [[[-98.9560398535022, 19.81640831519383], [-98.95603926899301, 19.81640760059882], [-98.95602874782858, 19.81639473788843], [-98.95631118123327, 19.81610036142094], [-98.95640557307779, 19.81618694218308], [-98.95608895229228, 19.81646834116693], [-98.9560398535022, 19.81640831519383]]], [[[-98.95732243134373, 19.81495622201918], [-98.95738812553493, 19.81488351051359], [-98.95750623809191, 19.81500754486523], [-98.95760068305844, 19.8149096388058], [-98.9575600360541, 19.81486465340855], [-98.95761465850927, 19.81481410170624], [-98.95770064714699, 19.81489389183537], [-98.95783587027131, 19.81501936712723], [-98.9576053285822, 19.81520955249513], [-98.95732243134373, 19.81495622201918]]], [[[-98.95600668885449, 19.81644317863876], [-98.95605042495869, 19.81649798472063], [-98.9559585520287, 19.81656867316077], [-98.95593116136307, 19.81652947809051], [-98.95600668885449, 19.81644317863876]]], [[[-98.95603501164301, 19.81641204505193], [-98.9560398535022, 19.81640831519383], [-98.95608895229228, 19.81646834116695], [-98.95605042495869, 19.81649798472064], [-98.95600668885449, 19.81644317863879], [-98.95600600708192, 19.81644232430346], [-98.95600208505577, 19.8164374095769], [-98.95603501164301, 19.81641204505193]]], [[[-98.9567165285203, 19.81592740627892], [-98.95657438381129, 19.81581735763892], [-98.95656795673904, 19.81581082460573], [-98.95663416994124, 19.81573432834852], [-98.9567967551385, 19.81586276625885], [-98.9567165285203, 19.81592740627892]]], [[[-98.9567967551385, 19.81586276625885], [-98.95663416994124, 19.81573432834852], [-98.95684999246897, 19.81549145391608], [-98.9569764717927, 19.81561507399844], [-98.9569393048459, 19.81564954123353], [-98.95691616763919, 19.81565979665338], [-98.95681629789536, 19.81574115322192], [-98.95687467076213, 19.81579081440239], [-98.95688020887758, 19.8157955259955], [-98.9567967551385, 19.81586276625885]]], [[[-98.9114541877288, 19.84967138753013], [-98.91258136390918, 19.85008315585416], [-98.91275633428643, 19.85015136118347], [-98.91077200932057, 19.85171781775787], [-98.91087733587521, 19.85140989523941], [-98.91143476691333, 19.84966429283791], [-98.9114541877288, 19.84967138753013]]], [[[-98.92446415445656, 19.84398127435255], [-98.92421149873823, 19.84391421955562], [-98.92398912466354, 19.84393325321592], [-98.92380719018739, 19.84393317559621], [-98.92366571727548, 19.84386616657962], [-98.92344343947902, 19.84368435490997], [-98.92342330220607, 19.84352175813405], [-98.92333240406863, 19.84337825923607], [-98.92319094564594, 19.84328255877964], [-98.92306971177214, 19.84316773774799], [-98.9229889120251, 19.84304337130802], [-98.92282726669738, 19.84289027699707], [-98.9225544641591, 19.84268931496222], [-98.92340372090683, 19.84220191627832], [-98.92582914602981, 19.84294893435962], [-98.92555616924948, 19.8431114087978], [-98.92525282486613, 19.84336951060061], [-98.92490900954449, 19.84371366985368], [-98.92466627718878, 19.8440387446723], [-98.92446415445656, 19.84398127435255]]], [[[-98.92180941877645, 19.84983258512074], [-98.92046331390205, 19.84913581017488], [-98.92033688258383, 19.84930312315315], [-98.92125900090585, 19.8497518455289], [-98.92094717388929, 19.84980386637301], [-98.91859481924313, 19.84932108518326], [-98.9174675778535, 19.8490426130218], [-98.91717575303389, 19.84900065164618], [-98.91699762635331, 19.84900065106667], [-98.91687933627799, 19.84899196308497], [-98.9168132783667, 19.84900065102212], [-98.91674660036426, 19.84900065153641], [-98.91659401263556, 19.84902354012407], [-98.91654436458822, 19.84903602026159], [-98.91642481919226, 19.84905174349517], [-98.91568490429677, 19.84925143005234], [-98.91496618359442, 19.84943106548036], [-98.91475382974055, 19.84947197144298], [-98.9147114617459, 19.84945078692136], [-98.91468857369998, 19.84941645498342], [-98.91468094423499, 19.84937067886749], [-98.91714464358576, 19.84747496004913], [-98.91720186376006, 19.84743299877115], [-98.91725908457028, 19.84735288937473], [-98.91727052892624, 19.84730329871927], [-98.91727243614676, 19.84724989280545], [-98.91725717711908, 19.84720030150996], [-98.91721903038723, 19.84713926708952], [-98.91719804944461, 19.84710112009324], [-98.91949388386864, 19.84537250013043], [-98.91951801414979, 19.84537890050004], [-98.91953125981362, 19.84538241457695], [-98.91954938988279, 19.84538722402763], [-98.91956447508234, 19.84534879083083], [-98.91979905859067, 19.84516136850495], [-98.92001992990623, 19.84498366154843], [-98.92010130367662, 19.84491818997109], [-98.92009877093409, 19.84491704671394], [-98.9201162916462, 19.8449038543168], [-98.91998210098899, 19.84475806971432], [-98.9224558226779, 19.84287291338461], [-98.92258706309786, 19.8429475098708], [-98.92274459810616, 19.8430407290249], [-98.92289549581477, 19.8431774937092], [-98.92307269433869, 19.84332041375711], [-98.92324326367932, 19.84349441027913], [-98.9232366527788, 19.84364971910225], [-98.92339406790137, 19.84382985486559], [-98.92357126461175, 19.84397900802307], [-98.92375502165481, 19.84407847202844], [-98.92395197712594, 19.84407855610645], [-98.92410956419383, 19.84406624546132], [-98.92425392310739, 19.84404769454375], [-98.92437211631031, 19.8440725905843], [-98.92450336450861, 19.84413471662658], [-98.92468055087821, 19.84430871546953], [-98.92482493949846, 19.84439578398379], [-98.92502840639906, 19.84445170554444], [-98.92540251504282, 19.84453263548017], [-98.9256519549298, 19.8446258904715], [-98.9259538181405, 19.84477509317705], [-98.92625577453973, 19.84489330627715], [-98.92656428203647, 19.84498034988679], [-98.92700406819509, 19.84506753710449], [-98.92741759246981, 19.84506770585701], [-98.92778524892859, 19.84496847062836], [-98.92839588308235, 19.84480093701748], [-98.92859940447771, 19.84473894815847], [-98.92871099439654, 19.84473899279226], [-98.92877666525827, 19.84475763040007], [-98.9288160129638, 19.84481980691939], [-98.9288422032955, 19.84489435684541], [-98.92887471418764, 19.84563352279211], [-98.92877277915488, 19.84569988933185], [-98.92860743542198, 19.84579857600359], [-98.92851171151325, 19.84588906872135], [-98.92832901895677, 19.84586432935049], [-98.9280070844901, 19.84585597798108], [-98.92759820543334, 19.84585581247536], [-98.92729365710733, 19.84588857636082], [-98.92690113439329, 19.84594000543128], [-98.92667517110156, 19.84599339992394], [-98.92649977645662, 19.84602422739626], [-98.92635917884611, 19.84608018605633], [-98.9260964945891, 19.8462096548319], [-98.92588923013365, 19.84633390127281], [-98.92566175740943, 19.84644379216392], [-98.92539381967488, 19.84662539664858], [-98.92511071088119, 19.84682612263087], [-98.92487703130105, 19.84705915760511], [-98.92432771512154, 19.84756651279409], [-98.92397104082184, 19.84787550316141], [-98.92362771890748, 19.84818830844934], [-98.92247889633272, 19.84950070504352], [-98.92227480990066, 19.84967999647785], [-98.92216036975788, 19.84977536378882], [-98.92203639251294, 19.84982495528926], [-98.92192385959942, 19.84985547314903], [-98.92180941877645, 19.84983258512074]]], [[[-98.93383745940763, 19.83256178913622], [-98.93510315357494, 19.83280099870339], [-98.93339985679178, 19.83413535846292], [-98.93383745940763, 19.83256178913622]]], [[[-98.91326196146012, 19.84898728381766], [-98.91314136704979, 19.84895280794558], [-98.9142124017427, 19.84889153825432], [-98.9142174363396, 19.84910078956182], [-98.91355436970724, 19.84938705965326], [-98.91355181490947, 19.84937008897382], [-98.9135492601122, 19.84935311829431], [-98.91350173724823, 19.84935952334162], [-98.91346633525664, 19.8493642947507], [-98.91341142046875, 19.84937169604063], [-98.91337570150432, 19.84936220914444], [-98.9133213906288, 19.84934778425241], [-98.91323136081593, 19.84932387241876], [-98.91321090428306, 19.84922204581789], [-98.91322464562832, 19.84915886288697], [-98.9132445177079, 19.84906749064706], [-98.91325202439474, 19.84903297471482], [-98.91326196146012, 19.84898728381766]]], [[[-98.91281202163808, 19.84997530415729], [-98.91313771090158, 19.84895773371162], [-98.91326196146012, 19.84898728381766], [-98.91325202439474, 19.84903297471482], [-98.9132445177079, 19.84906749064706], [-98.91322464562832, 19.84915886288697], [-98.91321090428306, 19.84922204581789], [-98.91323136081593, 19.84932387241876], [-98.9133213906288, 19.84934778425241], [-98.91337570150432, 19.84936220914444], [-98.91341142046875, 19.84937169604063], [-98.91346633525664, 19.8493642947507], [-98.91350173724823, 19.84935952334162], [-98.9135492601122, 19.84935311829431], [-98.91355181490947, 19.84937008897382], [-98.91355436970724, 19.84938705965326], [-98.91281202163808, 19.84997530415729]]], [[[-98.90664713630107, 19.85342951412717], [-98.90672640214049, 19.8531886752329], [-98.9078472732004, 19.84978297215362], [-98.90862467456232, 19.85164622961188], [-98.90750699947975, 19.85414895459062], [-98.90664370704732, 19.85485202392535], [-98.90606327082418, 19.85532472798162], [-98.90664713630107, 19.85342951412717]]], [[[-98.91144792996502, 19.84965567064006], [-98.91181138497865, 19.84866063232402], [-98.91314836867326, 19.84892443476544], [-98.91313771090158, 19.84895773371162], [-98.91281202163808, 19.84997530415729], [-98.91278019531941, 19.85007474028935], [-98.91144792996502, 19.84965567064006]]], [[[-98.90850208952563, 19.85350372792961], [-98.90791716638833, 19.85332966797619], [-98.9082016126079, 19.85262539880164], [-98.90862467456232, 19.85164622961188], [-98.91031127107017, 19.85208821120115], [-98.90850208952563, 19.85350372792961]]], [[[-98.93383745940763, 19.83256178913622], [-98.93382976503285, 19.83259373011918], [-98.93340046536845, 19.83413359710653], [-98.93312965213013, 19.83491738685935], [-98.93273712460396, 19.83626791539222], [-98.931191328863, 19.83585542056375], [-98.93055876013435, 19.83568661543442], [-98.93197276180754, 19.83207693592151], [-98.93255795139946, 19.83228921772865], [-98.93383745940763, 19.83256178913622]]], [[[-98.86894041018475, 19.89701390071655], [-98.87075370907868, 19.8950474481734], [-98.8711689004116, 19.8952569541556], [-98.86806709600579, 19.89944913435459], [-98.86754093159976, 19.89931038464453], [-98.86699767135109, 19.8991206506758], [-98.8684338132417, 19.89756327340444], [-98.86894041018475, 19.89701390071655]]], [[[-98.86565030757487, 19.90062466587723], [-98.866963197705, 19.89915803397536], [-98.86754093159966, 19.89931038464453], [-98.86941571047443, 19.89996513608623], [-98.87044000123134, 19.90045425979731], [-98.86893004764642, 19.90207920289366], [-98.87350266756118, 19.90359894170635], [-98.87199604518787, 19.90819990167559], [-98.87103287894405, 19.90943689120504], [-98.86338634457077, 19.90315615756888], [-98.86565030757487, 19.90062466587723]]], [[[-98.86714618492364, 19.90624452984855], [-98.86826265129471, 19.90716156858864], [-98.87103287894405, 19.90943689120504], [-98.87140800749351, 19.90974499418319], [-98.86736034013497, 19.91032605705454], [-98.86441293792718, 19.90785549712369], [-98.8614241568128, 19.90535012432129], [-98.86338634457077, 19.90315615756888], [-98.86714618492364, 19.90624452984855]]], [[[-98.86294329834082, 19.9066235746048], [-98.86297111321753, 19.90664689066122], [-98.86441293792718, 19.90785549712369], [-98.86259702025404, 19.91029334171586], [-98.86254243176224, 19.91025040322346], [-98.85930608048731, 19.90770466619379], [-98.8614241568128, 19.90535012432129], [-98.86294329834082, 19.9066235746048]]], [[[-98.85938650318242, 19.90893128110304], [-98.85852588866211, 19.90857154599957], [-98.85930608048731, 19.90770466619379], [-98.86254243176224, 19.91025040322346], [-98.85968952233603, 19.90905794110916], [-98.85938650318242, 19.90893128110304]]], [[[-98.85894869890657, 19.91101984109991], [-98.85819791913569, 19.91118518861403], [-98.85747000271486, 19.91063339209244], [-98.85710987763912, 19.91033782196953], [-98.85839730149102, 19.90872324996561], [-98.86274903811602, 19.91055525595514], [-98.86369104750494, 19.91123142220364], [-98.86197751508885, 19.91185557566385], [-98.86143427041058, 19.9123872619447], [-98.86013972990064, 19.91075752790984], [-98.85958075798874, 19.91088063723296], [-98.85894869890657, 19.91101984109991]]], [[[-98.85675287420092, 19.91141064339388], [-98.85639949857025, 19.91179364151371], [-98.85513446833706, 19.9131646945826], [-98.85482409950606, 19.91288255860644], [-98.85710987763912, 19.91033782196953], [-98.85747000271486, 19.91063339209244], [-98.85675287420092, 19.91141064339388]]], [[[-98.83328073144537, 19.9320944653736], [-98.8335656444981, 19.93232530885692], [-98.83551259757805, 19.93390274738798], [-98.8349205900015, 19.93452858717101], [-98.8311940354653, 19.93151950509428], [-98.83176528118982, 19.93086659176831], [-98.83328073144537, 19.9320944653736]]], [[[-98.83155707013238, 19.93471279129253], [-98.82944707927616, 19.93351616797571], [-98.8311940354653, 19.93151950509428], [-98.8349205900015, 19.93452858717101], [-98.83367188888366, 19.93591210939101], [-98.83215211459849, 19.9350502466183], [-98.83155707013238, 19.93471279129253]]], [[[-98.8399040678426, 19.92399419951881], [-98.83861406223001, 19.92322868089959], [-98.8417342393056, 19.91965335046571], [-98.84349880797632, 19.92119043161542], [-98.8453959479407, 19.9228429402806], [-98.84284129623735, 19.92573701736339], [-98.84068673470038, 19.92445864364425], [-98.84029509124734, 19.92422623837953], [-98.8399040678426, 19.92399419951881]]], [[[-98.84273318005478, 19.92588099828397], [-98.84241658877043, 19.92623295766848], [-98.84124993422782, 19.9275299268727], [-98.83988389660222, 19.92904851307516], [-98.83965014940533, 19.92930835935526], [-98.83784181824052, 19.93131856047966], [-98.83744805752596, 19.9301129462016], [-98.83700851677766, 19.92876714034], [-98.83916446278484, 19.92624252073578], [-98.83912824864117, 19.92621627915572], [-98.83944846559523, 19.92585287140946], [-98.83833604181424, 19.92420844643172], [-98.83812856977382, 19.92390174923766], [-98.83831228152846, 19.92361746083384], [-98.83857452866465, 19.92321163917339], [-98.83915604102066, 19.92358491212404], [-98.84062642406724, 19.9245287351184], [-98.84140559310684, 19.92502886583174], [-98.84193848892852, 19.92537091564165], [-98.8425950056376, 19.92579230976125], [-98.84264597641287, 19.92582502584698], [-98.84273318005478, 19.92588099828397]]], [[[-98.83267642360464, 19.93160663870838], [-98.83182501640572, 19.93091733769969], [-98.83182622114799, 19.93091596818255], [-98.83242696596082, 19.93023305436098], [-98.83371802939975, 19.9312782981185], [-98.83611454276601, 19.93321845175606], [-98.83560333044298, 19.93379960212652], [-98.83551259757805, 19.93390274738798], [-98.83549139486382, 19.93388557352937], [-98.83538493882708, 19.93379939995799], [-98.83356499828693, 19.9323260227176], [-98.83267642360464, 19.93160663870838]]], [[[-98.8344791120167, 19.93189445905361], [-98.83437323717446, 19.93180874486989], [-98.83371802939975, 19.93127829811845], [-98.83242696596082, 19.93023305436098], [-98.83279574922501, 19.92984787702355], [-98.83648580852048, 19.9328305179491], [-98.83611454276601, 19.93321845175606], [-98.8344791120167, 19.93189445905361]]], [[[-98.8347958508517, 19.93146456415903], [-98.83279574922501, 19.92984787702355], [-98.83316453070046, 19.92946269889162], [-98.83685707246123, 19.9324425833369], [-98.83648580852048, 19.9328305179491], [-98.83504392449431, 19.93166507883895], [-98.8347958508517, 19.93146456415903]]], [[[-98.83649797585117, 19.92759634129055], [-98.836904986765, 19.92875748580449], [-98.83694789487821, 19.9289328685493], [-98.83704397903051, 19.9292182926134], [-98.83777713163238, 19.93139267790233], [-98.83686638812668, 19.93243320572789], [-98.83306981787298, 19.92937552590793], [-98.83176528118982, 19.93086659176831], [-98.83176248652617, 19.93086432739941], [-98.83119329541036, 19.9315189075028], [-98.82944707927616, 19.93351616797571], [-98.82887424388905, 19.93319130599241], [-98.83048708585622, 19.93098246641837], [-98.83152593978484, 19.9294746748706], [-98.83243130025906, 19.92816063558837], [-98.83382622546968, 19.92606268749344], [-98.83446803750441, 19.92509944359978], [-98.83522741474009, 19.92389082806407], [-98.8353234054111, 19.92394350011518], [-98.8354732570422, 19.92433132631733], [-98.83564682211033, 19.9248747552381], [-98.83569440123706, 19.92511359155247], [-98.83569423533154, 19.92527414150859], [-98.83589811778207, 19.92591228387525], [-98.83626274442945, 19.92692525121565], [-98.83649797585117, 19.92759634129055]]], [[[-98.84034685119343, 19.93071205109774], [-98.8402308451942, 19.93047090425222], [-98.83976386701659, 19.92950016772166], [-98.84245947430018, 19.92649647860004], [-98.84256442979216, 19.92672994298174], [-98.84267144907845, 19.92678384408346], [-98.84390331852546, 19.9291646086315], [-98.84096230472221, 19.93199140830648], [-98.84034685119343, 19.93071205109774]]], [[[-98.84777760717273, 19.91639810038757], [-98.85272353850594, 19.91129134796667], [-98.85440781714806, 19.9128715066814], [-98.84631812172168, 19.92180749613379], [-98.8440559208142, 19.92024049019624], [-98.84754498569941, 19.91663827415573], [-98.84777760717273, 19.91639810038757]]], [[[-98.85551674999495, 19.92116104292883], [-98.85295691438473, 19.92073577230547], [-98.8483497049618, 19.91997026884043], [-98.85075887925066, 19.91731412253536], [-98.85095128136552, 19.91747763507491], [-98.85098893172812, 19.91748814712388], [-98.85102210696783, 19.91748185047917], [-98.85105317061509, 19.91745883748118], [-98.85337709103213, 19.91484351663632], [-98.86048529237218, 19.92053842222894], [-98.859696468089, 19.92160728914356], [-98.85975946332714, 19.92164817662686], [-98.85957315459109, 19.92190598119669], [-98.85756416897527, 19.92150115660302], [-98.856305817116, 19.92129212434715], [-98.85551674999495, 19.92116104292883]]], [[[-98.8556197514101, 19.92172865932076], [-98.8574650014519, 19.92203518798262], [-98.85796470739731, 19.92213588445721], [-98.85922367274553, 19.92238957361432], [-98.85566327413322, 19.9272268429528], [-98.84636206046203, 19.92216158058914], [-98.8479157719928, 19.92044867259255], [-98.8556197514101, 19.92172865932076]]], [[[-98.85512255117557, 19.90833072832559], [-98.85702682054917, 19.90622849858841], [-98.85957837914982, 19.90705472006396], [-98.85957982245246, 19.90705311300431], [-98.8594743354205, 19.90717357006876], [-98.85945384586569, 19.9071964142075], [-98.8546726656081, 19.91252678341914], [-98.85270957354106, 19.91099443933799], [-98.85468638708008, 19.90881222351927], [-98.85512255117557, 19.90833072832559]]], [[[-98.85625390417617, 19.90597821123697], [-98.85453929214225, 19.90542296729024], [-98.85653773663468, 19.90315632490326], [-98.86174105460512, 19.90466565080575], [-98.86011286562848, 19.90646642361876], [-98.85960549341095, 19.90702453443515], [-98.85957982245246, 19.90705311300431], [-98.85957837914982, 19.90705472006396], [-98.8578633638324, 19.90649938506603], [-98.85775580089346, 19.90646455468879], [-98.85702682054915, 19.90622849858847], [-98.85625390417617, 19.90597821123697]]], [[[-98.86041290139102, 19.90394315096222], [-98.86092618462965, 19.90409232612815], [-98.8619770678838, 19.90439773813935], [-98.86197626721685, 19.90439864702598], [-98.86174105460512, 19.90466565080575], [-98.85914105532224, 19.90391047371082], [-98.85937373836913, 19.90364113431754], [-98.8593751691479, 19.9036415501562], [-98.86041290139102, 19.90394315096222]]], [[[-98.86112210509589, 19.90381443363751], [-98.8611875661845, 19.90383344892808], [-98.86130752029675, 19.90386829820015], [-98.86221338460084, 19.90413147888451], [-98.86197770255318, 19.90439906416953], [-98.86197626721682, 19.90439864702598], [-98.85937437584536, 19.90364245164064], [-98.8593751691479, 19.9036415501562], [-98.85960965602143, 19.90337508591452], [-98.86112210509589, 19.90381443363751]]], [[[-98.86153146346257, 19.90359740099947], [-98.86155485438513, 19.90360419482931], [-98.86244816552829, 19.90386365188582], [-98.86221234030016, 19.90413112398638], [-98.8611875661845, 19.90383344892808], [-98.85960965602143, 19.90337508591452], [-98.85960862847907, 19.90337478742098], [-98.85984415738316, 19.90310731790277], [-98.85984862228158, 19.90310861477101], [-98.86153146346257, 19.90359740099947]]], [[[-98.86174238464417, 19.90332277724232], [-98.86183632068072, 19.90335005531425], [-98.86268380947429, 19.90359615479744], [-98.86244816552829, 19.90386365188582], [-98.85984862228158, 19.90310861477101], [-98.86008432755351, 19.90284128458802], [-98.86174238464417, 19.90332277724232]]], [[[-98.86185402396471, 19.90184817666795], [-98.86242606833328, 19.90201644100428], [-98.86374092118122, 19.90240319087266], [-98.86268380947429, 19.90359615479744], [-98.86183632068068, 19.90335005531425], [-98.86174238464417, 19.90332277724232], [-98.86008432755351, 19.90284128458802], [-98.85980572177814, 19.90276037686667], [-98.86086575130018, 19.90155747543896], [-98.86185402396471, 19.90184817666795]]], [[[-98.86810902165166, 19.89543956524636], [-98.86915577337174, 19.89422569003358], [-98.87058806334215, 19.89494411815905], [-98.86668912660244, 19.89913588877138], [-98.86524973205914, 19.89875523948561], [-98.86710344079692, 19.89660567280163], [-98.86810902165166, 19.89543956524636]]], [[[-98.85683499171078, 19.91761398305184], [-98.85337709103213, 19.91484351663632], [-98.8531583642604, 19.91466826746192], [-98.85453226383845, 19.91308098979708], [-98.86147443085368, 19.91929004465602], [-98.86052183886092, 19.92056770053244], [-98.86048529237218, 19.92053842222894], [-98.85738551001705, 19.91805504261501], [-98.85683499171078, 19.91761398305184]]], [[[-98.84451694902168, 19.92055984507538], [-98.84631812172168, 19.92180749613379], [-98.84691975315994, 19.92114297350046], [-98.84539407850123, 19.92284131192741], [-98.84377804743991, 19.92143366730122], [-98.8437675374609, 19.92142451244915], [-98.84451694902168, 19.92055984507538]]], [[[-98.90993653327004, 19.85415387177051], [-98.90983112004336, 19.85449190065678], [-98.90795433179555, 19.85403147340318], [-98.90759469398591, 19.85416301111604], [-98.90781652504124, 19.85357585723808], [-98.90993653327004, 19.85415387177051]]], [[[-98.82375676494914, 19.94107094903518], [-98.82374240882669, 19.94109535107382], [-98.82785997501759, 19.94244393445479], [-98.82607606787701, 19.94443583992397], [-98.8222793270989, 19.94322384821175], [-98.82224696855812, 19.94319869887962], [-98.82223817413814, 19.9431708626703], [-98.82361395596497, 19.94102563808076], [-98.82375676494914, 19.94107094903518]]], [[[-98.82729498296182, 19.93534586308516], [-98.8282501290139, 19.93404919873734], [-98.82887424388906, 19.93319130599241], [-98.82944707927619, 19.93351616797571], [-98.83367188888366, 19.93591210939099], [-98.83301370020408, 19.93666635667824], [-98.83224579724185, 19.93751680973038], [-98.82729498296182, 19.93534586308516]]], [[[-98.83992281894099, 19.9298305924233], [-98.84096230472223, 19.93199140830648], [-98.84098272941411, 19.93197177732663], [-98.84099776343191, 19.93200339772712], [-98.84240984300783, 19.93060010394885], [-98.84390331852548, 19.92916460863148], [-98.84267144907845, 19.92678384408343], [-98.8426621685512, 19.9267791698772], [-98.84661609630083, 19.92236835063453], [-98.8544226067528, 19.92661158303142], [-98.8532719880184, 19.9273562041845], [-98.85453453020905, 19.92801386943457], [-98.85372939647776, 19.92928426209508], [-98.85584825375234, 19.93060554663127], [-98.85506718581499, 19.93189596278166], [-98.85292522196154, 19.93052744203809], [-98.85129589771837, 19.93304939553049], [-98.85353517869787, 19.93445156022118], [-98.85030480969579, 19.9398368008585], [-98.85016276771233, 19.94001016817919], [-98.8491370075054, 19.94173654345675], [-98.84734351330117, 19.94277380063906], [-98.84665287924464, 19.94238281037373], [-98.84530165657327, 19.94406375209353], [-98.84470536354232, 19.94374654897044], [-98.82770653893913, 19.96346182208119], [-98.82936192778487, 19.96447187119696], [-98.82796921577649, 19.96611239429853], [-98.82632648991851, 19.96507304776266], [-98.825599037289, 19.96592153938765], [-98.82726434019104, 19.96698663298207], [-98.8266155124689, 19.96780382066165], [-98.82583705942618, 19.96763571694925], [-98.82493388328092, 19.97219920436748], [-98.82686665849731, 19.97256445700093], [-98.82691058956571, 19.97469652459306], [-98.82316672571271, 19.97400206835882], [-98.8231378562167, 19.97399688132239], [-98.82200432927598, 19.97377337132773], [-98.80565984625413, 19.97074868760543], [-98.81974876899774, 19.95506270551274], [-98.81806674385959, 19.9537391014946], [-98.82099378798694, 19.95048046830635], [-98.82121157662223, 19.95065589133878], [-98.83465330589576, 19.93569623288296], [-98.8379574249014, 19.93201839652034], [-98.83992281894099, 19.9298305924233]]], [[[-98.82035458529757, 19.94619036762465], [-98.82100426928656, 19.94641139127647], [-98.82296363039042, 19.94792261477512], [-98.81785985421742, 19.95352183015338], [-98.81610382144736, 19.95219794556561], [-98.82035458529757, 19.94619036762465]]], [[[-98.82945750812141, 19.94065621569384], [-98.82790960569663, 19.94238851600195], [-98.82375676494914, 19.94107094903518], [-98.8249614687671, 19.93902320396677], [-98.82945750812141, 19.94065621569384]]], [[[-98.82612439360776, 19.93711851082892], [-98.82729498296182, 19.93534586308516], [-98.83224579724185, 19.93751680973039], [-98.83075316903435, 19.93919741909884], [-98.82612439360776, 19.93711851082892]]], [[[-98.82100426928656, 19.94641139127647], [-98.8204827871159, 19.94600917202951], [-98.82035458529757, 19.94619036762465], [-98.82032301134504, 19.94617962603352], [-98.82217035126305, 19.94329050686556], [-98.82219985662178, 19.94325990818038], [-98.82223808061329, 19.94325443516135], [-98.8222851903684, 19.9432655951864], [-98.82606603590932, 19.94445805588699], [-98.82356894494393, 19.94728386931729], [-98.82100426928656, 19.94641139127647]]], [[[-98.82612439360776, 19.93711851082892], [-98.83075316903435, 19.93919741909884], [-98.8294575081214, 19.94065621569387], [-98.8249614687671, 19.93902320396677], [-98.82488493055803, 19.93899540315937], [-98.82612439360776, 19.93711851082892]]], [[[-98.8118045148762, 19.98125586504991], [-98.81148611485834, 19.98148831369546], [-98.81115194590956, 19.98173191382675], [-98.81028900344833, 19.98236096911905], [-98.81020160215627, 19.98242468112895], [-98.80815072119067, 19.97910218574582], [-98.80509154370974, 19.97414591388161], [-98.80416661513895, 19.97305188632556], [-98.80251383187029, 19.97188568833063], [-98.8020646997932, 19.97154795626416], [-98.80252848120783, 19.97103027220547], [-98.80313864172753, 19.97035140553806], [-98.80314163681938, 19.9703509588121], [-98.80558401759146, 19.97078453768188], [-98.80559196568204, 19.97078594859244], [-98.80559989671157, 19.97078744125324], [-98.8074783729901, 19.97114096943865], [-98.80749346060064, 19.97114377325584], [-98.80778747406038, 19.97162735677251], [-98.80793603036041, 19.97187169590664], [-98.80807819777135, 19.97210552604496], [-98.81135121444112, 19.9774886049024], [-98.81307634551916, 19.98032572951042], [-98.81270817411557, 19.9805967215817], [-98.81213394866259, 19.98101535984501], [-98.8118045148762, 19.98125586504991]]], [[[-98.80174470056495, 19.97190229745934], [-98.80206469979697, 19.97154795626718], [-98.80207398564444, 19.97155519620188], [-98.80230261511275, 19.9717220422167], [-98.80251383187016, 19.97188568833078], [-98.80361479669877, 19.97266252881587], [-98.80416661513895, 19.97305188632556], [-98.80497755342633, 19.97401108453376], [-98.80509154370974, 19.97414591388161], [-98.80519354720924, 19.9746100915095], [-98.80497655455652, 19.97482327822752], [-98.80466761152516, 19.97512680109936], [-98.80449906274441, 19.97529239210049], [-98.80385800341656, 19.9759221971152], [-98.80362143977446, 19.97615460582045], [-98.80318468229304, 19.97658368956618], [-98.8028085968827, 19.97589067498752], [-98.80184047318944, 19.97410667684989], [-98.8017178031956, 19.97388062497726], [-98.8014156294013, 19.97342577009202], [-98.80115043126195, 19.97292121074762], [-98.80101943014668, 19.97271938742718], [-98.8016405014087, 19.97201822723602], [-98.80174470056495, 19.97190229745934]]], [[[-98.80164064018454, 19.97382693806716], [-98.79915800724604, 19.97789591999451], [-98.79718340607151, 19.97683113409817], [-98.80101943014668, 19.97271938742718], [-98.8014156294013, 19.97342577009202], [-98.80164064018454, 19.97382693806716]]], [[[-98.80092295366465, 19.97888638248345], [-98.80074557269344, 19.97916817935753], [-98.80026541032501, 19.97874334161062], [-98.79984575650064, 19.9784108162025], [-98.7992320323506, 19.97793583666023], [-98.7996828387199, 19.97720042300067], [-98.80004017110075, 19.97670822886183], [-98.80070289999975, 19.97561756175961], [-98.80114821009924, 19.97480986373252], [-98.80131603417011, 19.97453607553285], [-98.80168896867589, 19.97392766614727], [-98.80169323436607, 19.97392070701977], [-98.8017178031956, 19.97388062497726], [-98.80184047318944, 19.97410667684989], [-98.80262208030732, 19.9755469773674], [-98.8028085968827, 19.97589067498752], [-98.80279311039035, 19.97591527881542], [-98.80256618091695, 19.97627580703274], [-98.80216051590102, 19.97692029174397], [-98.80158489680453, 19.97783477371633], [-98.80092295366465, 19.97888638248345]]], [[[-98.79942865979378, 19.97899225787543], [-98.79634240003907, 19.97778050306312], [-98.7995021729271, 19.97882364935765], [-98.79942865979378, 19.97899225787543]]], [[[-98.79755092450704, 19.98661450747552], [-98.79750217898247, 19.9866834137115], [-98.79730724326515, 19.98695897234767], [-98.79658190799802, 19.98798428654354], [-98.79479352211457, 19.98679342579966], [-98.79549029626283, 19.98582136877326], [-98.79672252700621, 19.98578254475533], [-98.79830898462401, 19.98554291091607], [-98.79755092450704, 19.98661450747552]]], [[[-98.79616472282392, 19.98851039033213], [-98.79614201121333, 19.98853903135469], [-98.79572424506317, 19.98906586300349], [-98.79397531868808, 19.98803459248449], [-98.79479352211457, 19.98679342579966], [-98.79658190799802, 19.98798428654354], [-98.79616472282392, 19.98851039033213]]], [[[-98.7938519620004, 19.99153242476907], [-98.7938332540175, 19.99155718198208], [-98.79340222594038, 19.99212758034653], [-98.79232467085743, 19.99025851415218], [-98.79259887760813, 19.98988340230002], [-98.79265177869556, 19.9898110339308], [-98.79313710591829, 19.98914711997233], [-98.79322345892514, 19.98910580571852], [-98.79355959713617, 19.98942562507671], [-98.79465583738175, 19.99046860680624], [-98.7938519620004, 19.99153242476907]]], [[[-98.7930624805327, 19.98779944886371], [-98.79326081021577, 19.98792596740712], [-98.79378610865795, 19.988261063933], [-98.79313710591829, 19.98914711997233], [-98.79265177869556, 19.9898110339308], [-98.79259887760813, 19.98988340230002], [-98.79232467085743, 19.99025851415218], [-98.79154953499355, 19.98895434021518], [-98.79172548596861, 19.9887322606745], [-98.79162060186192, 19.98857575719417], [-98.79245294645257, 19.98741061201043], [-98.7930624805327, 19.98779944886371]]], [[[-98.79027561037114, 19.99173837585952], [-98.78933882808026, 19.99180324051997], [-98.78931779558695, 19.99144208888897], [-98.78931851491468, 19.99144175250659], [-98.78929730270626, 19.99111437230282], [-98.78928833281371, 19.99097593441637], [-98.78918818512454, 19.98930438920626], [-98.78918801123011, 19.98930148674038], [-98.7892069677144, 19.98927090486012], [-98.7892511294581, 19.98919966009919], [-98.791200228662, 19.98897797149665], [-98.79120023548383, 19.98897797869589], [-98.79169475981459, 19.98983091559274], [-98.79169551516618, 19.98983221836988], [-98.79191388418295, 19.99020885025228], [-98.79191388997401, 19.99020886749748], [-98.7926958298405, 19.99155749242072], [-98.79270322646656, 19.99157025961354], [-98.79132086574977, 19.99166599439717], [-98.79027561037114, 19.99173837585952]]], [[[-98.78806042347982, 19.99106331445884], [-98.78806301793074, 19.99105926074814], [-98.78897643576924, 19.98963207170948], [-98.78918801123011, 19.98930148674038], [-98.78918818512454, 19.98930438920626], [-98.78928833281371, 19.99097593441637], [-98.78929730270626, 19.99111437230282], [-98.78931851491468, 19.99144175250659], [-98.78931779558695, 19.99144208888897], [-98.78933882808026, 19.99180324051997], [-98.7884350187295, 19.9918325504244], [-98.78750513181006, 19.99189357424488], [-98.78764070806345, 19.99168115857378], [-98.78806042347982, 19.99106331445884]]], [[[-98.78649085552055, 19.98996084333354], [-98.78653006564416, 19.98951642157246], [-98.78789390818974, 19.9893442889052], [-98.7889480201311, 19.9892321971679], [-98.78918197354358, 19.98920731825029], [-98.78896916062855, 19.98952969363143], [-98.7875190736461, 19.99172628643927], [-98.78740739937881, 19.99189999056701], [-98.78693369861841, 19.99193107724628], [-98.78631176126646, 19.99199072861048], [-98.78646215635408, 19.99028612840184], [-98.78649085552055, 19.98996084333354]]], [[[-98.78876817884695, 19.99357831651265], [-98.78877075961739, 19.99389937820163], [-98.78877701705825, 19.99467783537425], [-98.78602770920747, 19.99477397119513], [-98.78606807279382, 19.99410825025817], [-98.78749615031285, 19.99198244830448], [-98.78875455351988, 19.99188324454379], [-98.78876817884695, 19.99357831651265]]], [[[-98.7861686162135, 19.99316004180845], [-98.78617023002646, 19.99314145075935], [-98.7862648772236, 19.99205111133404], [-98.78725568735683, 19.99201183295979], [-98.78735338843417, 19.99212468856644], [-98.78610956686953, 19.99384028424864], [-98.7861686162135, 19.99316004180845]]], [[[-98.7839639670869, 19.99563390414792], [-98.78359578222039, 19.99563056456317], [-98.78294003466907, 19.99562461477501], [-98.78295142168074, 19.99356000858349], [-98.78295237807096, 19.99323873894656], [-98.78397829117154, 19.99325944801466], [-98.78603665920286, 19.99332069827906], [-98.78593251707052, 19.9942459482983], [-98.7850089155768, 19.99564337808498], [-98.7839639670869, 19.99563390414792]]], [[[-98.7847379541847, 19.9932431390637], [-98.78405165934619, 19.99323796693416], [-98.78261132261623, 19.99321020802362], [-98.7810656349995, 19.99317743461998], [-98.78257182699953, 19.99149922461997], [-98.78621113599952, 19.99149491961999], [-98.78611794694406, 19.99218380785745], [-98.78607661107978, 19.99264525053566], [-98.78604217499954, 19.99326645561995], [-98.78502671272945, 19.9932483022493], [-98.7847379541847, 19.9932431390637]]], [[[-98.774602187281, 19.99771889529081], [-98.7724908743133, 19.99801679092862], [-98.77225544217995, 19.99682822091692], [-98.77328241883438, 19.99547100238176], [-98.77507512836549, 19.99508941039318], [-98.77523985974452, 19.99701678122187], [-98.77531294592055, 19.99755325255025], [-98.77527593096137, 19.99759395181882], [-98.774602187281, 19.99771889529081]]], [[[-98.79663467440321, 19.98567083433612], [-98.79910845034901, 19.97973214590404], [-98.80192561334859, 19.98126399968734], [-98.79986075943769, 19.98529876352851], [-98.79663467440321, 19.98567083433612]]], [[[-98.75079911896312, 20.06176876991805], [-98.74978073096781, 20.06125165297846], [-98.74845444990866, 20.06073127070034], [-98.74843570175646, 20.06072494142105], [-98.74847635428537, 20.05869195724361], [-98.75133953098846, 20.05999025218364], [-98.7510235593169, 20.06191499579985], [-98.75079911896312, 20.06176876991805]]], [[[-98.74845760953686, 20.07250774103444], [-98.74846053018119, 20.06979151585568], [-98.74971556280988, 20.07000198713215], [-98.74964006284046, 20.07290195820211], [-98.74845760953686, 20.07250774103444]]], [[[-98.74845758019288, 20.0728535886326], [-98.74845760953686, 20.07250774103444], [-98.74964006284046, 20.07290195820211], [-98.74960314982917, 20.07329681476264], [-98.74845758019288, 20.0728535886326]]], [[[-98.74836400449128, 20.07466741254906], [-98.74838434642312, 20.07463708275689], [-98.74836289443651, 20.07748278647365], [-98.74831323782391, 20.07745637210081], [-98.74698675077683, 20.07670120910137], [-98.74736128855766, 20.0760284259968], [-98.74836400449128, 20.07466741254906]]], [[[-98.74829890724719, 20.07765368807608], [-98.748370363126, 20.0775714766331], [-98.74838086520298, 20.0784087540487], [-98.74831568541953, 20.07838453596869], [-98.74818070123138, 20.07833036019461], [-98.74805845640834, 20.07827292583832], [-98.74808543276913, 20.07815683119998], [-98.74813466207284, 20.07802129724965], [-98.74821378945757, 20.0777876085116], [-98.74829890724719, 20.07765368807608]]], [[[-98.74802748131236, 20.07836470947571], [-98.74805292728428, 20.07831561252893], [-98.74836851501279, 20.07846466047215], [-98.74837096081754, 20.08011122661669], [-98.74782587624797, 20.07990912282679], [-98.7479159584209, 20.07909915221228], [-98.74798796255146, 20.07848928376156], [-98.74802748131236, 20.07836470947571]]], [[[-98.75316350738092, 20.04826245927446], [-98.74885378734666, 20.04651495302663], [-98.74852942188808, 20.04637274494377], [-98.74846203796173, 20.04635609928689], [-98.74748290974043, 20.04595905920018], [-98.74953747738542, 20.04205053139324], [-98.75131659299396, 20.03762287881456], [-98.75515602602955, 20.03900244245924], [-98.75352368949135, 20.04837442488131], [-98.75316350738092, 20.04826245927446]]], [[[-98.7485211839, 20.05519092], [-98.74845724489998, 20.0541487377], [-98.7520320172, 20.05529517759999], [-98.75199326059999, 20.056363745], [-98.7485211839, 20.05519092]]], [[[-98.7484423922, 20.06973075889998], [-98.7484240745, 20.06629780769999], [-98.74853787656104, 20.06635686778839], [-98.74857592401747, 20.06637661332852], [-98.74984833589997, 20.0670369511], [-98.7497515522, 20.0699555787], [-98.7484423922, 20.06973075889998]]], [[[-98.7695524946231, 20.00056124764809], [-98.76980984684695, 20.00049154739304], [-98.77016844726738, 20.00296703003421], [-98.76738428951795, 20.00360755734235], [-98.7695524946231, 20.00056124764809]]], [[[-98.76524119450606, 20.00909554124684], [-98.76518724077535, 20.00876466770421], [-98.76510731641163, 20.00827452564728], [-98.76490850880863, 20.00705531037971], [-98.76490850305635, 20.00705527479124], [-98.76521426529459, 20.00661504336102], [-98.76692525289198, 20.0064277943718], [-98.76754679615476, 20.00635976994296], [-98.76773737599999, 20.00633891100006], [-98.76783747299999, 20.00734773000004], [-98.76534048699995, 20.01007868600005], [-98.76524119450606, 20.00909554124684]]], [[[-98.76326350972404, 20.00935551467976], [-98.76326348197277, 20.00935555348367], [-98.76524119450606, 20.00909554124684], [-98.76534048699995, 20.01007868600005], [-98.76282255199997, 20.01294063800002], [-98.76252723640975, 20.01079182527904], [-98.76323529999996, 20.01103777400004], [-98.76316812599998, 20.01129572500002], [-98.763413852, 20.01135276400003], [-98.76351849499994, 20.01095911300007], [-98.76327378399999, 20.01090461800004], [-98.76325071099996, 20.01096971300005], [-98.76251543699999, 20.01070824900004], [-98.76246759299995, 20.01036936100008], [-98.76326344300037, 20.00935552345043], [-98.76326350972404, 20.00935551467976]]], [[[-98.74846203796173, 20.04635609928689], [-98.74885378734666, 20.04651495302663], [-98.7495875546893, 20.04683664766987], [-98.75155676714976, 20.04764808967381], [-98.75272007862719, 20.04812461453237], [-98.75316350738092, 20.04826245927446], [-98.75351814579422, 20.04840625175105], [-98.75352368949135, 20.04837442488131], [-98.75361099020373, 20.04840156290026], [-98.75346236535451, 20.0491433525136], [-98.75337375895404, 20.04970965405552], [-98.75326346109519, 20.05025616136072], [-98.7531864393538, 20.05068981387697], [-98.75308493949936, 20.05122305493895], [-98.75299500158904, 20.05175980197808], [-98.75288988173449, 20.0517669295558], [-98.75278066358464, 20.05288550430326], [-98.75268573210238, 20.05341411297983], [-98.75258823668352, 20.05390148502193], [-98.75248559813916, 20.0545075161818], [-98.7523672432111, 20.05501580920617], [-98.75195093521678, 20.05494189482496], [-98.7513898867139, 20.05485712370816], [-98.7507317429766, 20.05471959674364], [-98.74835377784007, 20.05402207463673], [-98.74836332483864, 20.0562760786495], [-98.74525943509205, 20.05520744477993], [-98.7430962082634, 20.05442389385455], [-98.74285480320007, 20.05433603648465], [-98.74287940713621, 20.05422718800566], [-98.74296078562782, 20.05412754628048], [-98.74299319979075, 20.05407903903934], [-98.74303766758266, 20.05399025979122], [-98.74307501573809, 20.05389206493044], [-98.74338994949717, 20.05267846526376], [-98.74424861815284, 20.0529033913482], [-98.74540133418854, 20.05040275075651], [-98.7458411097708, 20.04944601577455], [-98.74657255020568, 20.04785810916369], [-98.74714631154015, 20.04661728090644], [-98.74725947979756, 20.04636573251659], [-98.74740972474254, 20.04604630093666], [-98.74744951129541, 20.04596914112865], [-98.7479353520689, 20.04618489919117], [-98.74833306088617, 20.04632423837083], [-98.74846203796173, 20.04635609928689]]], [[[-98.74543749886165, 20.04044793993398], [-98.74717617074218, 20.0360001212745], [-98.748130777731, 20.03591017581489], [-98.74832763214965, 20.03471142746754], [-98.74847796697388, 20.03480470900548], [-98.74852353350434, 20.03482583804676], [-98.7485538904831, 20.03483892097733], [-98.75182920678161, 20.03624499942768], [-98.74953747738542, 20.04205053139324], [-98.74857932987375, 20.04165712180442], [-98.74835446046553, 20.04156404160208], [-98.74543749886165, 20.04044793993398]]], [[[-98.76014063840842, 20.01588775567743], [-98.76006175730588, 20.01584241603419], [-98.76006139846538, 20.01584367486142], [-98.7600404109995, 20.01583199962061], [-98.75996627299948, 20.01578214862062], [-98.75987495299945, 20.01571260662056], [-98.75929344921809, 20.01537839444642], [-98.75896287613057, 20.01519650198176], [-98.75877286655964, 20.01509195932399], [-98.75858880808856, 20.01499068601192], [-98.75807667499951, 20.01470889662063], [-98.75951336799946, 20.01235879062057], [-98.76003040877565, 20.01264517357939], [-98.7604082189664, 20.01285443799086], [-98.76054370799947, 20.01292948162058], [-98.7606265229995, 20.01310034662054], [-98.76069722199946, 20.01314510962049], [-98.76076586999947, 20.01316692362055], [-98.76148597599948, 20.01357419162055], [-98.7614043549995, 20.01368495462052], [-98.7615674279995, 20.01377922262051], [-98.76165001399947, 20.01366699362057], [-98.76200171099953, 20.01386592262054], [-98.76019092099946, 20.01591572762059], [-98.76014063840842, 20.01588775567743]]], [[[-98.76490850880863, 20.00705531037971], [-98.76510731641163, 20.00827452564728], [-98.76518724077535, 20.00876466770421], [-98.76524119450606, 20.00909554124684], [-98.76326350972404, 20.00935551467976], [-98.76490850880863, 20.00705531037971]]], [[[-98.75807667499951, 20.01470889662063], [-98.75858880808856, 20.01499068601192], [-98.75877286655964, 20.01509195932399], [-98.75896287613057, 20.01519650198176], [-98.75929344921809, 20.01537839444642], [-98.75786290089951, 20.01781964012065], [-98.7566566083419, 20.01712867469574], [-98.75807667499951, 20.01470889662063]]], [[[-98.75993921491397, 20.01627229855076], [-98.76006139846538, 20.01584367486142], [-98.76014063840842, 20.01588775567743], [-98.76023460954114, 20.01594176875805], [-98.76023429756158, 20.01594225045433], [-98.75993921491397, 20.01627229855076]]], [[[-98.74612253994769, 20.03166947545116], [-98.74838688964621, 20.03296750470098], [-98.74854709611907, 20.03301833393377], [-98.7486083257653, 20.03303776041749], [-98.7483232411664, 20.03366187593117], [-98.7479095309048, 20.03456757269697], [-98.7464020849342, 20.03376968652337], [-98.74696899940808, 20.03304709916659], [-98.74562050334468, 20.03231303045713], [-98.74612253994769, 20.03166947545116]]], [[[-98.75217706184446, 20.0355511672076], [-98.75206792085301, 20.03579623520839], [-98.7518292067816, 20.03624499942772], [-98.7485538904831, 20.03483892097733], [-98.74852353350434, 20.03482583804676], [-98.74847796697388, 20.03480470900548], [-98.74832763214965, 20.03471142746754], [-98.7479095309048, 20.03456757269696], [-98.7483232411664, 20.03366187593117], [-98.7486083257653, 20.03303776041749], [-98.74880011184328, 20.03261789364582], [-98.75281596891544, 20.03435726055336], [-98.75217706184446, 20.0355511672076]]], [[[-98.75667732199996, 20.02035358900002], [-98.75854244016837, 20.01824360504432], [-98.75909375199996, 20.01855338100006], [-98.75767835599999, 20.02093664300002], [-98.75667732199996, 20.02035358900002]]], [[[-98.75502632999996, 20.02254715400005], [-98.75568474676496, 20.02147340047493], [-98.75568476607997, 20.02147337697181], [-98.75570252941263, 20.02144440238692], [-98.75570253989997, 20.0214443912], [-98.75577775649953, 20.02136022293989], [-98.75577779697021, 20.02136017369369], [-98.75667732199996, 20.02035358900002], [-98.75767835599999, 20.02093664300002], [-98.756324507, 20.02316588100007], [-98.75502632999996, 20.02254715400005]]], [[[-98.75637831696976, 20.02016266482092], [-98.75446633799999, 20.02226261200012], [-98.75391499499993, 20.02196115000006], [-98.75421073299998, 20.02153778500009], [-98.75424216599998, 20.021293714], [-98.75421699099998, 20.02124481599999], [-98.75524198099998, 20.01952552000001], [-98.75637831696976, 20.02016266482092]]], [[[-98.74704486385826, 20.03044456328324], [-98.74833714092004, 20.02882090789656], [-98.74965245161198, 20.02936129823757], [-98.74928484104565, 20.0316164291372], [-98.74859045063695, 20.03129456116968], [-98.7483817141809, 20.03117902994869], [-98.74837959370396, 20.03117786497031], [-98.74704486385826, 20.03044456328324]]], [[[-98.74881592045585, 20.0325852328223], [-98.74880011184328, 20.03261789364582], [-98.74860909646605, 20.03303797160419], [-98.7486083257653, 20.03303776041749], [-98.74854710601795, 20.03302098502683], [-98.7483870795605, 20.03296756809459], [-98.74612253994769, 20.03166947545116], [-98.74704486385826, 20.03044456328324], [-98.74837959370396, 20.03117786497031], [-98.7483817141809, 20.03117902994869], [-98.74859045063695, 20.03129456116968], [-98.74928484104565, 20.0316164291372], [-98.74881592045585, 20.0325852328223]]], [[[-98.74856622187988, 20.0657370682665], [-98.74856475018005, 20.06487210521781], [-98.74909415290159, 20.06497655966121], [-98.74857349743968, 20.06572656006767], [-98.74856622187988, 20.0657370682665]]], [[[-98.74969247200184, 20.06135015398186], [-98.7506843008349, 20.06180970657381], [-98.75067393867877, 20.06227218389207], [-98.74906109132687, 20.06482511205567], [-98.74843954740165, 20.06471966110141], [-98.74843063905675, 20.06337278589041], [-98.74969247200184, 20.06135015398186]]], [[[-98.75664114599994, 20.01986193300008], [-98.75784053298239, 20.01785335861577], [-98.75828276331826, 20.01809877490307], [-98.75664114599994, 20.01986193300008]]], [[[-98.75228934959964, 20.02516631268005], [-98.75064712057889, 20.02866559654174], [-98.75041147144394, 20.02916770665], [-98.75023217602333, 20.02953854533381], [-98.74969610001304, 20.02926147556086], [-98.7492004306727, 20.02900209839853], [-98.74897360965639, 20.02887321899333], [-98.74917955546924, 20.02863635453295], [-98.74942507762972, 20.02837637452465], [-98.74956438391786, 20.02828787751253], [-98.75013118190338, 20.02757598123273], [-98.75228934959964, 20.02516631268005]]], [[[-98.74867571996154, 20.06081808958831], [-98.74973643579935, 20.06127898767107], [-98.74969247200184, 20.06135015398186], [-98.74872521827001, 20.06291587469741], [-98.74859248389981, 20.06312515325923], [-98.74850407264006, 20.06326454844487], [-98.748497560021, 20.06228525967435], [-98.74849724202713, 20.06223744357558], [-98.74848731120578, 20.06074416438582], [-98.74867571996154, 20.06081808958831]]], [[[-98.7490767359111, 20.06497982122806], [-98.74909415290158, 20.06497655966122], [-98.74909003779506, 20.06498284672326], [-98.7490767359111, 20.06497982122806]]], [[[-98.75811937719975, 20.01800810378586], [-98.75784053298239, 20.0178533586158], [-98.75786375960392, 20.01782251554169], [-98.75830200970924, 20.0180772731508], [-98.7585802316693, 20.01822986894945], [-98.75900526037816, 20.01846296408033], [-98.75909375199996, 20.01855338100007], [-98.75854244016837, 20.01824360504435], [-98.75828276331823, 20.01809877490311], [-98.75814058949501, 20.01801987556228], [-98.75811937719975, 20.01800810378586]]], [[[-98.91313924867448, 19.84895292912309], [-98.91313946179156, 19.84895226326417], [-98.91314136704979, 19.84895280794558], [-98.91313924867448, 19.84895292912309]]], [[[-98.931191328863, 19.83585542056375], [-98.93013455136713, 19.83667831667208], [-98.93051884771766, 19.83567369076854], [-98.93055876013435, 19.83568661543442], [-98.931191328863, 19.83585542056375]]], [[[-98.9354401674928, 19.83249001058356], [-98.93531387631592, 19.83246956388316], [-98.93507078129109, 19.83243020622652], [-98.93523510385627, 19.83193243466674], [-98.93522031989693, 19.83192807353717], [-98.9353716898209, 19.83142670768049], [-98.93561797941217, 19.83064901442171], [-98.93564638894149, 19.83056240188456], [-98.93602999973524, 19.82974699963961], [-98.93602938771438, 19.82974674096614], [-98.9360461756685, 19.82971120592775], [-98.93614607839231, 19.82969820151214], [-98.93620156131294, 19.82962110714095], [-98.93620300046753, 19.82962100011676], [-98.93660500027585, 19.82907300011728], [-98.93759699974285, 19.83022200021875], [-98.93771255353558, 19.83035572280274], [-98.93779309166217, 19.83044892449677], [-98.93616687967713, 19.83174839142356], [-98.9361962848278, 19.83178238570767], [-98.93625678629645, 19.83185232931528], [-98.9354401674928, 19.83249001058356]]], [[[-98.93779309166217, 19.83044892449677], [-98.93771255353558, 19.83035572280274], [-98.9382973518754, 19.82991646087587], [-98.93832298526597, 19.82989775079], [-98.93835058544026, 19.82987763705216], [-98.93837593509602, 19.8298591898331], [-98.93840381129435, 19.82983893077919], [-98.93842864701257, 19.8298209007876], [-98.93845701798578, 19.82980032280451], [-98.93848065679128, 19.82978318984317], [-98.93851018833165, 19.829761797127], [-98.93852790572191, 19.82974896727798], [-98.93856330992504, 19.82972333467464], [-98.93974444871768, 19.82886822432482], [-98.93975532173909, 19.82888090670726], [-98.93779309166217, 19.83044892449677]]], [[[-98.93974439831278, 19.8288682608165], [-98.93856330992504, 19.82972333467464], [-98.93852790572191, 19.82974896727798], [-98.93851018833165, 19.829761797127], [-98.93848065679128, 19.82978318984316], [-98.93845701798578, 19.82980032280451], [-98.93842864701257, 19.8298209007876], [-98.93840381129435, 19.82983893077919], [-98.93837593509602, 19.8298591898331], [-98.93835058544026, 19.82987763705216], [-98.93832298526597, 19.82989775079], [-98.9382973518754, 19.82991646087587], [-98.93771255353559, 19.83035572280273], [-98.93759699974285, 19.83022200021874], [-98.93660500027585, 19.82907300011728], [-98.9366049979562, 19.82907300327939], [-98.936637503474, 19.82902505025509], [-98.93679699994892, 19.82880154096759], [-98.93702947948944, 19.82843996092723], [-98.93888655369179, 19.82787517198706], [-98.93974439831278, 19.8288682608165]]], [[[-98.9478762260767, 19.82280225105901], [-98.94452307233368, 19.82541704277937], [-98.94229426800645, 19.82454649254018], [-98.94163410440659, 19.82424008440882], [-98.9415472418822, 19.82419268873328], [-98.94470513915365, 19.81910432817793], [-98.9478762260767, 19.82280225105901]]], [[[-98.94452307233395, 19.82541704277916], [-98.94297786702309, 19.82661241837111], [-98.94286560951579, 19.82657109231858], [-98.9418525970923, 19.82619816160702], [-98.94131657512325, 19.82600082727793], [-98.94174903114342, 19.82433352240702], [-98.94452307233368, 19.82541704277937], [-98.94229426800645, 19.82454649254018], [-98.94452307233392, 19.82541704277916], [-98.94452307233395, 19.82541704277916]]], [[[-98.94297786702309, 19.82661241837111], [-98.94063146160974, 19.82836036353583], [-98.94011635039162, 19.82760533403097], [-98.94103930269677, 19.82724533827909], [-98.9418525970923, 19.82619816160702], [-98.94297786702309, 19.82661241837111]]], [[[-98.94063146160974, 19.82836036353583], [-98.93979506892097, 19.82892604612991], [-98.93889562774562, 19.82786735381849], [-98.94011635039162, 19.82760533403097], [-98.94063146160974, 19.82836036353583]]], [[[-98.962613912016, 19.8083838437041], [-98.962630385417, 19.8083483594937], [-98.96261895726221, 19.8083802177607], [-98.9625868587081, 19.808469698827], [-98.9625561697602, 19.8085552502375], [-98.9624969275262, 19.8087012561842], [-98.9623727986809, 19.8090071780369], [-98.9624031657833, 19.8090188640143], [-98.9624003130492, 19.8090227491456], [-98.96242762616579, 19.8090282769417], [-98.962427798327, 19.8090283431932], [-98.9624905537629, 19.8090524929324], [-98.96249353248031, 19.8090536392109], [-98.9624849899496, 19.8090652708653], [-98.9623602363933, 19.8090153194635], [-98.9624402499317, 19.8087662359051], [-98.96253523205479, 19.8085442967345], [-98.962613912016, 19.8083838437041]]], [[[-98.962789940097, 19.8083032760519], [-98.9627998225544, 19.8082901510163], [-98.96280429994701, 19.8082915177528], [-98.96290957811068, 19.8083291786303], [-98.9629007017959, 19.8083412673901], [-98.962789940097, 19.8083032760519]]], [[[-98.87717254557981, 19.887526127446], [-98.8771325190949, 19.8875055865082], [-98.8771973396584, 19.8874333869803], [-98.877237455477, 19.8874538550466], [-98.87717254557981, 19.887526127446]]], [[[-98.82599550085828, 19.9444358103673], [-98.82601344003768, 19.9444158487367], [-98.8260556605524, 19.9444293257848], [-98.82603783898452, 19.9444491630749], [-98.82599550085828, 19.9444358103673]]], [[[-98.7488878283275, 20.0290471584931], [-98.7488862996318, 20.0290465292768], [-98.74888747432931, 20.0290437268805], [-98.7489726919531, 20.0288750356214], [-98.74917047790689, 20.0289881217607], [-98.749184332203, 20.0289960430817], [-98.7491603134726, 20.0290421318895], [-98.74922126457318, 20.0290682713069], [-98.7491783227875, 20.0291665057825], [-98.7488878283275, 20.0290471584931]]], [[[-98.7483217983423, 20.0727813976779], [-98.74832184066089, 20.0727339429698], [-98.7483219324499, 20.0726907793955], [-98.7483220987666, 20.0726437669119], [-98.7483223226266, 20.0726000894941], [-98.7483321314341, 20.0720265569805], [-98.74833340128009, 20.0719828955296], [-98.7483348426839, 20.0719359025101], [-98.74833622695859, 20.0718927586654], [-98.7483378074158, 20.0718453274368], [-98.7483379401133, 20.0718414677577], [-98.74834323045532, 20.0736838436785], [-98.7483118354015, 20.07366680094], [-98.7483164561147, 20.0734001175874], [-98.7483177463885, 20.0733564272842], [-98.74831920969449, 20.0733094075832], [-98.7483206140491, 20.0732662412424], [-98.748322216465, 20.0732187897004], [-98.7483227245492, 20.0732040720459], [-98.74832229024831, 20.0730528185866], [-98.7483221207769, 20.0729925631745], [-98.7483220413079, 20.0729624173812], [-98.7483219265666, 20.0729121663218], [-98.7483218560093, 20.0728719437492], [-98.74832180538442, 20.0728236645712], [-98.7483217983423, 20.0727813976779]]], [[[-98.82785181382272, 19.9423701812566], [-98.8278936209765, 19.9423834447762], [-98.827843984425, 19.9424386974519], [-98.82780246218839, 19.9424250986938], [-98.82785181382272, 19.9423701812566]]], [[[-98.82290353190669, 19.9478762625367], [-98.82346707849521, 19.9472492162176], [-98.8235093316489, 19.9472635899753], [-98.8229362280313, 19.9479014801266], [-98.82290353190669, 19.9478762625367]]], [[[-98.8368167999103, 19.9323932696774], [-98.836846259269, 19.9324169948832], [-98.83683747816352, 19.9324267712192], [-98.836808042018, 19.9324030169616], [-98.8368167999103, 19.9323932696774]]], [[[-98.8548726915165, 19.9129961696302], [-98.854787083232, 19.9129228605605], [-98.8548240961773, 19.9128825614333], [-98.8548335090988, 19.9128911088492], [-98.8548300345861, 19.9128879538135], [-98.8549050048661, 19.9129561045191], [-98.8548726915165, 19.9129961696302]]], [[[-98.8670743228833, 19.8991873382842], [-98.867101617251, 19.8991569540071], [-98.86715541289561, 19.8991757422225], [-98.8671314679726, 19.8992024077212], [-98.8670743228833, 19.8991873382842]]], [[[-98.8919944873622, 19.8710206561259], [-98.8919700444245, 19.8710478792613], [-98.8919662825947, 19.8710448153317], [-98.8919662854137, 19.8710448176277], [-98.8919662859071, 19.8710448170993], [-98.8918624292811, 19.8709641247111], [-98.8918877741938, 19.8709358784233], [-98.8919944873622, 19.8710206561259]]], [[[-98.9480008425816, 19.8227055995819], [-98.9478762260767, 19.822802251059], [-98.9478762224059, 19.8228022467792], [-98.9478293022423, 19.8227475422991], [-98.9480008425816, 19.8227055995819]]], [[[-98.9730792740929, 19.7912059503383], [-98.9726446674737, 19.7919574976055], [-98.9726436257085, 19.7918001433202], [-98.97299794765982, 19.7911881246161], [-98.9730792740929, 19.7912059503383]]], [[[-98.9760133436278, 19.7861316843669], [-98.9759574704654, 19.7861780793778], [-98.97590326304521, 19.7861567529602], [-98.97592803365431, 19.7861143657216], [-98.9759680801061, 19.7861224942528], [-98.9760133436278, 19.7861316843669]]], [[[-98.9763083647916, 19.7855362278035], [-98.97621485269102, 19.7857049148154], [-98.9762611997702, 19.7855442523918], [-98.97634400605732, 19.785402553672], [-98.9763120972296, 19.7855222309048], [-98.9763083647916, 19.7855362278035]]], [[[-99.0057238079906, 19.7681430545147], [-99.005740001032, 19.7681491258969], [-99.005430763985, 19.7683347130333], [-99.0053943101894, 19.7682859359669], [-99.0053943101751, 19.7682859359478], [-99.0056111805897, 19.7681510631024], [-99.00554612030919, 19.7681261040359], [-99.0055565697094, 19.7681193114599], [-99.0055565707161, 19.7681193108054], [-99.00559255506802, 19.7680938427698], [-99.0057238079906, 19.7681430545147]]], [[[-98.8454009105693, 19.9228386077341], [-98.8457910445231, 19.9224043262208], [-98.8458431720658, 19.9223462996778], [-98.8459133173134, 19.9222682163688], [-98.8459720707393, 19.9222028139679], [-98.8460185593634, 19.9221510642926], [-98.84603939317759, 19.9221278727303], [-98.8460710825846, 19.9221457362749], [-98.8454270835309, 19.9228628479112], [-98.8454234491482, 19.9228668948766], [-98.8453965485031, 19.9228434633933], [-98.8454009105693, 19.9228386077341]]], [[[-98.9351628942085, 19.8324451505541], [-98.9351139413412, 19.8324838888936], [-98.9343640001105, 19.8323219999827], [-98.9351980000723, 19.8320019999635], [-98.93522031989691, 19.8319280735372], [-98.9352351038563, 19.8319324346667], [-98.93507078129112, 19.8324302062265], [-98.9351629267962, 19.8324451247662], [-98.9351628942085, 19.8324451505541]]], [[[-98.93620156140709, 19.8296211070101], [-98.93614607839228, 19.8296982015121], [-98.9360461756685, 19.8297112059278], [-98.93602938771438, 19.8297467409661], [-98.93602999973521, 19.8297469996396], [-98.9360299996522, 19.8297469998161], [-98.9359590001834, 19.829716999598], [-98.9330749997966, 19.8299349998011], [-98.9329820002033, 19.8299909999016], [-98.9330689999906, 19.8298540000229], [-98.93620156140709, 19.8296211070101]]], [[[-98.9358717269573, 19.8326203109534], [-98.9363271557301, 19.8322656437285], [-98.9362939999694, 19.8326829999653], [-98.9358717269573, 19.8326203109534]]], [[[-98.86670876625729, 19.8991147752672], [-98.8704954854818, 19.8948976826494], [-98.8705341132679, 19.8949170575864], [-98.86830365559209, 19.89740013603], [-98.86670876625729, 19.8991147752672]]], [[[-98.8627618325113, 19.9035922676042], [-98.8627024592577, 19.9035760821349], [-98.8637682695759, 19.9023892532483], [-98.8638268324771, 19.902403033962], [-98.8627618325113, 19.9035922676042]]], [[[-98.74860343455809, 20.0464051902457], [-98.74852942475968, 20.0463727431405], [-98.74846203574779, 20.0463561013517], [-98.7484390432601, 20.0463467790542], [-98.7484308760076, 20.0441557142339], [-98.7485938816466, 20.043845611866], [-98.74860343455809, 20.0464051902457]]], [[[-98.939832152414, 19.8289686172585], [-98.9397464163522, 19.8288695805178], [-98.9400191478737, 19.8286695872942], [-98.94033959046939, 19.8284367154355], [-98.94076416884829, 19.8281260611886], [-98.9408681051895, 19.8280475653442], [-98.9408704340914, 19.828050692869], [-98.940936464241, 19.828139321135], [-98.939832152414, 19.8289686172585]]], [[[-98.7485613672638, 20.0551571023552], [-98.74850014088058, 20.0551355715076], [-98.7484799176838, 20.0541674825733], [-98.74855631008919, 20.0541892970544], [-98.7485597541966, 20.0546687821392], [-98.7485610437922, 20.0551200248682], [-98.7485613672638, 20.0551571023552]]], [[[-98.9227457907447, 19.8428302569968], [-98.9226756525544, 19.8427785900944], [-98.9234127524025, 19.8422046980952], [-98.9235105164579, 19.8422348092305], [-98.9227457907447, 19.8428302569968]]], [[[-98.8000305884764, 19.9767805656368], [-98.8000309070115, 19.9767780989851], [-98.800032103762, 19.9767689642612], [-98.800033300501, 19.9767598385739], [-98.80003450680948, 19.9767507038608], [-98.8000357131065, 19.9767415781843], [-98.8000370351513, 19.9767316212646], [-98.8000383571846, 19.9767216733816], [-98.8000396983342, 19.9767117255201], [-98.8000410394837, 19.9767017776586], [-98.8000423902026, 19.9766918207711], [-98.80004374091008, 19.9766818729203], [-98.8000451011642, 19.9766719341169], [-98.8000464709878, 19.9766619862877], [-98.8000478408113, 19.9766520384583], [-98.80004912373249, 19.9766427863546], [-98.8000504162119, 19.9766335342616], [-98.8000517182493, 19.9766242821794], [-98.8000530202867, 19.9766150300972], [-98.8000543318821, 19.9766057780257], [-98.8000556434774, 19.9765965259542], [-98.80005696463088, 19.9765872738935], [-98.8000582953424, 19.9765780218435], [-98.80005963560069, 19.9765687788409], [-98.800203171154, 19.9757581885789], [-98.8003975523673, 19.9749571257636], [-98.8006421058488, 19.9741684450568], [-98.8009359480504, 19.9733949466266], [-98.8011539699882, 19.9729134098958], [-98.80143487651381, 19.9733832610471], [-98.8013584679319, 19.9735520257575], [-98.801073776201, 19.9743014253052], [-98.80083685427192, 19.9750655444673], [-98.80068879548038, 19.9756756607447], [-98.8000305884764, 19.9767805656368]]], [[[-98.7925988758206, 19.9898834031494], [-98.7931371059183, 19.9891471199723], [-98.79314508314302, 19.989143306775], [-98.79315295514719, 19.9891395476744], [-98.79316604965081, 19.9891332915129], [-98.79317915372418, 19.989127026325], [-98.7931922482376, 19.9891207611249], [-98.7932053427499, 19.9891144959238], [-98.79321842771388, 19.989108221674], [-98.7932234589251, 19.9891058057185], [-98.7935595971362, 19.9894256250767], [-98.793550749421, 19.9894299071849], [-98.7935401704219, 19.9894350276855], [-98.793529591434, 19.9894401391487], [-98.79351901244529, 19.9894452506113], [-98.793508423897, 19.9894503620622], [-98.7934978353597, 19.9894554644757], [-98.7934872468217, 19.9894605668886], [-98.7934766582949, 19.9894656602643], [-98.7934634489375, 19.9894720157177], [-98.7934502396026, 19.9894783530969], [-98.7934370206959, 19.9894846995006], [-98.79342381135889, 19.9894910368778], [-98.7934105924618, 19.9894973742429], [-98.7933973735754, 19.9895037025703], [-98.79338415468798, 19.9895100308967], [-98.7933709358114, 19.9895163501855], [-98.7933577073746, 19.9895226694621], [-98.7933497779664, 19.9895264556145], [-98.79334184855772, 19.9895302417666], [-98.79333391914871, 19.9895340279183], [-98.7933259801803, 19.9895378140585], [-98.7933180507823, 19.9895415911729], [-98.79331012137219, 19.9895453773235], [-98.79330218241451, 19.989549154426], [-98.7932942530153, 19.9895529315393], [-98.7932863140568, 19.989556708641], [-98.7932704935166, 19.9895642448371], [-98.7932546634276, 19.9895717719839], [-98.7932388333371, 19.9895792991293], [-98.7932230032333, 19.9895868353099], [-98.7932071826989, 19.9895943624636], [-98.79319135261568, 19.989601880568], [-98.7931755225192, 19.9896094077077], [-98.7931596924212, 19.9896169348459], [-98.7931438623336, 19.9896244529461], [-98.7925988758206, 19.9898834031494]]], [[[-98.74860109768849, 20.0312433026845], [-98.7483793567234, 20.0311222948881], [-98.7483778558268, 20.0307616876408], [-98.7484256626249, 20.0307622526121], [-98.748424574983, 20.0305023948818], [-98.7484245410667, 20.0304936654874], [-98.7484245071503, 20.030484936093], [-98.7484244731908, 20.0304762338084], [-98.7484244392169, 20.0304675405603], [-98.7484244147758, 20.0304588653989], [-98.7484243903202, 20.0304501992741], [-98.7484243849589, 20.0304415512496], [-98.74842437000729, 20.0304329212846], [-98.74842437414999, 20.0304243094199], [-98.7484243878398, 20.0304157066054], [-98.7484243933761, 20.030412227526], [-98.7484756564708, 20.0301934883821], [-98.7485863751807, 20.029816910217], [-98.7487180806484, 20.0294464162735], [-98.7488703981968, 20.0290830451806], [-98.7488878283275, 20.0290471584931], [-98.7491775135743, 20.0291661744983], [-98.7491151376406, 20.0293029181713], [-98.74901267155671, 20.0295533666269], [-98.7489203347524, 20.0298073175064], [-98.74883828084229, 20.0300644005435], [-98.74876661563631, 20.0303242454026], [-98.74870545452312, 20.0305864727237], [-98.7486548746475, 20.0308507030906], [-98.74861495314181, 20.0311165661221], [-98.74860109768849, 20.0312433026845]]], [[[-98.8622834078506, 19.904124886411], [-98.8622241108566, 19.9041087279517], [-98.86246142064829, 19.9038444777067], [-98.8625193038825, 19.9038602915976], [-98.8622834078506, 19.904124886411]]], [[[-98.930137020245, 19.836676395057], [-98.93031638225631, 19.8362277404417], [-98.9308956265694, 19.8357765118042], [-98.9311913333244, 19.8358554183747], [-98.930137020245, 19.836676395057]]], [[[-98.8620404565315, 19.9043937136723], [-98.8619824490213, 19.9043778181986], [-98.8622241108566, 19.9041087279517], [-98.8622834078506, 19.904124886411], [-98.8620404565315, 19.9043937136723]]], [[[-98.8625193038825, 19.9038602915976], [-98.86246142064829, 19.9038444777067], [-98.8627024592577, 19.9035760821349], [-98.8627618325113, 19.9035922676042], [-98.8625193038825, 19.9038602915976]]], [[[-98.8618075507915, 19.9046566022008], [-98.86174703115522, 19.9046399636845], [-98.8619824490213, 19.9043778181986], [-98.8620404565315, 19.9043937136723], [-98.8618075507915, 19.9046566022008]]], [[[-98.8596226670586, 19.9070298435295], [-98.859605493411, 19.9070245344352], [-98.86174703115522, 19.9046399636845], [-98.8618075507915, 19.9046566022008], [-98.8596226670586, 19.9070298435295]]], [[[-98.78624624972299, 19.992595599983], [-98.7862922712497, 19.9921325634206], [-98.7863012413846, 19.9921299084229], [-98.7863049327268, 19.9921288104015], [-98.7863086144974, 19.9921277214053], [-98.78631230583939, 19.9921266233838], [-98.78631598761001, 19.9921255343874], [-98.7863196789519, 19.9921244363657], [-98.7863233607224, 19.9921233473691], [-98.7863267077986, 19.9921223483355], [-98.7863300548626, 19.9921213583385], [-98.7863333923795, 19.9921203592933], [-98.7863367394556, 19.9921193602595], [-98.78634008651942, 19.9921183702623], [-98.78634342403622, 19.9921173712168], [-98.7863467711121, 19.9921163721828], [-98.78635011818808, 19.9921153731488], [-98.78635345570468, 19.9921143741032], [-98.7863570992257, 19.9921132940964], [-98.7863607331996, 19.9921122050414], [-98.7863643767327, 19.9921111159979], [-98.7863680107065, 19.9921100269428], [-98.7863716446803, 19.9921089378876], [-98.78637527865399, 19.9921078488323], [-98.7863789221869, 19.9921067597885], [-98.78638255616049, 19.9921056707331], [-98.7863861901341, 19.9921045816776], [-98.7863895658993, 19.9921035736407], [-98.7863929321175, 19.9921025565556], [-98.78639629833562, 19.9921015394704], [-98.78639967410069, 19.9921005314334], [-98.7864030403187, 19.9920995143481], [-98.7864064160959, 19.9920984972743], [-98.78640978230169, 19.9920974892255], [-98.7864131485196, 19.99209647214], [-98.7864165242967, 19.992095455066], [-98.7865653089208, 19.9920492672193], [-98.78732476732691, 19.9920298203879], [-98.78714259391671, 19.9923169039031], [-98.7868565127603, 19.9924106587825], [-98.78655462034739, 19.9925043580131], [-98.7865511680521, 19.9925054021075], [-98.78654772532809, 19.9925064371766], [-98.7865442730326, 19.9925074812708], [-98.7865408207493, 19.9925085163284], [-98.7865373780252, 19.9925095513973], [-98.7865339257296, 19.9925105954913], [-98.7865304830054, 19.9925116305602], [-98.78652703072198, 19.9925126656174], [-98.7865235784384, 19.9925137006746], [-98.78651987750519, 19.9925148167621], [-98.78651616702491, 19.9925159238014], [-98.7865124565323, 19.9925170398772], [-98.7865087460519, 19.9925181469164], [-98.7865050355592, 19.992519262992], [-98.78650132507859, 19.992520370031], [-98.786497614598, 19.9925214770699], [-98.7864939041174, 19.9925225841087], [-98.78649019363668, 19.9925236911474], [-98.7864867891732, 19.9925247081882], [-98.7864833847097, 19.9925257252289], [-98.7864799802462, 19.9925267422695], [-98.78647656622331, 19.9925277592986], [-98.7864731617719, 19.9925287673024], [-98.7864697573082, 19.9925297843429], [-98.7864663528444, 19.9925308013832], [-98.78646294839288, 19.9925318093869], [-98.7864595343698, 19.9925328264156], [-98.7864557952109, 19.9925339334191], [-98.7864520560398, 19.9925350494591], [-98.78644831688088, 19.9925361564624], [-98.7864445681504, 19.9925372724907], [-98.78644082899129, 19.9925383794939], [-98.786437080273, 19.9925394864854], [-98.78643334110161, 19.9925406025251], [-98.7864296019424, 19.992541709528], [-98.7864258532238, 19.9925428165193], [-98.7864225252822, 19.9925437975044], [-98.786419187769, 19.9925447875146], [-98.7864158598273, 19.9925457684996], [-98.7864125223141, 19.9925467585096], [-98.7864091943722, 19.9925477394945], [-98.7864058568589, 19.9925487295044], [-98.78640252891701, 19.9925497104891], [-98.78639919141578, 19.9925506914623], [-98.78639586346162, 19.9925516814835], [-98.7863920573751, 19.9925527974416], [-98.7863882512762, 19.9925539224363], [-98.7863844451774, 19.9925550474309], [-98.7863806390906, 19.9925561633887], [-98.7863768425509, 19.9925572883947], [-98.786373036464, 19.9925584043524], [-98.78636923036488, 19.9925595293466], [-98.786365424278, 19.9925606453042], [-98.786361618191, 19.9925617612616], [-98.7863584528165, 19.9925626972582], [-98.7863552874419, 19.9925636332547], [-98.7863521125203, 19.9925645602031], [-98.7863489471457, 19.9925654961995], [-98.7863457722239, 19.9925664231477], [-98.78634260686141, 19.9925673501073], [-98.7863394414867, 19.9925682861036], [-98.7863362665649, 19.9925692130516], [-98.7863331011901, 19.9925701490477], [-98.7863291420939, 19.9925713100033], [-98.7863251925569, 19.9925724709703], [-98.7863212334606, 19.9925736319257], [-98.78631727436418, 19.992574792881], [-98.7863133248271, 19.9925759538477], [-98.7863093657428, 19.9925771057662], [-98.7863054162055, 19.9925782667328], [-98.7863014571089, 19.9925794276877], [-98.78629749801232, 19.9925805886426], [-98.7862951263828, 19.9925812816054], [-98.7862903831117, 19.9925826765676], [-98.7862856398527, 19.992584062493], [-98.7862808965814, 19.992585457455], [-98.786276143763, 19.9925868433686], [-98.7862714100629, 19.9925882293052], [-98.7862666763628, 19.9925896152416], [-98.7862619330912, 19.9925910102031], [-98.78625719939092, 19.9925923961392], [-98.78625245613128, 19.9925937820638], [-98.78624624972299, 19.992595599983]]], [[[-98.8615280575899, 19.9054372246161], [-98.8614890768914, 19.9054045444445], [-98.8634569089157, 19.9032141256823], [-98.86349582323021, 19.9032460824379], [-98.8615280575899, 19.9054372246161]]], [[[-98.86350155684141, 19.9032446048067], [-98.863484019043, 19.9032297620174], [-98.8670255722606, 19.8992990181149], [-98.86704071110731, 19.8993034755179], [-98.86350155684141, 19.9032446048067]]], [[[-98.8594148522472, 19.9077902286451], [-98.8593743467984, 19.9077583664472], [-98.8614890721167, 19.9054045417297], [-98.8615280604561, 19.9054372246184], [-98.8594148522472, 19.9077902286451]]], [[[-98.7625475462494, 20.0109356824219], [-98.7625272360352, 20.0107918283904], [-98.76266825408692, 20.0108408060832], [-98.7625475462494, 20.0109356824219]]], [[[-98.80014777472492, 19.9798049180891], [-98.7997277317079, 19.9794758078438], [-98.7998446833121, 19.9784204842261], [-98.8002644434178, 19.9787521241628], [-98.80014777472492, 19.9798049180891]]], [[[-98.85866203158189, 19.9086284540687], [-98.8586115753347, 19.9086073583227], [-98.8593743515787, 19.9077583628363], [-98.8594148522448, 19.9077902313561], [-98.85866203158189, 19.9086284540687]]], [[[-98.800031428169, 19.9808056519357], [-98.7996142454159, 19.9804879850843], [-98.7996154819281, 19.9804776846825], [-98.79961678622931, 19.980466688534], [-98.7996180905303, 19.9804556923855], [-98.79961939484248, 19.9804446872002], [-98.7996206895846, 19.9804336910409], [-98.799621984338, 19.9804226858448], [-98.79962326953259, 19.9804116806379], [-98.79962455471572, 19.9804006844676], [-98.79962583035142, 19.9803896792499], [-98.7996274345058, 19.9803758820736], [-98.7996290290899, 19.980362093923], [-98.79963061412671, 19.980348296725], [-98.79963219916309, 19.980334499527], [-98.79963377462941, 19.9803207113547], [-98.79963535966532, 19.9803069141566], [-98.79963692558391, 19.9802931169368], [-98.7996384915022, 19.980279319717], [-98.79964005742022, 19.9802655224972], [-98.7996409855099, 19.980257236923], [-98.79964192315789, 19.9802489513596], [-98.7996428608058, 19.9802406657961], [-98.79964378889511, 19.9802323802219], [-98.7996447169843, 19.9802240946476], [-98.7996456546319, 19.9802158090842], [-98.7996465731625, 19.9802075234991], [-98.7996475012514, 19.9801992379248], [-98.7996484293402, 19.9801909523505], [-98.79965028558598, 19.9801743269819], [-98.799652132273, 19.9801577016025], [-98.79965398851802, 19.9801410762338], [-98.79965583520412, 19.9801244508542], [-98.7996576818898, 19.9801078254747], [-98.7996595285752, 19.980091200095], [-98.79966137526011, 19.9800745747153], [-98.7996632219446, 19.9800579493356], [-98.7996650686287, 19.9800413239558], [-98.7997277317079, 19.9794758078438], [-98.80014777472492, 19.9798049180891], [-98.8001166228159, 19.9800860407874], [-98.800114776133, 19.9801027023188], [-98.80011292944958, 19.9801193638502], [-98.80011108276591, 19.9801360253816], [-98.80010922653459, 19.9801526778654], [-98.80010737985, 19.9801693393966], [-98.8001055236066, 19.980186000917], [-98.8001036673741, 19.9802026534007], [-98.8001018111298, 19.980219314921], [-98.8000999548851, 19.9802359764412], [-98.8000990171813, 19.9802443252639], [-98.80009808903598, 19.9802526740973], [-98.8000971513206, 19.9802610319565], [-98.80009621361648, 19.9802693807791], [-98.8000952759123, 19.9802777296017], [-98.80009433819659, 19.9802860874609], [-98.8000934004922, 19.9802944362834], [-98.80009245322918, 19.9803027850952], [-98.8000915155245, 19.9803111339177], [-98.8000899399158, 19.9803250666808], [-98.80008835475968, 19.9803389903965], [-98.80008676959191, 19.9803529231488], [-98.80008517487671, 19.9803668468535], [-98.8000835801498, 19.980380779595], [-98.800081985434, 19.9803947032997], [-98.8000803811595, 19.9804086269936], [-98.8000787673261, 19.9804225506767], [-98.8000771534924, 19.9804364743597], [-98.8000758585654, 19.9804476422191], [-98.8000745540796, 19.9804588100677], [-98.80007324959368, 19.9804699779163], [-98.800071935549, 19.9804811457541], [-98.8000706215042, 19.9804923135918], [-98.80006929790062, 19.9805034814188], [-98.8000679743083, 19.980514640209], [-98.8000666507044, 19.9805258080359], [-98.80006530799461, 19.9805369668046], [-98.80006370435528, 19.9805503844455], [-98.80006208161, 19.9805637930282], [-98.8000604588644, 19.9805772016109], [-98.80005882656, 19.9805906101828], [-98.8000571846969, 19.9806040187438], [-98.8000555428334, 19.9806174273048], [-98.80005388185259, 19.9806308358442], [-98.80005222088289, 19.9806442353469], [-98.800050550343, 19.9806576438755], [-98.8000490730592, 19.9806693989121], [-98.8000475957752, 19.9806811539486], [-98.8000461089324, 19.9806929089744], [-98.80004461253091, 19.9807046639893], [-98.80004310657068, 19.9807164189934], [-98.8000416006102, 19.9807281739975], [-98.8000400755324, 19.9807399289801], [-98.8000385504657, 19.9807516749259], [-98.8000370158289, 19.9807634298976], [-98.8000352786388, 19.9807766305073], [-98.8000335414484, 19.9807898311171], [-98.8000317851292, 19.9808030407419], [-98.800031428169, 19.9808056519357]]], [[[-98.8548335090988, 19.9128911088492], [-98.8548240961773, 19.9128825614333], [-98.85710987417129, 19.9103378183064], [-98.8571196124088, 19.9103458146228], [-98.8548335090988, 19.9128911088492]]], [[[-98.76273677732459, 20.010786949271], [-98.7625154397191, 20.0107082419359], [-98.7624802871917, 20.0104592540579], [-98.76326884191741, 20.0098390059655], [-98.7635614067646, 20.0096079056251], [-98.7639887339299, 20.0092601860694], [-98.7647525462652, 20.0091597750045], [-98.76471452738271, 20.0091904490221], [-98.7641314244588, 20.0096810217273], [-98.7638381906332, 20.0099188272929], [-98.7635507827557, 20.0101471516858], [-98.76273677732459, 20.010786949271]]], [[[-98.8571196124088, 19.9103458146228], [-98.8571098751126, 19.9103367700433], [-98.85839730466408, 19.9087232470015], [-98.8585276138607, 19.9087781134449], [-98.8571196124088, 19.9103458146228]]], [[[-98.756665265398, 20.0198812810675], [-98.7578405344217, 20.0178533606844], [-98.7578771019708, 20.0178736526875], [-98.7578748277482, 20.0178790896161], [-98.75787134440418, 20.0178874437158], [-98.7578674292494, 20.0178968273983], [-98.7578635045473, 20.017906202031], [-98.7578595702701, 20.0179155856871], [-98.75785564556702, 20.0179249603196], [-98.7578517017282, 20.0179343439625], [-98.7578477579026, 20.0179437185686], [-98.75784381409052, 20.0179530841381], [-98.7578398607033, 20.017962458731], [-98.7578359073156, 20.0179718333238], [-98.7578322994148, 20.0179803589478], [-98.757828681939, 20.0179888935952], [-98.75782506447662, 20.017997419206], [-98.7578214470001, 20.0180059538532], [-98.7578178199762, 20.0180144794507], [-98.7578141833912, 20.0180230050351], [-98.7578105468196, 20.0180315215827], [-98.75780691023371, 20.0180400471669], [-98.75780326410062, 20.0180485637013], [-98.75779928216458, 20.018057847888], [-98.757795300242, 20.018067123038], [-98.7577913087443, 20.0180764072115], [-98.7577873076992, 20.0180856823351], [-98.75778330665372, 20.0180949574587], [-98.7577792960607, 20.0181042235325], [-98.7577752854534, 20.0181134986427], [-98.757771255738, 20.0181227646901], [-98.7577672355967, 20.0181320217139], [-98.7577634841249, 20.0181406465426], [-98.7577597231057, 20.0181492623215], [-98.7577559620999, 20.0181578690637], [-98.7577521915191, 20.0181664848294], [-98.75774841139092, 20.0181750915453], [-98.75774463126241, 20.0181836982611], [-98.7577408415865, 20.0181922959271], [-98.75773704233559, 20.0182009026165], [-98.75773324309809, 20.0182095002693], [-98.7575548967975, 20.0185958964652], [-98.7573641191641, 20.0189769528623], [-98.7571926275402, 20.0192939659377], [-98.756665265398, 20.0198812810675]]], [[[-98.7875051318101, 19.9918935742449], [-98.78764070806342, 19.9916811585738], [-98.7878734403, 19.9915925165795], [-98.7881592980136, 19.9914784453789], [-98.78844314424839, 19.991359943354], [-98.78872488334518, 19.9912370465465], [-98.789004515273, 19.991109764003], [-98.7890107899746, 19.9911068435962], [-98.7890139655859, 19.9911053653649], [-98.7890171411972, 19.9911038871335], [-98.7890203072493, 19.9911024088908], [-98.7890234828605, 19.9911009306593], [-98.7890266584716, 19.9910994524278], [-98.7890298245235, 19.9910979741848], [-98.7890330001345, 19.9910964959532], [-98.7890364148806, 19.9910949005296], [-98.78903983918579, 19.9910933051174], [-98.78904325394382, 19.991091700657], [-98.7890466782488, 19.9910901052446], [-98.7890500929946, 19.9910885098208], [-98.7890535173116, 19.9910869053716], [-98.7890569320573, 19.9910853099477], [-98.78906035637411, 19.9910837054984], [-98.7890637711317, 19.9910821010376], [-98.7890669180526, 19.9910806318079], [-98.7890700554142, 19.9910791625667], [-98.7890731927879, 19.9910776842889], [-98.7890763397086, 19.991076215059], [-98.7890794770822, 19.991074736781], [-98.78908261444359, 19.9910732675396], [-98.7890857613762, 19.9910717892729], [-98.78908889873749, 19.9910703200314], [-98.7890920361108, 19.9910688417532], [-98.7890954986996, 19.9910672102388], [-98.7890989612763, 19.991065587761], [-98.7891024143058, 19.9910639562351], [-98.7891058768823, 19.9910623337571], [-98.78910932991168, 19.991060702231], [-98.789112792488, 19.9910590797529], [-98.78911624551719, 19.9910574482267], [-98.78911970810549, 19.9910558167118], [-98.7891231611346, 19.9910541851855], [-98.7891262506754, 19.9910527339598], [-98.7891293306571, 19.9910512827226], [-98.7891324106387, 19.9910498314854], [-98.7891354906323, 19.9910483712115], [-98.7891385801729, 19.9910469199855], [-98.78914166015429, 19.9910454687481], [-98.7891447401477, 19.991044008474], [-98.7891478201291, 19.9910425572365], [-98.78915090012241, 19.9910410969623], [-98.7891544296721, 19.9910394293798], [-98.78915795922168, 19.9910377617972], [-98.7891614887712, 19.9910360942145], [-98.7891650087615, 19.9910344266204], [-98.78916853831092, 19.9910327590376], [-98.7891720678603, 19.9910310914547], [-98.78917558785041, 19.9910294238603], [-98.7891791173995, 19.9910277562773], [-98.7891826469486, 19.9910260886942], [-98.78918558347, 19.9910246915053], [-98.78918852953828, 19.9910233033644], [-98.7891914660595, 19.9910219061755], [-98.78919440256868, 19.9910205180231], [-98.78919734864891, 19.9910191208454], [-98.78920028517, 19.9910177236563], [-98.7892032312381, 19.9910163355152], [-98.7892061677591, 19.991014938326], [-98.78920910426791, 19.9910135501733], [-98.7892127868709, 19.9910118014418], [-98.78921646947379, 19.9910100527101], [-98.7892201520646, 19.991008313015], [-98.78922383466741, 19.9910065642832], [-98.78922750771089, 19.9910048155399], [-98.7892311903015, 19.9910030758446], [-98.789234872904, 19.9910013271125], [-98.78923855550639, 19.9909995783804], [-98.7892444381062, 19.9909967840121], [-98.7892466476747, 19.9909957293507], [-98.7892488572312, 19.990994683726], [-98.7892510667877, 19.9909936381012], [-98.7892532763561, 19.9909925834397], [-98.7892554859125, 19.9909915378149], [-98.7892576954689, 19.99099049219], [-98.7892599050373, 19.9909894375285], [-98.7892621145936, 19.9909883919035], [-98.78926654327742, 19.9909862916283], [-98.7892709624139, 19.990984182305], [-98.7892753910974, 19.9909820820296], [-98.78927981978072, 19.990979981754], [-98.78928424846399, 19.9909778814783], [-98.78928833281368, 19.9909759344164], [-98.789317795587, 19.991442088889], [-98.7893152512614, 19.991443278703], [-98.7893117408347, 19.9914449372747], [-98.7893082304199, 19.9914465868097], [-98.7893047199931, 19.9914482453812], [-98.7893012095781, 19.9914498949161], [-98.7892976991631, 19.9914515444509], [-98.7892941887481, 19.9914531939855], [-98.7892909844187, 19.9914546992976], [-98.7892877896485, 19.9914562046209], [-98.7892845948902, 19.9914577009075], [-98.7892813905606, 19.9914592062194], [-98.7892781958022, 19.9914607025059], [-98.7892750010317, 19.991462207829], [-98.789271796714, 19.991463704104], [-98.7892686019434, 19.991465209427], [-98.7892653976256, 19.9914667057019], [-98.78926191591141, 19.9914683371968], [-98.789258424638, 19.9914699686802], [-98.7892549333645, 19.9914716001636], [-98.7892514516501, 19.9914732316583], [-98.7892479603765, 19.9914748631415], [-98.78924446910281, 19.9914764946246], [-98.78924098738818, 19.9914781261191], [-98.7892374961144, 19.9914797576021], [-98.7892340048525, 19.9914813800484], [-98.78923076227332, 19.9914828943505], [-98.789227519694, 19.9914844086525], [-98.7892242675555, 19.9914859229432], [-98.7892210249761, 19.9914874372451], [-98.7892177823966, 19.9914889515469], [-98.78921453026999, 19.9914904568007], [-98.7892112876904, 19.9914919711025], [-98.7892080355516, 19.9914934853928], [-98.7892047929839, 19.9914949906578], [-98.78891850328328, 19.9916253109314], [-98.7886299822331, 19.9917511549352], [-98.7884350187295, 19.9918325504244], [-98.7875051318101, 19.9918935742449]]], [[[-98.78693369861841, 19.9919310772463], [-98.78700449667228, 19.9919078748801], [-98.787295958319, 19.9918072583514], [-98.7875190736461, 19.9917262864393], [-98.78740739937878, 19.991899990567], [-98.78693369861841, 19.9919310772463]]], [[[-98.7651872343617, 20.008764674241], [-98.7651073117381, 20.0082745303927], [-98.7669182145121, 20.0064357554149], [-98.766925252892, 20.0064277943718], [-98.76754679615469, 20.006359769943], [-98.7651872343617, 20.008764674241]]], [[[-98.7485231958735, 20.0697446366753], [-98.74851342879589, 20.0663441772917], [-98.74858232605479, 20.0663799335598], [-98.74858244002621, 20.0664104411273], [-98.7486111312712, 20.0664103463931], [-98.7486224031351, 20.0694319505283], [-98.7486224307352, 20.069438637615], [-98.74862244875712, 20.0694453337247], [-98.7486224763428, 20.069452029848], [-98.7486225039285, 20.0694587259712], [-98.74862252195041, 20.0694654220809], [-98.7486225495361, 20.0694721182041], [-98.7486225771218, 20.0694788143274], [-98.74862259515801, 20.0694855014005], [-98.7486226227437, 20.0694921975237], [-98.7486226365294, 20.0694955501036], [-98.7486226503151, 20.0694989026834], [-98.7486226641151, 20.0695022462268], [-98.7486226683369, 20.0695055987931], [-98.7486226821225, 20.0695089513729], [-98.7486226959226, 20.0695122949163], [-98.7486227097082, 20.0695156474961], [-98.7486227139444, 20.0695189910259], [-98.7486227277301, 20.0695223436057], [-98.748622747523, 20.0695279282221], [-98.7486227673159, 20.0695335128385], [-98.7486227871089, 20.0695390974549], [-98.74862279735231, 20.0695446730212], [-98.74862281714522, 20.0695502576376], [-98.7486228369382, 20.069555842254], [-98.7486228567311, 20.0695614268703], [-98.7486228669601, 20.0695670114731], [-98.7486228867675, 20.0695725870529], [-98.74862289876761, 20.0695770601625], [-98.74862291078212, 20.0695815242355], [-98.74862292278232, 20.0695859973451], [-98.7486229347969, 20.0695904614181], [-98.748622946797, 20.0695949345277], [-98.7486229588115, 20.0695993986007], [-98.7486229708117, 20.0696038717103], [-98.7486229828262, 20.0696083357833], [-98.7486229948264, 20.0696128088929], [-98.748623005401, 20.0696181766189], [-98.74862301599002, 20.0696235353084], [-98.7486230265646, 20.0696289030344], [-98.7486230371536, 20.0696342617239], [-98.7486230477282, 20.0696396294499], [-98.74862305831732, 20.0696449881393], [-98.7486230688919, 20.0696503558653], [-98.7486230794809, 20.0696557145548], [-98.7486230804916, 20.0696610822672], [-98.74862309214619, 20.0696657722534], [-98.7486230942225, 20.0696704712626], [-98.7486231058626, 20.0696751702854], [-98.7486231079533, 20.069679860258], [-98.74862311002948, 20.0696845592672], [-98.7486231216841, 20.0696892492534], [-98.74862312376038, 20.0696939482625], [-98.7486231258366, 20.0696986472717], [-98.74862312792729, 20.0697033372443], [-98.748623129082, 20.0697086145914], [-98.74862313025112, 20.0697138829019], [-98.7486231314202, 20.0697191512124], [-98.74862313257492, 20.0697244285595], [-98.748623133744, 20.06972969687], [-98.7486231349131, 20.0697349651805], [-98.74862312650389, 20.0697402425139], [-98.748623127673, 20.0697455108245], [-98.74862312882769, 20.0697507881715], [-98.7486231257607, 20.0697527129523], [-98.7486231226792, 20.0697546467697], [-98.7486231196122, 20.0697565715506], [-98.7486231165307, 20.069758505368], [-98.7486231230275, 20.0697604301624], [-98.7486231208532, 20.0697617946784], [-98.7485231958735, 20.0697446366753]]], [[[-98.74853221438539, 20.072882464528], [-98.7485312041734, 20.0725322788108], [-98.7485490030084, 20.0725382140442], [-98.7485486346225, 20.0725893151956], [-98.7485486078161, 20.0725941316372], [-98.7485485810097, 20.0725989480788], [-98.7485485542033, 20.0726037645204], [-98.7485485273969, 20.072608580962], [-98.7485485101546, 20.0726133974172], [-98.7485484833482, 20.0726182138588], [-98.7485484565418, 20.0726230303004], [-98.7485484392995, 20.0726278467556], [-98.7485484124931, 20.0726326631972], [-98.7485483946457, 20.0726378591865], [-98.74854837681272, 20.0726430461393], [-98.74854834941559, 20.0726482330785], [-98.7485483315682, 20.0726534290678], [-98.74854831373518, 20.0726586160206], [-98.74854829588782, 20.0726638120099], [-98.7485482780548, 20.0726689989626], [-98.7485482697858, 20.072674185929], [-98.7485482519384, 20.0726793819183], [-98.7485482347824, 20.0726841441543], [-98.74854822717609, 20.0726889154405], [-98.74854821002019, 20.0726936776765], [-98.7485482024139, 20.0726984489626], [-98.7485481948076, 20.0727032202488], [-98.7485481872157, 20.0727079824984], [-98.7485481700453, 20.0727127537709], [-98.7485481624534, 20.0727175160205], [-98.74854815484711, 20.0727222873066], [-98.7485481560413, 20.0727275375423], [-98.7485481476859, 20.0727327787278], [-98.74854813931599, 20.0727380289498], [-98.7485481309462, 20.0727432791719], [-98.7485481321548, 20.072748520371], [-98.748548123785, 20.072753770593], [-98.7485481249792, 20.0727590208286], [-98.74854811662381, 20.0727642620141], [-98.748548117818, 20.0727695122497], [-98.7485481199342, 20.0727741841477], [-98.74854811247188, 20.0727788650685], [-98.74854811458812, 20.0727835369664], [-98.74854811668982, 20.0727882179008], [-98.748548118806, 20.0727928897987], [-98.7485481209078, 20.0727975707332], [-98.74854812302398, 20.0728022426311], [-98.74854812514022, 20.072806914529], [-98.74854812724192, 20.0728115954634], [-98.74854812829209, 20.0728169360643], [-98.7485481293278, 20.0728222857017], [-98.7485481399276, 20.0728276353527], [-98.7485481409777, 20.0728329759535], [-98.74854815157751, 20.0728383256045], [-98.7485481526132, 20.0728436752419], [-98.74854816322741, 20.0728490158563], [-98.7485481642631, 20.0728543654937], [-98.7485481748629, 20.0728597151447], [-98.7485481773248, 20.0728641701659], [-98.74854818935081, 20.0728686252008], [-98.7485481918127, 20.072873080222], [-98.7485482038386, 20.0728775352568], [-98.7485482158646, 20.0728819902916], [-98.7485482183265, 20.0728864453129], [-98.7485482243611, 20.0728886592755], [-98.74853221438539, 20.072882464528]]], [[[-98.7485490030084, 20.0725382140442], [-98.7485312041734, 20.0725322788108], [-98.7485233625687, 20.0698020551528], [-98.7486230109521, 20.0698187609351], [-98.7486230089074, 20.0698200441223], [-98.74862299102068, 20.0698252672229], [-98.74862298269791, 20.0698304903371], [-98.74862296481122, 20.0698357134377], [-98.7486229469244, 20.0698409365383], [-98.7486229296281, 20.0698457891412], [-98.7486229123318, 20.069850641744], [-98.74862289503538, 20.0698554943469], [-98.74862286817522, 20.0698603469361], [-98.7486228508932, 20.0698651905025], [-98.7486228335968, 20.0698700431053], [-98.7486228067366, 20.0698748956946], [-98.7486227798763, 20.0698797482838], [-98.74862276258, 20.0698846008867], [-98.7486223415532, 20.0699507568714], [-98.74862174836132, 20.0700169216473], [-98.7486209830327, 20.0700830771412], [-98.7486200455529, 20.0701492323897], [-98.7486189454856, 20.0702153874064], [-98.7486176732667, 20.0702815421777], [-98.7486162289102, 20.0703476876671], [-98.7486146124017, 20.070413832911], [-98.74861283331921, 20.0704799688865], [-98.74861269169119, 20.0704848213121], [-98.7486125596271, 20.0704896737514], [-98.7486124180136, 20.0704945171405], [-98.74861227638561, 20.0704993695661], [-98.7486121347575, 20.0705042219917], [-98.7486119931439, 20.0705090653808], [-98.7486118515159, 20.0705139178064], [-98.7486117098879, 20.070518770232], [-98.7486115682742, 20.0705236136211], [-98.74861140692781, 20.0705288365172], [-98.7486112455815, 20.0705340594133], [-98.7486110938135, 20.0705392732864], [-98.74861093246712, 20.0705444961825], [-98.7486107711207, 20.0705497190786], [-98.74861060978871, 20.0705549329381], [-98.7486104484423, 20.0705601558342], [-98.7486102870959, 20.0705653787302], [-98.7486101257494, 20.0705706016263], [-98.7486099746581, 20.0705753907825], [-98.7486098235668, 20.0705801799388], [-98.7486096628972, 20.070584978118], [-98.74860951180591, 20.0705897672742], [-98.7486093607145, 20.0705945564305], [-98.7486092096088, 20.0705993546233], [-98.74860904895351, 20.0706041437659], [-98.7486088978477, 20.0706089419587], [-98.74860873719238, 20.0706137311013], [-98.7486085662099, 20.0706189991664], [-98.7486083952274, 20.0706242672315], [-98.7486082146809, 20.0706295352829], [-98.74860804369838, 20.070634803348], [-98.7486078727159, 20.070640071413], [-98.74860769215502, 20.070645348501], [-98.7486075116085, 20.0706506165524], [-98.74860734062588, 20.0706558846175], [-98.7486071600793, 20.0706611526689], [-98.7486069995823, 20.0706658424097], [-98.7486068390709, 20.070670541187], [-98.7486066785738, 20.0706752309278], [-98.7486065180767, 20.0706799206685], [-98.7486063575653, 20.0706846194459], [-98.7486061970682, 20.0706893091866], [-98.7486060365711, 20.0706939989274], [-98.7486058664957, 20.0706986976911], [-98.7486057059986, 20.0707033874319], [-98.7486055157439, 20.0707087458349], [-98.7486053350388, 20.0707141132882], [-98.7486051447842, 20.0707194716912], [-98.74860495452951, 20.0707248300943], [-98.74860476427489, 20.0707301884974], [-98.7486045740058, 20.0707355559369], [-98.7486043837511, 20.07074091434], [-98.7486041934963, 20.0707462727431], [-98.7486040032416, 20.0707516311461], [-98.74860384310442, 20.0707560949736], [-98.7486036829528, 20.0707605678377], [-98.7486035228155, 20.0707650316652], [-98.7486033626783, 20.0707694954927], [-98.748603202541, 20.0707739593202], [-98.7486030423894, 20.0707784321842], [-98.7486028822521, 20.0707828960117], [-98.7486027221148, 20.0707873598392], [-98.7486025619775, 20.0707918236667], [-98.7486023617987, 20.0707974079693], [-98.7486021520703, 20.0708029832218], [-98.7486019518914, 20.0708085675245], [-98.74860175172691, 20.0708141427906], [-98.7486015419841, 20.0708197270796], [-98.7486013418196, 20.0708253023456], [-98.74860113207669, 20.0708308866347], [-98.7486009319121, 20.0708364619007], [-98.74860073173312, 20.0708420462033], [-98.7486006020733, 20.0708453895421], [-98.748600481963, 20.0708487419309], [-98.74860036186719, 20.0708520852832], [-98.7486002321929, 20.0708554376585], [-98.748600112097, 20.0708587810108], [-98.7485999920011, 20.0708621243632], [-98.74859986232691, 20.0708654767384], [-98.748599742231, 20.0708688200907], [-98.7485996125567, 20.070872172466], [-98.7485993723648, 20.0708788591706], [-98.7485991225946, 20.0708855548982], [-98.7485988728388, 20.0708922415892], [-98.74859862306852, 20.0708989373168], [-98.74859838287648, 20.0709056240214], [-98.7485981331062, 20.0709123197489], [-98.7485978833503, 20.0709190064399], [-98.74859763359431, 20.0709256931309], [-98.7485973838239, 20.0709323888584], [-98.7485737592728, 20.0715693957861], [-98.7485735190785, 20.0715760824902], [-98.7485732693201, 20.0715827691806], [-98.7485730195473, 20.0715894649076], [-98.7485727697889, 20.071596151598], [-98.7485725200304, 20.0716028382884], [-98.7485722798359, 20.0716095249925], [-98.7485720300774, 20.0716162116829], [-98.7485717803045, 20.0716229074098], [-98.7485715305459, 20.0716295941002], [-98.74857141044862, 20.0716329374522], [-98.7485712903514, 20.0716362808042], [-98.74857116070451, 20.0716396151061], [-98.74857104060709, 20.0716429584581], [-98.7485709205098, 20.0716463018101], [-98.7485707908485, 20.0716496451485], [-98.7485706707512, 20.0716529885005], [-98.7485705506539, 20.0716563318525], [-98.7485704209925, 20.0716596751909], [-98.7485702208399, 20.0716652414198], [-98.7485700206728, 20.0716708166853], [-98.7485698109562, 20.0716763829007], [-98.7485696108035, 20.0716819491296], [-98.74856941063639, 20.0716875243951], [-98.74856920091962, 20.0716930906104], [-98.7485690007525, 20.0716986658759], [-98.7485688005998, 20.0717042321048], [-98.748568600447, 20.0717097983338], [-98.7485684307579, 20.0717142531106], [-98.7485682706328, 20.0717187079011], [-98.74856811050762, 20.0717231626915], [-98.7485679503825, 20.071727617482], [-98.74856779025731, 20.0717320722724], [-98.7485676301322, 20.0717365270628], [-98.748567470007, 20.0717409818533], [-98.7485673098818, 20.0717454366437], [-98.748567149771, 20.0717498823976], [-98.7485669595278, 20.0717552317635], [-98.748566769299, 20.0717605720928], [-98.7485665886342, 20.0717659124357], [-98.7485663983909, 20.0717712618016], [-98.74856620816202, 20.0717766021309], [-98.7485660179188, 20.0717819514967], [-98.7485658276899, 20.071787291826], [-98.74856564702499, 20.0717926321689], [-98.74856545678162, 20.0717979815347], [-98.7485652963106, 20.0718026532018], [-98.7485651358396, 20.0718073248688], [-98.74856497536851, 20.0718119965359], [-98.7485648148975, 20.071816668203], [-98.74856465442642, 20.07182133987], [-98.7485644939409, 20.0718260205736], [-98.74856433346991, 20.0718306922407], [-98.7485641729988, 20.0718353639077], [-98.7485640125277, 20.0718400355748], [-98.7485638320067, 20.0718452855523], [-98.748563661064, 20.071850526507], [-98.7485634805574, 20.0718557674481], [-98.7485633096004, 20.0718610174393], [-98.7485631290937, 20.0718662583803], [-98.7485629581366, 20.0718715083715], [-98.7485627871939, 20.0718767493262], [-98.7485626162513, 20.0718819902808], [-98.74856243573008, 20.0718872402584], [-98.7485622846789, 20.0718920023043], [-98.7485621336276, 20.0718967643502], [-98.74856197299792, 20.071901535419], [-98.7485618219466, 20.0719062974649], [-98.7485616708809, 20.0719110685473], [-98.7485615198296, 20.0719158305932], [-98.7485613687782, 20.0719205926391], [-98.74856121771249, 20.0719253637215], [-98.74856106666108, 20.0719301257674], [-98.7485609053687, 20.0719353125164], [-98.74856073449791, 20.0719405082884], [-98.7485605827695, 20.0719456950511], [-98.7485604214771, 20.0719508818001], [-98.7485602601846, 20.0719560685492], [-98.7485600988922, 20.0719612552982], [-98.7485599471637, 20.0719664420609], [-98.7485597858713, 20.0719716288099], [-98.7485596341284, 20.0719768246091], [-98.74855949256892, 20.0719816318512], [-98.748559341431, 20.0719864481162], [-98.7485591998571, 20.0719912643948], [-98.7485590582832, 20.0719960806734], [-98.7485589262733, 20.0720008969657], [-98.74855878469931, 20.0720057132443], [-98.74855864312542, 20.0720105295229], [-98.7485585111154, 20.0720153458151], [-98.7485583695415, 20.0720201620937], [-98.74855666199572, 20.0720833883897], [-98.7485551074727, 20.072146614903], [-98.7485537155221, 20.0722098506837], [-98.7485524765803, 20.0722730957182], [-98.7485514002401, 20.0723363319471], [-98.748550467345, 20.0723995774162], [-98.7485497066016, 20.0724628231299], [-98.748549089318, 20.0725260690473], [-98.7485490030084, 20.0725382140442]]], [[[-98.9060051894462, 19.8555622409042], [-98.9059470300035, 19.8555511853055], [-98.90604384463862, 19.8552504817489], [-98.90645796710092, 19.8548776231639], [-98.9067511185831, 19.8546289025171], [-98.9070429235409, 19.8543947299678], [-98.90733988393619, 19.8541626832655], [-98.90764111452052, 19.8539275747869], [-98.907649771622, 19.8539207835766], [-98.90751627597801, 19.8542536491831], [-98.9060051894462, 19.8555622409042]]], [[[-98.96327024137348, 19.8079950693922], [-98.96309348140288, 19.8079261538494], [-98.9630218092014, 19.8078988747556], [-98.9635360740844, 19.8071127265146], [-98.964012795456, 19.8063477787244], [-98.9642615759951, 19.8064578798305], [-98.96327024137348, 19.8079950693922]]], [[[-98.7485820034882, 20.0607777017661], [-98.7485437550212, 20.0607625834174], [-98.7485369536977, 20.0596892201834], [-98.74857792565538, 20.0596934533509], [-98.7485783647624, 20.0598200381148], [-98.74858099381932, 20.060180799412], [-98.74858178461919, 20.0605428774178], [-98.7485820034882, 20.0607777017661]]], [[[-98.9127756135615, 19.8500881429055], [-98.9128423637345, 19.849878033034], [-98.9134036101498, 19.8494410321716], [-98.9127756135615, 19.8500881429055]]], [[[-98.91348510241592, 19.8493775789326], [-98.91407245822101, 19.8489202557169], [-98.9140757354695, 19.8489177089087], [-98.9140790127228, 19.8489151530637], [-98.9140822899759, 19.8489125972185], [-98.9140855672241, 19.8489100504102], [-98.9140888540278, 19.8489074945695], [-98.91409213128068, 19.8489049387242], [-98.9140954085286, 19.8489023919157], [-98.9140986857812, 19.8488998360702], [-98.9141019630338, 19.8488972802247], [-98.9141036064329, 19.8488960068227], [-98.9141052498369, 19.8488947243838], [-98.91410689323598, 19.8488934509817], [-98.9141085366399, 19.8488921685428], [-98.9141101800389, 19.8488908951406], [-98.9141118234428, 19.8488896127017], [-98.91411345729108, 19.8488883392949], [-98.9141151006949, 19.8488870568559], [-98.9141167440938, 19.8488857834538], [-98.9141196296035, 19.8488835346716], [-98.9141920447665, 19.8488797379112], [-98.9142487381776, 19.8490740842211], [-98.91402397154928, 19.8491824903039], [-98.91348510241592, 19.8493775789326]]], [[[-98.85457549764531, 19.9126739798216], [-98.8545529518452, 19.9126500682068], [-98.8594519030318, 19.9071955423222], [-98.85946736506199, 19.9072024812147], [-98.85948282709352, 19.9072094201059], [-98.854874287461, 19.9123465872776], [-98.8547105502335, 19.9125273242562], [-98.8547058043022, 19.9125244376546], [-98.8546146889654, 19.912612462524], [-98.85457549764531, 19.9126739798216]]], [[[-98.74857792565538, 20.0596934533509], [-98.7485369536977, 20.0596892201834], [-98.7485309449083, 20.0587066663546], [-98.74852770850109, 20.0570403286841], [-98.74852182502111, 20.0564413497747], [-98.748566834688, 20.056455754816], [-98.7485669078736, 20.056475852238], [-98.74856716315419, 20.0565677544547], [-98.7485689718415, 20.056747096669], [-98.7485684981809, 20.056918402129], [-98.7485688058036, 20.0570554962684], [-98.74856882030979, 20.0570583970259], [-98.74857792565538, 20.0596934533509]]], [[[-98.75481628871519, 20.0224637231136], [-98.7547679979665, 20.0225178848803], [-98.7547305498627, 20.0224977717517], [-98.75476575149811, 20.0224436460856], [-98.75481628871519, 20.0224637231136]]], [[[-98.76207358910669, 20.0113064152598], [-98.7618575633587, 20.0114776941658], [-98.7617687281453, 20.0114269877315], [-98.7616637287483, 20.0113683705381], [-98.76156768503111, 20.0113177356337], [-98.7614631614839, 20.0112606551873], [-98.76149612861582, 20.0112333005577], [-98.7617750231916, 20.0110112937528], [-98.7620817546934, 20.010771539824], [-98.76248013581369, 20.0104581965706], [-98.7625473948705, 20.0109346249347], [-98.7623766080176, 20.0110688607773], [-98.76207358910669, 20.0113064152598]]], [[[-98.76048689187532, 20.0127597864536], [-98.76040693893411, 20.0128537314034], [-98.7600291494955, 20.0126444741751], [-98.7601315088076, 20.0125275615554], [-98.7605130840525, 20.0127304980555], [-98.76048689187532, 20.0127597864536]]], [[[-98.7578890547289, 20.0178349923473], [-98.7578739593761, 20.0178717597397], [-98.7578405344356, 20.0178533516478], [-98.7574969308053, 20.0176595612933], [-98.7575131310687, 20.0176192982784], [-98.7578629008578, 20.0178196395373], [-98.7578890547289, 20.0178349923473]]], [[[-98.7544662842846, 20.0222626707029], [-98.75441405904022, 20.022326116544], [-98.75440972197501, 20.0223237700482], [-98.7544649087901, 20.0222618374281], [-98.7544662842846, 20.0222626707029]]], [[[-98.7727490581772, 20.0004565449138], [-98.77270382399419, 20.0005081402965], [-98.7726418138804, 19.9999395300013], [-98.77266226675941, 19.9999162778715], [-98.77269232353359, 19.9998822031341], [-98.7727537692286, 20.0004512012681], [-98.7727490581772, 20.0004565449138]]], [[[-98.7952263441897, 19.9884791519864], [-98.7949922055639, 19.9886345016591], [-98.7945692574446, 19.988383651577], [-98.7946917038727, 19.9883058974356], [-98.7949626523878, 19.9881296076088], [-98.7952536340953, 19.9879251370906], [-98.7955479324328, 19.9877055244723], [-98.7958335731584, 19.9874756899629], [-98.79584745843582, 19.9874638588936], [-98.7962286768208, 19.9877181822924], [-98.79621060952289, 19.987733713614], [-98.79583936327981, 19.9880341529738], [-98.7955305666144, 19.9882663464455], [-98.7952263441897, 19.9884791519864]]], [[[-98.7925417342488, 19.9899105546932], [-98.7921952688223, 19.9900751762903], [-98.79198072411259, 19.9896967046238], [-98.79293995221168, 19.9892409342895], [-98.7929557535815, 19.9892334252101], [-98.7929715453906, 19.9892259161182], [-98.7929873467574, 19.9892184070359], [-98.7930031481227, 19.9892108979523], [-98.7930189399392, 19.9892033798194], [-98.79303474130151, 19.9891958707328], [-98.7930505331151, 19.9891883525971], [-98.7930663249272, 19.9891808344599], [-98.793082126285, 19.9891733253691], [-98.7930853975167, 19.9891717658457], [-98.7925417342488, 19.9899105546932]]], [[[-98.8129031553583, 19.9595601178346], [-98.8127115579167, 19.9597730281051], [-98.8126850511653, 19.9597524597357], [-98.8139116145446, 19.9583827117099], [-98.8139419412146, 19.9584057509199], [-98.81370571432849, 19.958667540189], [-98.81339580826618, 19.9590120278063], [-98.8131483710708, 19.9592882180439], [-98.8129031553583, 19.9595601178346]]], [[[-98.813656646748, 19.9581716814451], [-98.8124121147939, 19.959549821911], [-98.8123999686717, 19.959540745273], [-98.8124172135206, 19.9595215876358], [-98.8126644320501, 19.9592458048564], [-98.8129335813724, 19.9589475705741], [-98.81316500904389, 19.9586884792728], [-98.8134082016448, 19.9584206073203], [-98.8136404612295, 19.9581598263857], [-98.813656646748, 19.9581716814451]]], [[[-98.7677313859365, 20.0061486453804], [-98.7677122339581, 20.0061703533544], [-98.76763127290678, 20.0056276520705], [-98.7676564372304, 20.0056000149251], [-98.7677313859365, 20.0061486453804]]], [[[-98.7729942811228, 20.000178576081], [-98.7727537692286, 20.0004512012681], [-98.77269232353359, 19.9998822031341], [-98.7729072497325, 19.9996385076346], [-98.7731519354441, 19.9993607728091], [-98.7733964668376, 19.9990833898613], [-98.7736427095624, 19.9988052948518], [-98.77388652255011, 19.9985277114725], [-98.77413131902081, 19.9982503368378], [-98.774374977599, 19.9979725718253], [-98.7746174675011, 19.9976958984088], [-98.7746894618478, 19.9976143258589], [-98.7753549602834, 19.9974924892387], [-98.77533125005769, 19.9975145085798], [-98.7753021218882, 19.997541626749], [-98.7751795806049, 19.9976677854645], [-98.77495095094669, 19.9979527005992], [-98.77470667714068, 19.9982335923071], [-98.7744610302485, 19.9985114184952], [-98.7742167494132, 19.9987893183603], [-98.77397230625009, 19.9990664856984], [-98.773727727775, 19.9993440862691], [-98.7734819619837, 19.9996224259728], [-98.7732392260272, 19.9999005703906], [-98.7729942811228, 20.000178576081]]], [[[-98.8089033651881, 19.9640081793216], [-98.8076315858262, 19.9654235769139], [-98.8076275080786, 19.9654208072684], [-98.8088763990254, 19.9639879804012], [-98.8089033651881, 19.9640081793216]]], [[[-98.77023798162551, 20.0033064604487], [-98.7702206879944, 20.0033260746184], [-98.770168448132, 20.0029670358106], [-98.7701411717022, 20.0027775294205], [-98.7702156317618, 20.0026930612143], [-98.7707039301563, 20.0021384741586], [-98.77094889117969, 20.0018608151681], [-98.7711938123459, 20.0015836798961], [-98.77143875431618, 20.0013047821533], [-98.7715607636063, 20.001167067587], [-98.77192839309092, 20.0007494703621], [-98.7720465441743, 20.0006150759608], [-98.7726020192166, 20.0006235882269], [-98.77250498283381, 20.0007336112012], [-98.77226036075481, 20.0010113541813], [-98.7720155857187, 20.0012885001933], [-98.7717705981677, 20.0015665763507], [-98.77152581090118, 20.0018443813126], [-98.7712814145955, 20.0021222767913], [-98.7710364160763, 20.0023995385747], [-98.7707917026815, 20.0026773606432], [-98.77054730374428, 20.0029552912045], [-98.77023798162551, 20.0033064604487]]], [[[-98.8016898932901, 19.9728199921808], [-98.80143487651381, 19.9733832610471], [-98.8011539699882, 19.9729134098958], [-98.8012780330483, 19.9726393942783], [-98.80157514966989, 19.9720781878523], [-98.8020739856444, 19.9715551962019], [-98.8023026151128, 19.9717220422167], [-98.8020668823829, 19.972107952681], [-98.8016898932901, 19.9728199921808]]], [[[-98.808616552022, 19.9637554033355], [-98.8073522676165, 19.9651610474256], [-98.8073492404371, 19.9651589205188], [-98.8086129233502, 19.9637527607102], [-98.808616552022, 19.9637554033355]]], [[[-98.7964234934273, 19.9875506586144], [-98.7962286768208, 19.9877181822924], [-98.79584745843582, 19.9874638588936], [-98.7961125415559, 19.987237931197], [-98.79638228843872, 19.9869898686371], [-98.7966627490024, 19.9867127921942], [-98.79701726727441, 19.9863340201989], [-98.7972327190968, 19.9860841952445], [-98.7975473664514, 19.985689056338], [-98.7975685279949, 19.9856604794699], [-98.7981616416098, 19.9856026974226], [-98.7981252900585, 19.9856546710554], [-98.7978234104485, 19.9860607508793], [-98.7973837544039, 19.9865884959726], [-98.7970504725065, 19.9869478732221], [-98.79670531844, 19.9872911419207], [-98.7964234934273, 19.9875506586144]]], [[[-98.7925417342488, 19.9899105546932], [-98.7922933096733, 19.9902481352334], [-98.7921952688223, 19.9900751762903], [-98.7925417342488, 19.9899105546932]]], [[[-98.8012780330483, 19.9726393942783], [-98.8011539699882, 19.9729134098958], [-98.8010093062963, 19.9726714443754], [-98.80157514966989, 19.9720781878523], [-98.8012780330483, 19.9726393942783]]], [[[-98.7485505923493, 20.0339549574178], [-98.7485538904831, 20.0348389209773], [-98.74852353350431, 20.0348258380468], [-98.7484779669739, 20.0348047090055], [-98.74832763214968, 20.0347114274675], [-98.7483244663675, 20.0339553137199], [-98.7483232411664, 20.0336618759312], [-98.7485476616851, 20.0331705684515], [-98.7485505923493, 20.0339549574178]]], [[[-98.7485538904831, 20.0348389209773], [-98.7485793298737, 20.0416571218044], [-98.74835446046552, 20.0415640416021], [-98.7483395189901, 20.0375567756392], [-98.7483392116694, 20.0374795576002], [-98.74832763214968, 20.0347114274675], [-98.7484779669739, 20.0348047090055], [-98.74852353350431, 20.0348258380468], [-98.7485538904831, 20.0348389209773]]], [[[-98.7485864969484, 20.0435768445386], [-98.74839741337088, 20.0440201179962], [-98.7483772417149, 20.0415734720475], [-98.7485793298737, 20.0416571218044], [-98.7485864969484, 20.0435768445386]]], [[[-98.7839782911715, 19.9932594480147], [-98.78295142168069, 19.9935600085835], [-98.782952378071, 19.9932387389466], [-98.7839782911715, 19.9932594480147]]], [[[-98.77481414741791, 19.9974796125135], [-98.7748218168163, 19.9974710284156], [-98.7748294862139, 19.9974624443175], [-98.7748371555977, 19.9974538692556], [-98.7748448345532, 19.9974452851689], [-98.77485251348209, 19.9974367191551], [-98.77486174351918, 19.9974264200769], [-98.7748709831017, 19.997416130047], [-98.7748802322426, 19.9974058400287], [-98.7748894813694, 19.9973955590465], [-98.774898730495, 19.9973852780638], [-98.7749079891661, 19.9973750061294], [-98.7749172573955, 19.9973647342066], [-98.7749265351704, 19.9973544713321], [-98.77493581293122, 19.9973442174937], [-98.77494396088298, 19.9973352183127], [-98.774952108821, 19.997326228168], [-98.7749602663047, 19.9973172470716], [-98.77496842378751, 19.9973082659748], [-98.77497659082889, 19.9972992848898], [-98.77498476740318, 19.9972903218897], [-98.7749929439894, 19.9972813498527], [-98.7750011301214, 19.997272386864], [-98.7750093257991, 19.9972634329237], [-98.7750185363502, 19.9972533778014], [-98.7750277564597, 19.9972433226908], [-98.7750369861147, 19.9972332766285], [-98.7750462253152, 19.9972232396144], [-98.77505547407398, 19.9972132026119], [-98.775064722806, 19.9972031836821], [-98.7750739906558, 19.9971931647761], [-98.77508325849162, 19.9971831549063], [-98.7750925358857, 19.997173145048], [-98.77510099943741, 19.9971640378204], [-98.7751094725477, 19.9971549306044], [-98.7751179552037, 19.9971458324367], [-98.77512643784581, 19.9971367433053], [-98.775134939606, 19.9971276541977], [-98.77514344135238, 19.9971185741263], [-98.77515195264439, 19.9971095031031], [-98.7751604734822, 19.9971004411284], [-98.7751690038656, 19.9970913882019], [-98.77517830972221, 19.9970815229613], [-98.7751876346838, 19.997071666781], [-98.7751969596443, 19.9970618106003], [-98.7752063036969, 19.9970519725165], [-98.7752156477356, 19.9970421434688], [-98.7752250108792, 19.9970323234815], [-98.7752343835684, 19.9970225125424], [-98.7752398597445, 19.9970167812219], [-98.7753129459205, 19.9975532525503], [-98.77530261509749, 19.997564580433], [-98.77529462040138, 19.997573371982], [-98.7752866352767, 19.997582154506], [-98.7752759309614, 19.9975939518188], [-98.774602187281, 19.9977188952908], [-98.7746125091445, 19.9977071878994], [-98.77462385553599, 19.997694316084], [-98.77463521147232, 19.9976814533167], [-98.7746465578472, 19.9976685905364], [-98.7746522454054, 19.9976621365726], [-98.7746579425098, 19.9976556916574], [-98.77466363005422, 19.9976492467299], [-98.77466932715771, 19.9976428018144], [-98.7746750242736, 19.997636347862], [-98.7746807213762, 19.9976299029461], [-98.7746864184783, 19.9976234580299], [-98.7746921155671, 19.9976170221503], [-98.7746978126683, 19.9976105772338], [-98.7747073205819, 19.997599835722], [-98.7747168380538, 19.9975890942219], [-98.7747263555244, 19.9975783527212], [-98.7747358729808, 19.9975676202566], [-98.7747453904359, 19.9975568877915], [-98.7747549174493, 19.997546155338], [-98.7747644540209, 19.9975354228961], [-98.7747739810189, 19.9975246994782], [-98.7747835175622, 19.9975139851084], [-98.7747911774301, 19.9975053829266], [-98.7747988277248, 19.9974967897689], [-98.7748064875782, 19.9974881966231], [-98.77481414741791, 19.9974796125135]]], [[[-98.875712667314, 19.889128085044], [-98.8749649098801, 19.8899934932285], [-98.8749193499078, 19.8899706433466], [-98.8756873043615, 19.889115289323], [-98.875712667314, 19.889128085044]]], [[[-98.7927032335078, 19.991570261525], [-98.7893388330823, 19.9918032455267], [-98.78918801012179, 19.989301486325], [-98.789251130175, 19.9891996640755], [-98.79120023548379, 19.9889779786959], [-98.7927032335078, 19.991570261525]]], [[[-98.78405165934622, 19.9932379669342], [-98.7826113226162, 19.9932102080236], [-98.78609920344391, 19.9921892975976], [-98.7861039371334, 19.9921879116655], [-98.7861086708229, 19.9921865257332], [-98.786113394953, 19.9921851397893], [-98.7861179469441, 19.9921838078575], [-98.7860766110798, 19.9926452505357], [-98.78405165934622, 19.9932379669342]]], [[[-98.7781074638931, 19.9953054751505], [-98.7780879086871, 19.9953167283971], [-98.7780299352611, 19.9948769961069], [-98.7780652077549, 19.9948577018614], [-98.7781292954984, 19.995293321087], [-98.7781074638931, 19.9953054751505]]], [[[-98.8061092081158, 19.96658184176], [-98.8048518450944, 19.9679497828351], [-98.8048069349206, 19.9679172375377], [-98.8048184868823, 19.9679044543043], [-98.805003616706, 19.9676979708682], [-98.80518863267478, 19.9674904117406], [-98.8053753950158, 19.9672846526267], [-98.80556106912009, 19.967077401063], [-98.8057461572072, 19.9668721999822], [-98.8059516699769, 19.9666432635968], [-98.8059877718545, 19.966672518663], [-98.805988125953, 19.9666721395095], [-98.8059888707232, 19.9666727367447], [-98.8060762226109, 19.9665755794439], [-98.8060759170302, 19.9665753622295], [-98.8060852197546, 19.9665650163567], [-98.8061092081158, 19.96658184176]]], [[[-98.79195528248259, 19.9901882054224], [-98.79191347343249, 19.9902081363942], [-98.79169475981459, 19.9898309155927], [-98.791743599141, 19.9898076222579], [-98.7917702761769, 19.9897948848017], [-98.79183282970709, 19.9897666464263], [-98.7918545412388, 19.9897572015053], [-98.7918946720177, 19.9897340424905], [-98.7921166048828, 19.9901131825972], [-98.792068702793, 19.9901361066302], [-98.79204616777568, 19.9901465898259], [-98.7919826662156, 19.9901760200002], [-98.79195528248259, 19.9901882054224]]], [[[-98.7675450081322, 20.0063599664028], [-98.76692346486801, 20.0064279908253], [-98.7676170246198, 20.0056432938548], [-98.76763127290678, 20.0056276520705], [-98.7677122339581, 20.0061703533544], [-98.7675450081322, 20.0063599664028]]], [[[-98.78407399898978, 19.993231261846], [-98.78392439372801, 19.9932750428328], [-98.7829432569513, 19.9932538280126], [-98.7824845264014, 19.993246334614], [-98.7825236588707, 19.9932347886115], [-98.7826244064222, 19.9932053262065], [-98.78407399898978, 19.993231261846]]], [[[-98.7862567416082, 19.9925916093989], [-98.7861021542686, 19.9926375369514], [-98.7861462538032, 19.9921752571919], [-98.7862902736064, 19.9921323893161], [-98.7863006112447, 19.9921293383544], [-98.7862567416082, 19.9925916093989]]], [[[-98.7874089305723, 19.9919699451005], [-98.7866364958134, 19.9920213393023], [-98.7868280844922, 19.9919553130828], [-98.7874262596464, 19.9919142820517], [-98.7874089305723, 19.9919699451005]]], [[[-98.7754427942999, 19.9974109274163], [-98.7753844137919, 19.9974651365203], [-98.7753168380037, 19.9969391004801], [-98.7753847712443, 19.996869324336], [-98.7756535848921, 19.996605885325], [-98.7759342239697, 19.9963483165826], [-98.77622322875979, 19.9961027947463], [-98.7765209315532, 19.9958641873842], [-98.7768262462159, 19.9956366951229], [-98.777139155327, 19.9954191341025], [-98.77746188847472, 19.9952099256709], [-98.7777898817539, 19.9950119828888], [-98.7780057123183, 19.9948902496345], [-98.7780299352611, 19.9948769961069], [-98.7780879086871, 19.9953167283971], [-98.778066267833, 19.99532918994], [-98.7780151893026, 19.9953583143281], [-98.7776995846676, 19.9955493961702], [-98.7773895949147, 19.9957510573609], [-98.777087260092, 19.9959605081725], [-98.7767927779657, 19.9961798544295], [-98.7765070582806, 19.9964079496641], [-98.7762271447865, 19.9966464619637], [-98.7759589879307, 19.9968922360533], [-98.7756973145427, 19.9971494312022], [-98.7754427942999, 19.9974109274163]]], [[[-98.7881644915501, 19.9919195213977], [-98.7874806711925, 19.9919637867936], [-98.78751517819929, 19.9919152109872], [-98.7882770239701, 19.9918684361046], [-98.7881644915501, 19.9919195213977]]], [[[-98.81114267714831, 19.9609894214673], [-98.8098957488608, 19.9623765325005], [-98.8098677421039, 19.9623554831649], [-98.8098764510577, 19.9623457328702], [-98.81014239437948, 19.9620518642846], [-98.81035620947, 19.9618149430317], [-98.8106202008746, 19.9615214330822], [-98.8107455325774, 19.961380476922], [-98.81093121986028, 19.9611745208004], [-98.81111566389352, 19.9609688252174], [-98.81114267714831, 19.9609894214673]]], [[[-98.9478762260767, 19.822802251059], [-98.94452307556341, 19.8254170421389], [-98.94439045429479, 19.8253652467644], [-98.9445157935842, 19.8252676243921], [-98.94480029463118, 19.8250461558282], [-98.9451078242262, 19.8248067918604], [-98.9454131944547, 19.824568375565], [-98.9456857146564, 19.8243576828821], [-98.94605076819491, 19.8240832355785], [-98.9464828997252, 19.8237626834829], [-98.9469430921206, 19.823420423082], [-98.947386042048, 19.8230913140728], [-98.9478335386996, 19.8227524816102], [-98.9478762260767, 19.822802251059]]], [[[-98.8752615373956, 19.8901479049832], [-98.8737674857658, 19.8918119513302], [-98.8737214967645, 19.8917875736245], [-98.8752118243561, 19.8901216996195], [-98.8752615373956, 19.8901479049832]]], [[[-98.8506035631068, 19.9170777687533], [-98.84797777290188, 19.9199835396024], [-98.84796724600932, 19.9199818036799], [-98.8505874908066, 19.9170648462542], [-98.8506035631068, 19.9170777687533]]], [[[-98.879074776668, 19.885900589356], [-98.87830579463298, 19.8867571415715], [-98.8782338037401, 19.8867197342735], [-98.8790045335763, 19.8858639426443], [-98.879074776668, 19.885900589356]]], [[[-98.8475702133218, 19.9204768319067], [-98.846071262984, 19.9221458379673], [-98.846039394265, 19.9221278733433], [-98.8475702133218, 19.9204768319067]]], [[[-98.7982185592571, 19.9855092056599], [-98.79761195467911, 19.9855849464197], [-98.79797354599539, 19.9850903034068], [-98.7985146800321, 19.9841651222074], [-98.7989558060114, 19.9831936485201], [-98.7992925544205, 19.9821855292991], [-98.79952159756958, 19.9811507378565], [-98.7995235431864, 19.9811390466113], [-98.7995254696973, 19.9811273463078], [-98.7995273866608, 19.9811156369568], [-98.799529294054, 19.9811039366316], [-98.7995311918997, 19.981092227259], [-98.79953307062812, 19.9810805178647], [-98.79953493023912, 19.9810688084487], [-98.7995367802913, 19.9810570990219], [-98.7995386207846, 19.9810453895843], [-98.79954059629729, 19.9810327314494], [-98.79954255268112, 19.9810200823295], [-98.79954449951741, 19.9810074241621], [-98.7995464272364, 19.980994765973], [-98.7995483453964, 19.9809821077732], [-98.7995502444505, 19.980969440515], [-98.7995521339343, 19.9809567822826], [-98.7995540138707, 19.9809441150027], [-98.79955660736641, 19.9809265235467], [-98.7995600111604, 19.9809030953206], [-98.79956262461738, 19.9808848351738], [-98.79956429298439, 19.9808731797611], [-98.79956594223418, 19.9808615243268], [-98.7995675819365, 19.980849859845], [-98.7995692120687, 19.9808382043889], [-98.7995708230949, 19.9808265398747], [-98.7995725981356, 19.9808136736692], [-98.7995743636175, 19.9808008074529], [-98.7995761195406, 19.9807879412258], [-98.7995778659048, 19.9807750749878], [-98.79957959316309, 19.9807621996915], [-98.7995813204097, 19.9807493334318], [-98.79958302855042, 19.9807364581139], [-98.7995847366907, 19.9807235827959], [-98.7995870916729, 19.9807056296028], [-98.79958941791048, 19.9806877305972], [-98.7995915994558, 19.9806708706445], [-98.79959384885849, 19.9806532607252], [-98.79959599210011, 19.9806364549491], [-98.79959888881159, 19.9806133966518], [-98.79960129326238, 19.9805941151244], [-98.7996029348669, 19.9805809415208], [-98.7996045573656, 19.980567758859], [-98.7996061798526, 19.9805545852338], [-98.79960779278079, 19.9805414115977], [-98.7996093961616, 19.9805282289142], [-98.79961098998359, 19.9805150462199], [-98.7996125837939, 19.9805018725621], [-98.7996142454159, 19.9804879850843], [-98.800031428169, 19.9808056519357], [-98.8000300192626, 19.9808162413192], [-98.8000282342901, 19.9808294328382], [-98.8000264493057, 19.9808426333939], [-98.8000246547626, 19.9808558339388], [-98.8000228411135, 19.9808690254254], [-98.8000210179055, 19.9808822169012], [-98.8000193491045, 19.9808942428212], [-98.80001767075602, 19.9809062596938], [-98.8000159828374, 19.9809182855922], [-98.8000142853714, 19.9809303024431], [-98.800012568788, 19.9809423192725], [-98.8000108426457, 19.980954336091], [-98.8000091165033, 19.9809663529095], [-98.80000737125478, 19.9809783606697], [-98.8000056164362, 19.9809903774558], [-98.8000036882067, 19.9810034694095], [-98.8000017408597, 19.9810165613416], [-98.79999979351248, 19.9810296532736], [-98.7999978175006, 19.9810427361366], [-98.79999584147698, 19.9810558280362], [-98.7999938463474, 19.9810689108776], [-98.7999918321003, 19.9810819936973], [-98.79998980830578, 19.9810950674696], [-98.79998777494092, 19.9811081502677], [-98.79998585743, 19.9811203204932], [-98.79998393991882, 19.9811324907187], [-98.7999820032901, 19.9811446609226], [-98.7999800475441, 19.9811568311049], [-98.7999780822505, 19.9811689922397], [-98.7999761073981, 19.9811811533637], [-98.7999741134283, 19.981193314466], [-98.7999721003411, 19.9812054755468], [-98.79997007770632, 19.9812176275802], [-98.7997317891214, 19.9822942489291], [-98.7993814278772, 19.9833431270138], [-98.79892246539602, 19.98435387294], [-98.7983594627119, 19.9853164513213], [-98.7982185592571, 19.9855092056599]]], [[[-98.878775354776, 19.885745576533], [-98.8780089449243, 19.8865978186807], [-98.8779668330675, 19.8865762913057], [-98.8787323549606, 19.8857236059304], [-98.878775354776, 19.885745576533]]], [[[-98.8666891329992, 19.8991358966674], [-98.866686559926, 19.8991396450003], [-98.86668431910522, 19.8991390857529], [-98.8666875646355, 19.8991354816084], [-98.8666891329992, 19.8991358966674]]], [[[-98.7485734974397, 20.0657265600677], [-98.7485662218799, 20.0657370682665], [-98.7485647501801, 20.0648721052178], [-98.74859902475582, 20.0648789765733], [-98.74860090302512, 20.0653808243283], [-98.7485722119673, 20.0653809190629], [-98.7485734974397, 20.0657265600677]]], [[[-98.8170375997748, 19.9549620920462], [-98.8164936331957, 19.9555667454506], [-98.8164296400748, 19.9555164804407], [-98.8180560512235, 19.9537610858668], [-98.8180920493903, 19.9537885310624], [-98.81799438703331, 19.9538969888604], [-98.8170375997748, 19.9549620920462]]], [[[-98.81781854414129, 19.9535680895174], [-98.81621026213058, 19.955339920397], [-98.81618849100421, 19.9553236137293], [-98.8167299533536, 19.954719491826], [-98.8176685375198, 19.9536773790205], [-98.8177884670056, 19.95354443672], [-98.81781854414129, 19.9535680895174]]], [[[-98.8142002194495, 19.9581163140455], [-98.81396403766952, 19.9583811219759], [-98.81393416925881, 19.9583584989379], [-98.8151852445195, 19.9569309958387], [-98.81523066666398, 19.9569662681583], [-98.81496341800501, 19.9572639296755], [-98.8142002194495, 19.9581163140455]]], [[[-98.8149433847686, 19.9567815570837], [-98.81368460052329, 19.9581399739153], [-98.8136686724556, 19.9581286251835], [-98.81390364437918, 19.9578687323329], [-98.81403270963548, 19.957733787069], [-98.8146515415087, 19.9570334487443], [-98.81490478963511, 19.956751804193], [-98.8149433847686, 19.9567815570837]]], [[[-98.7485924577169, 20.0631181400423], [-98.74859853745619, 20.0647466355271], [-98.74843954740162, 20.0647196611014], [-98.7484306390567, 20.0633727858904], [-98.7485924577169, 20.0631181400423]]], [[[-98.8026886687013, 19.9704188952225], [-98.8023307676723, 19.9708367052364], [-98.80232760679999, 19.9708344515825], [-98.80238428202532, 19.9707528050831], [-98.80241195427051, 19.9707128395696], [-98.80257521408332, 19.9704896617547], [-98.8027428270731, 19.9702703201713], [-98.8029184608671, 19.9700492161409], [-98.8030921889332, 19.9698384025888], [-98.8032727974135, 19.9696282290542], [-98.8034570542625, 19.9694198757408], [-98.80354257303712, 19.9693235852302], [-98.803596461857, 19.9693608760013], [-98.8026886687013, 19.9704188952225]]], [[[-98.9419333453327, 19.8274105995621], [-98.940936464241, 19.828139321135], [-98.9408704340914, 19.828050692869], [-98.9408681051895, 19.8280475653442], [-98.94117276866972, 19.8278174429821], [-98.9416082406456, 19.8274778904104], [-98.9416469286615, 19.8275207648886], [-98.9424054397772, 19.8269291330391], [-98.94273961715461, 19.8266689247379], [-98.94308853186809, 19.826397993746], [-98.9431790081409, 19.8263274175714], [-98.9433200050328, 19.8263509672726], [-98.9419333453327, 19.8274105995621]]], [[[-98.8098609444164, 19.9624132745415], [-98.8086591423443, 19.9637141244888], [-98.80865217143221, 19.9637090835392], [-98.8089164182859, 19.963415043342], [-98.8090485460149, 19.9632681134611], [-98.80923516622418, 19.9630609673498], [-98.8094318060516, 19.962842635336], [-98.8096582483147, 19.9625900769733], [-98.8098343226622, 19.9623929134726], [-98.8098609444164, 19.9624132745415]]], [[[-98.8094957398321, 19.9633488940153], [-98.8089279323247, 19.9639808336487], [-98.8088975192058, 19.9639578838679], [-98.81013777184918, 19.9625763306667], [-98.81016964496999, 19.9626011252838], [-98.80992978722841, 19.9628676225847], [-98.8096827404371, 19.9631429316461], [-98.8094957398321, 19.9633488940153]]], [[[-98.8073318211495, 19.965194786283], [-98.8061359258877, 19.9665472694914], [-98.8061147071018, 19.9665322092707], [-98.8070765847971, 19.9654623111473], [-98.80732275874752, 19.9651883875086], [-98.8073318211495, 19.965194786283]]], [[[-98.8033524848728, 19.970242196992], [-98.8032948482089, 19.9703135318953], [-98.8031864295101, 19.9702930339619], [-98.8038952544153, 19.9695893374215], [-98.8039095020645, 19.9695996097973], [-98.8037743676058, 19.9697506259652], [-98.8035313005215, 19.9700288493437], [-98.8033524848728, 19.970242196992]]], [[[-98.75567112629949, 20.0214956117241], [-98.7550263207304, 20.0225471596173], [-98.75476575149811, 20.0224436460856], [-98.7548238926975, 20.0223816361161], [-98.75486059016151, 20.0224110558857], [-98.75511218309899, 20.0221307362271], [-98.7551383106408, 20.0221016202838], [-98.7551644381869, 20.0220724952998], [-98.7551949235152, 20.0220385056085], [-98.7552298145649, 20.0219995609076], [-98.75525887295622, 20.0219670693081], [-98.75528791224158, 20.0219345596039], [-98.7553126033616, 20.0219068694316], [-98.755335838743, 20.021880767686], [-98.755361372848, 20.0218520213889], [-98.7553891961414, 20.0218206124527], [-98.7554161287993, 20.0217901420883], [-98.75544043729529, 20.0217625417347], [-98.75546470759488, 20.0217349051785], [-98.7554919280166, 20.0217038116738], [-98.75551908157068, 20.0216726728894], [-98.7555443580212, 20.0216435647448], [-98.75556897375, 20.0216151063196], [-98.7555946241211, 20.0215853119017], [-98.7556213091332, 20.0215541814907], [-98.755647438859, 20.0215235292491], [-98.75567112629949, 20.0214956117241]]], [[[-98.8024880935002, 19.9714184176714], [-98.8023026151128, 19.9717220422167], [-98.8020739856444, 19.9715551962019], [-98.8031714324031, 19.9703552438876], [-98.8032556758779, 19.9703706815967], [-98.8029520321598, 19.9707538431559], [-98.8024880935002, 19.9714184176714]]], [[[-98.8780089449243, 19.8865978186807], [-98.8772403351799, 19.8874553243405], [-98.8771973446434, 19.8874333895238], [-98.8779668330675, 19.8865762913057], [-98.8780089449243, 19.8865978186807]]], [[[-98.7578922062476, 20.0178373009911], [-98.7578916208849, 20.0178387099016], [-98.7578637569264, 20.0178225143492], [-98.7579787096842, 20.0176263511774], [-98.75797525478471, 20.0176348679772], [-98.7579712145235, 20.0176447936879], [-98.75796717424791, 20.0176547284351], [-98.7579639305405, 20.0176626852536], [-98.7579606868326, 20.0176706420721], [-98.75795744313828, 20.0176785898539], [-98.7579541994298, 20.0176865466723], [-98.7579509461603, 20.0176945034775], [-98.7579477024511, 20.0177024602957], [-98.75794444919478, 20.0177104080641], [-98.75794119592422, 20.0177183648691], [-98.75793793310639, 20.0177263126244], [-98.757934017697, 20.0177358680038], [-98.75793010230092, 20.0177454143465], [-98.7579261869043, 20.0177549606891], [-98.7579222612552, 20.017764958848], [-98.7579183274276, 20.0177740533348], [-98.75791440248271, 20.0177835906275], [-98.7579104679627, 20.0177931369435], [-98.7579065334561, 20.0178026742229], [-98.7579025893744, 20.0178122205257], [-98.7578991347017, 20.0178205837018], [-98.757895670468, 20.0178289468648], [-98.7578922062476, 20.0178373009911]]], [[[-98.7557777969702, 20.0213601736937], [-98.75568474676498, 20.0214734004749], [-98.75570253675399, 20.0214443904153], [-98.7557777969702, 20.0213601736937]]], [[[-98.87830579463298, 19.8867571415715], [-98.87754428115431, 19.8876053545283], [-98.87749183740661, 19.8875778104732], [-98.8782162524447, 19.8867106131879], [-98.87830579463298, 19.8867571415715]]], [[[-98.80040614152881, 19.9774733872454], [-98.800265410325, 19.9787433416106], [-98.7998457565006, 19.9784108162025], [-98.7999545851404, 19.9774286621534], [-98.7999559966305, 19.9774160033721], [-98.7999573985621, 19.9774033445799], [-98.79995880049339, 19.9773906857877], [-98.7999602024359, 19.9773780179589], [-98.79996161392499, 19.9773653591774], [-98.7999630158556, 19.9773527003851], [-98.79996442734432, 19.9773400416036], [-98.79996582927451, 19.9773273828113], [-98.7999672407627, 19.9773147240296], [-98.7999679465239, 19.9773083810839], [-98.79996865228492, 19.9773020381381], [-98.7999693580459, 19.9772956951923], [-98.7999700733766, 19.9772893432206], [-98.79997077913748, 19.9772830002748], [-98.79997148489842, 19.9772766573289], [-98.7999722002175, 19.9772703143939], [-98.7999729059896, 19.9772639624113], [-98.79997362130858, 19.9772576194763], [-98.799974810332, 19.9772470388775], [-98.79997599935531, 19.9772364582788], [-98.7999771883785, 19.97722587768], [-98.7999783869598, 19.977215297092], [-98.7999795855409, 19.977204716504], [-98.7999807745635, 19.9771941359051], [-98.7999819827026, 19.9771835553278], [-98.7999831812832, 19.9771729747397], [-98.79998438942198, 19.9771623941624], [-98.799985355958, 19.9771539098198], [-98.7999863224938, 19.9771454254773], [-98.7999872985765, 19.9771369501822], [-98.79998827467048, 19.9771284658504], [-98.7999892507643, 19.9771199815185], [-98.7999902268466, 19.9771115062234], [-98.79999120294029, 19.9771030218915], [-98.7999921885921, 19.9770945375704], [-98.79999317423241, 19.977086062286], [-98.7999943627631, 19.9770758702631], [-98.79999555128211, 19.9770656872769], [-98.7999967398124, 19.977055495254], [-98.7999979378894, 19.9770453122785], [-98.79999913596622, 19.977035129303], [-98.8000003436127, 19.9770249373016], [-98.8000015512475, 19.9770147543368], [-98.8000027588822, 19.977004571372], [-98.8000039760751, 19.976994388418], [-98.80000503876191, 19.9769854523501], [-98.80000611099541, 19.9769765253296], [-98.8000071927872, 19.9769675983199], [-98.80000826502048, 19.9769586712994], [-98.80000934682339, 19.976949735253], [-98.8000104381731, 19.9769408082541], [-98.8000115295226, 19.9769318812551], [-98.80001262087201, 19.9769229542561], [-98.8000137122213, 19.976914027257], [-98.8000149483355, 19.9769039979475], [-98.8000161940193, 19.9768939596121], [-98.8000174396915, 19.9768839303133], [-98.8000186949218, 19.9768739010253], [-98.800019950152, 19.9768638717372], [-98.8000212053706, 19.9768538514858], [-98.800022479717, 19.9768438222193], [-98.800023744505, 19.9768337929419], [-98.800025018851, 19.9768237636753], [-98.8000261869274, 19.9768146289192], [-98.8000273645619, 19.9768054941738], [-98.80002854218482, 19.9767963684651], [-98.80002971981911, 19.9767872337197], [-98.8000309070115, 19.9767780989851], [-98.800032103762, 19.9767689642612], [-98.800033300501, 19.9767598385739], [-98.80003450680948, 19.9767507038608], [-98.8000357131065, 19.9767415781843], [-98.8000370351513, 19.9767316212646], [-98.8000383667428, 19.9767216733924], [-98.8000396983342, 19.9767117255201], [-98.8000401711007, 19.9767082288618], [-98.8007028999997, 19.9756175617596], [-98.8006485186464, 19.9758416552789], [-98.800509452109, 19.9766269934434], [-98.80050757186, 19.9766400131703], [-98.8005055853779, 19.976653900298], [-98.800504312394, 19.9766628722796], [-98.8005030394098, 19.9766718442612], [-98.8005017759839, 19.9766808162535], [-98.8005005221046, 19.9766897972932], [-98.8004992682367, 19.9766987692963], [-98.8004974934227, 19.9767115541881], [-98.8004953519026, 19.9767271129251], [-98.8004940302277, 19.9767367987487], [-98.8004927085413, 19.976746493609], [-98.8004913964243, 19.9767561794433], [-98.8004900843072, 19.9767658652776], [-98.8004887912952, 19.97677556017], [-98.8004874982943, 19.9767852460258], [-98.8004857613477, 19.9767983201334], [-98.8004833970165, 19.9768162371903], [-98.80048152464968, 19.9768305853159], [-98.800480366442, 19.9768394941695], [-98.8004792082228, 19.9768484120598], [-98.80047805957311, 19.9768573209242], [-98.800476447474, 19.9768699252652], [-98.8004745264273, 19.9768849781961], [-98.8004732810342, 19.9768948086919], [-98.8004720356409, 19.9769046391877], [-98.8004707998171, 19.9769144606575], [-98.80046957354011, 19.9769242911748], [-98.8004683472629, 19.976934121692], [-98.80046712098562, 19.9769439522091], [-98.8004659042664, 19.9769537827371], [-98.8004646971054, 19.9769636132757], [-98.80046361554412, 19.9769723776286], [-98.80046254352962, 19.9769811510289], [-98.8004614715264, 19.9769899153925], [-98.80046040907001, 19.9769986888035], [-98.80045934662482, 19.9770074531779], [-98.80045828416812, 19.9770162265889], [-98.80045723128109, 19.9770249909739], [-98.8004561783824, 19.9770337643956], [-98.8004551254837, 19.9770425378173], [-98.8004539276181, 19.9770525762096], [-98.8004527392991, 19.9770626236493], [-98.80045155098, 19.977072671089], [-98.8004503626722, 19.977082709492], [-98.8004491743528, 19.9770927569317], [-98.8004479955915, 19.9771028043821], [-98.80044681683012, 19.9771128518324], [-98.8004456476269, 19.9771228992935], [-98.8004444784235, 19.9771329467546], [-98.8004435024904, 19.9771413226492], [-98.8004425361041, 19.9771497075913], [-98.8004415601594, 19.9771580925225], [-98.80044059378429, 19.9771664684279], [-98.800439636956, 19.9771748533806], [-98.8004386705693, 19.9771832383226], [-98.8004377137522, 19.9771916142387], [-98.8004367473652, 19.9771999991806], [-98.8004357905365, 19.9772083841333], [-98.8004346016464, 19.9772188834055], [-98.8004334031979, 19.977229382667], [-98.8004322143075, 19.9772398819391], [-98.800431025417, 19.9772503812113], [-98.8004298365263, 19.9772608804834], [-98.8004286476354, 19.9772713797556], [-98.8004274682913, 19.9772818880751], [-98.8004262889585, 19.9772923873579], [-98.8004251096254, 19.9773028866407], [-98.8004244039281, 19.9773091934418], [-98.8004236982307, 19.9773155002429], [-98.80042299254458, 19.9773217980074], [-98.80042228684708, 19.9773281048086], [-98.8004215811496, 19.9773344116097], [-98.8004208754519, 19.9773407184108], [-98.8004201697542, 19.9773470252119], [-98.8004194736262, 19.9773533229871], [-98.8004187679284, 19.9773596297882], [-98.8004173660568, 19.977372270511], [-98.8004159546267, 19.9773849112231], [-98.8004145527546, 19.9773975519459], [-98.80041315089372, 19.977410183632], [-98.8004117490212, 19.9774228243548], [-98.8004103471485, 19.9774354650775], [-98.8004089452755, 19.9774481058002], [-98.8004075434023, 19.9774607465228], [-98.80040614152881, 19.9774733872454]]], [[[-98.7579779686475, 20.0176232777178], [-98.7578629008578, 20.0178196395373], [-98.7575147454192, 20.017620222223], [-98.7575758322376, 20.0174684004746], [-98.75772234529582, 20.0171160015536], [-98.7578659884903, 20.0167580049068], [-98.7579996179196, 20.0164270229389], [-98.75814051717519, 20.0160807246907], [-98.7582776983214, 20.0157396353608], [-98.7584152081913, 20.0154020164132], [-98.75853978284451, 20.0151014207751], [-98.7585888064492, 20.0149906897147], [-98.7589628761306, 20.0151965019818], [-98.75894759377678, 20.0152308383782], [-98.7588141693044, 20.0155547818921], [-98.7586775724574, 20.0158897456307], [-98.758540808605, 20.0162272573426], [-98.758405552429, 20.0165662891379], [-98.7582677629676, 20.0169047390109], [-98.7581322585404, 20.0172427852319], [-98.7579936013569, 20.0175852007412], [-98.7579779686475, 20.0176232777178]]], [[[-98.75511218309899, 20.0221307362271], [-98.75486059016151, 20.0224110558857], [-98.7548238926975, 20.0223816361161], [-98.75570251759021, 20.0214444174987], [-98.75567112629949, 20.0214956117241], [-98.755647438859, 20.0215235292491], [-98.7556213091332, 20.0215541814907], [-98.7555946241211, 20.0215853119017], [-98.75556897375, 20.0216151063196], [-98.7555443580212, 20.0216435647448], [-98.75551908157068, 20.0216726728894], [-98.7554919280166, 20.0217038116738], [-98.75546470759488, 20.0217349051785], [-98.75544043729529, 20.0217625417347], [-98.7554161287993, 20.0217901420883], [-98.7553891961414, 20.0218206124527], [-98.755361372848, 20.0218520213889], [-98.755335838743, 20.021880767686], [-98.7553126033616, 20.0219068694316], [-98.75528791224158, 20.0219345596039], [-98.75525887295622, 20.0219670693081], [-98.7552298145649, 20.0219995609076], [-98.7551949235152, 20.0220385056085], [-98.7551644381869, 20.0220724952998], [-98.7551383106408, 20.0221016202838], [-98.75511218309899, 20.0221307362271]]], [[[-98.7563783209557, 20.0201626659287], [-98.7544940777837, 20.0222321384202], [-98.75449072603641, 20.0222294499018], [-98.75480231310601, 20.0218822978201], [-98.7548284023627, 20.0218532180152], [-98.7548631880375, 20.0218144358992], [-98.75489359675171, 20.0217805365188], [-98.754919609431, 20.0217514927403], [-98.75494847628372, 20.0217192178043], [-98.7549773144558, 20.021686933787], [-98.7550017757353, 20.0216594963642], [-98.7550247621115, 20.021633674449], [-98.7550499993243, 20.0216052621397], [-98.7550774873994, 20.0215742413619], [-98.7551040561419, 20.0215441681514], [-98.7551279815296, 20.0215170101038], [-98.7551518687211, 20.0214898158535], [-98.755178591124, 20.0214592819771], [-98.75520526579561, 20.0214286938108], [-98.7552300250352, 20.0214001904476], [-98.7552541044173, 20.0213723458132], [-98.7552791801015, 20.0213432283912], [-98.7553052329925, 20.0213128200818], [-98.75533074011669, 20.0212829170639], [-98.7553547436744, 20.0212546204801], [-98.7553786612728, 20.021226260518], [-98.7554870931958, 20.0210957319682], [-98.7555938059127, 20.0209639448874], [-98.75569877071442, 20.0208309173125], [-98.7558019875751, 20.0206966673195], [-98.755903427772, 20.0205612219817], [-98.7560030912935, 20.0204245903387], [-98.7561009398424, 20.0202868084872], [-98.7561969829685, 20.0201478854799], [-98.7562394254392, 20.0200847870815], [-98.7563783209557, 20.0201626659287]]], [[[-98.7485612570195, 20.0807726730806], [-98.74851390279379, 20.080820671013], [-98.74852890600341, 20.0785141245354], [-98.7485550311762, 20.078445194842], [-98.7485550632971, 20.0785809960311], [-98.748556984378, 20.0789777119557], [-98.7485582797026, 20.0793349915091], [-98.7485588175609, 20.0797474199742], [-98.7485596330922, 20.0800876830094], [-98.74856071212162, 20.0805565905805], [-98.7485612570195, 20.0807726730806]]], [[[-98.8155865086067, 19.9565699271765], [-98.8152533942758, 19.9569409619518], [-98.8152150754647, 19.9569118419847], [-98.8164137233761, 19.9555284104978], [-98.81648024569182, 19.9555816331278], [-98.81634094477599, 19.9557364684505], [-98.8155865086067, 19.9565699271765]]], [[[-98.81618909438971, 19.9553637644031], [-98.8149610358227, 19.9567577547508], [-98.8149246272534, 19.9567297301522], [-98.8152793682426, 19.9563352050055], [-98.8159790073357, 19.9555573297267], [-98.8161681369267, 19.9553463199513], [-98.81618909438971, 19.9553637644031]]], [[[-98.7627357453519, 20.0107865864241], [-98.76266721254008, 20.0108404522596], [-98.7625272360352, 20.0107918283904], [-98.7625154397191, 20.0107082419359], [-98.7627357453519, 20.0107865864241]]], [[[-98.8760235915114, 19.8892991332034], [-98.8752615373956, 19.8901479049832], [-98.8752118243561, 19.8901216996195], [-98.8759784439624, 19.889274232528], [-98.8760235915114, 19.8892991332034]]], [[[-98.8089279323247, 19.9639808336487], [-98.8089033651881, 19.9640081793216], [-98.8088763990254, 19.9639879804012], [-98.8088975192058, 19.9639578838679], [-98.8089279323247, 19.9639808336487]]], [[[-98.81144948411702, 19.961177277027], [-98.81141680254481, 19.9612135878763], [-98.8113956419491, 19.9611979861398], [-98.8114160145055, 19.961152896628], [-98.81144948411702, 19.961177277027]]], [[[-98.8111785313876, 19.9609534393635], [-98.81114267714831, 19.9609894214673], [-98.81111566389352, 19.9609688252174], [-98.8111495131783, 19.960931087868], [-98.8111785313876, 19.9609534393635]]], [[[-98.7874552107115, 19.992209236827], [-98.7872886403869, 19.9922667360374], [-98.7874806711925, 19.9919637867936], [-98.78823254948648, 19.9919151114953], [-98.7880465808549, 19.9919893241248], [-98.7877518536117, 19.9921015771803], [-98.7874552107115, 19.992209236827]]], [[[-98.8052053228361, 19.9681578883483], [-98.8051812616704, 19.9681846647284], [-98.80516779681402, 19.9681751975774], [-98.80519047342361, 19.9681473443142], [-98.8052053228361, 19.9681578883483]]], [[[-98.8032948482089, 19.9703135318953], [-98.8032494357186, 19.9703697438996], [-98.803143863068, 19.9703510022113], [-98.8031864295101, 19.9702930339619], [-98.8032948482089, 19.9703135318953]]], [[[-98.77016340972189, 20.0029672823011], [-98.7699336130548, 20.003017489808], [-98.77013726801579, 20.0027863621802], [-98.77016340972189, 20.0029672823011]]], [[[-98.79356043088109, 19.9894240084864], [-98.7935587474402, 19.9894248107885], [-98.7932229815632, 19.9891053533291], [-98.7933476993275, 19.9890460375552], [-98.7936842506515, 19.9888798387828], [-98.7940085612241, 19.9887097484169], [-98.7943293279539, 19.9885297943475], [-98.7945688261069, 19.9883845637794], [-98.7949929318728, 19.9886346380488], [-98.79457190472529, 19.9888928340178], [-98.7942388443516, 19.9890803379282], [-98.7938956417176, 19.9892599675238], [-98.79356043088109, 19.9894240084864]]], [[[-98.8039258016457, 19.9695813917919], [-98.8039095020645, 19.9695996097973], [-98.8038952544153, 19.9695893374215], [-98.8039127955245, 19.9695719250538], [-98.8039258016457, 19.9695813917919]]], [[[-98.8036232735701, 19.9693207286025], [-98.803596461857, 19.9693608760013], [-98.80354257303712, 19.9693235852302], [-98.8035746461377, 19.9692874740224], [-98.8036232735701, 19.9693207286025]]], [[[-98.94440563746889, 19.8253711751568], [-98.9445230726984, 19.8254170430417], [-98.9440060385548, 19.8258170257364], [-98.9429778665841, 19.826612418506], [-98.9428656098132, 19.8265710922898], [-98.94440563746889, 19.8253711751568]]], [[[-98.81621026213058, 19.955339920397], [-98.81618909438971, 19.9553637644031], [-98.8161681369267, 19.9553463199513], [-98.81618849100421, 19.9553236137293], [-98.81621026213058, 19.955339920397]]], [[[-98.81811468032382, 19.9537633960726], [-98.8180920493903, 19.9537885310624], [-98.8180560512235, 19.9537610858668], [-98.81808049801388, 19.9537359165952], [-98.81811468032382, 19.9537633960726]]], [[[-98.8139533290834, 19.9583931295566], [-98.8139419412146, 19.9584057509199], [-98.8139116145446, 19.9583827117099], [-98.81393416925881, 19.9583584989379], [-98.81396403766952, 19.9583811219759], [-98.8139533290834, 19.9583931295566]]], [[[-98.8164936331957, 19.9555667454506], [-98.81648024569182, 19.9555816331278], [-98.8164137233761, 19.9555284104978], [-98.8164296400748, 19.9555164804407], [-98.8164936331957, 19.9555667454506]]], [[[-98.81368460052329, 19.9581399739153], [-98.813656646748, 19.9581716814451], [-98.8136405186469, 19.9581597631891], [-98.8136686724556, 19.9581286251835], [-98.81368460052329, 19.9581399739153]]], [[[-98.74939900216378, 20.0473349988858], [-98.74942305693561, 20.054310686701], [-98.748624968973, 20.0540591325739], [-98.7484000399962, 20.0540103947409], [-98.748399540906, 20.0537654850088], [-98.7483978033754, 20.0533135547976], [-98.7483959040338, 20.0528611453952], [-98.7483941842357, 20.0524100826739], [-98.7483928102322, 20.0520780862454], [-98.748392444669, 20.051989427954], [-98.7483923132703, 20.0519578630339], [-98.74839042202248, 20.0515063662675], [-98.7483888379729, 20.0510541198801], [-98.7483853801372, 20.0501514068284], [-98.74838331698558, 20.0496997561041], [-98.74838156607672, 20.0492021729101], [-98.7483808459958, 20.0487958334184], [-98.74837864038291, 20.0483435588992], [-98.7483774285816, 20.0478917195263], [-98.74837493683259, 20.0474389746522], [-98.7483734851491, 20.0469876409403], [-98.7483568121842, 20.0463128291497], [-98.74859550766139, 20.0464109443132], [-98.7485934521231, 20.0473359069949], [-98.74939900216378, 20.0473349988858]]], [[[-98.81018430647508, 19.9625848387783], [-98.81016964496999, 19.9626011252838], [-98.81013777184918, 19.9625763306667], [-98.8101583472599, 19.9625618487901], [-98.8101862683776, 19.9625826449611], [-98.81018430647508, 19.9625848387783]]], [[[-98.8127115579167, 19.9597730281051], [-98.8126906573858, 19.9597962574613], [-98.8126642840618, 19.9597760055138], [-98.8126850511653, 19.9597524597357], [-98.8127115579167, 19.9597730281051]]], [[[-98.8098957488608, 19.9623765325005], [-98.8098609444164, 19.9624132745415], [-98.8098343226622, 19.9623929134726], [-98.8098677421039, 19.9623554831649], [-98.8098957488608, 19.9623765325005]]], [[[-98.8124121147939, 19.959549821911], [-98.8123841069535, 19.9595783301858], [-98.8123734219381, 19.959570231053], [-98.8123999686717, 19.959540745273], [-98.8124121147939, 19.959549821911]]], [[[-98.8178449593292, 19.9535432114717], [-98.81781854414129, 19.9535680895174], [-98.8177884670056, 19.95354443672], [-98.81781243756681, 19.9535178663074], [-98.8178449593292, 19.9535432114717]]], [[[-98.7607005374528, 20.0125208489216], [-98.7605130840525, 20.0127304980555], [-98.7601315088076, 20.0125275615554], [-98.7602547937179, 20.012386757279], [-98.7603867195251, 20.012246949593], [-98.7606403812826, 20.0119848150313], [-98.76091586448268, 20.0117253934211], [-98.76121881770419, 20.0114633516343], [-98.7614631614839, 20.0112606551873], [-98.76156768503111, 20.0113177356337], [-98.7616637287483, 20.0113683705381], [-98.7617687281453, 20.0114269877315], [-98.7618575633587, 20.0114776941658], [-98.76184145402709, 20.0114904593196], [-98.7616245687374, 20.0116671587475], [-98.7615131190636, 20.0117587484555], [-98.76140209526831, 20.0118531309793], [-98.76115427205718, 20.0120737964563], [-98.7609570612428, 20.0122627029277], [-98.7607874338651, 20.0124249613013], [-98.76074235084359, 20.0124665772782], [-98.7607005374528, 20.0125208489216]]], [[[-98.8048518450944, 19.9679497828351], [-98.8048298540339, 19.9679797333194], [-98.8047824049387, 19.9679443838525], [-98.8048069349206, 19.9679172375377], [-98.8048518450944, 19.9679497828351]]], [[[-98.8061359258877, 19.9665472694914], [-98.8061092081158, 19.96658184176], [-98.8060852197546, 19.9665650163567], [-98.8061147071018, 19.9665322092707], [-98.8061359258877, 19.9665472694914]]], [[[-98.79220510244022, 19.9900699465576], [-98.79211608985382, 19.9901122964013], [-98.7918960549849, 19.9897364026802], [-98.79198848155771, 19.9896928731479], [-98.792210946694, 19.9900671701183], [-98.79220510244022, 19.9900699465576]]], [[[-98.8152533942758, 19.9569409619518], [-98.81523066666398, 19.9569662681583], [-98.8151852445195, 19.9569309958387], [-98.8152150754647, 19.9569118419847], [-98.8152533942758, 19.9569409619518]]], [[[-98.8149610358227, 19.9567577547508], [-98.8149433847686, 19.9567815570837], [-98.81490478963511, 19.956751804193], [-98.8149246272534, 19.9567297301522], [-98.8149610358227, 19.9567577547508]]], [[[-98.759097183889, 20.0148948347866], [-98.7589628761306, 20.0151965019818], [-98.7585888064492, 20.0149906897147], [-98.75861025785092, 20.0149422375335], [-98.7587036454214, 20.0147292543825], [-98.7588616618441, 20.0144035461155], [-98.7590380290446, 20.0140747088792], [-98.7592172450583, 20.0137706627505], [-98.7594386428997, 20.0134278343562], [-98.7596550255374, 20.0131194735395], [-98.7598927822664, 20.012812596311], [-98.7600233521283, 20.0126532408733], [-98.7600304104172, 20.0126451717028], [-98.7604082189664, 20.0128544379908], [-98.7602285926873, 20.013065489035], [-98.76000883972048, 20.0133527364686], [-98.7598007908603, 20.0136444093536], [-98.759605266523, 20.0139480092333], [-98.7594205407584, 20.0142605878682], [-98.7592562061859, 20.01456738347], [-98.759097183889, 20.0148948347866]]], [[[-98.7485735047515, 20.0662861486917], [-98.7485738927152, 20.0663247624381], [-98.74853764835699, 20.0663054810849], [-98.74853759555378, 20.0662185945446], [-98.7485732938128, 20.0662384715335], [-98.7485735047515, 20.0662861486917]]], [[[-98.93342081453198, 19.8340607864163], [-98.9311353583261, 19.8358404859784], [-98.9308956265694, 19.8357765118042], [-98.9335105060561, 19.8337394784242], [-98.93342081453198, 19.8340607864163]]], [[[-98.95585506231208, 19.8166390342519], [-98.9558226898195, 19.816612638579], [-98.9559303081217, 19.816528802992], [-98.95593281113811, 19.8165589325427], [-98.95585506231208, 19.8166390342519]]], [[[-98.9560504249587, 19.8164979847206], [-98.9559585520287, 19.8165686731608], [-98.95593116136308, 19.8165294780905], [-98.95600668885452, 19.8164431786388], [-98.9560504249587, 19.8164979847206]]], [[[-98.76565838573859, 20.0077890556072], [-98.76630412449211, 20.0071372357962], [-98.7669265135199, 20.0064656893065], [-98.7669642365687, 20.0064235288568], [-98.76754860329739, 20.0063595735082], [-98.7675436237743, 20.0063652148653], [-98.76750282028542, 20.0064115192083], [-98.767482385032, 20.0064346984421], [-98.7674483135295, 20.0064733214394], [-98.76742100274198, 20.0065042450646], [-98.7673881953825, 20.0065413425198], [-98.7673594387167, 20.0065738185361], [-98.7673271007414, 20.0066102569222], [-98.76729762610188, 20.0066433735854], [-98.76726547031089, 20.0066794236242], [-98.76723552669668, 20.0067128830522], [-98.7666041677502, 20.0073941277428], [-98.7659492482197, 20.0080552053646], [-98.7652714957265, 20.0086953846581], [-98.76518797332749, 20.0087692116042], [-98.7651122656828, 20.0083049072384], [-98.76565838573859, 20.0077890556072]]], [[[-98.8086591423443, 19.9637141244888], [-98.808616552022, 19.9637554033355], [-98.8086129233502, 19.9637527607102], [-98.80865217143221, 19.9637090835392], [-98.8086591423443, 19.9637141244888]]], [[[-98.8073318211495, 19.965194786283], [-98.80732275874752, 19.9651883875086], [-98.8073492404371, 19.9651589205188], [-98.8073522676165, 19.9651610474256], [-98.8073318211495, 19.965194786283]]], [[[-98.7975929564048, 19.9856186947319], [-98.79764085130171, 19.9855547969552], [-98.7982445707594, 19.9854851706316], [-98.7981898635561, 19.9855618205847], [-98.7975929564048, 19.9856186947319]]], [[[-98.74942305693561, 20.054310686701], [-98.748624968973, 20.0540591325739], [-98.7484000399962, 20.0540103947409], [-98.748399540906, 20.0537654850088], [-98.7483978033754, 20.0533135547976], [-98.7483959040338, 20.0528611453952], [-98.7483941842357, 20.0524100826739], [-98.7483928102322, 20.0520780862454], [-98.748392444669, 20.051989427954], [-98.7483923132703, 20.0519578630339], [-98.74839042202248, 20.0515063662675], [-98.7483888379729, 20.0510541198801], [-98.7483853801372, 20.0501514068284], [-98.74838331698558, 20.0496997561041], [-98.74838156607672, 20.0492021729101], [-98.7483808459958, 20.0487958334184], [-98.74837864038291, 20.0483435588992], [-98.7483774285816, 20.0478917195263], [-98.74837493683259, 20.0474389746522], [-98.7483734851491, 20.0469876409403], [-98.7483568121842, 20.0463128291497], [-98.74859550766139, 20.0464109443132], [-98.7485934521231, 20.0473359069949], [-98.74939900216378, 20.0473349988858], [-98.74942305693561, 20.054310686701]]], [[[-98.7862566518488, 19.9925925517452], [-98.7863005328227, 19.9921301140551], [-98.78632336079771, 19.9921233435592], [-98.7863534594301, 19.9921143783685], [-98.7863861918342, 19.992104581033], [-98.7864165197752, 19.9920954536799], [-98.7866537277957, 19.9920201900769], [-98.7874089305723, 19.9919699451005], [-98.78720563778039, 19.9922943765709], [-98.78709682857249, 19.9923323217316], [-98.7865546165856, 19.9925043604539], [-98.7865235818871, 19.9925137005118], [-98.78649019286661, 19.9925236943842], [-98.78645953837969, 19.9925328251417], [-98.78642585573431, 19.9925428149994], [-98.7863958594564, 19.9925516788253], [-98.786361619962, 19.9925617654232], [-98.7863331007948, 19.9925701461662], [-98.7862974999512, 19.992580588575], [-98.7862761467165, 19.9925868441388], [-98.7862566518488, 19.9925925517452]]], [[[-98.7677313859365, 20.0061486453804], [-98.7676564372304, 20.0056000149251], [-98.76767959068098, 20.005574598149], [-98.76993468526929, 20.0030230306539], [-98.770168448132, 20.0029670358106], [-98.7702206879944, 20.0033260746184], [-98.7677313859365, 20.0061486453804]]], [[[-98.8023214308378, 19.9708433458284], [-98.80232760679999, 19.9708344515825], [-98.8023307676723, 19.9708367052364], [-98.8023214308378, 19.9708433458284]]], [[[-98.74911942063241, 20.0893731971491], [-98.7485732676829, 20.0891818006776], [-98.74857438277759, 20.0884828637352], [-98.7490283472883, 20.0884914520583], [-98.7493142353182, 20.0884600882465], [-98.74911942063241, 20.0893731971491]]], [[[-98.7493142353182, 20.0884600882465], [-98.74902834703181, 20.0884914520579], [-98.74857438276541, 20.0884828714915], [-98.7485903953136, 20.0877655538076], [-98.7494856467238, 20.0878224236052], [-98.7493142353182, 20.0884600882465]]], [[[-98.7490247914109, 20.0849586813958], [-98.7489205730954, 20.0858564411262], [-98.7488548450926, 20.0863227166021], [-98.74879521301199, 20.0876686078272], [-98.7486065254227, 20.0876553518026], [-98.74861517390359, 20.084914100909], [-98.7490247914109, 20.0849586813958]]], [[[-98.749024791407, 20.0849586813991], [-98.74861517390369, 20.084914100909], [-98.74860850773972, 20.0844536433172], [-98.7490523752245, 20.084509471455], [-98.749024791407, 20.0849586813991]]], [[[-98.7490523752242, 20.0845094714546], [-98.74860850773972, 20.0844536433174], [-98.7486084444685, 20.0840497010762], [-98.7490904215125, 20.0841045216662], [-98.7490523752242, 20.0845094714546]]], [[[-98.7495846425557, 20.0841505198082], [-98.74909042150328, 20.0841045216796], [-98.7486084444693, 20.0840497010773], [-98.7485879797545, 20.0840473061278], [-98.7485853988752, 20.0835177194142], [-98.74858498450762, 20.083333255819], [-98.74858409814252, 20.08330324485], [-98.7488727741613, 20.0833036555706], [-98.7489244605363, 20.083308436464], [-98.749256106787, 20.0833115555575], [-98.7494012214621, 20.083312938381], [-98.7494061759426, 20.083330598181], [-98.7495846425557, 20.0841505198082]]], [[[-98.7494012214643, 20.0833129383836], [-98.7492083767875, 20.0833111045016], [-98.7489244605741, 20.0833084364605], [-98.7488727741607, 20.0833036555751], [-98.748584099377, 20.0833032448517], [-98.74858409814308, 20.0833032448545], [-98.7486003718425, 20.0826204838785], [-98.74909577957489, 20.0826193950787], [-98.74916389157272, 20.0827575757249], [-98.7493842709778, 20.0832295257792], [-98.7494012214643, 20.0833129383836]]], [[[-98.7504210979026, 20.0843578242141], [-98.74969967935779, 20.0842177548101], [-98.7496157259659, 20.0838686692], [-98.750486178248, 20.0840340679839], [-98.7504210979026, 20.0843578242141]]], [[[-98.7485022016221, 20.0632777661181], [-98.7484927502068, 20.0607437878918], [-98.748512826, 20.0607503489999], [-98.7485837315965, 20.0607783839626], [-98.7485924860863, 20.0631251491907], [-98.74852255899998, 20.0632354009999], [-98.7485022016221, 20.0632777661181]]], [[[-98.7781292954984, 19.995293321087], [-98.7780652077549, 19.9948577018614], [-98.77812402392051, 19.9948255327566], [-98.7784606161111, 19.9946501730058], [-98.77880706866229, 19.9944846387041], [-98.7791549348294, 19.9943331393831], [-98.7796226669702, 19.9941458497059], [-98.7797075211309, 19.9941144534426], [-98.77908237345319, 19.9948102921098], [-98.77898824913899, 19.9948532795571], [-98.77867137189801, 19.9950057299293], [-98.7783390181718, 19.9951781042412], [-98.7781339832729, 19.9952907063289], [-98.7781292954984, 19.995293321087]]], [[[-98.7798995841216, 19.9944814622485], [-98.7804738746573, 19.9938384039497], [-98.7806394076452, 19.9937874072494], [-98.7809850036044, 19.9936853138579], [-98.78133889715342, 19.9935828233744], [-98.7817105237814, 19.9934726547963], [-98.7820792200731, 19.9933658886461], [-98.7824845264014, 19.993246334614], [-98.7829432569513, 19.9932538280126], [-98.78294283327432, 19.9935630343801], [-98.78257941523339, 19.9936687786216], [-98.782211892579, 19.9937768394876], [-98.7818522803457, 19.9938810145277], [-98.7814843080773, 19.9939886034158], [-98.7811156460084, 19.9940969407242], [-98.7807517742186, 19.9942041626417], [-98.7804845992153, 19.994287511294], [-98.7798995841216, 19.9944814622485]]], [[[-98.7893381311547, 19.9917916025497], [-98.7891309238295, 19.9918060471452], [-98.7891118264525, 19.9915373094879], [-98.7892047929839, 19.9914949906578], [-98.7892080355516, 19.9914934853928], [-98.7892112876904, 19.9914919711025], [-98.78921453026999, 19.9914904568007], [-98.7892177823966, 19.9914889515469], [-98.7892210249761, 19.9914874372451], [-98.7892242675555, 19.9914859229432], [-98.789227519694, 19.9914844086525], [-98.78923076227332, 19.9914828943505], [-98.7892340048525, 19.9914813800484], [-98.7892374961144, 19.9914797576021], [-98.78924098738818, 19.9914781261191], [-98.78924446910281, 19.9914764946246], [-98.7892479603765, 19.9914748631415], [-98.7892514516501, 19.9914732316583], [-98.7892549333645, 19.9914716001636], [-98.789258424638, 19.9914699686802], [-98.78926191591141, 19.9914683371968], [-98.7892653976256, 19.9914667057019], [-98.7892686019434, 19.991465209427], [-98.789271796714, 19.991463704104], [-98.7892750010317, 19.991462207829], [-98.7892781958022, 19.9914607025059], [-98.7892813905606, 19.9914592062194], [-98.7892845948902, 19.9914577009075], [-98.7892877896485, 19.9914562046209], [-98.7892909844187, 19.9914546992976], [-98.7892941887481, 19.9914531939855], [-98.7892976991631, 19.9914515444509], [-98.7893012095781, 19.9914498949161], [-98.7893047199931, 19.9914482453812], [-98.7893082304199, 19.9914465868097], [-98.7893117408347, 19.9914449372747], [-98.7893152512614, 19.991443278703], [-98.7893170800193, 19.991442423513], [-98.7893182358061, 19.9914615947975], [-98.7893381273085, 19.9917915387518], [-98.7893381311547, 19.9917916025497]]], [[[-98.78896916062858, 19.9895296936314], [-98.7889480201311, 19.9892321971679], [-98.7889480201311, 19.9892321971679], [-98.78918197354359, 19.9892073182503], [-98.78896916062858, 19.9895296936314]]], [[[-98.78928424846399, 19.9909778814783], [-98.78927981978072, 19.990979981754], [-98.7892753910974, 19.9909820820296], [-98.7892709624139, 19.990984182305], [-98.78926654327742, 19.9909862916283], [-98.7892621145936, 19.9909883919035], [-98.7892599050373, 19.9909894375285], [-98.7892576954689, 19.99099049219], [-98.7892554859125, 19.9909915378149], [-98.7892532763561, 19.9909925834397], [-98.7892510667877, 19.9909936381012], [-98.7892488572312, 19.990994683726], [-98.7892466476747, 19.9909957293507], [-98.7892444381062, 19.9909967840121], [-98.78923855550639, 19.9909995783804], [-98.789234872904, 19.9910013271125], [-98.7892311903015, 19.9910030758446], [-98.78922750771089, 19.9910048155399], [-98.78922383466741, 19.9910065642832], [-98.7892201520646, 19.991008313015], [-98.78921646947379, 19.9910100527101], [-98.7892127868709, 19.9910118014418], [-98.78920910426791, 19.9910135501733], [-98.7892061677591, 19.991014938326], [-98.7892032312381, 19.9910163355152], [-98.78920028517, 19.9910177236563], [-98.78919734864891, 19.9910191208454], [-98.78919440256868, 19.9910205180231], [-98.7891914660595, 19.9910219061755], [-98.78918852953828, 19.9910233033644], [-98.78918558347, 19.9910246915053], [-98.7891826469486, 19.9910260886942], [-98.7891791173995, 19.9910277562773], [-98.78917558785041, 19.9910294238603], [-98.7891720678603, 19.9910310914547], [-98.78916853831092, 19.9910327590376], [-98.7891650087615, 19.9910344266204], [-98.7891614887712, 19.9910360942145], [-98.78915795922168, 19.9910377617972], [-98.7891544296721, 19.9910394293798], [-98.78915090012241, 19.9910410969623], [-98.7891478201291, 19.9910425572365], [-98.7891447401477, 19.991044008474], [-98.78914166015429, 19.9910454687481], [-98.7891385801729, 19.9910469199855], [-98.7891354906323, 19.9910483712115], [-98.7891324106387, 19.9910498314854], [-98.7891293306571, 19.9910512827226], [-98.7891262506754, 19.9910527339598], [-98.7891231611346, 19.9910541851855], [-98.78911970810549, 19.9910558167118], [-98.78911624551719, 19.9910574482267], [-98.789112792488, 19.9910590797529], [-98.78910932991168, 19.991060702231], [-98.7891058768823, 19.9910623337571], [-98.7891024143058, 19.9910639562351], [-98.7890989612763, 19.991065587761], [-98.7890954986996, 19.9910672102388], [-98.7890920361108, 19.9910688417532], [-98.78908889873749, 19.9910703200314], [-98.7890857613762, 19.9910717892729], [-98.78908261444359, 19.9910732675396], [-98.7890794770822, 19.991074736781], [-98.7890789715911, 19.99107497496], [-98.7890789713813, 19.9910749720076], [-98.7889764357692, 19.9896320717094], [-98.7891880102401, 19.9893014882873], [-98.7892889392573, 19.9909756453169], [-98.78928424846399, 19.9909778814783]]], [[[-98.96261895726221, 19.8083802177607], [-98.9626902961007, 19.8084056572099], [-98.9627812956961, 19.8084381076372], [-98.96274975722278, 19.8085285583689], [-98.96263663697809, 19.8084876850529], [-98.9625868587081, 19.808469698827], [-98.96261895726221, 19.8083802177607]]], [[[-98.96274383435691, 19.8083238140329], [-98.9628125947529, 19.8083483434322], [-98.9627812956961, 19.8084381076372], [-98.9626902961007, 19.8084056572099], [-98.96261895726221, 19.8083802177607], [-98.962630385417, 19.8083483594937], [-98.9626562806597, 19.8082925803125], [-98.96274383435691, 19.8083238140329], [-98.96274383435691, 19.8083238140329]]], [[[-98.9625561697602, 19.8085552502375], [-98.9625868587081, 19.808469698827], [-98.96263663697809, 19.8084876850529], [-98.96274975722278, 19.8085285583689], [-98.9628125947529, 19.8083483434322], [-98.96274383435691, 19.8083238140329], [-98.9626562806596, 19.8082925803125], [-98.9626576081375, 19.8082897208817], [-98.9626627238201, 19.8082785767125], [-98.962677153804, 19.8082509055867], [-98.9627700411202, 19.8082837520867], [-98.96278447019091, 19.8082888544407], [-98.9628069789977, 19.8082272855816], [-98.96281581665332, 19.8082031117243], [-98.9628214700926, 19.8082051331999], [-98.9628548497105, 19.8082170685997], [-98.962789940097, 19.8083032760519], [-98.9629007017959, 19.8083412673901], [-98.96270236159161, 19.8086113887041], [-98.9625851570354, 19.8085663815231], [-98.9625561697602, 19.8085552502375]]], [[[-98.9627700411202, 19.8082837520867], [-98.962677153804, 19.8082509055867], [-98.9627199525976, 19.8081688339966], [-98.96281581665332, 19.8082031117243], [-98.9628069789977, 19.8082272855816], [-98.96278447019091, 19.8082888544407], [-98.9627700411202, 19.8082837520867]]], [[[-98.9628220854656, 19.8082041924856], [-98.9627204627769, 19.8081678556688], [-98.9627972737625, 19.8080205615627], [-98.9628037414538, 19.8080082939476], [-98.9629220643815, 19.8080513555827], [-98.96307318893619, 19.8081063546691], [-98.96296407245401, 19.8082549620784], [-98.9629156790519, 19.8082376583027], [-98.9628854933559, 19.8082268649347], [-98.9628220854656, 19.8082041924856]]], [[[-98.96280429994701, 19.8082915177528], [-98.9628588142955, 19.8082173254475], [-98.96296407245401, 19.8082549620784], [-98.96290957811068, 19.8083291786303], [-98.96280429994701, 19.8082915177528]]], [[[-98.9630218092014, 19.8078988747556], [-98.9630218099503, 19.8078988750456], [-98.9631804341259, 19.8079602954649], [-98.96307318893619, 19.8081063546691], [-98.9629220643815, 19.8080513555827], [-98.9628037414538, 19.8080082939476], [-98.962850048986, 19.8079204599181], [-98.96289200720081, 19.8078486143494], [-98.9630218092014, 19.8078988747556]]]]}}, {"type": "Feature", "properties": {"id": "EDO_mexico", "nivel": "estado", "nombre": "Mexico", "estado": "Mexico", "proyecto": "TAP"}, "geometry": {"type": "MultiPolygon", "coordinates": [[[[-98.97406748332827, 19.78948331931925], [-98.97294773453824, 19.78921304150132], [-98.97294766527625, 19.78921302478307], [-98.97291089751812, 19.78920414988172], [-98.97282079804556, 19.78968196187465], [-98.97282062954616, 19.78968316743807], [-98.97282062598327, 19.78968328558088], [-98.97274573834316, 19.79192029240949], [-98.97274573834946, 19.79192029222166], [-98.97283882033372, 19.7919957917886], [-98.97406727529201, 19.78948376831385], [-98.97406733596586, 19.78948364424187], [-98.97406748332827, 19.78948331931925]]], [[[-98.97444954449402, 19.78876920363046], [-98.9744492811337, 19.78876962207755], [-98.9742420317376, 19.78909891500685], [-98.97316692036236, 19.78882912268959], [-98.97331947365602, 19.78849700502943], [-98.97331947365602, 19.78849700502943], [-98.97444954449402, 19.78876920363046]]], [[[-98.97424205273599, 19.7890988641806], [-98.97424203174182, 19.78909891500016], [-98.97406747958492, 19.78948331841572], [-98.97406727529201, 19.78948376831385], [-98.97294766527625, 19.78921302478307], [-98.97309749955645, 19.78881170534855], [-98.9731668728829, 19.78882911077476], [-98.97316692036236, 19.78882912268959], [-98.97424205273599, 19.7890988641806]]]]}}, {"type": "Feature", "properties": {"id": "EDO_mexico", "nivel": "estado", "nombre": "México", "estado": "México", "proyecto": "TAP"}, "geometry": {"type": "MultiPolygon", "coordinates": [[[[-99.09427390677844, 19.72168561579754], [-99.09381815226577, 19.72075034993861], [-99.09325997896006, 19.7196049543199], [-99.09491669531776, 19.71993975437872], [-99.09497969065723, 19.71994379109976], [-99.09602769657347, 19.7201645681396], [-99.09669142654283, 19.72029832779267], [-99.09703647699753, 19.72036972880104], [-99.09790971867994, 19.72053487496039], [-99.09806452890713, 19.72057581405452], [-99.09888694121642, 19.72074241890969], [-99.09926649496188, 19.72081864563142], [-99.09932017462275, 19.7208295091578], [-99.09985508400007, 19.72093420031421], [-99.1004410818253, 19.72105593964811], [-99.10082129440684, 19.72113501235201], [-99.1015233171101, 19.72127443326404], [-99.10161409099533, 19.72129288613548], [-99.1023544537486, 19.72144258221046], [-99.1026303042611, 19.72000998071347], [-99.1027468845004, 19.71940748352404], [-99.10275652941333, 19.71936773783882], [-99.1027779337062, 19.71925239959089], [-99.10278864662946, 19.71918682168547], [-99.1028003696197, 19.71912908598526], [-99.10417079255254, 19.71966237218568], [-99.10420751603169, 19.72052673698332], [-99.10421239491555, 19.72064134537188], [-99.10426068430154, 19.72177451220297], [-99.10430983473088, 19.72293108392558], [-99.10435835962193, 19.72407169100348], [-99.10440595625612, 19.72519032669453], [-99.10445592202063, 19.72636444933325], [-99.10444425499888, 19.72751001009037], [-99.10450109045462, 19.72868122106544], [-99.10455028027654, 19.72979037434725], [-99.10457202385284, 19.73025308815027], [-99.10454184461288, 19.73033233619475], [-99.10288239886343, 19.7297788537497], [-99.10142221751806, 19.72928774430626], [-99.09981007518745, 19.72874556733582], [-99.09941367514456, 19.72861217350732], [-99.09862661189715, 19.72857923859662], [-99.09761274811163, 19.72853684043289], [-99.09756388690204, 19.72843656238575], [-99.09694301674861, 19.72716259182486], [-99.09641376105681, 19.72607659536119], [-99.09588222085604, 19.72498591310762], [-99.09534585698188, 19.7238852931551], [-99.09480172531482, 19.72276873249697], [-99.09427390677844, 19.72168561579754]]], [[[-99.05502104618456, 19.72744924276599], [-99.05492574096127, 19.7261858843904], [-99.05492329194132, 19.72599425066942], [-99.0549192543667, 19.72567503430887], [-99.05491859986253, 19.72562443961118], [-99.05487348179645, 19.72483533587067], [-99.05487448230157, 19.72473491666927], [-99.05474973758885, 19.72468868913816], [-99.0534610353018, 19.70820765423516], [-99.05356287717632, 19.70822263480195], [-99.05443968970499, 19.70825310086579], [-99.05538438494321, 19.70829897759193], [-99.05632544518201, 19.70833682800131], [-99.05733102621227, 19.7083884448277], [-99.05837890555952, 19.70836180530362], [-99.05929615519668, 19.70842163698703], [-99.0602649511589, 19.7084561399762], [-99.0611843019884, 19.70851668084724], [-99.06218980478054, 19.7085658345004], [-99.06316766420802, 19.70859734022483], [-99.06400284794029, 19.70865196199098], [-99.06482495902874, 19.70867418231801], [-99.06565122909612, 19.70871788958737], [-99.06596420812407, 19.70875432124548], [-99.06586866047992, 19.71023241859585], [-99.06580831007449, 19.71047301406879], [-99.06580571099832, 19.71050027568415], [-99.0657985336919, 19.71057551875948], [-99.06582859162374, 19.71211752074776], [-99.06583245265014, 19.71283016504166], [-99.06583882020517, 19.7140031661128], [-99.06584935947856, 19.71593868643536], [-99.06585044754054, 19.7160389547482], [-99.06585393340059, 19.71635652480008], [-99.06586109553304, 19.71701298018836], [-99.06588791732226, 19.71726370582686], [-99.06896326326031, 19.72388883777161], [-99.06890861445122, 19.72390784049347], [-99.06835522986572, 19.72472853724068], [-99.0679209747466, 19.72534826015804], [-99.06768761575518, 19.72571815628721], [-99.06702781758715, 19.72666855626662], [-99.06655760345991, 19.72738623328007], [-99.06632027981172, 19.72773769505112], [-99.0660394089437, 19.72815377946379], [-99.06551527174243, 19.72892361163544], [-99.06490985767658, 19.72979643103542], [-99.06432091130786, 19.7307276923451], [-99.06419856052317, 19.73094139158825], [-99.06322261266872, 19.73235175189539], [-99.06311140944582, 19.73247569749875], [-99.06135232741978, 19.73138285438209], [-99.06070826974532, 19.73098272144815], [-99.06007964113864, 19.73059217692625], [-99.05992570817114, 19.73049653608836], [-99.05976246134665, 19.7303951212203], [-99.05874418261666, 19.72976246933082], [-99.05802573492667, 19.72931609992105], [-99.05713458444865, 19.72876242404501], [-99.05571428231993, 19.72787997928956], [-99.05502104618456, 19.72744924276599]]], [[[-98.89982939482171, 19.86268359792836], [-98.90149358350598, 19.86078609480648], [-98.90178867781364, 19.86101059828929], [-98.90191905235407, 19.86110359100565], [-98.90251580268719, 19.86152180474953], [-98.90263438736763, 19.86160490936675], [-98.90226154992806, 19.86210087828599], [-98.90240572473243, 19.86220185002087], [-98.90270527967569, 19.86241165592951], [-98.90272365741873, 19.86239872212429], [-98.90275968232436, 19.86237337449116], [-98.90296915058856, 19.86222598435996], [-98.90315616046975, 19.86209438193457], [-98.90324449038361, 19.86215705800313], [-98.90356566532571, 19.86238490164958], [-98.90371608288262, 19.86249161173362], [-98.90387070637667, 19.86260130881704], [-98.90409934609482, 19.8627635247956], [-98.90408794442898, 19.86277809723751], [-98.90385002510266, 19.86308218136132], [-98.903747674605, 19.86321308450541], [-98.90361298671142, 19.86338535848282], [-98.90357074901017, 19.86343939222474], [-98.90353944057047, 19.86347943275278], [-98.90351530443965, 19.86351030057723], [-98.9034330110069, 19.86361554763243], [-98.9033792833818, 19.86368427884308], [-98.90334623528672, 19.86372655993069], [-98.90315695060464, 19.86396864408358], [-98.90296080393163, 19.86421954540053], [-98.90291917881493, 19.86432199996081], [-98.90275237236644, 19.86447753923713], [-98.90249041819615, 19.86481393914394], [-98.90223184888013, 19.86514599260454], [-98.9019794382574, 19.86547012743505], [-98.90194712790526, 19.8655116178614], [-98.90183746315324, 19.86565883510055], [-98.90172092352509, 19.86581140861601], [-98.9016669053987, 19.86588213448017], [-98.90149797922, 19.86609984594032], [-98.90147248471199, 19.86614417731212], [-98.90136362825962, 19.86633347748183], [-98.9012237599065, 19.86648107631065], [-98.90117384428518, 19.86653375378519], [-98.90100481673231, 19.86674198844413], [-98.90095907296718, 19.8668032893164], [-98.9008241470144, 19.8669841288578], [-98.90071211434257, 19.86713236189932], [-98.90067849096081, 19.86717685714173], [-98.90052724454547, 19.8673739135342], [-98.90043480816978, 19.8674843036766], [-98.90034252277805, 19.86759451965671], [-98.90019492322266, 19.86778878542366], [-98.90017521265187, 19.86781071669487], [-98.90002447635544, 19.86797847673948], [-98.89990040632432, 19.86817131054133], [-98.8997159129358, 19.86837512078236], [-98.89962630353452, 19.86849915642737], [-98.89920096602805, 19.86813780950452], [-98.89905241360894, 19.8680244234375], [-98.89820953367183, 19.86734424310185], [-98.89671788029308, 19.86616743924186], [-98.8970007313331, 19.86583387622205], [-98.8973095677528, 19.86550040050485], [-98.89760366747419, 19.86517139155967], [-98.89790361977974, 19.86483111462574], [-98.89819657616728, 19.86450210860566], [-98.89849644888018, 19.86416182915578], [-98.89880013691658, 19.86384867222399], [-98.89910237574978, 19.86351290997484], [-98.89938041275592, 19.86318612648121], [-98.89982939482171, 19.86268359792836]]], [[[-98.87806083729775, 19.89873463273954], [-98.87075370907868, 19.89504744817339], [-98.87064876816329, 19.89497534171795], [-98.86612167323379, 19.89270275108095], [-98.86564154282952, 19.89331028146831], [-98.86164221560641, 19.89780122825391], [-98.86160273866972, 19.89784555791543], [-98.86151743241665, 19.89793535644657], [-98.85948413005873, 19.90021674669298], [-98.85879099689116, 19.90099439468537], [-98.85875584013552, 19.90103383815989], [-98.85639405951244, 19.90367962756665], [-98.85583633631853, 19.90430493811787], [-98.85132348668616, 19.9006776374888], [-98.85126125613031, 19.90060546122575], [-98.84119144526, 19.89237173600653], [-98.84095153349062, 19.8923088821679], [-98.84097441959462, 19.89223202941166], [-98.84152703477089, 19.89044634958109], [-98.8415596584416, 19.89036949124514], [-98.8421967902952, 19.88826737974883], [-98.84257335438674, 19.8870129035769], [-98.84288482839881, 19.88595507836331], [-98.84322396421311, 19.88482944035668], [-98.84356337190145, 19.88369476015218], [-98.84399529455717, 19.88222331548229], [-98.84403362662346, 19.88198828271616], [-98.84483890036931, 19.87981811739694], [-98.84492510312604, 19.87963949624044], [-98.84513333228126, 19.87906756911639], [-98.84514078752244, 19.87892296771221], [-98.84702623315573, 19.87321307947028], [-98.84709766159321, 19.87309998288859], [-98.8478988329761, 19.87073326658836], [-98.84796919430364, 19.8705117489731], [-98.84871687144256, 19.86825805103311], [-98.84878911570257, 19.86805891251255], [-98.84947495772482, 19.86608449189307], [-98.84949375468871, 19.86603023017104], [-98.84989537280279, 19.86487443076038], [-98.85037455703382, 19.86349490716987], [-98.85077415851482, 19.86234442497398], [-98.85129670987195, 19.86084001641339], [-98.8513144704925, 19.86078864355543], [-98.85223062353906, 19.85815121907919], [-98.8522469526921, 19.85810410491881], [-98.8528146295438, 19.85633711311578], [-98.85336271014754, 19.85463107659679], [-98.85411187319174, 19.85229905291092], [-98.8541701560113, 19.85233520423562], [-98.85491418619459, 19.85279668127609], [-98.8554678911495, 19.85314038750248], [-98.85656040316772, 19.85381854568144], [-98.85733348895722, 19.85429839287604], [-98.85776554564411, 19.85456660270049], [-98.8583269075594, 19.85491502696442], [-98.8586837186058, 19.85513648789812], [-98.86021060629197, 19.85608421649913], [-98.86135510417697, 19.85679455186934], [-98.86191843071495, 19.85714416439686], [-98.8625841795936, 19.85755745559415], [-98.86380354708479, 19.85831435536766], [-98.86396848033628, 19.85841672733679], [-98.8658754924974, 19.85781012125024], [-98.86800735959919, 19.85713195441709], [-98.86812727194982, 19.85709380619346], [-98.87002011444632, 19.8564916573326], [-98.87014119273302, 19.8564598236654], [-98.87024925512712, 19.85643144737403], [-98.87097286703175, 19.85624130864148], [-98.87110196827061, 19.85619022889037], [-98.87327741201581, 19.85532943764197], [-98.87336720146521, 19.85529390967958], [-98.8743471558871, 19.85490614878684], [-98.87446137205689, 19.85486095158778], [-98.8746275821361, 19.85479490422774], [-98.87467078865632, 19.85471376339326], [-98.8747758428283, 19.85451677955936], [-98.87486888401791, 19.85433587637391], [-98.87497088886721, 19.85415269196702], [-98.87506460039319, 19.85397178442702], [-98.87514924526613, 19.85380218597444], [-98.87524144506479, 19.8536303135113], [-98.87542821451632, 19.85328432360923], [-98.8758141345373, 19.85256969751513], [-98.87620543924233, 19.85257574172687], [-98.87638620748257, 19.85283071213835], [-98.87639625588653, 19.85306559071478], [-98.87626821687664, 19.853813657838], [-98.87623958684752, 19.85398091185546], [-98.87656055648804, 19.85440888280162], [-98.87660500407465, 19.85446815852349], [-98.87707992490765, 19.85438191524936], [-98.87717006695252, 19.85436554943119], [-98.87729659116958, 19.85434257137031], [-98.87772869131656, 19.85457891077529], [-98.87817932408788, 19.85469326301167], [-98.8783516562396, 19.85467172627218], [-98.87849147846859, 19.85465425235634], [-98.87895273249548, 19.8547143054527], [-98.87959504468746, 19.85472214608366], [-98.87989626137167, 19.85487290045576], [-98.87993241746011, 19.85492820572299], [-98.88001723670678, 19.85505788626401], [-98.88265617587956, 19.85634945702694], [-98.88272437578871, 19.85637893811859], [-98.88308278730545, 19.85653382732426], [-98.88340593115042, 19.85675237025371], [-98.88377229721549, 19.85692104807504], [-98.88437008978924, 19.85738292713206], [-98.88444889571387, 19.85744381357787], [-98.885013732327, 19.85774321545037], [-98.88560625501447, 19.85792948360989], [-98.88658564402068, 19.85799694111969], [-98.88716760075397, 19.8580370185605], [-98.88731115323682, 19.85802119055472], [-98.88762423457521, 19.85798666771876], [-98.88788454642969, 19.85795796013991], [-98.88817739604099, 19.85792565902468], [-98.88844368274842, 19.85789630253231], [-98.88877443016084, 19.85785982811859], [-98.8891454637217, 19.85775514000835], [-98.88948512486311, 19.8578765371948], [-98.88970225678314, 19.85808613655669], [-98.88970877612415, 19.85847472525482], [-98.88979257347874, 19.85856713518114], [-98.89002045774237, 19.85858028849101], [-98.89037879853085, 19.85889062810788], [-98.89047195304401, 19.85897701017734], [-98.8907991764539, 19.85898986128445], [-98.89114685015197, 19.85884457955799], [-98.89140856469969, 19.85882369168155], [-98.8915688497639, 19.85892951001786], [-98.89174010936965, 19.85932633703516], [-98.89190786721798, 19.85971502316291], [-98.89200857567029, 19.85979172228451], [-98.89213604111643, 19.85973946676511], [-98.89251561488882, 19.86001884933014], [-98.89273632468745, 19.86003868742417], [-98.89277442601073, 19.86006206182236], [-98.8930845054449, 19.86025249202008], [-98.89417005653353, 19.86091908458494], [-98.8943162336357, 19.86109595394018], [-98.8943339045801, 19.86112062285174], [-98.89437696282876, 19.86116943880979], [-98.89421509359664, 19.86134526343569], [-98.89360446444647, 19.86200850826163], [-98.89292815486492, 19.86274307146435], [-98.89228280346812, 19.86344400538141], [-98.89195814948586, 19.86379663863256], [-98.89161862563819, 19.86416539462346], [-98.8909690050927, 19.86487096023244], [-98.89029718749045, 19.86560061093508], [-98.88996037680683, 19.86596640968495], [-98.88965277190745, 19.86630049462833], [-98.88932113712934, 19.86666065947881], [-98.8892664860768, 19.86673544158933], [-98.88912370524174, 19.866930783851], [-98.88903671304762, 19.86704978977972], [-98.88863113720187, 19.8675041677902], [-98.88819014002262, 19.86799821760862], [-98.88416879315493, 19.87250087241442], [-98.88386199702946, 19.87284770334001], [-98.86904600187412, 19.88943426578788], [-98.87357594169781, 19.89170547987472], [-98.87370176664315, 19.89175721594745], [-98.87985367877815, 19.89506461024846], [-98.88090448316616, 19.89315589285525], [-98.8823273724046, 19.89088949530214], [-98.88242439461227, 19.89073118400239], [-98.88327816312652, 19.88933111390607], [-98.88341642062365, 19.88947545875723], [-98.88569177562132, 19.89194723797896], [-98.8858713551614, 19.89216603253212], [-98.88726087865302, 19.89404982793632], [-98.88888030889939, 19.8964188094897], [-98.88700838447826, 19.89871781176379], [-98.88417274618322, 19.89789857328828], [-98.88424421266414, 19.89875694221424], [-98.88420428180471, 19.89912074695578], [-98.88378922266939, 19.900187877891], [-98.87914268216171, 19.91062953268024], [-98.8750843252443, 19.91228399803568], [-98.87653524306378, 19.9090303401896], [-98.87922139647159, 19.90309045252089], [-98.87924145047711, 19.90298875594707], [-98.88075749799927, 19.8996694383035], [-98.8787360104288, 19.89910839204139], [-98.87825270986616, 19.89897599503806], [-98.87806083729775, 19.89873463273954]], [[-98.86491287857343, 19.87681942669121], [-98.85605502824212, 19.87332870866619], [-98.85161233979913, 19.88729117581102], [-98.86581439331358, 19.89269774022355], [-98.86762945668366, 19.88714589406434], [-98.86860936711523, 19.88409194376114], [-98.8702162487512, 19.87904200103984], [-98.8690098682086, 19.87857652689584], [-98.86491287857343, 19.87681942669121]]], [[[-98.86410372486615, 19.82493248073186], [-98.86718660257277, 19.82169843104907], [-98.8693496358751, 19.82252342109936], [-98.87223180601427, 19.82362263231922], [-98.87261369038566, 19.82307066111663], [-98.87537158508857, 19.82386956482935], [-98.87619700260949, 19.82502289107634], [-98.87629274069523, 19.82515670284819], [-98.87667491936169, 19.82569068241201], [-98.8772487383596, 19.82649251393194], [-98.87729963061003, 19.8265635978509], [-98.87735829082415, 19.826645576023], [-98.87803520257614, 19.82759142225621], [-98.87805230854373, 19.82761534640411], [-98.87870969245033, 19.82853384370859], [-98.87897370921065, 19.82890277613308], [-98.8789784067926, 19.82890930072007], [-98.87904538551439, 19.82900290921629], [-98.87905297800857, 19.82901352782016], [-98.87931763777786, 19.82938332523699], [-98.87886205815556, 19.83038487178425], [-98.87851020403913, 19.83115842152185], [-98.87729664396058, 19.83106266641546], [-98.87678421413308, 19.83102223297868], [-98.87590646432717, 19.8309529794439], [-98.87583570695696, 19.83094739558649], [-98.87487977056182, 19.83087195478871], [-98.87391417649842, 19.83079574661339], [-98.87327373738394, 19.83074519903704], [-98.87301666273868, 19.83072491717803], [-98.87297827682943, 19.83072187666554], [-98.86759268172571, 19.83063735270727], [-98.86368010886844, 19.82965977831297], [-98.8624680927872, 19.82664824255508], [-98.86410372486615, 19.82493248073186]]], [[[-99.0240091437687, 19.78594740412015], [-99.02593320788782, 19.78361463631159], [-99.02674510642196, 19.78263019325154], [-99.02679788409182, 19.7825628757368], [-99.02685347889879, 19.78249198732595], [-99.02740792804876, 19.78178493143788], [-99.02752793408506, 19.78163189578684], [-99.02645226383306, 19.780475414022], [-99.0263984926305, 19.78041761810388], [-99.02516201867665, 19.77908821286643], [-99.02480327700442, 19.77870249663495], [-99.02476578650948, 19.77866221703332], [-99.02317164084825, 19.77694820762257], [-99.0231517692446, 19.77692683075101], [-99.01797612600919, 19.77136169088882], [-99.0175278025284, 19.77178756581054], [-99.01749024629233, 19.77182325091784], [-99.00635751621482, 19.76822326005841], [-99.00638423386371, 19.76820020010305], [-99.00781047742151, 19.76697045850005], [-99.00936154940868, 19.76563304488944], [-99.00939777273426, 19.76560181395534], [-99.01006800534319, 19.76502387917143], [-99.01170006677009, 19.76361658221818], [-99.0117369239241, 19.76358478313707], [-99.01224123324565, 19.76314991657835], [-99.01405140859202, 19.76158895581579], [-99.01409490122944, 19.76155145809618], [-99.01446786846579, 19.76122984096068], [-99.01639103505283, 19.75957139302747], [-99.01643240864786, 19.75953571137128], [-99.01665198395712, 19.75934634860964], [-99.01869728160976, 19.75758251390161], [-99.01874055714029, 19.7575451920831], [-99.01887558558282, 19.75742874195062], [-99.02098047654609, 19.75561343048411], [-99.02101889070798, 19.75558029126974], [-99.02111810705384, 19.75549472727806], [-99.02342839183885, 19.75350219516221], [-99.02345178489966, 19.75348202256618], [-99.02450650859313, 19.75257233449857], [-99.02564618024958, 19.75158937592367], [-99.02570383704666, 19.75153963456627], [-99.02804880565805, 19.74951704741391], [-99.02808593864823, 19.74948497842247], [-99.03250133131422, 19.74567637867064], [-99.03274128526598, 19.7457138502986], [-99.03412187564369, 19.74592928297983], [-99.03501066861377, 19.74606931785639], [-99.03684056601877, 19.7463764937681], [-99.03688972968794, 19.74696524502682], [-99.03699304229116, 19.74820173296941], [-99.03710262778743, 19.74951325918769], [-99.03718374794933, 19.75048397981385], [-99.03721318712388, 19.75083641852348], [-99.03721597657288, 19.75086961519315], [-99.0324825046724, 19.75115264176326], [-99.033541779081, 19.76509108351713], [-99.03596348326137, 19.77175234641594], [-99.04814632283123, 19.773912361726], [-99.04882676298416, 19.77741632897555], [-99.04779623114129, 19.78357403792204], [-99.047675605769, 19.78356191463409], [-99.0469351416768, 19.78348744197363], [-99.04611726526997, 19.78340519204674], [-99.04542766335788, 19.78333389757655], [-99.04473995769786, 19.78326395143632], [-99.04408594745227, 19.78320088758668], [-99.04403250275963, 19.78352571026094], [-99.04379817287975, 19.78494972195111], [-99.04370731965928, 19.78550185618692], [-99.04315366796718, 19.78538067919945], [-99.04311975446551, 19.78537326351335], [-99.04253546945891, 19.78524537623914], [-99.04155765731882, 19.78503134075075], [-99.04131914022987, 19.78497914345964], [-99.04126018789829, 19.78496623421528], [-99.04050378659343, 19.78480066474941], [-99.03967505246521, 19.78461927306335], [-99.03937475826187, 19.7847588414232], [-99.03934584807466, 19.78478945245937], [-99.03889376624264, 19.78526799273229], [-99.03864924019537, 19.78552680884471], [-99.038522128819, 19.78566135730112], [-99.0379107931607, 19.78630843622418], [-99.03785550140526, 19.78636695139978], [-99.03755634538183, 19.78668360525852], [-99.03709863403043, 19.78716805978692], [-99.03707794826894, 19.78718995625049], [-99.03632733634348, 19.78798443020024], [-99.03626877840536, 19.7880464074949], [-99.03622952399718, 19.78808795716214], [-99.03543206845904, 19.78893201494999], [-99.03537207876725, 19.78899548695664], [-99.03530775494441, 19.78906357911269], [-99.03468256491746, 19.78972528037785], [-99.03449815057152, 19.78992047679892], [-99.03445058135023, 19.78997082004955], [-99.0340838790847, 19.79035892407234], [-99.03368160486012, 19.79078468703084], [-99.03285627377468, 19.79165818614715], [-99.03282650775695, 19.79168969506527], [-99.0328143110408, 19.79170261023811], [-99.02887853034349, 19.79075795008881], [-99.0235530551727, 19.78942700416998], [-99.02347921610631, 19.78940854773258], [-99.0233851979826, 19.78938615804988], [-99.02332789915467, 19.78937251275759], [-99.02153595789748, 19.78894580838394], [-99.02174551945363, 19.78869174296643], [-99.02205045892265, 19.7883220543791], [-99.02242178941728, 19.78787188143232], [-99.02286010029778, 19.78734049198702], [-99.02338440830854, 19.78670482502214], [-99.0240091437687, 19.78594740412015]]], [[[-98.97039689946318, 19.7956807761693], [-98.9712685501293, 19.7941752450861], [-98.9713428616028, 19.794206036684], [-98.9704733508087, 19.795707754909], [-98.97039689946318, 19.7956807761693]]], [[[-98.9700523708373, 19.7964348295377], [-98.96998319370802, 19.7964117467429], [-98.969968539205, 19.7964066022885], [-98.9699732094547, 19.7963985783113], [-98.9700666424595, 19.7962409453656], [-98.9701584237199, 19.7960824535873], [-98.9701787662, 19.7960487855141], [-98.9702602778709, 19.7960757471144], [-98.9700523708373, 19.7964348295377]]], [[[-98.9702602778709, 19.7960757471144], [-98.9701787662, 19.7960487855141], [-98.97025325015929, 19.7959255437223], [-98.9702986433815, 19.795850490825], [-98.9703971286766, 19.7956803785839], [-98.9704737423793, 19.7957070862435], [-98.9702602778709, 19.7960757471144]]], [[[-98.9697208197984, 19.7970074235562], [-98.9696371210668, 19.796981961465], [-98.9696984559241, 19.7968743605467], [-98.969789120958, 19.7967152904197], [-98.96981129758319, 19.7966770771433], [-98.969897001054, 19.796703154], [-98.9697208197984, 19.7970074235562]]], [[[-98.969897001054, 19.796703154], [-98.96981129758319, 19.7966770771433], [-98.9698810364175, 19.7965568711108], [-98.969968539205, 19.7964066022885], [-98.96998319370802, 19.7964117467429], [-98.9700523708373, 19.7964348295377], [-98.969897001054, 19.796703154]]], [[[-98.96952453358539, 19.7973464273174], [-98.9694441959062, 19.7973186251545], [-98.9695170775827, 19.7971924735347], [-98.9696077907099, 19.7970334306247], [-98.9696371210668, 19.796981961465], [-98.9697208197984, 19.7970074235562], [-98.96952453358539, 19.7973464273174]]], [[[-98.88883243807881, 19.8745401761359], [-98.88872599085092, 19.8744546034512], [-98.8910746941358, 19.8718371257444], [-98.8913066649636, 19.8718094701963], [-98.88883243807881, 19.8745401761359]]], [[[-98.88690154363708, 19.8766878488263], [-98.8868001181273, 19.8766056760348], [-98.8876534757486, 19.8756547134477], [-98.88775064286479, 19.8757339370809], [-98.88690154363708, 19.8766878488263]]], [[[-98.8878139463717, 19.8757465832964], [-98.88767045389208, 19.8756357920556], [-98.8887707264513, 19.8744096461835], [-98.8889142908182, 19.8745127553143], [-98.8878139463717, 19.8757465832964]]], [[[-98.975569510129, 19.7868008160844], [-98.97554392592, 19.7867899863759], [-98.9759092589412, 19.7861591154538], [-98.97595746806799, 19.7861780813685], [-98.975569510129, 19.7868008160844]]], [[[-98.8823456695031, 19.8822528837932], [-98.8821370129169, 19.8822372386858], [-98.8872143012415, 19.8766941921503], [-98.8872876151822, 19.8767484141716], [-98.88713479144852, 19.8769182996155], [-98.8868940743103, 19.8771851843642], [-98.88664572492502, 19.8774642364881], [-98.8864009990783, 19.8777375973809], [-98.886151264458, 19.8780144248549], [-98.88590679606142, 19.8782860682175], [-98.88565703943762, 19.8785645396572], [-98.8854126532924, 19.878839010888], [-98.88516054568301, 19.8791165764147], [-98.8849171243773, 19.8793886347386], [-98.8846677371094, 19.8796667344718], [-98.88441953507431, 19.879942638671], [-98.8841756423717, 19.8802157890917], [-98.8839289110757, 19.8804898319594], [-98.8836794735578, 19.8807666108546], [-98.8834306080961, 19.8810437060503], [-98.88318465754779, 19.8813177483613], [-98.88293925950748, 19.881592739547], [-98.882690516715, 19.8818683878652], [-98.88244285162348, 19.8821452384286], [-98.8823456695031, 19.8822528837932]]], [[[-98.9742660320394, 19.7887183905721], [-98.9748335020329, 19.7877381481589], [-98.9749451835532, 19.7877960723182], [-98.9744035651313, 19.7887315951548], [-98.974447200065, 19.7887614502838], [-98.9742660320394, 19.7887183905721]]], [[[-98.9751027948502, 19.7876150128701], [-98.9750737835341, 19.7876018149494], [-98.97554392592, 19.7867899863759], [-98.975569510129, 19.7868008160844], [-98.9751027948502, 19.7876150128701]]], [[[-98.9748254181957, 19.7887551058119], [-98.97482225836939, 19.7887534696877], [-98.97499400920438, 19.788454914543], [-98.97501736934548, 19.7884646595893], [-98.9748254181957, 19.7887551058119]]], [[[-98.9256070226231, 19.8406023414974], [-98.925445927648, 19.8405631528455], [-98.9270653598075, 19.8393022235267], [-98.92706137475548, 19.8393059658629], [-98.9270576590964, 19.8393095320906], [-98.9270539319815, 19.839313088373], [-98.9270501934117, 19.8393166329027], [-98.9270464433862, 19.8393201674871], [-98.9270426819054, 19.8393236912226], [-98.9270389099242, 19.8393272041094], [-98.9270351264878, 19.8393307061473], [-98.92703133159601, 19.8393341973362], [-98.9270275262039, 19.8393376776765], [-98.9275475270336, 19.838926789014], [-98.9274901882491, 19.8389818642759], [-98.9274807505728, 19.8389909280117], [-98.9274713138505, 19.8389999917473], [-98.9274618761725, 19.8390090545783], [-98.9274524375384, 19.8390181174085], [-98.92744299985871, 19.8390271793348], [-98.9274335602683, 19.8390362403562], [-98.9274241206764, 19.8390453022807], [-98.9274146810839, 19.839054363301], [-98.92740524053559, 19.8390634234168], [-98.9274005140511, 19.839067958894], [-98.9273957875667, 19.8390724934675], [-98.9273910610821, 19.8390770280408], [-98.9273863326876, 19.8390815617095], [-98.92738160524782, 19.8390860953785], [-98.92737687685269, 19.839090629047], [-98.92737214750281, 19.8390951618113], [-98.927367418153, 19.8390996936717], [-98.9273626888026, 19.8391042264358], [-98.9273548017763, 19.839111780739], [-98.92734691379471, 19.8391193341378], [-98.9273390239031, 19.8391268857281], [-98.9273311330563, 19.839134436414], [-98.9273232402994, 19.8391419852913], [-98.9273153465872, 19.8391495332643], [-98.9273074509651, 19.8391570794287], [-98.9272995534331, 19.8391646237846], [-98.9272916549457, 19.8391721672361], [-98.9272853281306, 19.8391782075966], [-98.92727899940591, 19.8391842461488], [-98.9272726697264, 19.8391902828929], [-98.92726633813689, 19.8391963187324], [-98.92726000463782, 19.8392023527634], [-98.9272536701835, 19.8392083858902], [-98.9272473347742, 19.8392144181127], [-98.9272409965006, 19.8392204476227], [-98.927234658227, 19.8392264762288], [-98.92722704542102, 19.8392337125411], [-98.9272194297505, 19.8392409461408], [-98.9272118121702, 19.8392481779321], [-98.92720419172579, 19.8392554061071], [-98.9271965693711, 19.8392626333774], [-98.9271889431973, 19.839269857031], [-98.92718131606858, 19.8392770788765], [-98.9271736851201, 19.8392842989128], [-98.9271660522624, 19.8392915153332], [-98.9271593643167, 19.8392978356839], [-98.92715267350718, 19.8393041524185], [-98.92714598078791, 19.8393104673446], [-98.9271392852042, 19.8393167795583], [-98.9271325867563, 19.8393230890595], [-98.9271258854436, 19.8393293967519], [-98.9271191822212, 19.8393357026359], [-98.9271124770899, 19.8393420049041], [-98.9271057681388, 19.8393483053632], [-98.9270982317966, 19.8393553781342], [-98.92709069163529, 19.8393624472886], [-98.927083147655, 19.8393695128263], [-98.9270756008102, 19.8393765756515], [-98.9270680501463, 19.8393836348601], [-98.92706049566338, 19.8393906904521], [-98.927052938316, 19.8393977433315], [-98.92704537714958, 19.8394047925943], [-98.92703781216412, 19.8394118382404], [-98.9270309245708, 19.8394182470657], [-98.92702403315859, 19.8394246522744], [-98.9270171388821, 19.8394310547706], [-98.92701024078661, 19.8394374536502], [-98.92700333887208, 19.8394438489132], [-98.9269964340938, 19.83945024056], [-98.92698952549611, 19.839456629494], [-98.9269826130794, 19.8394630148114], [-98.9269756977988, 19.8394693965126], [-98.9269681595917, 19.8394763454724], [-98.9269606166109, 19.8394832899115], [-98.92695306885649, 19.83949022983], [-98.92694551728349, 19.8394971652281], [-98.9269379609364, 19.8395040970092], [-98.92693040077108, 19.8395110233663], [-98.92692283487669, 19.839517946106], [-98.9269152651637, 19.8395248643254], [-98.9269076916321, 19.8395317780244], [-98.9269006464451, 19.8395382012389], [-98.92689359744, 19.8395446190295], [-98.9268865436609, 19.839551033203], [-98.9268794851082, 19.8395574428559], [-98.92687242273709, 19.8395638479885], [-98.92686535559241, 19.8395702486005], [-98.9268582836741, 19.8395766446918], [-98.9268512079373, 19.8395830362628], [-98.9268441274265, 19.8395894242168], [-98.9267964241149, 19.8396322347796], [-98.9267485155444, 19.8396748401086], [-98.9267004026709, 19.8397172383968], [-98.9266520854952, 19.8397594278366], [-98.9266035659265, 19.8398014102361], [-98.9265548449215, 19.8398431819807], [-98.9265059234349, 19.8398847439743], [-98.9264568024225, 19.8399260944098], [-98.9264074837945, 19.8399672332878], [-98.92640012833638, 19.8399733364498], [-98.9263927681047, 19.8399794350911], [-98.92638540500948, 19.8399855292125], [-98.92637803714122, 19.8399916179095], [-98.9263706644989, 19.8399977029894], [-98.92636328803799, 19.8400037835491], [-98.9263559077591, 19.8400098586848], [-98.92634852270619, 19.8400159302034], [-98.92634113383521, 19.8400219962981], [-98.9263331803407, 19.8400285176163], [-98.92632522207262, 19.8400350344138], [-98.9263172609409, 19.8400415466912], [-98.92630929503558, 19.840048054448], [-98.92630132435698, 19.8400545567802], [-98.9262933498594, 19.8400610554958], [-98.9262853715432, 19.8400675496911], [-98.92627738845378, 19.8400740384619], [-98.9262694015453, 19.840080523616], [-98.9262620671587, 19.8400864713472], [-98.9262547289528, 19.8400924163654], [-98.92624738788341, 19.8400983568637], [-98.9262400439496, 19.8401042946495], [-98.92623269619692, 19.8401102288187], [-98.9262253455807, 19.8401161584679], [-98.9262179911452, 19.8401220854042], [-98.92621063384571, 19.8401280087243], [-98.9262032736824, 19.8401339284281], [-98.9261951817093, 19.840140428898], [-98.92618708782719, 19.840146925752], [-98.9261789891706, 19.8401534198926], [-98.92617088860538, 19.8401599095137], [-98.9261627842211, 19.840166395518], [-98.92615467697239, 19.8401728788097], [-98.9261465659051, 19.840179357581], [-98.92613845197342, 19.8401858336398], [-98.92613033517799, 19.8401923051785], [-98.9261231049642, 19.8401980658843], [-98.9261158718865, 19.8402038229739], [-98.9261086368991, 19.840209578255], [-98.9261014000024, 19.840215330824], [-98.9260941602418, 19.8402210797767], [-98.9260869185711, 19.8402268278247], [-98.92607967403649, 19.8402325722565], [-98.9260724275926, 19.8402383139761], [-98.9260651792389, 19.8402440538872], [-98.92605690100422, 19.8402506030725], [-98.9260486208596, 19.8402571504493], [-98.92604033880549, 19.8402636951138], [-98.92603205388701, 19.8402702370657], [-98.92602376705898, 19.8402767763053], [-98.9260154783216, 19.8402833128327], [-98.9260071867192, 19.8402898475512], [-98.9259988922525, 19.840296379557], [-98.9259905968317, 19.8403029079473], [-98.9259836847781, 19.8403083443566], [-98.9259767727246, 19.840313779862], [-98.9259698578067, 19.8403192126548], [-98.9259629428888, 19.8403246445437], [-98.92595602606129, 19.8403300746242], [-98.92594910732412, 19.8403355028962], [-98.9259421876318, 19.8403409302638], [-98.9259352669849, 19.8403463558235], [-98.9259283444278, 19.8403517804783], [-98.92591969935339, 19.8403585509075], [-98.9259110533236, 19.8403653204322], [-98.9259024053834, 19.840372089052], [-98.92589375648882, 19.84037885496], [-98.9258851066388, 19.8403856199634], [-98.925876454879, 19.8403923831582], [-98.92586780120868, 19.8403991454481], [-98.92585914658362, 19.8404059059298], [-98.9258504910035, 19.8404126646034], [-98.9258452986113, 19.8404167172774], [-98.9258401062185, 19.8404207708549], [-98.9258349128712, 19.8404248226245], [-98.9258297195236, 19.840428874394], [-98.92582452522069, 19.8404329261629], [-98.925819330918, 19.8404369770279], [-98.92581413566, 19.8404410278924], [-98.9258089404022, 19.8404450778531], [-98.92580374514459, 19.8404491269099], [-98.9257933660928, 19.8404572159911], [-98.92578298608548, 19.8404653041675], [-98.92577260607702, 19.8404733923433], [-98.9257622251129, 19.8404814796145], [-98.9257518441478, 19.840489566885], [-98.9257414631821, 19.8404976532512], [-98.9257310812607, 19.8405057387127], [-98.9257206983832, 19.8405138241732], [-98.92571031645971, 19.8405219096335], [-98.9256070226231, 19.8406023414974]]], [[[-98.97299794519651, 19.7911881240761], [-98.97398326610768, 19.7894861699966], [-98.97389269065681, 19.7894391920174], [-98.9739872986977, 19.7892281941598], [-98.9739999626803, 19.7892003623452], [-98.97401296078381, 19.7891726751686], [-98.9740262739152, 19.7891451235902], [-98.9740399211671, 19.7891177166498], [-98.97405388344521, 19.7890904543443], [-98.9740681607494, 19.7890633366738], [-98.974082753078, 19.789036372675], [-98.9740976699782, 19.7890095623493], [-98.974112892354, 19.7889829147308], [-98.9742660320394, 19.7887183905721], [-98.974447200065, 19.7887614502838], [-98.973079800087, 19.7912060656294], [-98.97299794519651, 19.7911881240761]]], [[[-98.8912778195828, 19.8716107603387], [-98.891859834056, 19.8709621091556], [-98.89186242884199, 19.8709641252004], [-98.8919662825947, 19.8710448153317], [-98.8914603082373, 19.8715865806675], [-98.8912778195828, 19.8716107603387]]], [[[-98.9760133436278, 19.7861316843669], [-98.97593442161671, 19.7861156603673], [-98.9761098342061, 19.7858127577997], [-98.9761492804617, 19.7858232006908], [-98.9760133436278, 19.7861316843669]]], [[[-98.9769454952569, 19.7852059760373], [-98.97688717630452, 19.7851860963532], [-98.9769392961174, 19.7850956978767], [-98.976990768192, 19.7851277674491], [-98.9769454952569, 19.7852059760373]]], [[[-98.9763083647916, 19.7855362278035], [-98.9763397054877, 19.7854186979612], [-98.9769187015989, 19.7844464115857], [-98.97693073001838, 19.7844504255243], [-98.9763083647916, 19.7855362278035]]], [[[-98.9762733383124, 19.7863671846422], [-98.97621446448849, 19.7863527629576], [-98.97688717630452, 19.7851860963532], [-98.9769454952569, 19.7852059760373], [-98.9762733383124, 19.7863671846422]]], [[[-98.9662438017219, 19.8029969755992], [-98.9661186649695, 19.8029549213531], [-98.9661653858572, 19.8028735132746], [-98.96625772849109, 19.8027153888229], [-98.9663482627172, 19.8025565627175], [-98.9664386497799, 19.8023974789842], [-98.9665287093332, 19.802237616161], [-98.9666221988308, 19.8020797998815], [-98.9667132383312, 19.8019211688701], [-98.966805184686, 19.8017625921991], [-98.966897482192, 19.8016041465776], [-98.9669905966226, 19.8014466092637], [-98.96708107214079, 19.8012876598501], [-98.967092114298, 19.8012686157369], [-98.96743052186, 19.8009627727142], [-98.9662438017219, 19.8029969755992]]], [[[-98.967092114298, 19.8012686157369], [-98.9671560376481, 19.8011583720296], [-98.9666153341363, 19.8008700538088], [-98.9660746316193, 19.8005817330417], [-98.9662903696407, 19.8002094278036], [-98.96709227915498, 19.8004852132553], [-98.9675899748806, 19.7994542492544], [-98.9682040072802, 19.7996485533019], [-98.96743052186, 19.8009627727142], [-98.967092114298, 19.8012686157369]]], [[[-98.9653742397357, 19.8045137770874], [-98.9653360421433, 19.8044951627335], [-98.96523960781721, 19.8044481883412], [-98.9653168855946, 19.8043337963866], [-98.96533594121341, 19.8042998936894], [-98.9654287726018, 19.804141016112], [-98.9655215082363, 19.8039825541616], [-98.96561450151928, 19.8038239205088], [-98.9657096617568, 19.8036664529787], [-98.9658049836607, 19.8035111452418], [-98.96583923626869, 19.803447297153], [-98.9658579432048, 19.8034356160341], [-98.9660999445424, 19.8032605814677], [-98.9653742397357, 19.8045137770874]]], [[[-98.96583923626869, 19.803447297153], [-98.96589117868172, 19.8033504768353], [-98.9659830256005, 19.8031912643989], [-98.9660741466018, 19.803032485545], [-98.9661331268144, 19.8029297292533], [-98.96626702753751, 19.8029720472138], [-98.9660999445424, 19.8032605814677], [-98.96585791455712, 19.8034356341024], [-98.96583923626869, 19.803447297153]]], [[[-98.9642513988324, 19.8064527358077], [-98.9640908813752, 19.8063844209252], [-98.96401030249442, 19.8063517815617], [-98.96462227770189, 19.8053698113765], [-98.9648288695463, 19.8054555489406], [-98.9642513988324, 19.8064527358077]]], [[[-98.8762551178968, 19.8885390476246], [-98.87621715541371, 19.8885251407332], [-98.8764516937595, 19.8882639055782], [-98.87648474370648, 19.8882807098202], [-98.8762551178968, 19.8885390476246]]], [[[-98.9648288695463, 19.8054555489406], [-98.96462227770189, 19.8053698113765], [-98.96468480150469, 19.8052694872157], [-98.96523960781721, 19.8044481883412], [-98.9653360421433, 19.8044951627335], [-98.9653742397357, 19.8045137770874], [-98.9648288695463, 19.8054555489406]]], [[[-98.8765885739099, 19.8886649536484], [-98.8765414431406, 19.888647579382], [-98.876697616997, 19.8884736843027], [-98.8767447095342, 19.888491040428], [-98.8765885739099, 19.8886649536484]]], [[[-98.8760235915114, 19.8892991332033], [-98.8759784439624, 19.889274232528], [-98.8761730071624, 19.8890584339829], [-98.8762174765335, 19.8890831805126], [-98.8760235915114, 19.8892991332033]]], [[[-98.8765885739099, 19.8886649536484], [-98.8765414431406, 19.888647579382], [-98.876697616997, 19.8884736843027], [-98.8767447095342, 19.888491040428], [-98.8765885739099, 19.8886649536484]]], [[[-98.87564805545938, 19.8891705489623], [-98.8756379141225, 19.8891653999483], [-98.8758899324994, 19.8888847034983], [-98.87569256810659, 19.889117944906], [-98.87564805545938, 19.8891705489623]]], [[[-98.9682040072802, 19.7996485533019], [-98.9675899748806, 19.7994542492544], [-98.9672481369005, 19.799319401707], [-98.96753898894431, 19.7984237994336], [-98.9686564998758, 19.7988344093515], [-98.9682040072802, 19.7996485533019]]], [[[-98.9686827340401, 19.79880022739], [-98.96860189936152, 19.798772108474], [-98.9686927466488, 19.7986197804927], [-98.96878361415351, 19.7984608103504], [-98.96887575118468, 19.79830250911], [-98.9689668379001, 19.7981436563862], [-98.9690574757415, 19.7979845685761], [-98.96906223200808, 19.7979765627129], [-98.9691247453049, 19.7980003134396], [-98.96913567142789, 19.7979814643693], [-98.9691528558409, 19.7979883173006], [-98.9686827340401, 19.79880022739]]], [[[-98.88138359517961, 19.8834951298968], [-98.88127152550821, 19.8831706434183], [-98.8820829314092, 19.8822813024368], [-98.8824601255859, 19.8822969052974], [-98.88138359517961, 19.8834951298968]]], [[[-98.9241210108603, 19.8416411306889], [-98.92549377158882, 19.8405744309338], [-98.92560672741048, 19.840602582658], [-98.92429722123669, 19.8416229601658], [-98.9241210108603, 19.8416411306889]]], [[[-98.89555839312699, 19.8674699800515], [-98.89674259676798, 19.8661509973429], [-98.8968143781282, 19.866209452879], [-98.89563045154871, 19.8675285808079], [-98.89555839312699, 19.8674699800515]]]]}}, {"type": "Feature", "properties": {"id": "EDO_null", "nivel": "estado", "nombre": "Null", "estado": "Null", "proyecto": "TAP"}, "geometry": {"type": "MultiPolygon", "coordinates": [[[[-98.9786863880027, 19.781487775978], [-98.97880317522672, 19.7813201943526], [-98.9788040164537, 19.7813206581315], [-98.97867585152771, 19.7815289679667], [-98.9786574763333, 19.7815219390315], [-98.9786863880027, 19.781487775978]]], [[[-98.8596226670586, 19.9070298435295], [-98.85948282709352, 19.9072094201059], [-98.85946736506199, 19.9072024812147], [-98.85945384586569, 19.9071964142075], [-98.85945384586569, 19.9071964142075], [-98.859451905374, 19.9071955433733], [-98.859495788318, 19.9071466815721], [-98.8595783791498, 19.9070547200639], [-98.8595784074743, 19.9070547287886], [-98.85957982245249, 19.9070531130043], [-98.859605493411, 19.9070245344352], [-98.8596226670586, 19.9070298435295]]], [[[-98.8774293043071, 19.8876590285493], [-98.877429304307, 19.8876590285492], [-98.8774292631566, 19.8876590071968], [-98.8774988678019, 19.8875815029186], [-98.8775442795877, 19.8876053537056], [-98.8774748656308, 19.8876826697575], [-98.8767480152055, 19.8884922587444], [-98.87669762077121, 19.8884736856937], [-98.8768537495227, 19.888299852755], [-98.877429304307, 19.8876590285493], [-98.8774293043071, 19.8876590285493]]], [[[-98.9060475466645, 19.8552370410721], [-98.90604384458982, 19.8552504819005], [-98.9059470300035, 19.8555511853055], [-98.9057486571935, 19.8555134453173], [-98.9059585207007, 19.8553153445407], [-98.9060475466645, 19.8552370410721]]], [[[-98.93979035082822, 19.8287115692694], [-98.940510747039, 19.8281834257036], [-98.9405690235598, 19.8282688447906], [-98.94033959046939, 19.8284367154355], [-98.9400191478737, 19.8286695872942], [-98.9397468354875, 19.8288692731679], [-98.9396722475319, 19.8287814796198], [-98.9397780980613, 19.8286977051468], [-98.93979035082822, 19.8287115692694]]], [[[-98.94201863634952, 19.8270745324866], [-98.94205046403779, 19.8270502497484], [-98.9422989372314, 19.8268622703634], [-98.94241818714, 19.8267717348209], [-98.94274266270939, 19.8265258310425], [-98.94286560951582, 19.8265710923186], [-98.94273961715461, 19.8266689247379], [-98.9424054397772, 19.8269291330391], [-98.9416469286615, 19.8275207648886], [-98.9416082406456, 19.8274778904104], [-98.94117276866972, 19.8278174429821], [-98.9408681051895, 19.8280475653442], [-98.9408681051895, 19.8280475653442], [-98.94076416884829, 19.8281260611886], [-98.9405690235598, 19.8282688447906], [-98.940510747039, 19.8281834257036], [-98.9409316856345, 19.8278748203077], [-98.9410578918406, 19.8278026197308], [-98.94201863634952, 19.8270745324866]]], [[[-98.9429593273657, 19.826368373214], [-98.94402001344571, 19.8256153434553], [-98.94435452194361, 19.8253818959192], [-98.9443804009312, 19.8253613177758], [-98.94439045627189, 19.8253652452245], [-98.94439045429479, 19.8253652467644], [-98.94440563625598, 19.8253711761018], [-98.9428656861877, 19.8265710327831], [-98.94286560951582, 19.8265710923186], [-98.94286560951582, 19.8265710923186], [-98.94274266270939, 19.8265258310425], [-98.9427911615273, 19.8264890761015], [-98.9429593273657, 19.826368373214]]], [[[-98.9770705786164, 19.784247713457], [-98.9769490180176, 19.7844567602214], [-98.9769307261993, 19.7844504282349], [-98.9769187015989, 19.7844464115857], [-98.9769136740392, 19.7844447297799], [-98.9769053607978, 19.7844419516776], [-98.976906325713, 19.7844403005062], [-98.97717198091601, 19.78398571739], [-98.9771745469146, 19.7839813264972], [-98.9772163451261, 19.7839970391509], [-98.9770705786164, 19.784247713457]]], [[[-98.7485698528922, 20.0315144397249], [-98.74856167764, 20.0316429370394], [-98.7485559098103, 20.0317612110214], [-98.7485512377063, 20.0318917743414], [-98.74854836354248, 20.0320083021306], [-98.74854630560638, 20.0321419053889], [-98.7485454140588, 20.0322534084311], [-98.7485450728456, 20.0323932178037], [-98.748545178872, 20.0324771795867], [-98.74854570363722, 20.0326456718423], [-98.7485471042226, 20.0330209844275], [-98.7483870795612, 20.0329675680948], [-98.74837959370491, 20.0311778649708], [-98.7483817141809, 20.0311790299487], [-98.748590450637, 20.0312945611697], [-98.7485920063096, 20.0312952822688], [-98.74857940229, 20.0313956134504], [-98.7485698528922, 20.0315144397249]]], [[[-98.7496092913074, 20.0282453052593], [-98.7493714455461, 20.0286369959526], [-98.749184332203, 20.0289960430817], [-98.7489726919531, 20.0288750356214], [-98.748978260126, 20.0288640132145], [-98.74920764691171, 20.0286050741014], [-98.74925281116761, 20.0285547826852], [-98.7496368960706, 20.0281270937103], [-98.74989302531749, 20.0278418850595], [-98.7496092913074, 20.0282453052593]]], [[[-99.02545023769929, 19.7640264857199], [-99.0255569074847, 19.7640522948858], [-99.0252655541094, 19.7642911673239], [-99.02531033772861, 19.7640456949327], [-99.0253112996885, 19.7640449079441], [-99.02533526721899, 19.764025299874], [-99.02535384374852, 19.7640101022288], [-99.02536039000638, 19.7640047466683], [-99.02545023769929, 19.7640264857199]]], [[[-98.7485482243621, 20.0728886596368], [-98.7485482183265, 20.0728864453129], [-98.7485482158646, 20.0728819902916], [-98.7485482038386, 20.0728775352568], [-98.7485481918127, 20.072873080222], [-98.74854818935071, 20.0728686252008], [-98.7485481773248, 20.0728641701659], [-98.7485481748629, 20.0728597151447], [-98.7485481642631, 20.0728543654937], [-98.74854816322741, 20.0728490158563], [-98.7485481526132, 20.0728436752419], [-98.74854815157751, 20.0728383256045], [-98.7485481409777, 20.0728329759535], [-98.7485481399276, 20.0728276353527], [-98.7485481293278, 20.0728222857017], [-98.74854812829209, 20.0728169360643], [-98.74854812724192, 20.0728115954634], [-98.74854812514012, 20.072806914529], [-98.74854812302398, 20.0728022426311], [-98.7485481209078, 20.0727975707332], [-98.748548118806, 20.0727928897987], [-98.74854811668982, 20.0727882179008], [-98.74854811458802, 20.0727835369664], [-98.74854811247188, 20.0727788650685], [-98.7485481199342, 20.0727741841477], [-98.748548117818, 20.0727695122497], [-98.74854811662371, 20.0727642620141], [-98.7485481249792, 20.0727590208286], [-98.748548123785, 20.072753770593], [-98.7485481321548, 20.072748520371], [-98.7485481309462, 20.0727432791719], [-98.74854813931609, 20.0727380289498], [-98.7485481476859, 20.0727327787278], [-98.7485481560413, 20.0727275375423], [-98.74854815484711, 20.0727222873066], [-98.7485481624534, 20.0727175160205], [-98.7485481700453, 20.0727127537709], [-98.7485481872157, 20.0727079824984], [-98.7485481948076, 20.0727032202488], [-98.7485482024139, 20.0726984489626], [-98.74854821002019, 20.0726936776765], [-98.74854822717609, 20.0726889154405], [-98.7485482347824, 20.0726841441543], [-98.7485482519384, 20.0726793819183], [-98.7485482697858, 20.072674185929], [-98.7485482780548, 20.0726689989626], [-98.74854829588782, 20.0726638120099], [-98.74854831373518, 20.0726586160206], [-98.7485483315682, 20.0726534290678], [-98.74854834941559, 20.0726482330785], [-98.7485483768126, 20.0726430461393], [-98.7485483946457, 20.0726378591865], [-98.7485484124931, 20.0726326631972], [-98.7485484392995, 20.0726278467556], [-98.7485484565418, 20.0726230303004], [-98.7485484833482, 20.0726182138588], [-98.7485485101546, 20.0726133974172], [-98.7485485273969, 20.072608580962], [-98.7485485542033, 20.0726037645204], [-98.7485485810097, 20.0725989480788], [-98.7485486078161, 20.0725941316372], [-98.7485486346225, 20.0725893151956], [-98.7485490030084, 20.0725382140442], [-98.7485490030301, 20.0725382109904], [-98.74858711166141, 20.072550916126], [-98.7485740592276, 20.0728986553559], [-98.7485482243621, 20.0728886596368]]], [[[-98.74860734062588, 20.0706558846175], [-98.7486075116085, 20.0706506165524], [-98.7486076921549, 20.070645348501], [-98.7486078727159, 20.070640071413], [-98.74860804369838, 20.070634803348], [-98.7486082146809, 20.0706295352829], [-98.7486083952274, 20.0706242672315], [-98.7486085662099, 20.0706189991664], [-98.74860873719238, 20.0706137311013], [-98.7486088978477, 20.0706089419587], [-98.74860904895351, 20.0706041437659], [-98.7486092096088, 20.0705993546233], [-98.7486093607145, 20.0705945564305], [-98.74860951180591, 20.0705897672742], [-98.7486096628972, 20.070584978118], [-98.7486098235668, 20.0705801799388], [-98.7486099746581, 20.0705753907825], [-98.7486101257494, 20.0705706016263], [-98.7486102870959, 20.0705653787302], [-98.7486104484423, 20.0705601558342], [-98.74861060978871, 20.0705549329381], [-98.7486107711207, 20.0705497190786], [-98.74861093246712, 20.0705444961825], [-98.7486110938135, 20.0705392732864], [-98.7486112455815, 20.0705340594133], [-98.74861140692781, 20.0705288365172], [-98.7486115682742, 20.0705236136211], [-98.7486117098879, 20.070518770232], [-98.7486118515159, 20.0705139178064], [-98.7486119931439, 20.0705090653808], [-98.7486121347575, 20.0705042219917], [-98.7486122763855, 20.0704993695661], [-98.7486124180136, 20.0704945171405], [-98.7486125596271, 20.0704896737514], [-98.74861269169119, 20.0704848213121], [-98.74861283331921, 20.0704799688865], [-98.7486146124017, 20.070413832911], [-98.7486162289102, 20.0703476876671], [-98.7486176732667, 20.0702815421777], [-98.7486189454856, 20.0702153874064], [-98.7486200455529, 20.0701492323897], [-98.7486209830327, 20.0700830771412], [-98.74862174836132, 20.0700169216473], [-98.7486223415532, 20.0699507568714], [-98.74862276258, 20.0698846008867], [-98.7486227798763, 20.0698797482838], [-98.7486228067366, 20.0698748956946], [-98.74862281338291, 20.0698736949584], [-98.7486559369067, 20.0698792584996], [-98.7486592884832, 20.0707776950754], [-98.7486210322347, 20.0707776406545], [-98.74862116187958, 20.0708123961405], [-98.74862138309692, 20.0708726503875], [-98.7486214884491, 20.070902794085], [-98.74862164633541, 20.0709530410289], [-98.7486217514244, 20.0709932584865], [-98.7486218435005, 20.0710415306337], [-98.74862188683521, 20.0710837894783], [-98.7486218852738, 20.0711312342066], [-98.74862183057029, 20.0711743867549], [-98.74862170466598, 20.071221386305], [-98.7486215183793, 20.0712650498226], [-98.74861126482412, 20.0718719206657], [-98.7486099759304, 20.0719155675756], [-98.7486085139834, 20.0719625469748], [-98.7486071108319, 20.0720056792539], [-98.7486055095656, 20.0720530997929], [-98.7486040386183, 20.072095335787], [-98.74860231580851, 20.0721435804566], [-98.7486008520975, 20.0721837743304], [-98.7485989967888, 20.0722339909354], [-98.74859787313989, 20.0722641160814], [-98.7485956164544, 20.0723243328881], [-98.74858711166141, 20.072550916126], [-98.7485490030301, 20.0725382109904], [-98.748549089318, 20.0725260690473], [-98.7485497066016, 20.0724628231299], [-98.748550467345, 20.0723995774162], [-98.7485514002401, 20.0723363319471], [-98.7485524765803, 20.0722730957182], [-98.7485537155221, 20.0722098506837], [-98.7485551074727, 20.072146614903], [-98.74855666199572, 20.0720833883897], [-98.7485583695415, 20.0720201620937], [-98.7485585111155, 20.0720153458151], [-98.74855864312542, 20.0720105295229], [-98.74855878469931, 20.0720057132443], [-98.7485589262733, 20.0720008969657], [-98.7485590582832, 20.0719960806734], [-98.7485591998571, 20.0719912643948], [-98.748559341431, 20.0719864481162], [-98.74855949256892, 20.0719816318512], [-98.7485596341284, 20.0719768246091], [-98.7485597858713, 20.0719716288099], [-98.7485599471637, 20.0719664420609], [-98.7485600988922, 20.0719612552982], [-98.7485602601846, 20.0719560685492], [-98.7485604214771, 20.0719508818001], [-98.7485605827695, 20.0719456950511], [-98.74856073449791, 20.0719405082884], [-98.7485609053687, 20.0719353125164], [-98.74856106666108, 20.0719301257674], [-98.74856121771249, 20.0719253637215], [-98.7485613687782, 20.0719205926391], [-98.7485615198296, 20.0719158305932], [-98.7485616708809, 20.0719110685473], [-98.7485618219466, 20.0719062974649], [-98.74856197299792, 20.071901535419], [-98.7485621336276, 20.0718967643502], [-98.7485622846789, 20.0718920023043], [-98.74856243573018, 20.0718872402584], [-98.7485626162513, 20.0718819902808], [-98.7485627871939, 20.0718767493262], [-98.7485629581366, 20.0718715083715], [-98.7485631290937, 20.0718662583803], [-98.7485633096004, 20.0718610174393], [-98.7485634805574, 20.0718557674481], [-98.748563661064, 20.071850526507], [-98.7485638320067, 20.0718452855523], [-98.7485640125277, 20.0718400355748], [-98.7485641729988, 20.0718353639077], [-98.74856433346982, 20.0718306922407], [-98.748564493941, 20.0718260205736], [-98.74856465442642, 20.07182133987], [-98.7485648148975, 20.071816668203], [-98.74856497536851, 20.0718119965359], [-98.7485651358396, 20.0718073248688], [-98.7485652963106, 20.0718026532018], [-98.74856545678162, 20.0717979815347], [-98.74856564702499, 20.0717926321689], [-98.7485658276899, 20.071787291826], [-98.7485660179188, 20.0717819514967], [-98.74856620816202, 20.0717766021309], [-98.7485663983909, 20.0717712618016], [-98.7485665886342, 20.0717659124357], [-98.748566769299, 20.0717605720928], [-98.7485669595278, 20.0717552317635], [-98.748567149771, 20.0717498823976], [-98.7485673098818, 20.0717454366437], [-98.748567470007, 20.0717409818533], [-98.7485676301322, 20.0717365270628], [-98.74856779025731, 20.0717320722724], [-98.7485679503825, 20.071727617482], [-98.74856811050762, 20.0717231626915], [-98.7485682706328, 20.0717187079011], [-98.7485684307579, 20.0717142531106], [-98.748568600447, 20.0717097983338], [-98.7485688005998, 20.0717042321048], [-98.7485690007525, 20.0716986658759], [-98.74856920091962, 20.0716930906104], [-98.74856941063639, 20.0716875243951], [-98.7485696108035, 20.0716819491296], [-98.7485698109562, 20.0716763829007], [-98.7485700206729, 20.0716708166853], [-98.7485702208399, 20.0716652414198], [-98.7485704209925, 20.0716596751909], [-98.7485705506539, 20.0716563318525], [-98.7485706707512, 20.0716529885005], [-98.7485707908485, 20.0716496451485], [-98.7485709205098, 20.0716463018101], [-98.7485710406072, 20.0716429584581], [-98.74857116070442, 20.0716396151061], [-98.74857129035131, 20.0716362808042], [-98.74857141044862, 20.0716329374522], [-98.7485715305459, 20.0716295941002], [-98.7485717803045, 20.0716229074098], [-98.7485720300774, 20.0716162116829], [-98.7485722798359, 20.0716095249925], [-98.7485725200304, 20.0716028382884], [-98.7485727697889, 20.071596151598], [-98.7485730195473, 20.0715894649076], [-98.7485732693201, 20.0715827691806], [-98.7485735190785, 20.0715760824902], [-98.7485737592728, 20.0715693957861], [-98.7485973838239, 20.0709323888584], [-98.74859763359431, 20.0709256931309], [-98.7485978833503, 20.0709190064399], [-98.7485981331062, 20.0709123197489], [-98.74859838287658, 20.0709056240214], [-98.74859862306852, 20.0708989373168], [-98.7485988728388, 20.0708922415892], [-98.7485991225946, 20.0708855548982], [-98.7485993723648, 20.0708788591706], [-98.7485996125567, 20.070872172466], [-98.748599742231, 20.0708688200907], [-98.74859986232691, 20.0708654767384], [-98.7485999920011, 20.0708621243632], [-98.748600112097, 20.0708587810108], [-98.7486002321929, 20.0708554376585], [-98.74860036186719, 20.0708520852832], [-98.748600481963, 20.0708487419309], [-98.7486006020733, 20.0708453895421], [-98.74860073173312, 20.0708420462033], [-98.7486009319121, 20.0708364619007], [-98.74860113207669, 20.0708308866347], [-98.7486013418196, 20.0708253023456], [-98.7486015419841, 20.0708197270796], [-98.74860175172691, 20.0708141427906], [-98.7486019518914, 20.0708085675245], [-98.7486021520703, 20.0708029832218], [-98.7486023617987, 20.0707974079693], [-98.7486025619775, 20.0707918236667], [-98.7486027221148, 20.0707873598392], [-98.7486028822521, 20.0707828960117], [-98.7486030423894, 20.0707784321842], [-98.74860320254112, 20.0707739593202], [-98.7486033626783, 20.0707694954927], [-98.7486035228155, 20.0707650316652], [-98.7486036829528, 20.0707605678377], [-98.74860384310442, 20.0707560949736], [-98.7486040032416, 20.0707516311461], [-98.7486041934963, 20.0707462727431], [-98.7486043837511, 20.07074091434], [-98.7486045740058, 20.0707355559369], [-98.74860476427489, 20.0707301884974], [-98.74860495452951, 20.0707248300943], [-98.7486051447842, 20.0707194716912], [-98.7486053350388, 20.0707141132882], [-98.7486055157439, 20.0707087458349], [-98.7486057059986, 20.0707033874319], [-98.7486058664957, 20.0706986976911], [-98.7486060365711, 20.0706939989274], [-98.7486061970682, 20.0706893091866], [-98.7486063575653, 20.0706846194459], [-98.7486065180767, 20.0706799206685], [-98.7486066785738, 20.0706752309278], [-98.7486068390709, 20.070670541187], [-98.7486069995823, 20.0706658424097], [-98.7486071600793, 20.0706611526689], [-98.74860734062588, 20.0706558846175]]], [[[-98.7486263016204, 20.0552264287333], [-98.7485211839, 20.05519092], [-98.7485181489014, 20.0551414509178], [-98.7485613672638, 20.0551571023552], [-98.7485610437922, 20.0551200248682], [-98.7485597541966, 20.0546687821392], [-98.7485562468223, 20.0541804891002], [-98.7485872562135, 20.0541904342627], [-98.7486257970042, 20.0542027948452], [-98.7486263016204, 20.0552264287333]]], [[[-98.7486353498102, 20.0464191858844], [-98.74860343457068, 20.0464051936083], [-98.7485938816691, 20.0438456179056], [-98.74862552206281, 20.043785426313], [-98.7486353498102, 20.0464191858844]]], [[[-98.7486212838505, 20.0426496348335], [-98.74862441206481, 20.0434879588321], [-98.7485864969484, 20.0435768445387], [-98.74858303512269, 20.0426495804783], [-98.7486212838505, 20.0426496348335]]], [[[-98.7485476624306, 20.0331705668195], [-98.7483893780419, 20.0335170876463], [-98.748387079548, 20.0329675649519], [-98.7485470943294, 20.033018333366], [-98.7485476624306, 20.0331705668195]]], [[[-98.81811426682792, 19.9537630636594], [-98.81808049801388, 19.9537359165952], [-98.8180795349738, 19.9537369080963], [-98.818078262615, 19.9537358854844], [-98.8180736854479, 19.9537321404181], [-98.82099480221419, 19.9504812852413], [-98.82103489615011, 19.9505135799035], [-98.81811426682792, 19.9537630636594]]], [[[-98.83071738331971, 19.9391813474373], [-98.8307531690344, 19.9391974190988], [-98.8305294544059, 19.9394493040867], [-98.8294482753075, 19.9406528623836], [-98.82940815536479, 19.9406382910207], [-98.83071738331971, 19.9391813474373]]], [[[-98.82599550085828, 19.9444358103673], [-98.82603783898452, 19.9444491630749], [-98.8235093316489, 19.9472635899753], [-98.82346707849521, 19.9472492162176], [-98.82599550085828, 19.9444358103673]]], [[[-98.83222235358691, 19.9375065311344], [-98.8322223542644, 19.9375065303804], [-98.83224579724188, 19.9375168097304], [-98.8307531690344, 19.9391974190988], [-98.83071738331971, 19.9391813474373], [-98.83222235358691, 19.9375065311344]]], [[[-98.82940815536479, 19.9406382910206], [-98.8294482753075, 19.9406528623836], [-98.8278936209765, 19.9423834447762], [-98.82785181382272, 19.9423701812566], [-98.82940815536479, 19.9406382910206]]], [[[-98.82780246218839, 19.9424250986938], [-98.827843984425, 19.9424386974519], [-98.8260556605524, 19.9444293257848], [-98.82601344003768, 19.9444158487367], [-98.82780246218839, 19.9424250986938]]], [[[-98.83776039940021, 19.9313430607232], [-98.8377733704766, 19.9313815232189], [-98.8377741732118, 19.9313839039384], [-98.836846259269, 19.9324169948832], [-98.8368167999103, 19.9323932696774], [-98.83776039940021, 19.9313430607232]]], [[[-98.836808042018, 19.9324030169616], [-98.83683747816352, 19.9324267712192], [-98.83647944869709, 19.9328253775247], [-98.8364499640556, 19.9328015461061], [-98.836808042018, 19.9324030169616]]], [[[-98.8364499640556, 19.9328015461061], [-98.83647944869709, 19.9328253775247], [-98.83630721997332, 19.9330171246029], [-98.83611454276601, 19.9332184517561], [-98.83609186664431, 19.9332000941433], [-98.8364499640556, 19.9328015461061]]], [[[-98.83609186664431, 19.9332000941433], [-98.83611454276601, 19.9332184517561], [-98.835603330443, 19.9337996021265], [-98.8355532760766, 19.9338565040304], [-98.835512100725, 19.9339023449451], [-98.83549139486378, 19.9338855735293], [-98.8354824558144, 19.9338783375924], [-98.83609186664431, 19.9332000941433]]], [[[-98.8349076089994, 19.9345181057311], [-98.8349205900015, 19.934528587171], [-98.8336718888837, 19.935912109391], [-98.83366072851778, 19.935905780438], [-98.8349076089994, 19.9345181057311]]], [[[-98.8354824614953, 19.9338783312698], [-98.83551210077968, 19.9339023448842], [-98.8354955805035, 19.9339207370563], [-98.8349205900015, 19.934528587171], [-98.8349076089994, 19.9345181057311], [-98.8354824614953, 19.9338783312698]]], [[[-98.8398468825336, 19.9295775826779], [-98.83981852662632, 19.9295283223299], [-98.8424869048388, 19.9265574955242], [-98.8425117812416, 19.9266128309443], [-98.8398473925474, 19.9295785933681], [-98.8398468825336, 19.9295775826779]]], [[[-98.84147210143512, 19.9272666399872], [-98.8399760729654, 19.9289323496839], [-98.8393650827306, 19.9296126252924], [-98.8390684784998, 19.929942861106], [-98.8388082613532, 19.9302325823935], [-98.83874181048108, 19.9303065674164], [-98.8384633561538, 19.9306165916582], [-98.83820842370869, 19.930900425751], [-98.8382007567097, 19.9309089619349], [-98.8380433047693, 19.9310842634516], [-98.8379347389003, 19.9312051366056], [-98.83793208152251, 19.9312080952269], [-98.83791609743722, 19.9312258912838], [-98.8378943045407, 19.9312501546357], [-98.8378811836305, 19.9312086331684], [-98.8378811836305, 19.9312086331684], [-98.8428126824458, 19.9257200401457], [-98.84284474324188, 19.9257382693263], [-98.84147210143512, 19.9272666399872]]], [[[-98.8464618222512, 19.9222159132395], [-98.8464110663252, 19.922188270363], [-98.8478831991275, 19.9205470772008], [-98.84794870332651, 19.920556410155], [-98.8479521446294, 19.9205569004667], [-98.8479521446294, 19.9205569004667], [-98.8464618222512, 19.9222159132395]]], [[[-98.8484623430386, 19.9199889855493], [-98.848396156114, 19.919977987489], [-98.8507756034616, 19.9173283355931], [-98.85081909956979, 19.9173653007077], [-98.8484623430386, 19.9199889855493]]], [[[-98.8548335074056, 19.9128911107344], [-98.85514209751818, 19.9125475402277], [-98.8549532777724, 19.9128894900047], [-98.8549330444101, 19.9129213384501], [-98.8549050048661, 19.9129561045191], [-98.8548335074056, 19.9128911107344]]], [[[-98.8670255722606, 19.8992990181149], [-98.8670255488752, 19.8992990440711], [-98.86698470125691, 19.8992871055806], [-98.8670743228833, 19.8991873382842], [-98.8671314679726, 19.8992024077212], [-98.8670407115166, 19.8993034756384], [-98.8670255722606, 19.8992990181149]]], [[[-98.868254210165, 19.8978738651139], [-98.8707807988877, 19.8950611177658], [-98.8708079807414, 19.8950748337978], [-98.8708284954994, 19.8950851855921], [-98.86715541289561, 19.8991757422225], [-98.867101617251, 19.8991569540071], [-98.868254210165, 19.8978738651139]]], [[[-98.8765104091383, 19.8887568624008], [-98.8763886664585, 19.8888924641882], [-98.8763431637899, 19.8888683169221], [-98.8764601066365, 19.8887381217208], [-98.8765104091383, 19.8887568624008]]], [[[-98.8813239358368, 19.8833224016976], [-98.8813848167048, 19.8834986767275], [-98.8806845097678, 19.8842781372378], [-98.8805955565063, 19.8842066170109], [-98.87907478219212, 19.885900592238], [-98.8790296580455, 19.8858770504036], [-98.8813239358368, 19.8833224016976]]], [[[-98.8787728443994, 19.8857442938654], [-98.8787323538808, 19.8857236053786], [-98.87968544105269, 19.8846642848475], [-98.87971297793881, 19.8846798896815], [-98.8792160478452, 19.8852508025588], [-98.8787728443994, 19.8857442938654]]], [[[-98.8802372139097, 19.8839186940087], [-98.886800114518, 19.8766056754863], [-98.8868795112948, 19.8766699987032], [-98.8869015469637, 19.8766878515215], [-98.87971297793881, 19.8846798896815], [-98.87968544105269, 19.8846642848475], [-98.8803043315111, 19.8839725996435], [-98.8802372139097, 19.8839186940087]]], [[[-98.88318465754779, 19.8813177483613], [-98.8834306080961, 19.8810437060503], [-98.8836794735578, 19.8807666108546], [-98.8839289110757, 19.8804898319594], [-98.8841756423717, 19.8802157890917], [-98.88441953507431, 19.879942638671], [-98.8846677371094, 19.8796667344718], [-98.8849171243773, 19.8793886347386], [-98.88516054568301, 19.8791165764147], [-98.8854126532924, 19.878839010888], [-98.88565703943762, 19.8785645396572], [-98.88590679606142, 19.8782860682175], [-98.886151264458, 19.8780144248549], [-98.8864009990783, 19.8777375973809], [-98.88664572492502, 19.8774642364881], [-98.8868940743103, 19.8771851843642], [-98.88713479144852, 19.8769182996155], [-98.88726954723509, 19.8767684993057], [-98.8873664748154, 19.87684050254], [-98.8824643732348, 19.8822970806434], [-98.8824356490435, 19.882295892835], [-98.8822525940552, 19.8822883207319], [-98.8822882821465, 19.8822485809038], [-98.8823456695031, 19.8822528837932], [-98.88244285162348, 19.8821452384286], [-98.882690516715, 19.8818683878652], [-98.88293925950748, 19.881592739547], [-98.88318465754779, 19.8813177483613]]], [[[-98.8872876151822, 19.8767484141716], [-98.8872143012415, 19.8766941921503], [-98.8886363759458, 19.8751096713534], [-98.8888062193273, 19.8752378109717], [-98.8873664748153, 19.8768405025401], [-98.88726954723509, 19.8767684993058], [-98.8872876151822, 19.8767484141716]]], [[[-98.9200451635989, 19.8448265809197], [-98.92173207055102, 19.8435132351517], [-98.92178854353972, 19.8435755994271], [-98.9201022321726, 19.8448885801353], [-98.9200451635989, 19.8448265809197]]], [[[-98.9303026346411, 19.8362384491794], [-98.9301675213098, 19.8365920358004], [-98.9299840285845, 19.8367346186595], [-98.9297641709096, 19.8366579061849], [-98.9303026346411, 19.8362384491794]]], [[[-98.92749243936649, 19.8386706616705], [-98.9278432060917, 19.8383337423811], [-98.9278999098568, 19.8383540499413], [-98.92749243936649, 19.8386706616705]]], [[[-98.9282949979317, 19.8378785721234], [-98.92835717480878, 19.837820954632], [-98.9284252549207, 19.8377585029922], [-98.92848889901032, 19.8377007827904], [-98.9289243955499, 19.8373238921608], [-98.9289908192718, 19.8372690481134], [-98.9290626182867, 19.8372104445201], [-98.92912880316729, 19.8371569742223], [-98.9292017908309, 19.837098535323], [-98.9292669854903, 19.8370467369505], [-98.9293415984633, 19.8369878356709], [-98.92940387092551, 19.836938928873], [-98.9294817361659, 19.8368780119901], [-98.929528486755, 19.8368415314601], [-98.92962190595749, 19.8367687282899], [-98.9297641709096, 19.8366579061848], [-98.9299840285845, 19.8367346186595], [-98.9279004694424, 19.838353615132], [-98.9278439732969, 19.838333005461], [-98.92785602298, 19.8383214314327], [-98.927940969566, 19.838239872444], [-98.9279835210929, 19.8381990695103], [-98.92801902234952, 19.838165084552], [-98.9280694845252, 19.8380912233916], [-98.9280980121864, 19.8380640693599], [-98.9281666563698, 19.8379989919502], [-98.92822698525411, 19.8379421587945], [-98.9282949979317, 19.8378785721234]]], [[[-98.9761098342061, 19.7858127577997], [-98.97593442161671, 19.7861156603673], [-98.97592803365431, 19.7861143657216], [-98.9761050341963, 19.7858114832622], [-98.9761098342061, 19.7858127577997]]], [[[-98.97554392592, 19.7867899863759], [-98.9750737852638, 19.7876018119628], [-98.9750619306178, 19.7875964178059], [-98.97506193060738, 19.7875964178011], [-98.9755353339579, 19.7867863467601], [-98.97554392696509, 19.7867899845711], [-98.97554392592, 19.7867899863759]]], [[[-98.9769187015989, 19.7844464115857], [-98.9767679191947, 19.78469961613], [-98.9763397054877, 19.7854186979612], [-98.97634400605732, 19.785402553672], [-98.9769053607978, 19.7844419516776], [-98.9769136740392, 19.7844447297799], [-98.9769307261993, 19.7844504282349], [-98.9769187015989, 19.7844464115857]]], [[[-98.9773382132417, 19.7837012629047], [-98.9773686191104, 19.7837122241231], [-98.9773796511113, 19.7837162011699], [-98.9773796511113, 19.7837162011699], [-98.9772163451261, 19.7839970391509], [-98.9771745469146, 19.7839813264972], [-98.9773382132417, 19.7837012629047]]], [[[-98.9773382132417, 19.7837012629047], [-98.9774862197947, 19.7834479951242], [-98.9775721259617, 19.7833025389777], [-98.97757212596301, 19.7833025389781], [-98.9776005394415, 19.7833139143373], [-98.97752895417649, 19.7834369439246], [-98.97752895417649, 19.7834369439247], [-98.9773686191104, 19.7837122241231], [-98.9773382132417, 19.7837012629047], [-98.9773382132417, 19.7837012629047]]], [[[-98.9899713776987, 19.7743586642365], [-98.9899773958977, 19.7743575576418], [-98.9899834059824, 19.7743564505946], [-98.9899864067767, 19.7743558966188], [-98.989989407571, 19.7743553425526], [-98.9899954007588, 19.7743542331544], [-98.9900013853551, 19.7743531218578], [-98.9900073612644, 19.7743520083013], [-98.9900133284868, 19.7743508918523], [-98.99001511002362, 19.7743505570436], [-98.99001928673572, 19.7743497721493], [-98.9900252361069, 19.7743486487405], [-98.99003117631392, 19.7743475210836], [-98.9900371074521, 19.7743463888171], [-98.9900430292354, 19.7743452514893], [-98.990048149604, 19.7743442616896], [-98.9900489416635, 19.7743441085579], [-98.9900548446412, 19.7743429596614], [-98.99006073797752, 19.7743418042576], [-98.9900636797773, 19.7743412231665], [-98.990066621577, 19.7743406420753], [-98.9900724953443, 19.7743394724821], [-98.9900783591839, 19.7743382951163], [-98.9900842130004, 19.7743371095263], [-98.9900900566029, 19.7743359153503], [-98.99009588989591, 19.7743347120464], [-98.9900967675868, 19.7743345292781], [-98.99010171287951, 19.7743334992529], [-98.99010752526732, 19.774332276518], [-98.99011332696402, 19.7743310433899], [-98.9901191178739, 19.7743297995071], [-98.9901220078402, 19.7743291719624], [-98.9901248978064, 19.7743285444177], [-98.9901306666658, 19.7743272777602], [-98.99013642435682, 19.7743259989925], [-98.9901389060327, 19.7743253429588], [-98.9901657737345, 19.7743182400653], [-98.9901767845237, 19.7743153292466], [-98.99018637061141, 19.7743127950078], [-98.9901940288086, 19.7743107704353], [-98.9902194894655, 19.7743040395065], [-98.9899485919267, 19.7744022514039], [-98.9899484372979, 19.7744023074632], [-98.9899484315838, 19.7744022895011], [-98.9899408955311, 19.7743786000641], [-98.9899366362913, 19.7743652111587], [-98.9899532741288, 19.7743619860048], [-98.98995931667099, 19.7743608778758], [-98.9899653511943, 19.7743597708306], [-98.9899713776987, 19.7743586642365]]], [[[-99.0053640008363, 19.7682453804544], [-99.0053635527526, 19.7682447808946], [-99.00554612030919, 19.7681261040359], [-99.0056111805897, 19.7681510631024], [-99.0053943101751, 19.7682859359478], [-99.0053640008363, 19.7682453804544]]], [[[-98.9636445243421, 19.806681593646], [-98.9638622570209, 19.8063728537932], [-98.9639741567062, 19.8064097788399], [-98.9635360740844, 19.8071127265146], [-98.9630257879807, 19.807892792497], [-98.96289277891482, 19.80784278922], [-98.9636445243421, 19.806681593646]]], [[[-98.96242762616579, 19.8090282769417], [-98.96250122029498, 19.8090431713503], [-98.96249353248031, 19.8090536392109], [-98.962427798327, 19.8090283431932], [-98.9624905537629, 19.8090524929324], [-98.96242762616579, 19.8090282769417]]], [[[-98.8326329239141, 19.9370496154474], [-98.83263295125619, 19.9370495863052], [-98.83366072851778, 19.935905780438], [-98.8336718888837, 19.935912109391], [-98.8330137002041, 19.9366663566782], [-98.83265307395959, 19.9370657520548], [-98.8326530649824, 19.9370657619971], [-98.83224579724188, 19.9375168097303], [-98.8322223542645, 19.9375065303804], [-98.83262525872061, 19.9370581471868], [-98.83263054627001, 19.9370522627704], [-98.832631848278, 19.9370508137895], [-98.8326322554612, 19.9370503591387], [-98.8326329239141, 19.9370496154474]]], [[[-98.8435889006282, 19.9248556219107], [-98.84447372787982, 19.9238706973147], [-98.84468569874788, 19.9236347444453], [-98.8449827254584, 19.9233041110468], [-98.8450025960974, 19.9232819921034], [-98.84501045608951, 19.9232732427741], [-98.84518496140501, 19.9230789923023], [-98.8453355755338, 19.9229113357632], [-98.8453965485031, 19.9228434633933], [-98.8454234491482, 19.9228668948766], [-98.8442984848257, 19.9241195538477], [-98.8441525213925, 19.9242820835921], [-98.8441443305917, 19.9242912040049], [-98.8440482936742, 19.9243981404918], [-98.8432007097182, 19.9253419111617], [-98.84284474324188, 19.9257382693263], [-98.8428126824458, 19.9257200401457], [-98.8428124462209, 19.9257198999881], [-98.8429580868601, 19.9255577871261], [-98.8430467930938, 19.925459047832], [-98.84305082401629, 19.9254545609907], [-98.8434170047778, 19.9250469617751], [-98.8435889006282, 19.9248556219107]]], [[[-98.9723518077292, 19.7923041951201], [-98.97238664298779, 19.7922440250154], [-98.97238742325031, 19.7923065001549], [-98.9723518077292, 19.7923041951201]]], [[[-98.97210453236778, 19.7927313063974], [-98.9723518077292, 19.7923041951201], [-98.97238742325031, 19.7923065001549], [-98.9723853576531, 19.7923242542501], [-98.9723827452196, 19.7923469248445], [-98.97215522218362, 19.7927472265255], [-98.97210453236778, 19.7927313063974]]], [[[-98.97195216776362, 19.7929944798686], [-98.97210453236778, 19.7927313063974], [-98.97215522218362, 19.7927472265255], [-98.9720045597032, 19.7930107816298], [-98.97195216776362, 19.7929944798686]]], [[[-98.9717306502191, 19.7933770967407], [-98.97195216776362, 19.7929944798686], [-98.9720045597032, 19.7930107816298], [-98.9717853803474, 19.7933941920707], [-98.9717306502191, 19.7933770967407]]], [[[-98.9715147804599, 19.7937499564167], [-98.9717306502191, 19.7933770967407], [-98.9717853803474, 19.7933941920707], [-98.9715718793805, 19.7937676672641], [-98.9715147804599, 19.7937499564167]]], [[[-98.9713457308063, 19.7940419449544], [-98.9715147804599, 19.7937499564167], [-98.9715718793805, 19.7937676672641], [-98.9714407698517, 19.7940030180732], [-98.9713457308063, 19.7940419449544]]], [[[-98.7486248351914, 20.0577361435049], [-98.748571162015, 20.0577360671812], [-98.7485689271185, 20.0570748335415], [-98.7486258486582, 20.0570996933227], [-98.7486248351914, 20.0577361435049]]], [[[-98.91277990089, 19.8500746476766], [-98.9127561591053, 19.8501493796891], [-98.9127507613186, 19.8501472755774], [-98.91258136282951, 19.8500812422254], [-98.9126445238996, 19.8500320648318], [-98.9126445238996, 19.8500320648318], [-98.9126551790015, 19.8500237687331], [-98.9127805401427, 19.8500726354997], [-98.91277990089, 19.8500746476766], [-98.91277990089, 19.8500746476766]]], [[[-98.9021887693575, 19.8591262304864], [-98.902135557271, 19.8591455197381], [-98.9021199371501, 19.8591506388413], [-98.9020305212132, 19.8591797478794], [-98.90194306714359, 19.8592052733829], [-98.9018729559359, 19.8592237486994], [-98.9017236421486, 19.8592587352231], [-98.9016643844112, 19.859270075072], [-98.90156746639958, 19.8592896697496], [-98.9013909454402, 19.8593271735005], [-98.90131568880652, 19.8593431625123], [-98.9012037361847, 19.8593669478827], [-98.90116101734459, 19.8593760234448], [-98.90116101734449, 19.8593760234448], [-98.90121247643381, 19.8593642212494], [-98.90124008152699, 19.8593576191685], [-98.90126548584881, 19.8593513457664], [-98.9013695748876, 19.8593234164989], [-98.90147259795921, 19.8592921487455], [-98.9015744354849, 19.8592575787984], [-98.9016749692623, 19.8592197467831], [-98.9017740826022, 19.8591786966114], [-98.9018716604646, 19.8591344759303], [-98.9019675895922, 19.8590871360667], [-98.90206175864128, 19.8590367319679], [-98.90210913008978, 19.8590093201687], [-98.90210913068822, 19.8590093206002], [-98.90212296486739, 19.8590192971074], [-98.90214140197789, 19.8590325930111], [-98.9021737761101, 19.859055939574], [-98.90223445903102, 19.8590997009484], [-98.9022433881435, 19.8591061401574], [-98.9021887693575, 19.8591262304864]]], [[[-98.968581449978, 19.7988064015788], [-98.9686019003216, 19.7987721093529], [-98.96861527709788, 19.7987767620176], [-98.9686827361482, 19.7988002281233], [-98.9686618134399, 19.7988363617062], [-98.96858123851942, 19.7988067561637], [-98.9685304035492, 19.7987880779095], [-98.96853433551152, 19.7987812965479], [-98.9685814495566, 19.7988064013542], [-98.968581449978, 19.7988064015788]]], [[[-98.8761725965567, 19.8890582077777], [-98.87618783731429, 19.8890412472951], [-98.8762334153078, 19.8890653891271], [-98.8762174574344, 19.8890831714625], [-98.8761725965567, 19.8890582077777]]], [[[-98.8763431629474, 19.8888683164749], [-98.8763431637899, 19.8888683169221], [-98.8763886664585, 19.8888924641882], [-98.87623341496781, 19.889065388947], [-98.87618783731429, 19.8890412472951], [-98.8763431629474, 19.8888683164749]]], [[[-98.85084757000348, 19.9172482451429], [-98.8508948802394, 19.9172809350756], [-98.85081909956979, 19.9173653007077], [-98.8507756034616, 19.9173283355931], [-98.850778227475, 19.9173254135356], [-98.85084757000348, 19.9172482451429]]], [[[-98.7486268010091, 20.0562396045822], [-98.7484760485153, 20.056266089263], [-98.74847416748489, 20.0557617974074], [-98.74852118029999, 20.0551931941], [-98.7486263031688, 20.0552295700182], [-98.7486268010091, 20.0562396045822]]], [[[-98.8178439460146, 19.95354416582], [-98.8178449593292, 19.9535432114717], [-98.817824509824, 19.9535272745735], [-98.8178417030192, 19.9535081460482], [-98.8178598542174, 19.9535218301534], [-98.8197186178942, 19.9514826940767], [-98.817856862486, 19.9535547341974], [-98.8178439460146, 19.95354416582]]], [[[-98.83630721997332, 19.9330171246029], [-98.835603330443, 19.9337996021265], [-98.83611454276601, 19.9332184517561], [-98.83630721997332, 19.9330171246029]]], [[[-98.8765104091383, 19.8887568624008], [-98.8763886664585, 19.8888924641882], [-98.8763431637899, 19.8888683169221], [-98.8764601066365, 19.8887381217208], [-98.8765104091383, 19.8887568624008]]], [[[-98.89932189585872, 19.8634143362832], [-98.8994485513355, 19.8632744455688], [-98.8994505709273, 19.8632721995902], [-98.8994630893865, 19.8632582778684], [-98.8994630901931, 19.8632582769714], [-98.89951008294278, 19.8632992860225], [-98.8992576253082, 19.8635838406494], [-98.8992094060781, 19.8635455468414], [-98.8992078065947, 19.8635442402203], [-98.8992641319216, 19.8634801073005], [-98.89932189585872, 19.8634143362832]]], [[[-98.8999336572604, 19.8627360159731], [-98.8999863232356, 19.8627624936535], [-98.89951008294278, 19.8632992860225], [-98.8994630901931, 19.8632582769714], [-98.8996961087895, 19.8629991609581], [-98.8998720777843, 19.8628042309254], [-98.8999336572604, 19.8627360159731]]], [[[-98.8985880845107, 19.8642345444689], [-98.8985838406129, 19.8642392592716], [-98.89832954975721, 19.8645227529084], [-98.8982848833877, 19.8645725744937], [-98.8981965760736, 19.8645021092104], [-98.8984964451821, 19.8641618272687], [-98.8984964452357, 19.8641618273113], [-98.8985880845107, 19.8642345444689]]], [[[-98.8975955767609, 19.8653407969759], [-98.8973922872229, 19.8655665009912], [-98.89730956466252, 19.8655004032721], [-98.8976036611193, 19.8651713975029], [-98.8976872810339, 19.8652382004744], [-98.8975955767609, 19.8653407969759]]], [[[-98.89203047848, 19.8710492461328], [-98.8918862638856, 19.870934662338], [-98.89200121318429, 19.8708065359034], [-98.8920177125008, 19.87078790297], [-98.8921617256173, 19.8709037426544], [-98.89203047848, 19.8710492461328]]], [[[-98.96908170595118, 19.797943798311], [-98.96908170595118, 19.797943798311], [-98.96908170595118, 19.797943798311], [-98.96908732847699, 19.7979459834633], [-98.9691435674672, 19.7979678403094], [-98.9691608319523, 19.7979745500124], [-98.96915285608799, 19.7979883168741], [-98.9691433140656, 19.797984512159], [-98.96913567142789, 19.7979814643693], [-98.96913567122992, 19.797981464711], [-98.9691356696745, 19.7979814640908], [-98.96907394667139, 19.797956853099], [-98.96908170595118, 19.797943798311]]], [[[-98.9695093575632, 19.7973721527634], [-98.9694924470545, 19.7973660163983], [-98.9694579588793, 19.797353501568], [-98.96942992709002, 19.79734332958], [-98.96942992709002, 19.7973433295801], [-98.9694299256329, 19.7973433290513], [-98.9694341004619, 19.7973361027267], [-98.9694441973944, 19.7973186256695], [-98.96952453276052, 19.7973464270319], [-98.9695244799812, 19.7973465181838], [-98.9695093575632, 19.7973721527634]]], [[[-98.91277990089, 19.8500746476766], [-98.9127561591053, 19.8501493796891], [-98.9127507613186, 19.8501472755774], [-98.91258136282951, 19.8500812422254], [-98.9126445238996, 19.8500320648318], [-98.9126445238996, 19.8500320648318], [-98.9126551790015, 19.8500237687331], [-98.9127805401427, 19.8500726354997], [-98.91277990089, 19.8500746476766], [-98.91277990089, 19.8500746476766]]], [[[-98.938322985266, 19.82989775079], [-98.9383505854403, 19.8298776370522], [-98.93837593509602, 19.8298591898331], [-98.9384286470126, 19.8298209007876], [-98.9384570179858, 19.8298003228045], [-98.93848065679128, 19.8297831898432], [-98.9385101883316, 19.829761797127], [-98.9385279057219, 19.829748967278], [-98.938563309925, 19.8297233346746], [-98.9397444487177, 19.8288682243248], [-98.9397553217391, 19.8288809067073], [-98.9377930916622, 19.8304489244968], [-98.9361668796771, 19.8317483914236], [-98.9362567862965, 19.8318523293153], [-98.9354401674928, 19.8324900105836], [-98.93507078129112, 19.8324302062265], [-98.9352351038563, 19.8319324346667], [-98.93522031989691, 19.8319280735372], [-98.9353716898209, 19.8314267076805], [-98.9356179794122, 19.8306490144217], [-98.9356463889415, 19.8305624018846], [-98.93602999973521, 19.8297469996396], [-98.93602938771438, 19.8297467409661], [-98.9360461756685, 19.8297112059278], [-98.93614607839228, 19.8296982015121], [-98.93620156131291, 19.8296211071409], [-98.9362030004675, 19.8296210001168], [-98.9366050002758, 19.8290730001173], [-98.9375969997429, 19.8302220002187], [-98.9377125535356, 19.8303557228027], [-98.9382973518754, 19.8299164608759], [-98.938322985266, 19.82989775079]]], [[[-98.9383062504526, 19.8298625724219], [-98.9396705769758, 19.8287828017655], [-98.9397444487177, 19.8288682243248], [-98.938563309925, 19.8297233346746], [-98.9385279057219, 19.829748967278], [-98.9385101883316, 19.829761797127], [-98.93848065679128, 19.8297831898432], [-98.9384570179858, 19.8298003228045], [-98.9384286470126, 19.8298209007876], [-98.9384038112944, 19.8298389307792], [-98.93837593509602, 19.8298591898331], [-98.9383505854403, 19.8298776370522], [-98.938322985266, 19.82989775079], [-98.9383207413254, 19.8298993886666], [-98.9383062504526, 19.8298625724219]]], [[[-98.9127756135615, 19.8500881429055], [-98.91312846824181, 19.8497245494183], [-98.9134036032505, 19.8494410392809], [-98.91348511191822, 19.8493775754925], [-98.9135059668979, 19.8493700253325], [-98.9136077447183, 19.8494870406159], [-98.9129089716888, 19.8500310027951], [-98.9127566553169, 19.8501495731174], [-98.9127561651494, 19.8501493820452], [-98.9127561591053, 19.8501493796891], [-98.91275768837622, 19.8501445660056], [-98.9127756135615, 19.8500881429055]]], [[[-99.0587911164279, 19.7248076121992], [-99.05879698476312, 19.7247576650006], [-99.05887753425928, 19.7243957419895], [-99.0589946867955, 19.7240428975636], [-99.0591473427488, 19.7237024428967], [-99.0593340693497, 19.7233775728732], [-99.05955311413472, 19.723071336111], [-99.0598024213961, 19.7227866063547], [-99.0598178146357, 19.7227707542403], [-99.0598332724723, 19.7227550091119], [-99.059848791124, 19.7227393684872], [-99.05986436686942, 19.7227238298487], [-99.05987999604538, 19.722708390645], [-99.0598956750465, 19.7226930482934], [-99.0599114003233, 19.7226778001824], [-99.05992716838071, 19.7226626436727], [-99.0599429757766, 19.7226475761008], [-99.0599588191209, 19.7226325947802], [-99.0599746950732, 19.7226176970035], [-99.0599906003417, 19.7226028800444], [-99.0600065316817, 19.7225881411597], [-99.06002248589368, 19.7225734775913], [-99.0600384598221, 19.7225588865676], [-99.0600544503537, 19.7225443653059], [-99.06007045441551, 19.7225299110137], [-99.06008646897371, 19.7225155208908], [-99.0601024910318, 19.7225011921304], [-99.0601185176289, 19.7224869219218], [-99.0601345458383, 19.7224727074509], [-99.0601505727654, 19.7224585459025], [-99.0601665955466, 19.7224444344619], [-99.0601826113472, 19.7224303703162], [-99.0601986173599, 19.7224163506557], [-99.06021461080338, 19.7224023726755], [-99.0602305889204, 19.7223884335777], [-99.0602465489759, 19.7223745305718], [-99.06026248825599, 19.7223606608765], [-99.060278404066, 19.7223468217214], [-99.0602942937289, 19.7223330103485], [-99.0624399876144, 19.7204680414963], [-99.0624569905221, 19.7204532624477], [-99.0624739798643, 19.7204384928726], [-99.06249095442608, 19.7204237315182], [-99.0625079129948, 19.7204089771354], [-99.06252485435928, 19.7203942284782], [-99.0625417773099, 19.7203794843047], [-99.0625586806381, 19.7203647433769], [-99.0625755631363, 19.7203500044612], [-99.0625924235971, 19.7203352663287], [-99.06260926081359, 19.7203205277554], [-99.0626260735788, 19.7203057875222], [-99.0626428606851, 19.7202910444157], [-99.06265962092442, 19.720276297228], [-99.0626763530877, 19.7202615447571], [-99.06269305596459, 19.7202467858074], [-99.0627097283431, 19.7202320191896], [-99.0627263690097, 19.7202172437212], [-99.0627429767485, 19.7202024582268], [-99.0627595503413, 19.7201876615381], [-99.0627760885673, 19.7201728524946], [-99.0627925902028, 19.7201580299434], [-99.06280905402072, 19.7201431927395], [-99.0628254787908, 19.7201283397469], [-99.0628418632788, 19.7201134698378], [-99.0628582062468, 19.7200985818932], [-99.0628745064523, 19.7200836748038], [-99.06289076264862, 19.720068747469], [-99.0629069735841, 19.7200537987986], [-99.06292313800249, 19.7200388277123], [-99.0629392546419, 19.72002383314], [-99.0629553222273, 19.7200088140302], [-99.0630180239562, 19.7199495024884], [-99.06308012776371, 19.7198896294866], [-99.0631416280441, 19.7198292004304], [-99.06320251924629, 19.7197682207744], [-99.06326279587411, 19.7197066960237], [-99.06332245248689, 19.7196446317321], [-99.06338148370018, 19.7195820335024], [-99.0634398841856, 19.7195189069857], [-99.06349764867102, 19.7194552578812], [-99.0635122618152, 19.7194389609721], [-99.06352684544072, 19.7194226195861], [-99.06354140075801, 19.719406234841], [-99.06355592898828, 19.7193898078476], [-99.0635704313632, 19.7193733397119], [-99.0635849091248, 19.7193568315341], [-99.06359936352489, 19.7193402844093], [-99.0636137958247, 19.7193236994276], [-99.06362820729531, 19.7193070776743], [-99.0636425992165, 19.7192904202304], [-99.0636569728769, 19.7192737281729], [-99.0636713295739, 19.7192570025747], [-99.06368567061308, 19.7192402445052], [-99.06369999730789, 19.7192234550304], [-99.0637143109797, 19.7192066352131], [-99.0637286129574, 19.7191897861138], [-99.0637429045768, 19.7191729087895], [-99.0637571871811, 19.7191560042962], [-99.0637714621199, 19.7191390736873], [-99.0637857307494, 19.7191221180142], [-99.0637999944319, 19.7191051383278], [-99.0638142545356, 19.7190881356775], [-99.0638285124344, 19.7190711111117], [-99.0638427695077, 19.7190540656788], [-99.06385702714, 19.7190370004266], [-99.0638712867205, 19.7190199164035], [-99.0638855496433, 19.7190028146581], [-99.0638998173069, 19.7189856962395], [-99.0639140911136, 19.7189685621984], [-99.0639283724699, 19.7189514135862], [-99.0639426627856, 19.7189342514568], [-99.0657532183969, 19.7167595320867], [-99.06571563967249, 19.7167316885848], [-99.0657791509909, 19.7166553974002], [-99.06581672984488, 19.7166832409903], [-99.0671127314727, 19.7151264342457], [-99.067134652851, 19.7151001018262], [-99.0671565858679, 19.7150737597378], [-99.06717853274499, 19.7150474096399], [-99.067200495706, 19.7150210531953], [-99.06722247697608, 19.7149946920704], [-99.0672444787817, 19.7149683279359], [-99.06726650335, 19.7149419624667], [-99.0672885529084, 19.7149155973435], [-99.0673106296844, 19.714889234252], [-99.0673327359049, 19.7148628748847], [-99.0673548737956, 19.7148365209406], [-99.06737704558111, 19.7148101741254], [-99.0673992534841, 19.7147838361531], [-99.0674116490816, 19.7147691665325], [-99.0673670934076, 19.7147350720115], [-99.06743132456349, 19.7146593240727], [-99.0674759042944, 19.7146934369922], [-99.0676691444178, 19.7144552271138], [-99.06770031246768, 19.7144795361496], [-99.0679060142364, 19.7143076681008], [-99.0678838568029, 19.71428998545], [-99.06792536460881, 19.7142433399093], [-99.0679499924314, 19.7142629940398], [-99.06802455879858, 19.7141995717538], [-99.0681577080894, 19.7140935320737], [-99.0681332438278, 19.7140736956215], [-99.0681751366117, 19.7140273598087], [-99.06819960087141, 19.7140471962552], [-99.06839330071212, 19.71386819506], [-99.0683811797816, 19.7138581902442], [-99.0684235022786, 19.7138122060238], [-99.0684384356745, 19.713824238847], [-99.0686314079583, 19.71364555995], [-99.068673965979, 19.7135997850034], [-99.06887543056799, 19.7134290301475], [-99.0689180653241, 19.7133833054473], [-99.0691199714244, 19.7132129246228], [-99.0691644682272, 19.7131692527987], [-99.0693680022883, 19.7129967091773], [-99.0694157681441, 19.7129552472935], [-99.069614777362, 19.712782502272], [-99.0696622609404, 19.7127412852403], [-99.0698612696288, 19.7125685399428], [-99.06990875308088, 19.7125273228452], [-99.0701078108125, 19.71235462849], [-99.07015524456529, 19.7123133601082], [-99.0703542257238, 19.7121406372364], [-99.07040170892319, 19.7120994200072], [-99.0706007185265, 19.7119266764684], [-99.070648199096, 19.7118854565866], [-99.07084720566618, 19.7117127101851], [-99.07089468861301, 19.7116714928243], [-99.07109369465378, 19.711498746147], [-99.0711411774742, 19.7114575287203], [-99.07135665927498, 19.711271364151], [-99.07135621237998, 19.7112709024252], [-99.07135633588459, 19.7112707602023], [-99.07137220874982, 19.7112580026712], [-99.0714379805203, 19.7112008077139], [-99.0715837618229, 19.7110742615037], [-99.0716584061439, 19.7110094659931], [-99.07174239055631, 19.7109365626528], [-99.0718872011261, 19.7108108584322], [-99.07205208845691, 19.7106677260014], [-99.0721399837152, 19.7105914272987], [-99.0722157388406, 19.7105256669143], [-99.0723288669344, 19.7104274641985], [-99.0724116353726, 19.7103556155629], [-99.0725461174835, 19.7102388757222], [-99.0726649410416, 19.7101357283703], [-99.0727955187723, 19.7100223773115], [-99.072930209759, 19.7099054553764], [-99.0730143863002, 19.7098323836517], [-99.0731015787505, 19.7097566937737], [-99.0731805947488, 19.709688101598], [-99.0732346105202, 19.7096412115553], [-99.0732809484986, 19.7096009864207], [-99.0733515736515, 19.7095396779812], [-99.0734185714771, 19.7094815182909], [-99.0734944820316, 19.7094156215286], [-99.07359644008838, 19.709327113202], [-99.073720208069, 19.7092196717839], [-99.07383902638702, 19.7091165006152], [-99.07390341868651, 19.709060642108], [-99.0739362629394, 19.7090290592941], [-99.07404373259389, 19.7089376603632], [-99.07418712407159, 19.7088178869544], [-99.0741913637298, 19.7088143821889], [-99.07433177288749, 19.7086994774693], [-99.0744373130362, 19.7086146014086], [-99.074477688698, 19.7085825094357], [-99.0746245709712, 19.7084668650721], [-99.07465765400129, 19.7084409312337], [-99.07465243988771, 19.7084349851492], [-99.0748017390434, 19.7083095475174], [-99.07517638451229, 19.7079835312643], [-99.0753136773991, 19.7078693018091], [-99.0771656164668, 19.7062519039988], [-99.0773926824297, 19.7064860980884], [-99.0773583935004, 19.70651593253], [-99.0773305603257, 19.7065524217647], [-99.07728468139518, 19.7065925634917], [-99.0772390384746, 19.7066329458217], [-99.07719363297102, 19.70667356751], [-99.0771484662838, 19.7067144273047], [-99.0771035398054, 19.7067555239464], [-99.0770588549206, 19.7067968561685], [-99.07701441300671, 19.7068384226971], [-99.0769702154337, 19.7068802222511], [-99.07692626357301, 19.7069222535333], [-99.0767855518804, 19.7070446865983], [-99.07578775960701, 19.7080041796478], [-99.07577911913388, 19.7080124883579], [-99.07577047696292, 19.7080207985017], [-99.0757618329897, 19.7080291099818], [-99.0757531871098, 19.7080374227007], [-99.0757445392187, 19.7080457365608], [-99.07573588921191, 19.7080540514647], [-99.07572723698482, 19.7080623673147], [-99.0757185824327, 19.708070684013], [-99.07570992545098, 19.7080790014619], [-99.075701265935, 19.7080873195633], [-99.07569260378011, 19.7080956382194], [-99.07568393888138, 19.7081039573321], [-99.07567527113422, 19.7081122768033], [-99.0756666004339, 19.7081205965346], [-99.0756579266755, 19.7081289164278], [-99.07564924975439, 19.7081372363842], [-99.0756405695657, 19.7081455563056], [-99.0756318860047, 19.708153876093], [-99.0756231989666, 19.7081621956478], [-99.0756145083466, 19.708170514871], [-99.07560581403999, 19.7081788336635], [-99.07559711594212, 19.7081871519264], [-99.07558841394821, 19.7081954695602], [-99.0755797079535, 19.7082037864655], [-99.0755709978535, 19.7082121025429], [-99.0755622835434, 19.7082204176925], [-99.0755535649187, 19.7082287318147], [-99.0755448418748, 19.7082370448093], [-99.07553611430728, 19.7082453565763], [-99.0755273821116, 19.7082536670155], [-99.0755186451834, 19.7082619760263], [-99.0754511436241, 19.7083259658306], [-99.0753834501578, 19.7083897735769], [-99.0753155653318, 19.708453398749], [-99.0752474896949, 19.7085168408323], [-99.0751792237977, 19.7085800993137], [-99.075110768192, 19.7086431736814], [-99.0750421234313, 19.7087060634253], [-99.07497329007072, 19.7087687680366], [-99.0749042686757, 19.7088312869993], [-99.074895306926, 19.7088393784386], [-99.074886343771, 19.7088474653665], [-99.0748773793145, 19.7088555478838], [-99.07486841366, 19.7088636260917], [-99.0748594469109, 19.7088717000913], [-99.0748504791706, 19.7088797699838], [-99.0748415105422, 19.7088878358703], [-99.07483254112852, 19.7088958978522], [-99.07482357103251, 19.7089039560307], [-99.0748146003568, 19.708912010507], [-99.07480562920381, 19.7089200613825], [-99.0747966576761, 19.7089281087584], [-99.0747876858758, 19.7089361527362], [-99.07477871390522, 19.7089441934171], [-99.0747697418661, 19.7089522309026], [-99.0747607698606, 19.7089602652939], [-99.07475179799029, 19.7089682966924], [-99.0747428263569, 19.7089763251994], [-99.074733855062, 19.7089843509163], [-99.07472488420709, 19.7089923739445], [-99.0747159138934, 19.7090003943852], [-99.0747069442222, 19.7090084123397], [-99.0746979752947, 19.7090164279093], [-99.0746890072119, 19.7090244411952], [-99.07468004007481, 19.7090324522987], [-99.07467107398432, 19.709040461321], [-99.07466210904131, 19.7090484683631], [-99.0746531453464, 19.7090564735263], [-99.0746441830003, 19.7090644769115], [-99.0746352221036, 19.7090724786198], [-99.07462626275688, 19.7090804787523], [-99.0679906716994, 19.7150052775604], [-99.0679861925867, 19.7150092766569], [-99.06798171446641, 19.7150132749226], [-99.0679772373679, 19.715017272387], [-99.0679727613202, 19.7150212690792], [-99.06796828635278, 19.7150252650288], [-99.0679638124948, 19.7150292602651], [-99.06795933977531, 19.7150332548174], [-99.0679548682237, 19.7150372487149], [-99.067950397869, 19.715041241987], [-99.0679459287404, 19.7150452346629], [-99.06794146086722, 19.7150492267718], [-99.0679369942783, 19.715053218343], [-99.067932529003, 19.7150572094055], [-99.0679280650703, 19.7150611999885], [-99.0679236025094, 19.7150651901213], [-99.0679191413493, 19.7150691798327], [-99.0679146816191, 19.7150731691521], [-99.0679102233479, 19.7150771581081], [-99.06790576656479, 19.7150811467301], [-99.0679013112989, 19.715085135047], [-99.06789685757911, 19.7150891230877], [-99.06789240543449, 19.715093110881], [-99.0678879548942, 19.7150970984559], [-99.0678835059872, 19.7151010858413], [-99.0678790587425, 19.715105073066], [-99.0678746131891, 19.7151090601587], [-99.0678701693562, 19.7151130471484], [-99.06786572727259, 19.7151170340635], [-99.0678612869675, 19.7151210209328], [-99.0678568484698, 19.7151250077851], [-99.0678524118085, 19.7151289946489], [-99.06780887656582, 19.7151723792984], [-99.0677655878747, 19.7152157856026], [-99.06772258286192, 19.7152592396412], [-99.0675876253423, 19.7153846627113], [-99.06745445408399, 19.7155117866612], [-99.0673230929905, 19.7156405886768], [-99.06719356564061, 19.7157710456429], [-99.0670658952844, 19.7159031341469], [-99.0670118849148, 19.7159605390899], [-99.0670825783964, 19.71601291799], [-99.0670624209827, 19.7160343423014], [-99.0670107983306, 19.7160892094116], [-99.0668869103945, 19.7162244896354], [-99.06679626988328, 19.7163261861391], [-99.0667255763565, 19.7162738071281], [-99.06669425365611, 19.7163089503961], [-99.0665742370598, 19.7164473251267], [-99.0665323249897, 19.7164917268182], [-99.0664904881531, 19.7165363919043], [-99.0664486958416, 19.7165812876653], [-99.0664448937788, 19.716585824638], [-99.0664410918902, 19.7165903633423], [-99.0664372901429, 19.7165949037531], [-99.06643348850439, 19.7165994458457], [-99.0664296869419, 19.7166039895951], [-99.0664258854226, 19.7166085349767], [-99.06642208391371, 19.7166130819654], [-99.06641828238249, 19.7166176305366], [-99.0664144807958, 19.7166221806653], [-99.066410679121, 19.7166267323268], [-99.066406877325, 19.716631285496], [-99.0664030753748, 19.7166358401483], [-99.0663992732374, 19.7166403962589], [-99.06639547087991, 19.7166449538025], [-99.06639166826899, 19.7166495127547], [-99.0663878653717, 19.7166540730905], [-99.0663840621548, 19.7166586347851], [-99.0663802585853, 19.7166631978134], [-99.0663764546298, 19.7166677621508], [-99.06637265025519, 19.7166723277721], [-99.0663688454282, 19.7166768946528], [-99.0663650401155, 19.7166814627675], [-99.0663612342838, 19.7166860320917], [-99.0663574278997, 19.7166906026003], [-99.06635362093, 19.7166951742684], [-99.06634981334122, 19.716699747071], [-99.06634600509989, 19.7167043209833], [-99.0663421961727, 19.71670889598], [-99.0663383865261, 19.7167134720366], [-99.06633457612658, 19.7167180491275], [-99.0663307649407, 19.7167226272282], [-99.0660944459287, 19.7170065000874], [-99.0642798767721, 19.7191860457964], [-99.0642655760943, 19.7192032204132], [-99.0642512636211, 19.7192204064318], [-99.0642369379335, 19.7192376027922], [-99.06422259760959, 19.7192548084308], [-99.06420824122532, 19.7192720222813], [-99.0641938673546, 19.7192892432735], [-99.0641794745696, 19.7193064703334], [-99.0641650614409, 19.7193237023829], [-99.064150626538, 19.7193409383393], [-99.0641361684294, 19.719358177115], [-99.06412168568279, 19.7193754176174], [-99.0641071768657, 19.7193926587483], [-99.0640926405454, 19.7194098994038], [-99.0640780752893, 19.7194271384736], [-99.0640634796653, 19.7194443748415], [-99.0640488522419, 19.719461607384], [-99.064034191589, 19.7194788349706], [-99.0640194962773, 19.7194960564639], [-99.0640047648795, 19.719513270718], [-99.06398999597, 19.7195304765798], [-99.0639751881254, 19.7195476728872], [-99.063960339925, 19.7195648584698], [-99.0639454499507, 19.7195820321481], [-99.06393051678758, 19.719599192733], [-99.0639155390242, 19.7196163390263], [-99.06390051525288, 19.7196334698196], [-99.06388544407018, 19.7196505838943], [-99.0638703240767, 19.7196676800214], [-99.0638551538782, 19.7196847569607], [-99.0638399320852, 19.7197018134611], [-99.0638246573139, 19.7197188482602], [-99.0637642336288, 19.7197854276111], [-99.0637031446615, 19.7198514603159], [-99.063641395926, 19.7199169404137], [-99.06357899299562, 19.7199818619934], [-99.0635159415029, 19.7200462191942], [-99.0634522471391, 19.7201100062065], [-99.0633879156531, 19.720173217272], [-99.0633229528517, 19.7202358466844], [-99.06325736460758, 19.7202978887811], [-99.0632405695343, 19.720313587944], [-99.063223747642, 19.7203292387039], [-99.06320690036401, 19.720344842273], [-99.0631900291217, 19.7203603998698], [-99.0631731353251, 19.7203759127182], [-99.0631562203733, 19.7203913820474], [-99.06313928565459, 19.7204068090916], [-99.0631223325467, 19.7204221950898], [-99.06310536241722, 19.7204375412851], [-99.063088376624, 19.7204528489247], [-99.0630713765152, 19.7204681192591], [-99.0630543634297, 19.7204833535427], [-99.0630373386976, 19.7204985530325], [-99.06302030364022, 19.7205137189885], [-99.06300325957062, 19.7205288526726], [-99.0629862077939, 19.7205439553494], [-99.0629691496073, 19.7205590282849], [-99.0629520863009, 19.7205740727468], [-99.06293501915772, 19.7205890900039], [-99.0629179494537, 19.7206040813257], [-99.0629008784588, 19.7206190479828], [-99.0628838074365, 19.7206339912457], [-99.06286673764458, 19.7206489123852], [-99.06284967033561, 19.7206638126714], [-99.0628326067566, 19.7206786933746], [-99.06281554814991, 19.7206935557636], [-99.0627984957534, 19.7207084011063], [-99.0627814508005, 19.7207232306695], [-99.0627644145211, 19.720738045718], [-99.062747388141, 19.7207528475151], [-99.0627303728833, 19.7207676373215], [-99.06058467838858, 19.7226326095882], [-99.0605688175268, 19.7226463959478], [-99.0605529881144, 19.7226601599971], [-99.06053719278519, 19.7226739044499], [-99.06052143416169, 19.7226876320018], [-99.06050571485652, 19.7227013453303], [-99.0604900374741, 19.7227150470917], [-99.0604744046121, 19.7227287399213], [-99.060458818863, 19.7227424264309], [-99.0604432828151, 19.7227561092088], [-99.0604277990549, 19.722769790817], [-99.0604123701674, 19.7227834737907], [-99.0603969987383, 19.7227971606373], [-99.060381687355, 19.7228108538339], [-99.060366438608, 19.7228245558277], [-99.06035125509209, 19.7228382690329], [-99.060336139408, 19.7228519958306], [-99.0603210941632, 19.7228657385672], [-99.0603061219733, 19.7228794995527], [-99.060291225463, 19.7228932810597], [-99.06027640726782, 19.7229070853219], [-99.0602616700345, 19.7229209145331], [-99.0602470164225, 19.7229347708455], [-99.0602324491048, 19.722948656368], [-99.06021797076889, 19.7229625731658], [-99.0602035841179, 19.722976523258], [-99.0601892918714, 19.722990508617], [-99.0601750967661, 19.7230045311664], [-99.0601610015568, 19.7230185927802], [-99.0601470090171, 19.7230326952808], [-99.0601331219402, 19.7230468404379], [-99.0601193431393, 19.7230610299673], [-99.0598965894787, 19.7233154338808], [-99.0597008752368, 19.7235890540898], [-99.0595340371568, 19.7238793229154], [-99.0593976410315, 19.7241835164321], [-99.059357829708, 19.7243034227492], [-99.0593781376613, 19.7243098863183], [-99.0593517602942, 19.7243916675109], [-99.05933990873962, 19.7243882070859], [-99.05936110010359, 19.7243213728037], [-99.0593650715434, 19.7243088474906], [-99.0588543026107, 19.7247527039006], [-99.0587911164279, 19.7248076121992]]], [[[-98.9779677393534, 19.7827163838133], [-98.97796190956929, 19.7827259973542], [-98.97796190956929, 19.7827259973542], [-98.9779567258109, 19.7827240023412], [-98.9779217555646, 19.7827105436944], [-98.9781818371528, 19.7822701684216], [-98.97822718645828, 19.7822885440697], [-98.97822718645818, 19.7822885440697], [-98.9779677393534, 19.7827163838133]]], [[[-98.97822718645828, 19.7822885440696], [-98.9781818371528, 19.7822701684216], [-98.9784061674306, 19.7818901781302], [-98.9784248948543, 19.7818983174293], [-98.9784556990743, 19.7819117055306], [-98.9784556990743, 19.7819117055306], [-98.9784556990743, 19.7819117055306], [-98.9783533052232, 19.7820805627637], [-98.97822718645828, 19.7822885440696]]], [[[-98.9784556990743, 19.7819117055306], [-98.9784245569498, 19.7818985057768], [-98.9784059891621, 19.7818906133358], [-98.9785457903235, 19.7816539109983], [-98.9786514688465, 19.7815290376885], [-98.9786612904389, 19.7815327834308], [-98.97867340989728, 19.7815378069264], [-98.9786435855777, 19.7815908144028], [-98.97857169171822, 19.7817185929127], [-98.9785576447886, 19.7817435587969], [-98.97852843802211, 19.7817917503672], [-98.9785276445713, 19.7817930588629], [-98.9785252032385, 19.7817970849139], [-98.9784556990743, 19.7819117055306]]], [[[-98.97762965178148, 19.7832051362128], [-98.9779217555646, 19.7827105436944], [-98.97796190956929, 19.7827259973542], [-98.97796190956929, 19.7827259973542], [-98.97766312399122, 19.7832187248054], [-98.97762965178148, 19.7832051362128]]], [[[-98.9761941773788, 19.7856386775889], [-98.9762734722081, 19.7855017094281], [-98.9762309437813, 19.7856491363718], [-98.9761941773788, 19.7856386775889]]], [[[-98.9760717553838, 19.785685165163], [-98.9760934332793, 19.785610018966], [-98.9761941773788, 19.7856386775889], [-98.9762309437813, 19.7856491363718], [-98.9762092649902, 19.7857242825851], [-98.9760717553838, 19.785685165163]]], [[[-98.9761492735276, 19.7858231988551], [-98.9761098288607, 19.785812753224], [-98.9761679413712, 19.7857125274925], [-98.9762092654584, 19.7857242829675], [-98.9761492735276, 19.7858231988551]]], [[[-98.94439045620528, 19.8253652449576], [-98.9443804012442, 19.8253613180194], [-98.9456589545873, 19.8243446408702], [-98.9472132198955, 19.8231785718256], [-98.94743003235018, 19.8230205647629], [-98.94777705222411, 19.8227603181325], [-98.94782930910281, 19.8227475408237], [-98.9478335434753, 19.8227524779969], [-98.947833538701, 19.8227524816119], [-98.9478335386996, 19.8227524816102], [-98.947386042048, 19.8230913140728], [-98.9469430921206, 19.823420423082], [-98.9467906707858, 19.8235337841972], [-98.9464828997252, 19.8237626834828], [-98.9461579110502, 19.8240037579892], [-98.94605076819491, 19.8240832355785], [-98.9456857146564, 19.8243576828821], [-98.9454131944547, 19.824568375565], [-98.9451078242262, 19.8248067918604], [-98.94480029463118, 19.8250461558282], [-98.9445157935842, 19.8252676243921], [-98.9445157916382, 19.8252676259077], [-98.94439045620528, 19.8253652449576]]], [[[-98.9236254470448, 19.8421453196307], [-98.923471302085, 19.8420933369094], [-98.9240558559185, 19.8416479980749], [-98.9243008902203, 19.8416193831328], [-98.9236254470448, 19.8421453196307]]], [[[-98.8958397994035, 19.8668240036746], [-98.8949699564856, 19.8677888053367], [-98.8949681787107, 19.8675004306082], [-98.8949681787107, 19.8675004306082], [-98.8949681787107, 19.8675004306082], [-98.8949686662139, 19.8674998796501], [-98.8952166974904, 19.8672230112476], [-98.8953391352853, 19.8670868351886], [-98.8954633221179, 19.8669487081173], [-98.895640100878, 19.8667517098211], [-98.895640100878, 19.8667517098211], [-98.895640100878, 19.8667517098211], [-98.89576641822471, 19.8667974386238], [-98.8958397994035, 19.8668240036746]]], [[[-98.8991785197587, 19.8635775866534], [-98.89907929452409, 19.863689370132], [-98.8988794694794, 19.8639109390016], [-98.8988001355245, 19.8638486754955], [-98.89910236803762, 19.8635129122499], [-98.8991544230804, 19.8635571217502], [-98.8991785197587, 19.8635775866534], [-98.8991785197587, 19.8635775866534], [-98.8991785197587, 19.8635775866534]]], [[[-98.7485969873297, 20.0464230816212], [-98.74940142336558, 20.0467537396931], [-98.7494004819017, 20.0473471361866], [-98.7493990440246, 20.0473471378108], [-98.74939900216378, 20.0473349988858], [-98.7485949587761, 20.0473359052999], [-98.7485969873297, 20.0464230816212]]], [[[-99.0540975317472, 19.7363221081926], [-99.0540794516513, 19.7363379405964], [-99.05406138393539, 19.7363537651008], [-99.0540433323128, 19.7363695813921], [-99.0540252983294, 19.7363853910503], [-99.0540072835297, 19.7364011956519], [-99.0539892894568, 19.7364169967663], [-99.0539713176505, 19.736432795958], [-99.0539533696528, 19.7364485947866], [-99.0539354470035, 19.7364643948049], [-99.0539175512446, 19.7364801975587], [-99.0538997550682, 19.7364959416408], [-99.05388192411209, 19.736511748675], [-99.05386412465478, 19.7365275630196], [-99.05384635824, 19.7365433861897], [-99.05382862641929, 19.7365592196868], [-99.05381093074202, 19.736575065007], [-99.0537932727606, 19.7365909236372], [-99.0537756540332, 19.7366067970547], [-99.05375807612049, 19.7366226867274], [-99.0537405405933, 19.7366385941043], [-99.05372304901799, 19.7366545206356], [-99.05370560297281, 19.7366704677521], [-99.05368820404338, 19.7366864368722], [-99.0536708538118, 19.7367024294088], [-99.05365355387902, 19.7367184467541], [-99.0536363058468, 19.7367344902893], [-99.05361911132111, 19.7367505613858], [-99.0536019719219, 19.7367666613968], [-99.0535848892741, 19.7367827916612], [-99.05356786500919, 19.736798953506], [-99.05355080364428, 19.7368152409585], [-99.05325381674679, 19.7371147040765], [-99.0532377210258, 19.7371318501677], [-99.0532217553701, 19.7371489533095], [-99.0532058266649, 19.7371661096422], [-99.0531899334103, 19.7371833177075], [-99.0531740740951, 19.7372005760502], [-99.0531582471859, 19.737217883232], [-99.0531424511429, 19.7372352378129], [-99.053126684408, 19.73725263837], [-99.05311094540879, 19.7372700834805], [-99.05309523256152, 19.7372875717332], [-99.0530795442698, 19.7373051017217], [-99.0530638789252, 19.7373226720447], [-99.0530482349057, 19.7373402813102], [-99.05303261058059, 19.7373579281252], [-99.0530170043032, 19.737375611111], [-99.05300141442372, 19.7373933288847], [-99.0529858392735, 19.7374110800748], [-99.0529702771829, 19.7374288633066], [-99.0529547264639, 19.7374466772141], [-99.0529391854297, 19.7374645204296], [-99.0529235961203, 19.7374824563175], [-99.0529080750182, 19.7375003476416], [-99.0528925584535, 19.7375182641806], [-99.0528770447029, 19.7375362045786], [-99.0528615320366, 19.7375541674787], [-99.05284601871809, 19.7375721515268], [-99.05283050300612, 19.737590155367], [-99.05281498315182, 19.7376081776442], [-99.0527994574023, 19.7376262169998], [-99.0527839239983, 19.737644272076], [-99.05276838117652, 19.7376623415116], [-99.050403543313, 19.7404116265424], [-99.0501030889859, 19.7404245792739], [-99.05012806163938, 19.7407318845542], [-99.0478287669353, 19.7434048361715], [-99.0478159831202, 19.7434054540261], [-99.0478170383035, 19.7434184705109], [-99.0421385296602, 19.7500192782132], [-99.04212491729439, 19.7500351004334], [-99.042111300961, 19.750050926168], [-99.0420976794136, 19.7500667557706], [-99.042084052086, 19.7500825888057], [-99.0420704184111, 19.7500984248334], [-99.0420567778228, 19.7501142634163], [-99.04204312975209, 19.7501301041164], [-99.0420294736329, 19.7501459464928], [-99.04201580889719, 19.7501617901055], [-99.0420021349769, 19.7501776345137], [-99.04198845130398, 19.7501934792745], [-99.0419747573105, 19.7502093239455], [-99.04196105242832, 19.750225168083], [-99.04194733609042, 19.7502410112415], [-99.04193360772871, 19.750256852974], [-99.0419198667742, 19.7502726928341], [-99.0419061126617, 19.7502885303736], [-99.04189234482232, 19.750304365141], [-99.04187856268902, 19.7503201966872], [-99.0418647656964, 19.7503360245586], [-99.0418509532785, 19.7503518483008], [-99.0418371248682, 19.7503676674595], [-99.0418232799022, 19.7503834815765], [-99.0418094178135, 19.7503992901947], [-99.0417955380407, 19.7504150928524], [-99.04178164001861, 19.750430889089], [-99.0417677231859, 19.75044667844], [-99.04175378697919, 19.7504624604392], [-99.0417398308392, 19.7504782346215], [-99.04172579190659, 19.7504940707872], [-99.0417118565156, 19.7505097576502], [-99.039662032212, 19.7525079518935], [-99.03964580305939, 19.7525216600629], [-99.0396296331797, 19.7525352902444], [-99.0396133816298, 19.7525489623349], [-99.039597121231, 19.7525626157764], [-99.0395808524923, 19.7525762510865], [-99.03956457592352, 19.752589868783], [-99.03954829202961, 19.7526034693862], [-99.0395320013167, 19.7526170534157], [-99.0395157042859, 19.7526306213928], [-99.0394994014395, 19.7526441738388], [-99.0394830932759, 19.7526577112759], [-99.0394667802943, 19.7526712342255], [-99.0394504629894, 19.7526847432115], [-99.0394341418567, 19.7526982387571], [-99.0394178173897, 19.7527117213864], [-99.0394014900792, 19.7527251916224], [-99.039385160417, 19.7527386499911], [-99.0393688288917, 19.7527520970164], [-99.0393524959914, 19.7527655332224], [-99.0393361622029, 19.7527789591358], [-99.03931982801319, 19.7527923752797], [-99.0393034939053, 19.7528057821801], [-99.03928716036339, 19.7528191803618], [-99.03927082787142, 19.7528325703498], [-99.03925449691071, 19.752845952669], [-99.0392381679613, 19.7528593278452], [-99.03922184150458, 19.7528726964017], [-99.03920551802068, 19.7528860588633], [-99.039189197988, 19.7528994157541], [-99.03917288188389, 19.7529127675972], [-99.0391565701886, 19.7529261149167], [-99.0255574268643, 19.7640524205513], [-99.0253584667398, 19.7640042813249], [-99.0253207122828, 19.7639942376073], [-99.02526554882421, 19.7642911957763], [-99.0232555693981, 19.7659354573293], [-99.0229956436356, 19.7658739338693], [-99.02293691085379, 19.7661961304221], [-99.01982972580572, 19.7687378347348], [-99.019799428887, 19.768762615239], [-99.0197690973265, 19.7687874122243], [-99.0197387192346, 19.7688122235403], [-99.0197082884036, 19.7688370423521], [-99.0196777131024, 19.7688619313996], [-99.019647140938, 19.7688867583605], [-99.01961649733542, 19.7689115720161], [-99.0195857760783, 19.7689363653564], [-99.01955497097711, 19.7689611313141], [-99.01952407585678, 19.768985862766], [-99.01949308456788, 19.7690105525321], [-99.01946199099729, 19.7690351933635], [-99.0194307890662, 19.7690597779455], [-99.0193994727407, 19.7690842988882], [-99.01936803603729, 19.7691087487287], [-99.01933647302542, 19.7691331199199], [-99.01930477783979, 19.7691574048307], [-99.01927294467582, 19.7691815957459], [-99.0192409678106, 19.7692056848518], [-99.0192088415968, 19.7692296642443], [-99.019176560473, 19.7692535259183], [-99.0191441189751, 19.7692772617662], [-99.0191115117343, 19.7693008635749], [-99.0190787334919, 19.7693243230227], [-99.01904577910071, 19.7693476316742], [-99.01901264353562, 19.7693707809817], [-99.0189793219005, 19.7693937622765], [-99.0189458094347, 19.7694165667716], [-99.018912101517, 19.7694391855587], [-99.0188781936818, 19.7694616095995], [-99.0188443751884, 19.7694836385067], [-99.0185124922905, 19.769682541642], [-99.01816682615959, 19.7698591578427], [-99.01780904408541, 19.7700126351988], [-99.0174408718117, 19.7701422334051], [-99.01706408521709, 19.770247327338], [-99.016680501741, 19.7703274100704], [-99.0162919716191, 19.7703820953182], [-99.0159003689538, 19.770411119303], [-99.0155075826746, 19.7704143420256], [-99.01511550742029, 19.7703917479389], [-99.0147260343988, 19.7703434460296], [-99.01434104226222, 19.7702696692838], [-99.0139623880435, 19.7701707735689], [-99.0139232624527, 19.7701590114716], [-99.0138839299539, 19.7701468959378], [-99.0138447288778, 19.7701345390216], [-99.0138056577284, 19.7701219506007], [-99.0137667148239, 19.7701091404703], [-99.0137278983094, 19.7700961183499], [-99.0136892061632, 19.7700828938793], [-99.0136506362049, 19.7700694766227], [-99.0136121861042, 19.7700558760663], [-99.013573853384, 19.7700421016215], [-99.0135356354353, 19.7700281626245], [-99.0134975295173, 19.7700140683357], [-99.01345953277378, 19.7699998279479], [-99.0134216422301, 19.7699854505786], [-99.0133838548085, 19.7699709452768], [-99.01334616733, 19.7699563210256], [-99.01330857652701, 19.7699415867401], [-99.01327107904571, 19.7699267512741], [-99.01323367145321, 19.7699118234164], [-99.0131963502469, 19.7698968118987], [-99.0131591118622, 19.7698817253932], [-99.0131219526742, 19.7698665725196], [-99.01308486900942, 19.7698513618398], [-99.01304785714849, 19.7698361018705], [-99.0130109133358, 19.7698208010779], [-99.0129740337833, 19.7698054678801], [-99.0129372972503, 19.7697901450965], [-99.01290051410489, 19.7697747636302], [-99.01286378375981, 19.7697593747269], [-99.01282710236188, 19.7697439866647], [-99.0127904660602, 19.7697286076883], [-99.00956981134752, 19.7683764745959], [-99.00954167053762, 19.7683646614602], [-99.0095135704294, 19.768352875154], [-99.0094855161353, 19.7683411275288], [-99.0094576108235, 19.7683294713189], [-99.009429663749, 19.7683178362495], [-99.00940175143108, 19.7683062638676], [-99.0093738702839, 19.7682947621222], [-99.0093460167929, 19.7682833389354], [-99.0093181875201, 19.7682720022055], [-99.00929037911061, 19.7682607598075], [-99.0092625882954, 19.7682496195983], [-99.00923481191221, 19.7682385894176], [-99.0092070468963, 19.7682276770924], [-99.00917929029852, 19.7682168904345], [-99.0091515392906, 19.7682062372491], [-99.0091237911696, 19.7681957253308], [-99.00909604336998, 19.7681853624686], [-99.00906829346359, 19.768175156447], [-99.009040539178, 19.7681651150479], [-99.0090127783915, 19.7681552460476], [-99.00898500914951, 19.7681455572242], [-99.00895722966422, 19.7681360563543], [-99.0089294383334, 19.7681267512113], [-99.00890163373309, 19.7681176495726], [-99.0088738146351, 19.7681087592117], [-99.0088459800106, 19.7681000879022], [-99.0088181290372, 19.7680916434188], [-99.0087902611071, 19.7680834335294], [-99.0087623758329, 19.7680754660023], [-99.00873447305662, 19.7680677485984], [-99.00870611888001, 19.7680601731262], [-99.0085080575119, 19.7680149094206], [-99.00830724942381, 19.7679822458672], [-99.0081045879804, 19.7679623277788], [-99.007900974789, 19.7679552437698], [-99.00769731569028, 19.767961025355], [-99.0074945167303, 19.7679796468125], [-99.00729348012729, 19.7680110252993], [-99.0070951002636, 19.7680550212169], [-99.0070583957076, 19.7679262032752], [-99.007040404662, 19.7678704299886], [-99.0068242987935, 19.7679309796773], [-99.00661299638101, 19.7680051838833], [-99.0064074588572, 19.7680927049775], [-99.0062080824658, 19.7681934169873], [-99.0061894286616, 19.7682037115052], [-99.0061740980112, 19.7682122671321], [-99.0061587672633, 19.7682209117008], [-99.006143433993, 19.7682296403117], [-99.00612809582519, 19.7682384479764], [-99.0061127504561, 19.7682473296082], [-99.0060961933661, 19.7682569808345], [-99.0056179657644, 19.7680758582419], [-99.0056985041632, 19.7680188568371], [-99.0065875753129, 19.7676270841106], [-99.0066351446283, 19.7676952475244], [-99.0069224771955, 19.7675754342654], [-99.0071709010653, 19.7674733143755], [-99.0073616070452, 19.7673909781011], [-99.0076414214987, 19.7673473496829], [-99.00809170307951, 19.7673524516409], [-99.0085205083829, 19.7674113840813], [-99.0089252423996, 19.767539553744], [-99.0090354347347, 19.7675863666848], [-99.0091302566373, 19.7676240520126], [-99.0092397647675, 19.767675228189], [-99.00924887220602, 19.7676786492235], [-99.00925795327818, 19.7676820859226], [-99.0092670082783, 19.7676855374378], [-99.00927603749821, 19.7676890029375], [-99.0092850412328, 19.767692481595], [-99.00929401978291, 19.7676959725923], [-99.0093029734509, 19.7676994751135], [-99.0093119025432, 19.7677029883524], [-99.0093208073691, 19.7677065115056], [-99.00932968824162, 19.7677100437797], [-99.0093385454767, 19.767713584383], [-99.0093473793902, 19.7677171325311], [-99.0093561903038, 19.7677206874468], [-99.0093649785383, 19.7677242483556], [-99.0093737444171, 19.7677278144913], [-99.00938248826668, 19.7677313850919], [-99.00939121041252, 19.7677349594001], [-99.009399911183, 19.7677385366651], [-99.0094085909054, 19.7677421161402], [-99.009417249909, 19.7677456970854], [-99.00942588852422, 19.7677492787642], [-99.0094345070811, 19.7677528604454], [-99.00944310590899, 19.7677564414043], [-99.0094516853362, 19.7677600209179], [-99.009460245694, 19.7677635982695], [-99.0094687873107, 19.7677671727489], [-99.0094773105146, 19.7677707436484], [-99.0094858156322, 19.7677743102641], [-99.00949430298881, 19.7677778718973], [-99.0095027729101, 19.767781427855], [-99.00951122571851, 19.7677849774476], [-99.0132085706112, 19.7693376115204], [-99.01323248148, 19.7693476514], [-99.0132563629078, 19.7693576746262], [-99.013280216566, 19.7693676776285], [-99.0133040441132, 19.7693776568479], [-99.01332784719881, 19.7693876087402], [-99.0133516274566, 19.769397529769], [-99.01337538650529, 19.7694074164098], [-99.0133991259465, 19.7694172651489], [-99.0134228473643, 19.7694270724782], [-99.0134465523194, 19.7694368349011], [-99.01347024235199, 19.7694465489274], [-99.0134939189788, 19.7694562110733], [-99.0135175836875, 19.7694658178614], [-99.01354123794229, 19.7694753658203], [-99.0135648831747, 19.7694848514834], [-99.0135885207885, 19.7694942713887], [-99.0136121521514, 19.7695036220793], [-99.01363577859951, 19.7695129000994], [-99.0136594014327, 19.7695221019978], [-99.01368302191061, 19.769531224325], [-99.01370664125571, 19.7695402636342], [-99.01373026064961, 19.7695492164794], [-99.0137538812307, 19.7695580794168], [-99.0137775040926, 19.769566849003], [-99.01380113028321, 19.7695755217941], [-99.01382476080151, 19.7695840943469], [-99.013848396599, 19.769592563221], [-99.0138720385755, 19.7696009249705], [-99.0138956875774, 19.7696091761541], [-99.0139193443966, 19.7696173133269], [-99.0139430097698, 19.7696253330448], [-99.0144753783492, 19.7697740840102], [-99.01502164595829, 19.7698673121103], [-99.0155753711138, 19.7699039180145], [-99.0161300243673, 19.7698834700714], [-99.0166790653232, 19.7698062094026], [-99.01701968670861, 19.769716880361], [-99.01721115119588, 19.7696627021681], [-99.0174756044681, 19.7695694568189], [-99.01773356233592, 19.7694798587796], [-99.0178478607783, 19.7694192827524], [-99.0179737177115, 19.7693538422382], [-99.0182187034412, 19.7692277274848], [-99.0183637298519, 19.7691516735215], [-99.0184989026882, 19.7690839317444], [-99.0186261281185, 19.768979396911], [-99.01863993305372, 19.768967197208], [-99.0186527392442, 19.7689574199262], [-99.01867935260199, 19.7689359013378], [-99.0186925104496, 19.7689236229586], [-99.0187174619033, 19.7689040831054], [-99.0187542728687, 19.7688739002256], [-99.0187933551272, 19.7688437650152], [-99.0188177897036, 19.7688223806143], [-99.01884632359722, 19.7687989403024], [-99.0188806805816, 19.7687710334808], [-99.0189104321519, 19.7687481799166], [-99.0189463016494, 19.7687185097809], [-99.0189796253519, 19.7686907993278], [-99.0190046903047, 19.7686703893163], [-99.0190290133824, 19.7686493772338], [-99.01905265448781, 19.7686290357294], [-99.0190777437067, 19.7686106268565], [-99.01910821777109, 19.7685852547282], [-99.01914120993972, 19.7685581387568], [-99.01918169951891, 19.7685251524999], [-99.0192279587928, 19.7684862369325], [-99.0192522034401, 19.768467922735], [-99.0192913872706, 19.7684356986617], [-99.02009467337959, 19.7677773558668], [-99.0209144296873, 19.7671079143363], [-99.02254629754569, 19.7657730054432], [-99.02566277077419, 19.7632276813291], [-99.03201744653609, 19.7580326005506], [-99.0329613724041, 19.7572629387318], [-99.03340928831611, 19.7568973421955], [-99.0338527086921, 19.7565280232359], [-99.0367629177683, 19.7541537415054], [-99.03691720805219, 19.7540213494205], [-99.0370879138788, 19.7538894762939], [-99.0384587925336, 19.7527606655206], [-99.0384951244042, 19.75273241143], [-99.0385318543983, 19.7527024353427], [-99.038572020995, 19.7526684684051], [-99.0386233070624, 19.7526262225141], [-99.0386570770927, 19.7525979881698], [-99.0387031491598, 19.7525616381964], [-99.038743146801, 19.7525283081961], [-99.0387886089376, 19.7524917636191], [-99.0388411404819, 19.7524481632508], [-99.0388906962645, 19.7524086839565], [-99.03896977192849, 19.752340711401], [-99.03901313834689, 19.7523035977308], [-99.0390723745963, 19.7522517845966], [-99.0391157878671, 19.7522127841845], [-99.03915608204332, 19.7521761536505], [-99.039216439731, 19.7521231930106], [-99.03929400145118, 19.7520553042886], [-99.0393646373931, 19.7519920682072], [-99.0394058914471, 19.7519551480931], [-99.03946012404089, 19.7519089841493], [-99.0394971882418, 19.7518766404013], [-99.0395487557933, 19.7518314814114], [-99.03970480708699, 19.7516937303589], [-99.03988149132459, 19.7515408659601], [-99.0400458627715, 19.7513927550988], [-99.0401883674217, 19.7512467880765], [-99.04036114213218, 19.7510693233254], [-99.0405088363811, 19.7509170852896], [-99.0406810856837, 19.7507420710492], [-99.0408430470769, 19.7505767681147], [-99.04103718599261, 19.7503745637056], [-99.04111072806882, 19.7503017215075], [-99.0411947856439, 19.7502135814646], [-99.04127961017382, 19.7501247957205], [-99.0413497324047, 19.7500535537311], [-99.04140327153061, 19.7499928810508], [-99.0414932596579, 19.7498882239339], [-99.0415744820664, 19.7497925100683], [-99.0416626476883, 19.7496904117265], [-99.0417499289159, 19.7495892001354], [-99.04184076725592, 19.7494832654057], [-99.04192789177579, 19.7493798942111], [-99.0422500175444, 19.7490058987513], [-99.042580775818, 19.7486217096158], [-99.0432400563302, 19.7478547143704], [-99.04454325416332, 19.7463402364848], [-99.0471583015013, 19.743301607359], [-99.05239088191351, 19.7372202817941], [-99.0525833361653, 19.7370557282611], [-99.0550393427063, 19.7342009586795], [-99.0550490577377, 19.7341896656384], [-99.0550587580066, 19.7341783874509], [-99.0550684423264, 19.7341671232026], [-99.05507810951441, 19.7341558719841], [-99.0550877583924, 19.7341446328883], [-99.0550973877845, 19.7341334050155], [-99.05510699652122, 19.7341221874715], [-99.0551165834339, 19.7341109793665], [-99.0551261473582, 19.7340997798187], [-99.0551356871312, 19.7340885879521], [-99.055145201595, 19.7340774028957], [-99.0551546895916, 19.7340662237888], [-99.0551641499659, 19.7340550497758], [-99.0551735815639, 19.7340438800104], [-99.05518298323422, 19.7340327136535], [-99.0551923538237, 19.7340215498748], [-99.05520169218491, 19.7340103878524], [-99.0552109971675, 19.7339992267733], [-99.05522501491119, 19.7339823504533], [-99.0552433995301, 19.7339600380998], [-99.0552616319606, 19.7339377130537], [-99.0552797025043, 19.7339153698859], [-99.05529760162422, 19.733893003143], [-99.0553153198576, 19.7338706074545], [-99.0553284014364, 19.7338538674105], [-99.0553931990099, 19.7337686143965], [-99.0554558755138, 19.7336819512683], [-99.0555163967385, 19.733593925331], [-99.05557472965519, 19.7335045846329], [-99.0556308424242, 19.7334139779395], [-99.0556847044217, 19.7333221547079], [-99.055736286252, 19.7332291650593], [-99.05578555976231, 19.7331350597513], [-99.05583249806199, 19.7330398901512], [-99.05584153978391, 19.7330209072404], [-99.0558535305805, 19.7329953309889], [-99.0558654062649, 19.7329696196518], [-99.0558771765324, 19.7329437781567], [-99.05588885104602, 19.7329178117665], [-99.055900439566, 19.7328917257973], [-99.0559119519178, 19.7328655256907], [-99.0559233978018, 19.7328392174589], [-99.05593478677359, 19.73281280774], [-99.0559461278006, 19.7327863048417], [-99.0559574286592, 19.7327597201951], [-99.0559686941306, 19.7327330726507], [-99.0559799200365, 19.7327064027424], [-99.05598864415359, 19.7326856099371], [-99.05599429416618, 19.732672128136], [-99.0559999478231, 19.7326586258179], [-99.0560056065408, 19.7326451035138], [-99.0560112717415, 19.7326315617598], [-99.0560821992072, 19.7324620125557], [-99.05643711800128, 19.7325951358091], [-99.0563661908521, 19.7327646851504], [-99.0563605186422, 19.7327782437281], [-99.0563548388433, 19.7327918164796], [-99.05634915001599, 19.7328054028634], [-99.05634345071711, 19.7328190023376], [-99.0563377394997, 19.7328326143559], [-99.0563320149118, 19.7328462383694], [-99.0563262754997, 19.7328598738244], [-99.0563205198032, 19.7328735201649], [-99.0563147463627, 19.7328871768283], [-99.0563089537111, 19.7329008432474], [-99.0563031403805, 19.7329145188508], [-99.05629730489892, 19.7329282030587], [-99.0562914457945, 19.7329418952878], [-99.0562855615888, 19.7329555949466], [-99.0562796508051, 19.7329693014355], [-99.05627371196012, 19.7329830141487], [-99.05626774357341, 19.732996732472], [-99.0562617441596, 19.7330104557824], [-99.0562557122337, 19.7330241834486], [-99.0562496463074, 19.7330379148295], [-99.05624354489461, 19.7330516492732], [-99.0562374065042, 19.7330653861203], [-99.0562312296492, 19.7330791246971], [-99.0562250128376, 19.7330928643228], [-99.0562187545822, 19.733106604302], [-99.05621245339202, 19.7331203439284], [-99.0562061077779, 19.7331340824841], [-99.0561997162518, 19.7331478192365], [-99.0561932773275, 19.7331615534417], [-99.05618678951768, 19.7331752843408], [-99.0561802513305, 19.7331890111698], [-99.05612953927101, 19.733291832693], [-99.05607630423468, 19.7333935043564], [-99.0560205752758, 19.7334939706627], [-99.05596238280772, 19.7335931767728], [-99.0559017585913, 19.733691068536], [-99.05583873571238, 19.7337875925176], [-99.0557733485688, 19.7338826960315], [-99.0557056328464, 19.7339763271658], [-99.05563562550459, 19.7340684348115], [-99.0556261661727, 19.7340805396372], [-99.05561667849, 19.7340926048297], [-99.0556071638922, 19.7341046312398], [-99.05559762380459, 19.7341166197246], [-99.0555880596389, 19.7341285711495], [-99.05557847279549, 19.7341404863879], [-99.05556886466441, 19.7341523663187], [-99.05555923662389, 19.734164211828], [-99.05554959004101, 19.7341760238081], [-99.0555399262723, 19.734187803157], [-99.05553024666368, 19.7341995507761], [-99.0555205525517, 19.734211267575], [-99.0555108452632, 19.7342229544633], [-99.0555011261137, 19.7342346123579], [-99.0554913964128, 19.7342462421792], [-99.055481657457, 19.7342578448477], [-99.05547191053779, 19.7342694212901], [-99.05546215693641, 19.7342809724333], [-99.0554523979263, 19.7342924992068], [-99.05544263477421, 19.7343040025428], [-99.05543286873831, 19.7343154833735], [-99.0554231010692, 19.734326942632], [-99.05541333301268, 19.7343383812524], [-99.05540356580511, 19.7343498001679], [-99.0553938006788, 19.7343612003142], [-99.0553840388604, 19.7343725826227], [-99.0553742815682, 19.7343839480274], [-99.0553645300183, 19.734395297458], [-99.0553547854193, 19.7344066318438], [-99.055345048976, 19.7344179521135], [-99.0553353218911, 19.7344292591913], [-99.05444573552901, 19.7354632987796], [-99.05671392574662, 19.7334770900308], [-99.0567569651749, 19.7339933098954], [-99.0547054525761, 19.7357897768355], [-99.05453213816759, 19.7358010663954], [-99.05454089177901, 19.7359177569396], [-99.05452827934009, 19.7359185298833], [-99.0545302085019, 19.7359432314652], [-99.0540975317472, 19.7363221081926]]], [[[-99.0578890303033, 19.732448039841], [-99.0579710846173, 19.732573721298], [-99.05772758102319, 19.7325894271472], [-99.0578724755137, 19.7324625410586], [-99.05788127609101, 19.7324548331806], [-99.0578890303033, 19.732448039841]]], [[[-98.82290353190669, 19.9478762625367], [-98.8229362280313, 19.9479014801266], [-98.8197186178942, 19.9514826940767], [-98.8178598542174, 19.9535218301534], [-98.8178417030192, 19.9535081460482], [-98.82290353190669, 19.9478762625367]]], [[[-98.9335105060561, 19.8337394784242], [-98.93479166989512, 19.8327413969659], [-98.9351121519572, 19.8328029643855], [-98.9334004622097, 19.8341337062186], [-98.9335105060561, 19.8337394784242]]], [[[-98.9000674239589, 19.8625867213516], [-98.9001907720611, 19.8624488344111], [-98.90031690750821, 19.8623132985137], [-98.9004378305411, 19.8621731237251], [-98.9005620471054, 19.8620353635194], [-98.9006853088178, 19.8618967893785], [-98.900809686743, 19.8617599689133], [-98.9009315817087, 19.8616221438916], [-98.9010567621768, 19.8614842754233], [-98.9011794876286, 19.8613465500922], [-98.9013035883361, 19.8612087169933], [-98.9014274217755, 19.8610702601168], [-98.90160751083519, 19.8608727605244], [-98.9017886729345, 19.8610105905971], [-98.9006474267774, 19.8630948514714], [-98.8999336573669, 19.8627360158551], [-98.8999436264969, 19.8627249694243], [-98.9000674239589, 19.8625867213516]]], [[[-98.9625851570354, 19.8085663815231], [-98.96270236159161, 19.8086113887041], [-98.9624031657833, 19.8090188640143], [-98.9623727986809, 19.8090071780369], [-98.9625561697602, 19.8085552502375], [-98.9625851570354, 19.8085663815231]]]]}}]}