{
"type": "FeatureCollection",
"name": "TSNL_1617_01062026",
"crs": { "type": "name", "properties": { "name": "urn:ogc:def:crs:OGC:1.3:CRS84" } },
"features": [
{ "type": "Feature", "properties": { "CLAVE": "SNL-VIL-002", "PROYECTO": "TSN", "TIPO DE PROPIEDAD": "Privada", "PROPIETARIO": "PUENTE BUENTELLO MAURO/HUMBERTO PUENTE ", "EJIDO": "N/A", "M2": null, "KM INIICIO": 217.53843, "KM FIN": 218.04816, "KM LINEALES": 0.50972999999999047, "KM EFECTIVOS": 0.5097, "ESTATUS": "NO LIBERADO", "IDENTIFICACION": true, "ANUENCIA": true, "LEVANTAMIENTO": "NO", "NEGOCIACIÓN": false, "C.O.P": "NO", "ESTRUCTURA": "DDV Troncal", "OBSERVACIONES": "En Aprobación Jurídica SEDATU", "NUEVO": null, "SEGMENTO": "17" }, "geometry": { "type": "MultiPolygon", "coordinates": [ [ [ [ -100.435269474883896, 26.488008061931421, 0.0 ], [ -100.436321742800303, 26.48992485059695, 0.0 ], [ -100.4359096529233, 26.490304455603329, 0.0 ], [ -100.435767827424201, 26.490086175936622, 0.0 ], [ -100.434631240594697, 26.490477074004591, 0.0 ], [ -100.433641571029099, 26.487455321605179, 0.0 ], [ -100.434534981109095, 26.486673308415039, 0.0 ], [ -100.435269474883896, 26.488008061931421, 0.0 ] ] ] ] } },
{ "type": "Feature", "properties": { "CLAVE": "SNL-VIL-001", "PROYECTO": "TSN", "TIPO DE PROPIEDAD": "Privada", "PROPIETARIO": "JAVIER VARGAS DEL TORO", "EJIDO": "N/A", "M2": null, "KM INIICIO": 216.84241, "KM FIN": 217.53843, "KM LINEALES": 0.69602, "KM EFECTIVOS": 0.69, "ESTATUS": "NO LIBERADO", "IDENTIFICACION": true, "ANUENCIA": false, "LEVANTAMIENTO": "NO", "NEGOCIACIÓN": false, "C.O.P": "NO", "ESTRUCTURA": "DDV Troncal", "OBSERVACIONES": "En proceso de Acercamiento", "NUEVO": null, "SEGMENTO": "17" }, "geometry": { "type": "MultiPolygon", "coordinates": [ [ [ [ -100.433969406799307, 26.487063526603642, 0.0 ], [ -100.433848776520705, 26.486718418784861, 0.0 ], [ -100.433467482300401, 26.487008698636441, 0.0 ], [ -100.432415162103496, 26.483836027341169, 0.0 ], [ -100.432090139022193, 26.482856064537589, 0.0 ], [ -100.431969773862903, 26.4825090724384, 0.0 ], [ -100.432180591220003, 26.482430897733408, 0.0 ], [ -100.432363034475202, 26.482770390471899, 0.0 ], [ -100.432813231232004, 26.48356105073449, 0.0 ], [ -100.434538960748498, 26.486591747086401, 0.0 ], [ -100.433969406799307, 26.487063526603642, 0.0 ] ] ] ] } },
{ "type": "Feature", "properties": { "CLAVE": "SNL-VIL-003", "PROYECTO": "TSN", "TIPO DE PROPIEDAD": "Privada", "PROPIETARIO": "JUAN CARLOS ESTRADA GALLEGO", "EJIDO": "N/A", "M2": null, "KM INIICIO": 218.04816, "KM FIN": 218.09473, "KM LINEALES": 0.046570000000002665, "KM EFECTIVOS": null, "ESTATUS": "POSIBLE D.O.T", "IDENTIFICACION": true, "ANUENCIA": true, "LEVANTAMIENTO": null, "NEGOCIACIÓN": false, "C.O.P": "POSIBLE D.O.T", "ESTRUCTURA": "DDV Troncal", "OBSERVACIONES": "Sin información de propietario", "NUEVO": null, "SEGMENTO": "17" }, "geometry": { "type": "MultiPolygon", "coordinates": [ [ [ [ -100.436583227231296, 26.490451365255371, 0.0 ], [ -100.437011684525402, 26.491314077713199, 0.0 ], [ -100.435237768319595, 26.49226308654757, 0.0 ], [ -100.434693679058498, 26.490602473152801, 0.0 ], [ -100.435818528732696, 26.490215611623899, 0.0 ], [ -100.436177611917103, 26.490697222377818, 0.0 ], [ -100.436583227231296, 26.490451365255371, 0.0 ] ] ] ] } },
{ "type": "Feature", "properties": { "CLAVE": "SNL-VIL-003-1", "PROYECTO": "TSN", "TIPO DE PROPIEDAD": null, "PROPIETARIO": null, "EJIDO": null, "M2": null, "KM INIICIO": null, "KM FIN": null, "KM LINEALES": null, "KM EFECTIVOS": null, "ESTATUS": "NO LIBERADO", "IDENTIFICACION": null, "ANUENCIA": null, "LEVANTAMIENTO": null, "NEGOCIACIÓN": null, "C.O.P": "NO", "ESTRUCTURA": null, "OBSERVACIONES": null, "NUEVO": null, "SEGMENTO": "17" }, "geometry": { "type": "MultiPolygon", "coordinates": [ [ [ [ -100.436142619668004, 26.49186217689028, 0.0 ], [ -100.437047710352203, 26.491394296425241, 0.0 ], [ -100.437249142355, 26.491792819094769, 0.0 ], [ -100.4363111486186, 26.49227165743023, 0.0 ], [ -100.436142619668004, 26.49186217689028, 0.0 ] ] ] ] } },
{ "type": "Feature", "properties": { "CLAVE": "SNL-VIL-003-4", "PROYECTO": "TSN", "TIPO DE PROPIEDAD": null, "PROPIETARIO": null, "EJIDO": null, "M2": null, "KM INIICIO": null, "KM FIN": null, "KM LINEALES": null, "KM EFECTIVOS": null, "ESTATUS": "NO LIBERADO", "IDENTIFICACION": null, "ANUENCIA": null, "LEVANTAMIENTO": null, "NEGOCIACIÓN": null, "C.O.P": "NO", "ESTRUCTURA": null, "OBSERVACIONES": null, "NUEVO": null, "SEGMENTO": "17" }, "geometry": { "type": "MultiPolygon", "coordinates": [ [ [ [ -100.436441773473206, 26.495839443930709, 0.0 ], [ -100.435647751269101, 26.493436528556291, 0.0 ], [ -100.436528534984504, 26.49299034495677, 0.0 ], [ -100.437583507375805, 26.492455910688239, 0.0 ], [ -100.4382988856309, 26.493571370011001, 0.0 ], [ -100.438580271091396, 26.494131921085781, 0.0 ], [ -100.439009627189705, 26.494987233506841, 0.0 ], [ -100.438477069690293, 26.495305440472251, 0.0 ], [ -100.438213730941698, 26.495283402721181, 0.0 ], [ -100.437686930796403, 26.494905651959169, 0.0 ], [ -100.436803318198699, 26.4954476641859, 0.0 ], [ -100.436618673389106, 26.495617647163922, 0.0 ], [ -100.436441773473206, 26.495839443930709, 0.0 ] ] ] ] } },
{ "type": "Feature", "properties": { "CLAVE": "SNL-VIL-003-3", "PROYECTO": "TSN", "TIPO DE PROPIEDAD": null, "PROPIETARIO": null, "EJIDO": null, "M2": null, "KM INIICIO": null, "KM FIN": null, "KM LINEALES": null, "KM EFECTIVOS": null, "ESTATUS": "NO LIBERADO", "IDENTIFICACION": null, "ANUENCIA": null, "LEVANTAMIENTO": null, "NEGOCIACIÓN": null, "C.O.P": "NO", "ESTRUCTURA": null, "OBSERVACIONES": null, "NUEVO": null, "SEGMENTO": "17" }, "geometry": { "type": "MultiPolygon", "coordinates": [ [ [ [ -100.435409083897596, 26.492734124434129, 0.0 ], [ -100.437253705946702, 26.491793772482101, 0.0 ], [ -100.437386475819295, 26.492056145421369, 0.0 ], [ -100.436372938528393, 26.492572831912259, 0.0 ], [ -100.435501505503396, 26.49301706618553, 0.0 ], [ -100.435409083897596, 26.492734124434129, 0.0 ] ] ] ] } },
{ "type": "Feature", "properties": { "CLAVE": "SNL-VIL-003-6-GS", "PROYECTO": null, "TIPO DE PROPIEDAD": null, "PROPIETARIO": null, "EJIDO": null, "M2": null, "KM INIICIO": null, "KM FIN": null, "KM LINEALES": null, "KM EFECTIVOS": null, "ESTATUS": "NO LIBERADO", "IDENTIFICACION": false, "ANUENCIA": null, "LEVANTAMIENTO": null, "NEGOCIACIÓN": null, "C.O.P": "NO", "ESTRUCTURA": null, "OBSERVACIONES": null, "NUEVO": null, "SEGMENTO": "17" }, "geometry": { "type": "MultiPolygon", "coordinates": [ [ [ [ -100.439117877909894, 26.495150853685281, 0.0 ], [ -100.439168708194799, 26.495239549800601, 0.0 ], [ -100.439239960351699, 26.495362836708409, 0.0 ], [ -100.439200150693097, 26.495387772311961, 0.0 ], [ -100.439130069414503, 26.495393244027511, 0.0 ], [ -100.439080210302706, 26.49542104093652, 0.0 ], [ -100.439061655515104, 26.49545509879103, 0.0 ], [ -100.439022512450407, 26.495517062793692, 0.0 ], [ -100.438998681554807, 26.49552653849857, 0.0 ], [ -100.438920158477302, 26.495448316410481, 0.0 ], [ -100.438905452848601, 26.49536637233042, 0.0 ], [ -100.4390267372995, 26.4952153307615, 0.0 ], [ -100.439117877909894, 26.495150853685281, 0.0 ] ] ] ] } },
{ "type": "Feature", "properties": { "CLAVE": "SNL-VIL-004-2-GS", "PROYECTO": "TSN", "TIPO DE PROPIEDAD": null, "PROPIETARIO": "JUAN ANTONIO UGARTE VIEJO", "EJIDO": "N/A", "M2": null, "KM INIICIO": 221.95304, "KM FIN": 222.24049, "KM LINEALES": 0.28745000000000687, "KM EFECTIVOS": null, "ESTATUS": "EN NEGOCIACIÓN", "IDENTIFICACION": true, "ANUENCIA": true, "LEVANTAMIENTO": null, "NEGOCIACIÓN": true, "C.O.P": "NO", "ESTRUCTURA": "DDV Troncal", "OBSERVACIONES": "En negociación/PU Pactado", "NUEVO": null, "SEGMENTO": "17" }, "geometry": { "type": "MultiPolygon", "coordinates": [ [ [ [ -100.447349620659395, 26.509101188854491, 0.0 ], [ -100.447986424508798, 26.510215981606962, 0.0 ], [ -100.448159737123802, 26.51050917658009, 0.0 ], [ -100.448880677454596, 26.511728379342539, 0.0 ], [ -100.449594066905505, 26.51293531495428, 0.0 ], [ -100.450347991281902, 26.514211230322491, 0.0 ], [ -100.451006210133201, 26.51532423989779, 0.0 ], [ -100.451751344042606, 26.51658472190287, 0.0 ], [ -100.452429236333103, 26.517731853464412, 0.0 ], [ -100.452985686251097, 26.518673073051779, 0.0 ], [ -100.453409897876298, 26.519391594936369, 0.0 ], [ -100.453503240478994, 26.51954999619274, 0.0 ], [ -100.453674388721296, 26.5198386339124, 0.0 ], [ -100.453883953070203, 26.520193205385048, 0.0 ], [ -100.4542010340177, 26.520729368878879, 0.0 ], [ -100.454840274591803, 26.521811041449201, 0.0 ], [ -100.455388708220497, 26.522739029169699, 0.0 ], [ -100.455964265649399, 26.52374455980712, 0.0 ], [ -100.456291573401799, 26.524343455074959, 0.0 ], [ -100.456379553760499, 26.524507661680339, 0.0 ], [ -100.456467534378902, 26.52467186821745, 0.0 ], [ -100.456611492364999, 26.524940241697799, 0.0 ], [ -100.456748953159803, 26.525196411399349, 0.0 ], [ -100.456771735970094, 26.525238865231451, 0.0 ], [ -100.456548709691006, 26.525084139617942, 0.0 ], [ -100.455799979775406, 26.524925080173919, 0.0 ], [ -100.454980938826395, 26.524116707550021, 0.0 ], [ -100.454583980291105, 26.52372491035759, 0.0 ], [ -100.453066012060603, 26.522740997970789, 0.0 ], [ -100.452807110315206, 26.522573180381311, 0.0 ], [ -100.452044470978805, 26.521472845255129, 0.0 ], [ -100.451555829515996, 26.520767820110169, 0.0 ], [ -100.450893401233103, 26.520353283271429, 0.0 ], [ -100.450700599682506, 26.520232630029209, 0.0 ], [ -100.450270037853798, 26.51988334346953, 0.0 ], [ -100.449258793231294, 26.519062973185111, 0.0 ], [ -100.448484395738802, 26.5184347315259, 0.0 ], [ -100.448341519907103, 26.51831882010276, 0.0 ], [ -100.448084746054704, 26.518187187943411, 0.0 ], [ -100.445826570904799, 26.516779401429901, 0.0 ], [ -100.443102362926595, 26.515352684638799, 0.0 ], [ -100.441786094191301, 26.515035100699532, 0.0 ], [ -100.439274133908498, 26.513871696011659, 0.0 ], [ -100.439203490199802, 26.513120999612561, 0.0 ], [ -100.440272749613101, 26.51241907989332, 0.0 ], [ -100.441141260185105, 26.51216967981042, 0.0 ], [ -100.444051619028002, 26.510747116547879, 0.0 ], [ -100.446161343175802, 26.50971585293, 0.0 ], [ -100.447275740876606, 26.509142592770669, 0.0 ], [ -100.447349620659395, 26.509101188854491, 0.0 ] ] ] ] } },
{ "type": "Feature", "properties": { "CLAVE": "SNL-SLV-15-1-GS", "PROYECTO": "TSN", "TIPO DE PROPIEDAD": "Estatal", "PROPIETARIO": "ARROYO LA NEGRA", "EJIDO": "N/A", "M2": null, "KM INIICIO": 165.1003, "KM FIN": 165.20877, "KM LINEALES": 0.10846999999998275, "KM EFECTIVOS": 0.10847, "ESTATUS": "NO LIBERADO", "IDENTIFICACION": true, "ANUENCIA": false, "LEVANTAMIENTO": "NO", "NEGOCIACIÓN": false, "C.O.P": "NO", "ESTRUCTURA": "Viaducto", "OBSERVACIONES": "En Responsabilidad ICA/OBRAS", "NUEVO": null, "SEGMENTO": "16" }, "geometry": { "type": "MultiPolygon", "coordinates": [ [ [ [ -100.300678949170603, 26.03612143427442, 0.0 ], [ -100.300688618245701, 26.036129620852069, 0.0 ], [ -100.300931379192093, 26.03618413494501, 0.0 ], [ -100.3010007758526, 26.03620991464544, 0.0 ], [ -100.300965152592994, 26.036372115510421, 0.0 ], [ -100.300939010732407, 26.03650132130182, 0.0 ], [ -100.300921967603699, 26.03656284688828, 0.0 ], [ -100.300892540468595, 26.03669881733919, 0.0 ], [ -100.300902285482906, 26.036920583360111, 0.0 ], [ -100.300831188392095, 26.036901655667741, 0.0 ], [ -100.300736562378205, 26.03689183430529, 0.0 ], [ -100.300450094641604, 26.036627578112341, 0.0 ], [ -100.299765688354498, 26.035989774899029, 0.0 ], [ -100.299652911613606, 26.035940980251841, 0.0 ], [ -100.299502960994104, 26.035913866736252, 0.0 ], [ -100.299912072367903, 26.03547213192504, 0.0 ], [ -100.300418090439607, 26.03590057065011, 0.0 ], [ -100.300583694274295, 26.036040784103999, 0.0 ], [ -100.300668059667402, 26.03611221438695, 0.0 ], [ -100.300678949170603, 26.03612143427442, 0.0 ] ] ] ] } },
{ "type": "Feature", "properties": { "CLAVE": "SNL-VIL-004-3-GS", "PROYECTO": "TSN", "TIPO DE PROPIEDAD": null, "PROPIETARIO": "LEO EDUARDO VILLARREAL VILLARREAL (ESPIGA)", "EJIDO": "N/A", "M2": null, "KM INIICIO": 222.32464, "KM FIN": 222.55349, "KM LINEALES": 0.22885000000002265, "KM EFECTIVOS": null, "ESTATUS": "NO LIBERADO", "IDENTIFICACION": true, "ANUENCIA": true, "LEVANTAMIENTO": null, "NEGOCIACIÓN": false, "C.O.P": "NO", "ESTRUCTURA": "DDV Troncal", "OBSERVACIONES": "Levantamiento completo", "NUEVO": null, "SEGMENTO": "17" }, "geometry": { "type": "MultiPolygon", "coordinates": [ [ [ [ -100.456548709691006, 26.525084139617942, 0.0 ], [ -100.456771735970094, 26.525238865231451, 0.0 ], [ -100.457918810584104, 26.527380433848691, 0.0 ], [ -100.457903560196897, 26.527455907458009, 0.0 ], [ -100.457855663778901, 26.52752355717687, 0.0 ], [ -100.457337206852799, 26.528807370062179, 0.0 ], [ -100.45325136372, 26.528526554247211, 0.0 ], [ -100.456548709691006, 26.525084139617942, 0.0 ] ] ] ] } },
{ "type": "Feature", "properties": { "CLAVE": "SNL-VIL-007-1-GS", "PROYECTO": "TSN", "TIPO DE PROPIEDAD": null, "PROPIETARIO": "DESCONOCIDO", "EJIDO": "N/A", "M2": 788.568, "KM INIICIO": 224.75102, "KM FIN": 224.9054, "KM LINEALES": 0.15437999999997487, "KM EFECTIVOS": null, "ESTATUS": "NO LIBERADO", "IDENTIFICACION": false, "ANUENCIA": false, "LEVANTAMIENTO": null, "NEGOCIACIÓN": false, "C.O.P": "NO", "ESTRUCTURA": "DDV Troncal", "OBSERVACIONES": "Sin información de propietario", "NUEVO": null, "SEGMENTO": "17" }, "geometry": { "type": "MultiPolygon", "coordinates": [ [ [ [ -100.467902363274902, 26.546007486039489, 0.0 ], [ -100.465259107175797, 26.546359248661069, 0.0 ], [ -100.465911312794503, 26.545071760863639, 0.0 ], [ -100.467202889911704, 26.544725218313008, 0.0 ], [ -100.467902363274902, 26.546007486039489, 0.0 ] ] ] ] } },
{ "type": "Feature", "properties": { "CLAVE": "SNL-SLV-011-18", "PROYECTO": "TSN", "TIPO DE PROPIEDAD": "Privada", "PROPIETARIO": "Mónica Alejandra Guadalupe Botello Fernández", "EJIDO": "N/A", "M2": null, "KM INIICIO": 162.79018, "KM FIN": 162.91518, "KM LINEALES": 0.125, "KM EFECTIVOS": null, "ESTATUS": "EN NEGOCIACIÓN", "IDENTIFICACION": true, "ANUENCIA": true, "LEVANTAMIENTO": null, "NEGOCIACIÓN": false, "C.O.P": "NO", "ESTRUCTURA": "Viaducto", "OBSERVACIONES": "Citado a Negociación", "NUEVO": null, "SEGMENTO": "16" }, "geometry": { "type": "MultiPolygon", "coordinates": [ [ [ [ -100.295700670383994, 26.016079830062441, 0.0 ], [ -100.2960513871123, 26.017162918027001, 0.0 ], [ -100.295926722802903, 26.017195875398201, 0.0 ], [ -100.295576006084005, 26.01611278620252, 0.0 ], [ -100.295700670383994, 26.016079830062441, 0.0 ] ] ] ] } },
{ "type": "Feature", "properties": { "CLAVE": "SNL-SLV-011-20", "PROYECTO": "TSN", "TIPO DE PROPIEDAD": "Privada", "PROPIETARIO": "Mónica Alejandra Guadalupe Botello Fernández", "EJIDO": "N/A", "M2": null, "KM INIICIO": 163.04018, "KM FIN": 163.17318, "KM LINEALES": 0.13300000000000978, "KM EFECTIVOS": null, "ESTATUS": "EN NEGOCIACIÓN", "IDENTIFICACION": true, "ANUENCIA": true, "LEVANTAMIENTO": null, "NEGOCIACIÓN": false, "C.O.P": "NO", "ESTRUCTURA": "Viaducto", "OBSERVACIONES": "Citado a Negociación", "NUEVO": null, "SEGMENTO": "16" }, "geometry": { "type": "MultiPolygon", "coordinates": [ [ [ [ -100.296277445383595, 26.01827896334996, 0.0 ], [ -100.296402110711597, 26.018246005641402, 0.0 ], [ -100.296774520786599, 26.019396039020219, 0.0 ], [ -100.2966466003855, 26.019418949678119, 0.0 ], [ -100.296277445383595, 26.01827896334996, 0.0 ] ] ] ] } },
{ "type": "Feature", "properties": { "CLAVE": "SNL-SLV-011-21", "PROYECTO": "TSN", "TIPO DE PROPIEDAD": "Privada", "PROPIETARIO": "Mónica Alejandra Guadalupe Botello Fernández", "EJIDO": "N/A", "M2": null, "KM INIICIO": 163.17318, "KM FIN": 163.19418, "KM LINEALES": 0.020999999999986585, "KM EFECTIVOS": null, "ESTATUS": "EN NEGOCIACIÓN", "IDENTIFICACION": true, "ANUENCIA": true, "LEVANTAMIENTO": null, "NEGOCIACIÓN": false, "C.O.P": "NO", "ESTRUCTURA": "Viaducto", "OBSERVACIONES": "Citado a Negociación", "NUEVO": null, "SEGMENTO": "16" }, "geometry": { "type": "MultiPolygon", "coordinates": [ [ [ [ -100.2966466003855, 26.019418949678119, 0.0 ], [ -100.296774520786599, 26.019396039020219, 0.0 ], [ -100.296836495084307, 26.019587419593481, 0.0 ], [ -100.296708575491095, 26.01961033030409, 0.0 ], [ -100.2966466003855, 26.019418949678119, 0.0 ] ] ] ] } },
{ "type": "Feature", "properties": { "CLAVE": "SNL-SLV-011-17", "PROYECTO": "TSN", "TIPO DE PROPIEDAD": "Privada", "PROPIETARIO": "Mónica Alejandra Guadalupe Botello Fernández", "EJIDO": "N/A", "M2": null, "KM INIICIO": 162.66518, "KM FIN": 162.79018, "KM LINEALES": 0.125, "KM EFECTIVOS": 0.125, "ESTATUS": "EN NEGOCIACIÓN", "IDENTIFICACION": true, "ANUENCIA": true, "LEVANTAMIENTO": "NO", "NEGOCIACIÓN": false, "C.O.P": "NO", "ESTRUCTURA": "DDV Troncal", "OBSERVACIONES": "Citado a Negociación", "NUEVO": null, "SEGMENTO": "16" }, "geometry": { "type": "MultiPolygon", "coordinates": [ [ [ [ -100.295576006084005, 26.01611278620252, 0.0 ], [ -100.295225297224604, 26.015029695745131, 0.0 ], [ -100.295349960506101, 26.014996739942351, 0.0 ], [ -100.295700670383994, 26.016079830062441, 0.0 ], [ -100.295576006084005, 26.01611278620252, 0.0 ] ] ] ] } },
{ "type": "Feature", "properties": { "CLAVE": "SNL-SLV-011-16", "PROYECTO": "TSN", "TIPO DE PROPIEDAD": "Privada", "PROPIETARIO": "Mónica Alejandra Guadalupe Botello Fernández", "EJIDO": "N/A", "M2": null, "KM INIICIO": 162.49818, "KM FIN": 162.66518, "KM LINEALES": 0.167, "KM EFECTIVOS": 0.167, "ESTATUS": "EN NEGOCIACIÓN", "IDENTIFICACION": true, "ANUENCIA": true, "LEVANTAMIENTO": "NO", "NEGOCIACIÓN": false, "C.O.P": "NO", "ESTRUCTURA": "DDV Troncal", "OBSERVACIONES": "Citado a Negociación", "NUEVO": null, "SEGMENTO": "16" }, "geometry": { "type": "MultiPolygon", "coordinates": [ [ [ [ -100.295225297224604, 26.015029695745131, 0.0 ], [ -100.294780583064394, 26.013656256294041, 0.0 ], [ -100.294877222777799, 26.013536761785549, 0.0 ], [ -100.295349960506101, 26.014996739942351, 0.0 ], [ -100.295225297224604, 26.015029695745131, 0.0 ] ] ] ] } },
{ "type": "Feature", "properties": { "CLAVE": "SNL-SLV-011-19", "PROYECTO": "TSN", "TIPO DE PROPIEDAD": "Privada", "PROPIETARIO": "Mónica Alejandra Guadalupe Botello Fernández", "EJIDO": "N/A", "M2": null, "KM INIICIO": 162.91518, "KM FIN": 163.04018, "KM LINEALES": 0.125, "KM EFECTIVOS": null, "ESTATUS": "EN NEGOCIACIÓN", "IDENTIFICACION": true, "ANUENCIA": true, "LEVANTAMIENTO": null, "NEGOCIACIÓN": false, "C.O.P": "NO", "ESTRUCTURA": "Viaducto", "OBSERVACIONES": "Citado a Negociación", "NUEVO": null, "SEGMENTO": "16" }, "geometry": { "type": "MultiPolygon", "coordinates": [ [ [ [ -100.2960513871123, 26.017162918027001, 0.0 ], [ -100.296402110711597, 26.018246005641402, 0.0 ], [ -100.296277445383595, 26.01827896334996, 0.0 ], [ -100.295926722802903, 26.017195875398201, 0.0 ], [ -100.2960513871123, 26.017162918027001, 0.0 ] ] ] ] } },
{ "type": "Feature", "properties": { "CLAVE": "SNL-SLV-008-12-GS", "PROYECTO": "TSN", "TIPO DE PROPIEDAD": null, "PROPIETARIO": "JESUS ERNESTO LOPEZ RIVERA", "EJIDO": null, "M2": null, "KM INIICIO": null, "KM FIN": null, "KM LINEALES": null, "KM EFECTIVOS": null, "ESTATUS": "NO LIBERADO", "IDENTIFICACION": false, "ANUENCIA": false, "LEVANTAMIENTO": "NO", "NEGOCIACIÓN": false, "C.O.P": "NO", "ESTRUCTURA": null, "OBSERVACIONES": "No aparece en Excel", "NUEVO": null, "SEGMENTO": "16" }, "geometry": { "type": "MultiPolygon", "coordinates": [ [ [ [ -100.29023, 25.999413, 0.0 ], [ -100.285547, 26.002298, 0.0 ], [ -100.284346, 26.00021, 0.0 ], [ -100.289062, 25.995689, 0.0 ], [ -100.29023, 25.999413, 0.0 ] ] ] ] } },
{ "type": "Feature", "properties": { "CLAVE": "SNL-SLV-052-1", "PROYECTO": "TSN", "TIPO DE PROPIEDAD": "Privada", "PROPIETARIO": "María Elena García Ugarte", "EJIDO": "N/A", "M2": null, "KM INIICIO": 185.92968, "KM FIN": 186.62113, "KM LINEALES": 0.69145, "KM EFECTIVOS": 0.69145, "ESTATUS": "EN NEGOCIACIÓN", "IDENTIFICACION": true, "ANUENCIA": true, "LEVANTAMIENTO": "NO", "NEGOCIACIÓN": false, "C.O.P": "NO", "ESTRUCTURA": "DDV Troncal", "OBSERVACIONES": "En negociación/PU Pactado", "NUEVO": null, "SEGMENTO": "16" }, "geometry": { "type": "MultiPolygon", "coordinates": [ [ [ [ -100.360071, 26.213371, 0.0 ], [ -100.365406, 26.211178, 0.0 ], [ -100.367331, 26.215044, 0.0 ], [ -100.367967, 26.216872, 0.0 ], [ -100.3612, 26.219669, 0.0 ], [ -100.360071, 26.213371, 0.0 ] ] ] ] } },
{ "type": "Feature", "properties": { "CLAVE": "SNL-SLV-052-2", "PROYECTO": "TSN", "TIPO DE PROPIEDAD": "Privada", "PROPIETARIO": "Ignacio Garcia Ugarte", "EJIDO": "N/A", "M2": null, "KM INIICIO": 186.62113, "KM FIN": 187.29334, "KM LINEALES": 0.67221000000000686, "KM EFECTIVOS": 0.67221000000000686, "ESTATUS": "EN NEGOCIACIÓN", "IDENTIFICACION": true, "ANUENCIA": true, "LEVANTAMIENTO": "NO", "NEGOCIACIÓN": false, "C.O.P": "NO", "ESTRUCTURA": "DDV Troncal", "OBSERVACIONES": null, "NUEVO": null, "SEGMENTO": "16" }, "geometry": { "type": "MultiPolygon", "coordinates": [ [ [ [ -100.368789, 26.222956, 0.0 ], [ -100.362287, 26.225621, 0.0 ], [ -100.361233, 26.219688, 0.0 ], [ -100.367948, 26.216928, 0.0 ], [ -100.368789, 26.222956, 0.0 ] ] ] ] } },
{ "type": "Feature", "properties": { "CLAVE": "SNL-SLV-052-3", "PROYECTO": "TSN", "TIPO DE PROPIEDAD": "Privada", "PROPIETARIO": "Maria Oralia Garcia Ugarte", "EJIDO": "N/A", "M2": null, "KM INIICIO": 187.29334, "KM FIN": 187.99057, "KM LINEALES": 0.69722999999999047, "KM EFECTIVOS": 0.69722999999999047, "ESTATUS": "EN NEGOCIACIÓN", "IDENTIFICACION": true, "ANUENCIA": true, "LEVANTAMIENTO": "NO", "NEGOCIACIÓN": false, "C.O.P": "NO", "ESTRUCTURA": "DDV Troncal", "OBSERVACIONES": "En negociación/PU Pactado", "NUEVO": null, "SEGMENTO": "16" }, "geometry": { "type": "MultiPolygon", "coordinates": [ [ [ [ -100.362303, 26.225639, 0.0 ], [ -100.368789, 26.223007, 0.0 ], [ -100.369627, 26.229106, 0.0 ], [ -100.36337, 26.231714, 0.0 ], [ -100.362303, 26.225639, 0.0 ] ] ] ] } },
{ "type": "Feature", "properties": { "CLAVE": "SNL-SLV-056-1", "PROYECTO": "TSN", "TIPO DE PROPIEDAD": "Privada", "PROPIETARIO": "CELINA CANTU ZAMBRANO", "EJIDO": "N/A", "M2": null, "KM INIICIO": 192.59212, "KM FIN": 194.32823, "KM LINEALES": 1.73611, "KM EFECTIVOS": 0.93615000000002624, "ESTATUS": "NO LIBERADO", "IDENTIFICACION": true, "ANUENCIA": true, "LEVANTAMIENTO": "SI", "NEGOCIACIÓN": false, "C.O.P": "NO", "ESTRUCTURA": "DDV Troncal", "OBSERVACIONES": "Citado a Negociación", "NUEVO": null, "SEGMENTO": "16" }, "geometry": { "type": "MultiPolygon", "coordinates": [ [ [ [ -100.3767636, 26.2788008, 0.0 ], [ -100.3750416, 26.2789354, 0.0 ], [ -100.3734484, 26.2792238, 0.0 ], [ -100.3731899, 26.2792848, 0.0 ], [ -100.370918, 26.27099, 0.0 ], [ -100.375451, 26.270349, 0.0 ], [ -100.376422, 26.2773, 0.0 ], [ -100.3767636, 26.2788008, 0.0 ] ] ] ] } },
{ "type": "Feature", "properties": { "CLAVE": "SNL-SLV-056-6-GS", "PROYECTO": "TSN", "TIPO DE PROPIEDAD": "Privada", "PROPIETARIO": "Isabel Cantu Zambrano", "EJIDO": "N/A", "M2": null, "KM INIICIO": 193.52323, "KM FIN": 194.7123, "KM LINEALES": 1.18907, "KM EFECTIVOS": 1.18907, "ESTATUS": "NO LIBERADO", "IDENTIFICACION": true, "ANUENCIA": true, "LEVANTAMIENTO": "SI", "NEGOCIACIÓN": false, "C.O.P": "NO", "ESTRUCTURA": "DDV Troncal", "OBSERVACIONES": "En negociación/PU Pactado", "NUEVO": null, "SEGMENTO": "16" }, "geometry": { "type": "MultiPolygon", "coordinates": [ [ [ [ -100.3763119, 26.2897126, 0.0 ], [ -100.3731899, 26.2792848, 0.0 ], [ -100.3767636, 26.2788008, 0.0 ], [ -100.37811, 26.289054, 0.0 ], [ -100.378152, 26.2893686, 0.0 ], [ -100.3763119, 26.2897126, 0.0 ] ] ] ] } },
{ "type": "Feature", "properties": { "CLAVE": "SNL-SLV-056-7-GS", "PROYECTO": "TSN", "TIPO DE PROPIEDAD": "Privada", "PROPIETARIO": "JORGE MALDONADO MONTEMAYOR", "EJIDO": "N/A", "M2": null, "KM INIICIO": 195.28118, "KM FIN": 196.01267, "KM LINEALES": 0.73149000000000797, "KM EFECTIVOS": 0.73149000000000797, "ESTATUS": "NO LIBERADO", "IDENTIFICACION": true, "ANUENCIA": true, "LEVANTAMIENTO": "NO", "NEGOCIACIÓN": true, "C.O.P": "NO", "ESTRUCTURA": "DDV Troncal", "OBSERVACIONES": "Recopilación Expediente SEDATU/RAN", "NUEVO": null, "SEGMENTO": "16" }, "geometry": { "type": "MultiPolygon", "coordinates": [ [ [ [ -100.3763119, 26.2897126, 0.0 ], [ -100.378152, 26.2893686, 0.0 ], [ -100.379384, 26.298062, 0.0 ], [ -100.38007, 26.302929, 0.0 ], [ -100.379925, 26.30298, 0.0 ], [ -100.379751, 26.302277, 0.0 ], [ -100.379428, 26.30093, 0.0 ], [ -100.378959, 26.299261, 0.0 ], [ -100.3763119, 26.2897126, 0.0 ] ] ] ] } },
{ "type": "Feature", "properties": { "CLAVE": "N/D", "PROYECTO": "TSN", "TIPO DE PROPIEDAD": "Social", "PROPIETARIO": "Parcela Escolar", "EJIDO": "VILLARREALES Y MORALES", "M2": null, "KM INIICIO": 170.64722, "KM FIN": 170.85377, "KM LINEALES": 0.20655, "KM EFECTIVOS": 0.20655, "ESTATUS": "NO LIBERADO", "IDENTIFICACION": true, "ANUENCIA": false, "LEVANTAMIENTO": "NO", "NEGOCIACIÓN": false, "C.O.P": "NO", "ESTRUCTURA": "DDV Troncal", "OBSERVACIONES": "Recopilación Expediente SEDATU/RAN", "NUEVO": null, "SEGMENTO": "16" }, "geometry": { "type": "MultiPolygon", "coordinates": [ [ [ [ -100.313707675752994, 26.085726386821882, 0.0 ], [ -100.310075770003394, 26.087929964841212, 0.0 ], [ -100.310347016324499, 26.086108966995436, 0.0 ], [ -100.313065468225801, 26.084063859042537, 0.0 ], [ -100.313707675752994, 26.085726386821882, 0.0 ] ] ] ] } },
{ "type": "Feature", "properties": { "CLAVE": "SNL-SLV-042", "PROYECTO": "TSN", "TIPO DE PROPIEDAD": "Privada", "PROPIETARIO": "GP BIENES INMUEBLES S.A. DE C.V. (Parcela 6)", "EJIDO": "N/A", "M2": 581.867, "KM INIICIO": 172.46787, "KM FIN": 172.87481, "KM LINEALES": 0.40693999999999164, "KM EFECTIVOS": 0.40693999999999164, "ESTATUS": "LIBERADO", "IDENTIFICACION": true, "ANUENCIA": true, "LEVANTAMIENTO": "SI", "NEGOCIACIÓN": true, "C.O.P": "C.O.P", "ESTRUCTURA": "DDV Troncal", "OBSERVACIONES": "En negociación/PU Pactado", "NUEVO": "SI", "SEGMENTO": "16" }, "geometry": { "type": "MultiPolygon", "coordinates": [ [ [ [ -100.317337, 26.100269, 0.0 ], [ -100.319179, 26.099534, 0.0 ], [ -100.320538, 26.102979, 0.0 ], [ -100.318412, 26.103803, 0.0 ], [ -100.317819, 26.101873, 0.0 ], [ -100.317337, 26.100269, 0.0 ] ] ] ] } },
{ "type": "Feature", "properties": { "CLAVE": "SNL-SLV-046", "PROYECTO": "TSN", "TIPO DE PROPIEDAD": "Privada", "PROPIETARIO": "JESUS LUIS BARRERA LOZANO (RANCHO MAMULIQUE)", "EJIDO": "N/A", "M2": 16412.735, "KM INIICIO": 174.76915, "KM FIN": 177.57656, "KM LINEALES": 2.80741, "KM EFECTIVOS": 2.80741, "ESTATUS": "EN NEGOCIACIÓN", "IDENTIFICACION": true, "ANUENCIA": true, "LEVANTAMIENTO": "SI", "NEGOCIACIÓN": true, "C.O.P": "NO", "ESTRUCTURA": "DDV Troncal", "OBSERVACIONES": "En negociación/PU Pactado", "NUEVO": null, "SEGMENTO": "16" }, "geometry": { "type": "MultiPolygon", "coordinates": [ [ [ [ -100.2817158, 26.140307, 0.0 ], [ -100.2798417, 26.139238, 0.0 ], [ -100.2791618, 26.137766, 0.0 ], [ -100.2790277, 26.136316, 0.0 ], [ -100.2790197, 26.135203, 0.0 ], [ -100.2790447, 26.133309, 0.0 ], [ -100.2787597, 26.131908, 0.0 ], [ -100.274841800000019, 26.126196, 0.0 ], [ -100.2913868, 26.123633, 0.0 ], [ -100.3014597, 26.122477, 0.0 ], [ -100.3048938, 26.122071, 0.0 ], [ -100.3074388, 26.12178, 0.0 ], [ -100.3094808, 26.121538, 0.0 ], [ -100.3097297, 26.121508, 0.0 ], [ -100.3102167, 26.121449, 0.0 ], [ -100.3226279, 26.120007, 0.0 ], [ -100.3229588, 26.126126, 0.0 ], [ -100.3230208, 26.127021, 0.0 ], [ -100.3231058, 26.127639, 0.0 ], [ -100.3232758, 26.128289, 0.0 ], [ -100.3235508, 26.128927, 0.0 ], [ -100.3242349, 26.130567, 0.0 ], [ -100.3252848, 26.132866, 0.0 ], [ -100.3263578, 26.135126, 0.0 ], [ -100.327138800000014, 26.136817, 0.0 ], [ -100.3278138, 26.138254, 0.0 ], [ -100.3281288, 26.138869, 0.0 ], [ -100.3289759, 26.140733, 0.0 ], [ -100.3305188, 26.144024, 0.0 ], [ -100.3265739, 26.144612, 0.0 ], [ -100.3231188, 26.145236, 0.0 ], [ -100.3139099, 26.146916, 0.0 ], [ -100.3044268, 26.148622, 0.0 ], [ -100.2972038, 26.149936, 0.0 ], [ -100.2934708, 26.150616, 0.0 ], [ -100.2892808, 26.15134, 0.0 ], [ -100.2873918, 26.149469, 0.0 ], [ -100.2867778, 26.148435, 0.0 ], [ -100.2854858, 26.148038, 0.0 ], [ -100.2848628, 26.146866, 0.0 ], [ -100.2852228, 26.145943, 0.0 ], [ -100.2841128, 26.143332, 0.0 ], [ -100.2822238, 26.142338, 0.0 ], [ -100.2817158, 26.140307, 0.0 ] ] ] ] } },
{ "type": "Feature", "properties": { "CLAVE": "SNL-SLV-035", "PROYECTO": "TSN", "TIPO DE PROPIEDAD": "Privada", "PROPIETARIO": "GP BIENES INMUEBLES", "EJIDO": "N/A", "M2": 758.945, "KM INIICIO": 170.20032, "KM FIN": 170.64722, "KM LINEALES": 0.4469, "KM EFECTIVOS": 0.4469, "ESTATUS": "NO LIBERADO", "IDENTIFICACION": true, "ANUENCIA": true, "LEVANTAMIENTO": "SI", "NEGOCIACIÓN": true, "C.O.P": "NO", "ESTRUCTURA": "DDV Troncal", "OBSERVACIONES": "En negociación/PU Pactado", "NUEVO": "SI", "SEGMENTO": "16" }, "geometry": { "type": "MultiPolygon", "coordinates": [ [ [ [ -100.310769, 26.08274, 0.0 ], [ -100.310265, 26.082739, 0.0 ], [ -100.311102, 26.080342, 0.0 ], [ -100.311573, 26.08025, 0.0 ], [ -100.313071, 26.08405, 0.0 ], [ -100.310311, 26.086136, 0.0 ], [ -100.310769, 26.08274, 0.0 ] ] ] ] } },
{ "type": "Feature", "properties": { "CLAVE": "SNL-SLV-033-1", "PROYECTO": "TSN", "TIPO DE PROPIEDAD": null, "PROPIETARIO": "Ismael de la Garza Miranda", "EJIDO": null, "M2": null, "KM INIICIO": null, "KM FIN": null, "KM LINEALES": null, "KM EFECTIVOS": null, "ESTATUS": "SIN AFECTACIÓN", "IDENTIFICACION": false, "ANUENCIA": false, "LEVANTAMIENTO": "NO", "NEGOCIACIÓN": false, "C.O.P": "NO", "ESTRUCTURA": null, "OBSERVACIONES": null, "NUEVO": null, "SEGMENTO": "16" }, "geometry": { "type": "MultiPolygon", "coordinates": [ [ [ [ -100.3067194, 26.0755914, 0.0 ], [ -100.309196400000019, 26.0742744, 0.0 ], [ -100.3104044, 26.0774344, 0.0 ], [ -100.3078094, 26.0784714, 0.0 ], [ -100.3067194, 26.0755914, 0.0 ] ] ] ] } },
{ "type": "Feature", "properties": { "CLAVE": "N/D", "PROYECTO": "TSN", "TIPO DE PROPIEDAD": "Social", "PROPIETARIO": "GP ESPACIOS INDUSTRIALES DEL NORESTE", "EJIDO": "FRANCISCO VILLA", "M2": null, "KM INIICIO": null, "KM FIN": null, "KM LINEALES": null, "KM EFECTIVOS": null, "ESTATUS": "NO LIBERADO", "IDENTIFICACION": true, "ANUENCIA": true, "LEVANTAMIENTO": "NO", "NEGOCIACIÓN": true, "C.O.P": "NO", "ESTRUCTURA": null, "OBSERVACIONES": "Sin información en Excel", "NUEVO": "SI", "SEGMENTO": "16" }, "geometry": { "type": "MultiPolygon", "coordinates": [ [ [ [ -100.31097, 26.078938, 0.0 ], [ -100.308201, 26.07953, 0.0 ], [ -100.307804, 26.078481, 0.0 ], [ -100.310399, 26.077444, 0.0 ], [ -100.31097, 26.078938, 0.0 ] ] ] ] } },
{ "type": "Feature", "properties": { "CLAVE": "SNL-SLV-036", "PROYECTO": "TSN", "TIPO DE PROPIEDAD": "Privada", "PROPIETARIO": "TRANSPARQUE INTERPUERTO S.A. DE C.V.", "EJIDO": "N/A", "M2": null, "KM INIICIO": 170.85377, "KM FIN": 171.05669, "KM LINEALES": 0.20292000000000598, "KM EFECTIVOS": 0.20292000000000598, "ESTATUS": "NO LIBERADO", "IDENTIFICACION": true, "ANUENCIA": true, "LEVANTAMIENTO": "NO", "NEGOCIACIÓN": false, "C.O.P": "NO", "ESTRUCTURA": "DDV Troncal", "OBSERVACIONES": "Documental/Planos completa", "NUEVO": null, "SEGMENTO": "16" }, "geometry": { "type": "MultiPolygon", "coordinates": [ [ [ [ -100.310013, 26.087977, 0.0 ], [ -100.313734, 26.085731, 0.0 ], [ -100.314415, 26.087457, 0.0 ], [ -100.310445, 26.089489, 0.0 ], [ -100.310012, 26.088546, 0.0 ], [ -100.309983, 26.088261, 0.0 ], [ -100.310013, 26.087977, 0.0 ] ] ] ] } },
{ "type": "Feature", "properties": { "CLAVE": "SNL-SLV-040", "PROYECTO": "TSN", "TIPO DE PROPIEDAD": "Privada", "PROPIETARIO": "GP BIENES INMUEBLES S.A. DE C.V. (Parcela 15)", "EJIDO": "N/A", "M2": 475.765, "KM INIICIO": 172.03282, "KM FIN": 172.23739, "KM LINEALES": 0.20457000000001813, "KM EFECTIVOS": 0.20457000000001813, "ESTATUS": "LIBERADO", "IDENTIFICACION": true, "ANUENCIA": true, "LEVANTAMIENTO": "NO", "NEGOCIACIÓN": true, "C.O.P": "C.O.P", "ESTRUCTURA": "DDV Troncal", "OBSERVACIONES": "En negociación/PU Pactado", "NUEVO": "SI", "SEGMENTO": "16" }, "geometry": { "type": "MultiPolygon", "coordinates": [ [ [ [ -100.31588, 26.096711, 0.0 ], [ -100.317719, 26.095834, 0.0 ], [ -100.318405, 26.097574, 0.0 ], [ -100.316552, 26.098339, 0.0 ], [ -100.31588, 26.096711, 0.0 ] ] ] ] } },
{ "type": "Feature", "properties": { "CLAVE": "SNL-SLV-043", "PROYECTO": "TSN", "TIPO DE PROPIEDAD": "Privada", "PROPIETARIO": "CESAR GONZALEZ CANTU (OSA)", "EJIDO": "N/A", "M2": null, "KM INIICIO": 172.87481, "KM FIN": 173.30974, "KM LINEALES": 0.43493000000000848, "KM EFECTIVOS": 0.43493000000000848, "ESTATUS": "NO LIBERADO", "IDENTIFICACION": true, "ANUENCIA": true, "LEVANTAMIENTO": "SI", "NEGOCIACIÓN": false, "C.O.P": "NO", "ESTRUCTURA": "DDV Troncal", "OBSERVACIONES": "Levantamiento completo", "NUEVO": null, "SEGMENTO": "16" }, "geometry": { "type": "MultiPolygon", "coordinates": [ [ [ [ -100.303501, 26.109578, 0.0 ], [ -100.312951, 26.105918, 0.0 ], [ -100.314882, 26.10517, 0.0 ], [ -100.318412, 26.103803, 0.0 ], [ -100.320538, 26.102979, 0.0 ], [ -100.320561, 26.10297, 0.0 ], [ -100.321643, 26.105635, 0.0 ], [ -100.321764, 26.105954, 0.0 ], [ -100.321972, 26.106642, 0.0 ], [ -100.321978, 26.10666, 0.0 ], [ -100.321983, 26.106676, 0.0 ], [ -100.321981, 26.106677, 0.0 ], [ -100.321962, 26.106682, 0.0 ], [ -100.304181, 26.111244, 0.0 ], [ -100.304161, 26.111249, 0.0 ], [ -100.304148, 26.111215, 0.0 ], [ -100.303688, 26.110088, 0.0 ], [ -100.303483, 26.109585, 0.0 ], [ -100.303501, 26.109578, 0.0 ] ] ] ] } },
{ "type": "Feature", "properties": { "CLAVE": "SNL-SLV-039", "PROYECTO": "TSN", "TIPO DE PROPIEDAD": "Privada", "PROPIETARIO": "GB PIENES INMUEBLES S.A. DE C.V. P20", "EJIDO": "N/A", "M2": 414.126, "KM INIICIO": 171.69739, "KM FIN": 171.87106, "KM LINEALES": 0.17366999999998711, "KM EFECTIVOS": 0.17366999999998711, "ESTATUS": "LIBERADO", "IDENTIFICACION": true, "ANUENCIA": true, "LEVANTAMIENTO": "NO", "NEGOCIACIÓN": true, "C.O.P": "C.O.P", "ESTRUCTURA": "DDV Troncal", "OBSERVACIONES": "En negociación/PU Pactado", "NUEVO": null, "SEGMENTO": "16" }, "geometry": { "type": "MultiPolygon", "coordinates": [ [ [ [ -100.314637, 26.093484, 0.0 ], [ -100.316594, 26.092982, 0.0 ], [ -100.317176, 26.094459, 0.0 ], [ -100.315375, 26.095222, 0.0 ], [ -100.314637, 26.093484, 0.0 ] ] ] ] } },
{ "type": "Feature", "properties": { "CLAVE": "SNL-SLV-044", "PROYECTO": "TSN", "TIPO DE PROPIEDAD": "Privada", "PROPIETARIO": "MARIA MARTINEZ TREVIÑO (OSA)", "EJIDO": "N/A", "M2": null, "KM INIICIO": 173.30974, "KM FIN": 173.71793, "KM LINEALES": 0.4081899999999905, "KM EFECTIVOS": 0.4081899999999905, "ESTATUS": "NO LIBERADO", "IDENTIFICACION": true, "ANUENCIA": true, "LEVANTAMIENTO": "SI", "NEGOCIACIÓN": false, "C.O.P": "NO", "ESTRUCTURA": "DDV Troncal", "OBSERVACIONES": "Levantamiento completo", "NUEVO": null, "SEGMENTO": "16" }, "geometry": { "type": "MultiPolygon", "coordinates": [ [ [ [ -100.3219526, 26.1067349, 0.0 ], [ -100.3219566, 26.1067539, 0.0 ], [ -100.3219506, 26.1067359, 0.0 ], [ -100.3219526, 26.1067349, 0.0 ] ] ], [ [ [ -100.3219596, 26.1067709, 0.0 ], [ -100.3222106, 26.1080069, 0.0 ], [ -100.3223396, 26.1103759, 0.0 ], [ -100.3049716, 26.1133819, 0.0 ], [ -100.3041396, 26.1113429, 0.0 ], [ -100.3041596, 26.1113379, 0.0 ], [ -100.3219406, 26.1067759, 0.0 ], [ -100.3219596, 26.1067709, 0.0 ] ] ] ] } },
{ "type": "Feature", "properties": { "CLAVE": "SNL-SLV-031", "PROYECTO": "TSN", "TIPO DE PROPIEDAD": "Privada", "PROPIETARIO": "OBED CANTU GONZALEZ", "EJIDO": "N/A", "M2": null, "KM INIICIO": 168.28313, "KM FIN": 168.52572, "KM LINEALES": 0.24259000000000697, "KM EFECTIVOS": 0.24259000000000697, "ESTATUS": "NO LIBERADO", "IDENTIFICACION": true, "ANUENCIA": true, "LEVANTAMIENTO": "NO", "NEGOCIACIÓN": false, "C.O.P": "NO", "ESTRUCTURA": "Viaducto", "OBSERVACIONES": "Recopilación Expediente SEDATU/RAN", "NUEVO": null, "SEGMENTO": "16" }, "geometry": { "type": "MultiPolygon", "coordinates": [ [ [ [ -100.304881, 26.066583, 0.0 ], [ -100.303462, 26.064708, 0.0 ], [ -100.305085, 26.063865, 0.0 ], [ -100.305943, 26.065924, 0.0 ], [ -100.304881, 26.066583, 0.0 ] ] ] ] } },
{ "type": "Feature", "properties": { "CLAVE": "SNL-SLV-041", "PROYECTO": "TSN", "TIPO DE PROPIEDAD": "Privada", "PROPIETARIO": "GP BIENES INMUEBLES S.A. DE C.V. (Parcela 12}", "EJIDO": "N/A", "M2": 476.888, "KM INIICIO": 172.23739, "KM FIN": 172.46787, "KM LINEALES": 0.23048, "KM EFECTIVOS": 0.23048, "ESTATUS": "LIBERADO", "IDENTIFICACION": true, "ANUENCIA": true, "LEVANTAMIENTO": "SI", "NEGOCIACIÓN": true, "C.O.P": "C.O.P", "ESTRUCTURA": "DDV Troncal", "OBSERVACIONES": "En negociación/PU Pactado", "NUEVO": "SI", "SEGMENTO": "16" }, "geometry": { "type": "MultiPolygon", "coordinates": [ [ [ [ -100.317297, 26.100169, 0.0 ], [ -100.316552, 26.098339, 0.0 ], [ -100.318405, 26.097574, 0.0 ], [ -100.319179, 26.099534, 0.0 ], [ -100.317337, 26.100269, 0.0 ], [ -100.317297, 26.100169, 0.0 ] ] ] ] } },
{ "type": "Feature", "properties": { "CLAVE": "SNL-SLV-047", "PROYECTO": "TSN", "TIPO DE PROPIEDAD": "Privada", "PROPIETARIO": "JESUS LUIS BARRERA LOZANO (RANCHO MAMULIQUE)", "EJIDO": "N/A", "M2": 9467.36, "KM INIICIO": 177.57656, "KM FIN": 179.16666, "KM LINEALES": 1.5901, "KM EFECTIVOS": 1.5901, "ESTATUS": "EN NEGOCIACIÓN", "IDENTIFICACION": true, "ANUENCIA": true, "LEVANTAMIENTO": "SI", "NEGOCIACIÓN": true, "C.O.P": "NO", "ESTRUCTURA": "DDV Troncal", "OBSERVACIONES": "En negociación/PU Pactado", "NUEVO": null, "SEGMENTO": "16" }, "geometry": { "type": "MultiPolygon", "coordinates": [ [ [ [ -100.296866, 26.1724131, 0.0 ], [ -100.29671, 26.1715161, 0.0 ], [ -100.295971, 26.1707491, 0.0 ], [ -100.29454, 26.1692641, 0.0 ], [ -100.294066, 26.1685471, 0.0 ], [ -100.293204, 26.1677521, 0.0 ], [ -100.292422, 26.1670291, 0.0 ], [ -100.291685, 26.1648481, 0.0 ], [ -100.291576, 26.1645241, 0.0 ], [ -100.291365, 26.1620331, 0.0 ], [ -100.291946, 26.1614301, 0.0 ], [ -100.292703, 26.1606431, 0.0 ], [ -100.29266, 26.1598921, 0.0 ], [ -100.292712, 26.1585911, 0.0 ], [ -100.292443, 26.1581431, 0.0 ], [ -100.291617, 26.1577911, 0.0 ], [ -100.291018, 26.1575351, 0.0 ], [ -100.290534, 26.1563541, 0.0 ], [ -100.290822, 26.1552601, 0.0 ], [ -100.290873, 26.1550661, 0.0 ], [ -100.289503, 26.1546981, 0.0 ], [ -100.288704, 26.1523621, 0.0 ], [ -100.289517, 26.1513181, 0.0 ], [ -100.293707, 26.1505941, 0.0 ], [ -100.29744, 26.1499141, 0.0 ], [ -100.304663, 26.1486001, 0.0 ], [ -100.314146, 26.1468941, 0.0 ], [ -100.323355, 26.1452141, 0.0 ], [ -100.32681, 26.1445901, 0.0 ], [ -100.330755, 26.1440021, 0.0 ], [ -100.331165, 26.1448751, 0.0 ], [ -100.331557, 26.1456641, 0.0 ], [ -100.331822, 26.1461861, 0.0 ], [ -100.332058, 26.1465031, 0.0 ], [ -100.33241, 26.1469961, 0.0 ], [ -100.33285, 26.1475761, 0.0 ], [ -100.334107, 26.1493521, 0.0 ], [ -100.335542, 26.1513381, 0.0 ], [ -100.33704, 26.1533971, 0.0 ], [ -100.3375, 26.1541931, 0.0 ], [ -100.337717, 26.1548561, 0.0 ], [ -100.337837, 26.1554751, 0.0 ], [ -100.337884, 26.1560921, 0.0 ], [ -100.337871, 26.1565271, 0.0 ], [ -100.335452, 26.1574891, 0.0 ], [ -100.331751, 26.1591231, 0.0 ], [ -100.329906, 26.1598831, 0.0 ], [ -100.322901, 26.1627491, 0.0 ], [ -100.297381, 26.1728431, 0.0 ], [ -100.29689, 26.1725531, 0.0 ], [ -100.296866, 26.1724131, 0.0 ] ] ] ] } },
{ "type": "Feature", "properties": { "CLAVE": "SNL-SLV-053", "PROYECTO": "TSN", "TIPO DE PROPIEDAD": "Privada", "PROPIETARIO": "OSCAR MARIANO GARCIA UGARTE", "EJIDO": "N/A", "M2": null, "KM INIICIO": 187.99057, "KM FIN": 188.71309, "KM LINEALES": 0.72252, "KM EFECTIVOS": 0.72252, "ESTATUS": "EN NEGOCIACIÓN", "IDENTIFICACION": true, "ANUENCIA": true, "LEVANTAMIENTO": "NO", "NEGOCIACIÓN": true, "C.O.P": "NO", "ESTRUCTURA": "DDV Troncal", "OBSERVACIONES": "En negociación/PU Pactado", "NUEVO": null, "SEGMENTO": "16" }, "geometry": { "type": "MultiPolygon", "coordinates": [ [ [ [ -100.370577, 26.235621, 0.0 ], [ -100.364556, 26.238149, 0.0 ], [ -100.363387, 26.231774, 0.0 ], [ -100.369647, 26.229161, 0.0 ], [ -100.370577, 26.235621, 0.0 ] ] ] ] } },
{ "type": "Feature", "properties": { "CLAVE": "SNL-SLV-050", "PROYECTO": "TSN", "TIPO DE PROPIEDAD": "Privada", "PROPIETARIO": "RUBEN URRUTIA FLORES Y MARIA GUADALUPE MORALES CANTU", "EJIDO": "N/A", "M2": null, "KM INIICIO": 182.85402, "KM FIN": 184.09618, "KM LINEALES": 1.24216, "KM EFECTIVOS": 1.24216, "ESTATUS": "NO LIBERADO", "IDENTIFICACION": true, "ANUENCIA": true, "LEVANTAMIENTO": "NO", "NEGOCIACIÓN": false, "C.O.P": "NO", "ESTRUCTURA": "DDV Troncal", "OBSERVACIONES": "En Aprobación Jurídica SEDATU", "NUEVO": null, "SEGMENTO": "16" }, "geometry": { "type": "MultiPolygon", "coordinates": [ [ [ [ -100.356617, 26.196831, 0.0 ], [ -100.356809, 26.197878, 0.0 ], [ -100.357015, 26.199015, 0.0 ], [ -100.357298, 26.200558, 0.0 ], [ -100.357536, 26.201871, 0.0 ], [ -100.35779, 26.203279, 0.0 ], [ -100.357982, 26.204341, 0.0 ], [ -100.357989, 26.204378, 0.0 ], [ -100.350375, 26.210412, 0.0 ], [ -100.34664, 26.213369, 0.0 ], [ -100.341879, 26.211939, 0.0 ], [ -100.341138, 26.209907, 0.0 ], [ -100.338992, 26.210115, 0.0 ], [ -100.338776, 26.209179, 0.0 ], [ -100.340151, 26.20727, 0.0 ], [ -100.339869, 26.206482, 0.0 ], [ -100.340062, 26.205909, 0.0 ], [ -100.339692, 26.204484, 0.0 ], [ -100.338667, 26.204413, 0.0 ], [ -100.339136, 26.202062, 0.0 ], [ -100.33735, 26.201908, 0.0 ], [ -100.337125, 26.201685, 0.0 ], [ -100.335363, 26.201215, 0.0 ], [ -100.335018, 26.199736, 0.0 ], [ -100.333916, 26.199434, 0.0 ], [ -100.328772, 26.203464, 0.0 ], [ -100.327076, 26.201132, 0.0 ], [ -100.328253, 26.200426, 0.0 ], [ -100.329263, 26.199821, 0.0 ], [ -100.349553, 26.187655, 0.0 ], [ -100.353387, 26.193413, 0.0 ], [ -100.354312, 26.194796, 0.0 ], [ -100.354431, 26.194965, 0.0 ], [ -100.354557, 26.195131, 0.0 ], [ -100.354688, 26.195293, 0.0 ], [ -100.354826, 26.195451, 0.0 ], [ -100.354969, 26.195604, 0.0 ], [ -100.355117, 26.195754, 0.0 ], [ -100.355262, 26.195888, 0.0 ], [ -100.355412, 26.196017, 0.0 ], [ -100.355566, 26.196141, 0.0 ], [ -100.355726, 26.19626, 0.0 ], [ -100.355889, 26.196374, 0.0 ], [ -100.3561, 26.196514, 0.0 ], [ -100.356316, 26.196649, 0.0 ], [ -100.356617, 26.196831, 0.0 ] ] ] ] } },
{ "type": "Feature", "properties": { "CLAVE": "SNL-SLV-032", "PROYECTO": "TSN", "TIPO DE PROPIEDAD": "Privada", "PROPIETARIO": "SOLUCIONES EN EQUIPAMIENTO TANGAMANGA S.A. DE C.V.", "EJIDO": "N/A", "M2": null, "KM INIICIO": 168.52572, "KM FIN": 168.96172, "KM LINEALES": 0.43600000000000705, "KM EFECTIVOS": 0.43600000000000705, "ESTATUS": "NO LIBERADO", "IDENTIFICACION": true, "ANUENCIA": true, "LEVANTAMIENTO": "NO", "NEGOCIACIÓN": false, "C.O.P": "NO", "ESTRUCTURA": "Viaducto", "OBSERVACIONES": "En Aprobación Jurídica SEDATU", "NUEVO": null, "SEGMENTO": "16" }, "geometry": { "type": "MultiPolygon", "coordinates": [ [ [ [ -100.2978786, 26.061929, 0.0 ], [ -100.2978646, 26.061905, 0.0 ], [ -100.3002536, 26.06054, 0.0 ], [ -100.3027826, 26.063892, 0.0 ], [ -100.3048756, 26.066583, 0.0 ], [ -100.3059376, 26.065924, 0.0 ], [ -100.3073386, 26.069653, 0.0 ], [ -100.3034266, 26.071595, 0.0 ], [ -100.3033746, 26.071621, 0.0 ], [ -100.2978786, 26.061929, 0.0 ] ] ] ] } },
{ "type": "Feature", "properties": { "CLAVE": "SNL-SLV-038", "PROYECTO": "TSN", "TIPO DE PROPIEDAD": "Privada", "PROPIETARIO": "GP BIENES INMUEBLES S.A. DE C.V. P23", "EJIDO": "N/A", "M2": 362.003, "KM INIICIO": 171.14795, "KM FIN": 171.35368, "KM LINEALES": 0.20572999999998842, "KM EFECTIVOS": 0.20572999999998842, "ESTATUS": "LIBERADO", "IDENTIFICACION": true, "ANUENCIA": true, "LEVANTAMIENTO": "NO", "NEGOCIACIÓN": true, "C.O.P": "C.O.P", "ESTRUCTURA": "DDV Troncal", "OBSERVACIONES": "En negociación/PU Pactado", "NUEVO": "SI", "SEGMENTO": "16" }, "geometry": { "type": "MultiPolygon", "coordinates": [ [ [ [ -100.310192, 26.090654, 0.0 ], [ -100.310804, 26.090341, 0.0 ], [ -100.314751, 26.08831, 0.0 ], [ -100.315508, 26.090228, 0.0 ], [ -100.311652, 26.092264, 0.0 ], [ -100.311045, 26.092575, 0.0 ], [ -100.310192, 26.090654, 0.0 ] ] ] ] } },
{ "type": "Feature", "properties": { "CLAVE": "SNL-SLV-049", "PROYECTO": "TSN", "TIPO DE PROPIEDAD": "Privada", "PROPIETARIO": "RUBEN URRUTIA FLORES Y MARIA GUADALUPE MORALES CANTU", "EJIDO": "N/A", "M2": null, "KM INIICIO": 181.34517, "KM FIN": 182.85402, "KM LINEALES": 1.50885, "KM EFECTIVOS": 1.50885, "ESTATUS": "NO LIBERADO", "IDENTIFICACION": true, "ANUENCIA": true, "LEVANTAMIENTO": "NO", "NEGOCIACIÓN": false, "C.O.P": "NO", "ESTRUCTURA": "DDV Troncal", "OBSERVACIONES": "En Aprobación Jurídica SEDATU", "NUEVO": null, "SEGMENTO": "16" }, "geometry": { "type": "MultiPolygon", "coordinates": [ [ [ [ -100.3495144, 26.1878097, 0.0 ], [ -100.3270375, 26.2012867, 0.0 ], [ -100.3270345, 26.2012817, 0.0 ], [ -100.3261044, 26.2008457, 0.0 ], [ -100.3255134, 26.1996167, 0.0 ], [ -100.3225254, 26.1985887, 0.0 ], [ -100.3222514, 26.1981317, 0.0 ], [ -100.3224864, 26.1978597, 0.0 ], [ -100.3225534, 26.1977827, 0.0 ], [ -100.3225644, 26.1977687, 0.0 ], [ -100.3177774, 26.1922777, 0.0 ], [ -100.3164875, 26.1915467, 0.0 ], [ -100.3161405, 26.1907417, 0.0 ], [ -100.3144054, 26.1904387, 0.0 ], [ -100.3141294, 26.1896107, 0.0 ], [ -100.3122255, 26.1894177, 0.0 ], [ -100.3110525, 26.1873667, 0.0 ], [ -100.3098054, 26.1875777, 0.0 ], [ -100.3084395, 26.1857847, 0.0 ], [ -100.3258334, 26.1773337, 0.0 ], [ -100.3433645, 26.1753787, 0.0 ], [ -100.3440035, 26.1768077, 0.0 ], [ -100.3444405, 26.1777857, 0.0 ], [ -100.3449744, 26.1789797, 0.0 ], [ -100.3453484, 26.1798167, 0.0 ], [ -100.3456834, 26.1805647, 0.0 ], [ -100.3459764, 26.1812227, 0.0 ], [ -100.3462714, 26.1818817, 0.0 ], [ -100.3466695, 26.1827707, 0.0 ], [ -100.3471215, 26.1837807, 0.0 ], [ -100.3472985, 26.1841747, 0.0 ], [ -100.3475685, 26.1847457, 0.0 ], [ -100.3479375, 26.1854127, 0.0 ], [ -100.3481385, 26.1857357, 0.0 ], [ -100.3483374, 26.1860407, 0.0 ], [ -100.3487694, 26.1866927, 0.0 ], [ -100.3495144, 26.1878097, 0.0 ] ] ] ] } },
{ "type": "Feature", "properties": { "CLAVE": "SNL-SLV-034", "PROYECTO": "TSN", "TIPO DE PROPIEDAD": null, "PROPIETARIO": "GP ESPACIOS INDUSTRIALES DEL NORESTE", "EJIDO": null, "M2": null, "KM INIICIO": null, "KM FIN": null, "KM LINEALES": null, "KM EFECTIVOS": null, "ESTATUS": "SIN AFECTACIÓN", "IDENTIFICACION": false, "ANUENCIA": false, "LEVANTAMIENTO": "NO", "NEGOCIACIÓN": false, "C.O.P": "NO", "ESTRUCTURA": null, "OBSERVACIONES": "Sin información en Excel", "NUEVO": "SI", "SEGMENTO": "16" }, "geometry": { "type": "MultiPolygon", "coordinates": [ [ [ [ -100.31097, 26.078938, 0.0 ], [ -100.311048, 26.07892, 0.0 ], [ -100.311573, 26.08025, 0.0 ], [ -100.311102, 26.080342, 0.0 ], [ -100.310265, 26.082739, 0.0 ], [ -100.310769, 26.08274, 0.0 ], [ -100.310311, 26.086136, 0.0 ], [ -100.310013, 26.087977, 0.0 ], [ -100.309983, 26.088261, 0.0 ], [ -100.310012, 26.088546, 0.0 ], [ -100.307491, 26.088668, 0.0 ], [ -100.305717, 26.084389, 0.0 ], [ -100.305832, 26.08432, 0.0 ], [ -100.306883, 26.08369, 0.0 ], [ -100.306777, 26.083412, 0.0 ], [ -100.305833, 26.080853, 0.0 ], [ -100.308201, 26.07953, 0.0 ], [ -100.31097, 26.078938, 0.0 ] ] ] ] } },
{ "type": "Feature", "properties": { "CLAVE": "SNL-SLV-037", "PROYECTO": "TSN", "TIPO DE PROPIEDAD": "Privada", "PROPIETARIO": "LUIS VILLARREAL COMPEAN", "EJIDO": "N/A", "M2": null, "KM INIICIO": 171.05669, "KM FIN": 171.15687, "KM LINEALES": 0.10017999999999461, "KM EFECTIVOS": 0.10017999999999461, "ESTATUS": "NO LIBERADO", "IDENTIFICACION": false, "ANUENCIA": false, "LEVANTAMIENTO": "NO", "NEGOCIACIÓN": false, "C.O.P": "POSIBLE D.O.T", "ESTRUCTURA": "DDV Troncal", "OBSERVACIONES": "En revision para posible DOT", "NUEVO": null, "SEGMENTO": "16" }, "geometry": { "type": "MultiPolygon", "coordinates": [ [ [ [ -100.314415, 26.087457, 0.0 ], [ -100.314751, 26.088309, 0.0 ], [ -100.310782, 26.090345, 0.0 ], [ -100.310445, 26.089489, 0.0 ], [ -100.314415, 26.087457, 0.0 ] ] ] ] } },
{ "type": "Feature", "properties": { "CLAVE": "SNL-SLV-045", "PROYECTO": "TSN", "TIPO DE PROPIEDAD": "Privada", "PROPIETARIO": "JESUS LUIS BARRERA LOZANO (RANCHO MAMULIQUE)", "EJIDO": "N/A", "M2": 5661.818, "KM INIICIO": 173.71793, "KM FIN": 174.76915, "KM LINEALES": 1.05122, "KM EFECTIVOS": 1.05122, "ESTATUS": "EN NEGOCIACIÓN", "IDENTIFICACION": true, "ANUENCIA": true, "LEVANTAMIENTO": "SI", "NEGOCIACIÓN": true, "C.O.P": "NO", "ESTRUCTURA": "DDV Troncal", "OBSERVACIONES": "En negociación/PU Pactado", "NUEVO": null, "SEGMENTO": "16" }, "geometry": { "type": "MultiPolygon", "coordinates": [ [ [ [ -100.322345, 26.110362, 0.0 ], [ -100.322328, 26.110492, 0.0 ], [ -100.322426, 26.111981, 0.0 ], [ -100.322854, 26.119645, 0.0 ], [ -100.322863, 26.119811, 0.0 ], [ -100.322864, 26.119831, 0.0 ], [ -100.310453, 26.121273, 0.0 ], [ -100.309966, 26.121332, 0.0 ], [ -100.309965, 26.121317, 0.0 ], [ -100.309958, 26.12119, 0.0 ], [ -100.309314, 26.113351, 0.0 ], [ -100.309279, 26.112617, 0.0 ], [ -100.309297, 26.112614, 0.0 ], [ -100.311691, 26.112211, 0.0 ], [ -100.31813, 26.111092, 0.0 ], [ -100.322345, 26.110362, 0.0 ] ] ], [ [ [ -100.303997690307796, 26.113643959620617, 0.0 ], [ -100.304277153328428, 26.113597382450504, 0.0 ], [ -100.304793085058847, 26.113568719576598, 0.0 ], [ -100.305968262889266, 26.113310753711382, 0.0 ], [ -100.307602046702314, 26.112988296379861, 0.0 ], [ -100.30909968186424, 26.112723164796169, 0.0 ], [ -100.309178504767488, 26.113884011189633, 0.0 ], [ -100.309293156263138, 26.115546457876565, 0.0 ], [ -100.309346, 26.11644, 0.0 ], [ -100.309666, 26.120848, 0.0 ], [ -100.309716, 26.121357, 0.0 ], [ -100.309717, 26.121362, 0.0 ], [ -100.307675, 26.121604, 0.0 ], [ -100.30513, 26.121895, 0.0 ], [ -100.301696, 26.122301, 0.0 ], [ -100.291623, 26.123457, 0.0 ], [ -100.275078, 26.12602, 0.0 ], [ -100.273223, 26.123314, 0.0 ], [ -100.27288, 26.123199, 0.0 ], [ -100.271875, 26.123614, 0.0 ], [ -100.27107, 26.123106, 0.0 ], [ -100.27061, 26.121725, 0.0 ], [ -100.269989, 26.120484, 0.0 ], [ -100.270355, 26.119361, 0.0 ], [ -100.303997690307796, 26.113643959620617, 0.0 ] ] ] ] } },
{ "type": "Feature", "properties": { "CLAVE": "SNL-SLV-033", "PROYECTO": "TSN", "TIPO DE PROPIEDAD": "Privada", "PROPIETARIO": "BANCO ACTINVER S.A. DE C.V. (ARMANDO LOZANO BENAVIDES)", "EJIDO": "N/A", "M2": null, "KM INIICIO": 168.96172, "KM FIN": 169.49673, "KM LINEALES": 0.53501, "KM EFECTIVOS": 0.53501, "ESTATUS": "NO LIBERADO", "IDENTIFICACION": true, "ANUENCIA": false, "LEVANTAMIENTO": "NO", "NEGOCIACIÓN": false, "C.O.P": "NO", "ESTRUCTURA": "Viaducto", "OBSERVACIONES": "Sin información de propietario", "NUEVO": null, "SEGMENTO": "16" }, "geometry": { "type": "MultiPolygon", "coordinates": [ [ [ [ -100.2919355, 26.07696, 0.0 ], [ -100.2897045, 26.071548, 0.0 ], [ -100.2889285, 26.069673, 0.0 ], [ -100.2880535, 26.067557, 0.0 ], [ -100.2880675, 26.067568, 0.0 ], [ -100.2880575, 26.067543, 0.0 ], [ -100.2910725, 26.065815, 0.0 ], [ -100.2919945, 26.065291, 0.0 ], [ -100.2926925, 26.06697, 0.0 ], [ -100.2954335, 26.065513, 0.0 ], [ -100.2944805, 26.063875, 0.0 ], [ -100.2954565, 26.06332, 0.0 ], [ -100.2972505, 26.0679, 0.0 ], [ -100.2980005, 26.069791, 0.0 ], [ -100.2987625, 26.071733, 0.0 ], [ -100.299342973403213, 26.073152254351484, 0.0 ], [ -100.3033585, 26.071621, 0.0 ], [ -100.3034105, 26.071595, 0.0 ], [ -100.307322500000012, 26.069653, 0.0 ], [ -100.307451500000013, 26.069589, 0.0 ], [ -100.3074575, 26.069604, 0.0 ], [ -100.3081395, 26.07132, 0.0 ], [ -100.3091695, 26.074284, 0.0 ], [ -100.3066925, 26.075601, 0.0 ], [ -100.3077825, 26.078481, 0.0 ], [ -100.3081795, 26.07953, 0.0 ], [ -100.3042395, 26.081732, 0.0 ], [ -100.3041375, 26.081789, 0.0 ], [ -100.302986500000017, 26.082432, 0.0 ], [ -100.3039735, 26.084943, 0.0 ], [ -100.3057985, 26.089583, 0.0 ], [ -100.2982505, 26.095394, 0.0 ], [ -100.2978445, 26.095706, 0.0 ], [ -100.2976785, 26.095821, 0.0 ], [ -100.2966775, 26.096589, 0.0 ], [ -100.2965695, 26.096673, 0.0 ], [ -100.2958205, 26.094788, 0.0 ], [ -100.2942275, 26.09078, 0.0 ], [ -100.2936015, 26.089206, 0.0 ], [ -100.293583500000011, 26.08916, 0.0 ], [ -100.2960785, 26.086969, 0.0 ], [ -100.2960655, 26.086937, 0.0 ], [ -100.295923500000015, 26.086594, 0.0 ], [ -100.294795500000021, 26.083874, 0.0 ], [ -100.2930945, 26.07977, 0.0 ], [ -100.2927165, 26.078853, 0.0 ], [ -100.2919355, 26.07696, 0.0 ] ] ] ] } },
{ "type": "Feature", "properties": { "CLAVE": "SNL-SLV-052", "PROYECTO": "TSN", "TIPO DE PROPIEDAD": "Privada", "PROPIETARIO": "MARIA DEL ROSARIO GARCIA UGARTE", "EJIDO": "N/A", "M2": null, "KM INIICIO": 184.84046, "KM FIN": 185.92968, "KM LINEALES": 1.08922, "KM EFECTIVOS": 1.08922, "ESTATUS": "EN NEGOCIACIÓN", "IDENTIFICACION": true, "ANUENCIA": true, "LEVANTAMIENTO": "NO", "NEGOCIACIÓN": true, "C.O.P": "NO", "ESTRUCTURA": "DDV Troncal", "OBSERVACIONES": "En negociación/PU Pactado", "NUEVO": null, "SEGMENTO": "16" }, "geometry": { "type": "MultiPolygon", "coordinates": [ [ [ [ -100.365362, 26.21111, 0.0 ], [ -100.360026, 26.213339, 0.0 ], [ -100.358342, 26.204103, 0.0 ], [ -100.360846, 26.202161, 0.0 ], [ -100.365362, 26.21111, 0.0 ] ] ] ] } },
{ "type": "Feature", "properties": { "CLAVE": "SNL-SLV-056", "PROYECTO": "TSN", "TIPO DE PROPIEDAD": "Privada", "PROPIETARIO": "EUGENIO BUENO BARRERA", "EJIDO": "N/A", "M2": null, "KM INIICIO": 190.96072, "KM FIN": 192.58708, "KM LINEALES": 1.62636, "KM EFECTIVOS": 1.62636, "ESTATUS": "NO LIBERADO", "IDENTIFICACION": true, "ANUENCIA": true, "LEVANTAMIENTO": "NO", "NEGOCIACIÓN": false, "C.O.P": "NO", "ESTRUCTURA": "DDV Troncal", "OBSERVACIONES": "Recopilación Expediente SEDATU/RAN", "NUEVO": null, "SEGMENTO": "16" }, "geometry": { "type": "MultiPolygon", "coordinates": [ [ [ [ -100.368007, 26.25714, 0.0 ], [ -100.373391, 26.25575, 0.0 ], [ -100.374304, 26.262283, 0.0 ], [ -100.375424, 26.270317, 0.0 ], [ -100.370857, 26.270966, 0.0 ], [ -100.370048, 26.268089, 0.0 ], [ -100.369952, 26.267795, 0.0 ], [ -100.369309, 26.264288, 0.0 ], [ -100.368205, 26.25824, 0.0 ], [ -100.368023, 26.257236, 0.0 ], [ -100.368008, 26.257143, 0.0 ], [ -100.368007, 26.25714, 0.0 ] ] ] ] } },
{ "type": "Feature", "properties": { "CLAVE": "SNL-SLV-055", "PROYECTO": "TSN", "TIPO DE PROPIEDAD": "Privada", "PROPIETARIO": "ALFONSO CESAR CAVAZOS TREVIÑO", "EJIDO": "N/A", "M2": null, "KM INIICIO": 189.87614, "KM FIN": 190.96072, "KM LINEALES": 1.08458, "KM EFECTIVOS": 1.08458, "ESTATUS": "NO LIBERADO", "IDENTIFICACION": true, "ANUENCIA": true, "LEVANTAMIENTO": "NO", "NEGOCIACIÓN": false, "C.O.P": "NO", "ESTRUCTURA": "DDV Troncal", "OBSERVACIONES": "Recopilación Expediente SEDATU/RAN", "NUEVO": null, "SEGMENTO": "16" }, "geometry": { "type": "MultiPolygon", "coordinates": [ [ [ [ -100.373391, 26.25575, 0.0 ], [ -100.368007, 26.25714, 0.0 ], [ -100.366317, 26.247844, 0.0 ], [ -100.372017, 26.245934, 0.0 ], [ -100.37301, 26.253031, 0.0 ], [ -100.373019, 26.253092, 0.0 ], [ -100.373391, 26.25575, 0.0 ] ] ] ] } },
{ "type": "Feature", "properties": { "CLAVE": "SNL-SLV-054", "PROYECTO": "TSN", "TIPO DE PROPIEDAD": "Privada", "PROPIETARIO": "HECTOR ALEJANDRO GARCIA GOMEZ", "EJIDO": "N/A", "M2": null, "KM INIICIO": 188.72198, "KM FIN": 189.87614, "KM LINEALES": 1.15416, "KM EFECTIVOS": 1.15416, "ESTATUS": "LIBERADO", "IDENTIFICACION": true, "ANUENCIA": true, "LEVANTAMIENTO": "NO", "NEGOCIACIÓN": true, "C.O.P": "C.O.P", "ESTRUCTURA": "DDV Troncal", "OBSERVACIONES": "Firmado COP/AOT", "NUEVO": null, "SEGMENTO": "16" }, "geometry": { "type": "MultiPolygon", "coordinates": [ [ [ [ -100.3645669, 26.237961, 0.0 ], [ -100.3705878, 26.235433, 0.0 ], [ -100.3706068, 26.235428, 0.0 ], [ -100.3720278, 26.245746, 0.0 ], [ -100.3663279, 26.247656, 0.0 ], [ -100.3658448, 26.245014, 0.0 ], [ -100.3645669, 26.237961, 0.0 ] ] ] ] } },
{ "type": "Feature", "properties": { "CLAVE": "SNL-SLV-051", "PROYECTO": "TSN", "TIPO DE PROPIEDAD": "Privada", "PROPIETARIO": "RUBEN URRUTIA FLORES Y MARIA GUADALUPE MORALES CANTU", "EJIDO": "N/A", "M2": null, "KM INIICIO": 184.15216, "KM FIN": 184.84046, "KM LINEALES": 0.6883, "KM EFECTIVOS": 0.6883, "ESTATUS": "NO LIBERADO", "IDENTIFICACION": true, "ANUENCIA": true, "LEVANTAMIENTO": "NO", "NEGOCIACIÓN": false, "C.O.P": "NO", "ESTRUCTURA": "DDV Troncal", "OBSERVACIONES": "En Aprobación Jurídica SEDATU", "NUEVO": null, "SEGMENTO": "16" }, "geometry": { "type": "MultiPolygon", "coordinates": [ [ [ [ -100.36084, 26.20216, 0.0 ], [ -100.358344, 26.204102, 0.0 ], [ -100.358185, 26.203221, 0.0 ], [ -100.357931, 26.201813, 0.0 ], [ -100.357693, 26.2005, 0.0 ], [ -100.35741, 26.198956, 0.0 ], [ -100.357204, 26.197819, 0.0 ], [ -100.357073, 26.197105, 0.0 ], [ -100.357226, 26.197197, 0.0 ], [ -100.357406, 26.197309, 0.0 ], [ -100.357642, 26.19746, 0.0 ], [ -100.357814, 26.197578, 0.0 ], [ -100.357905, 26.197643, 0.0 ], [ -100.35813, 26.197817, 0.0 ], [ -100.358393, 26.198046, 0.0 ], [ -100.358673, 26.198325, 0.0 ], [ -100.358703, 26.198359, 0.0 ], [ -100.358767, 26.19843, 0.0 ], [ -100.359005, 26.198725, 0.0 ], [ -100.359117, 26.198879, 0.0 ], [ -100.359173, 26.198963, 0.0 ], [ -100.3594, 26.199329, 0.0 ], [ -100.359505, 26.199521, 0.0 ], [ -100.359585, 26.199677, 0.0 ], [ -100.359949, 26.200393, 0.0 ], [ -100.36084, 26.20216, 0.0 ] ] ] ] } },
{ "type": "Feature", "properties": { "CLAVE": "SNL-SLV-014", "PROYECTO": "TSN", "TIPO DE PROPIEDAD": "Privada", "PROPIETARIO": "SYLVIA VILLAREAL GUTIERREZ", "EJIDO": "N/A", "M2": null, "KM INIICIO": 164.22626, "KM FIN": 164.74979, "KM LINEALES": 0.52352999999999383, "KM EFECTIVOS": 0.52352999999999383, "ESTATUS": "NO LIBERADO", "IDENTIFICACION": true, "ANUENCIA": true, "LEVANTAMIENTO": "NO", "NEGOCIACIÓN": true, "C.O.P": "NO", "ESTRUCTURA": "Viaducto", "OBSERVACIONES": "En proceso de firma COP", "NUEVO": null, "SEGMENTO": "16" }, "geometry": { "type": "MultiPolygon", "coordinates": [ [ [ [ -100.295706, 26.030618, 0.0 ], [ -100.299014, 26.028895, 0.0 ], [ -100.299772, 26.028498, 0.0 ], [ -100.300116, 26.029613, 0.0 ], [ -100.300401, 26.030476, 0.0 ], [ -100.300662, 26.031302, 0.0 ], [ -100.300977, 26.032414, 0.0 ], [ -100.301089, 26.033058, 0.0 ], [ -100.300392, 26.03331, 0.0 ], [ -100.299596, 26.033618, 0.0 ], [ -100.298314, 26.034127, 0.0 ], [ -100.297767, 26.033196, 0.0 ], [ -100.297034, 26.032566, 0.0 ], [ -100.296206, 26.031651, 0.0 ], [ -100.295962, 26.031127, 0.0 ], [ -100.295706, 26.030618, 0.0 ] ] ] ] } },
{ "type": "Feature", "properties": { "CLAVE": "SNL-SLV-017-1", "PROYECTO": "TSN", "TIPO DE PROPIEDAD": "Privada", "PROPIETARIO": "MARTIN ALFONSO GUTIERREZ ESCAMILLA", "EJIDO": "N/A", "M2": 4595.409, "KM INIICIO": 165.62883, "KM FIN": 165.99465, "KM LINEALES": 0.36582000000001358, "KM EFECTIVOS": 0.36582000000001358, "ESTATUS": "LIBERADO", "IDENTIFICACION": true, "ANUENCIA": true, "LEVANTAMIENTO": "SI", "NEGOCIACIÓN": true, "C.O.P": "C.O.P", "ESTRUCTURA": "Viaducto", "OBSERVACIONES": "Firmado COP/AOT", "NUEVO": null, "SEGMENTO": "16" }, "geometry": { "type": "MultiPolygon", "coordinates": [ [ [ [ -100.299717, 26.04125, 0.0 ], [ -100.300652, 26.041011, 0.0 ], [ -100.300705, 26.041331, 0.0 ], [ -100.301178, 26.044254, 0.0 ], [ -100.29196, 26.055126, 0.0 ], [ -100.291619, 26.05495, 0.0 ], [ -100.291304, 26.05478, 0.0 ], [ -100.299717, 26.04125, 0.0 ] ] ] ] } },
{ "type": "Feature", "properties": { "CLAVE": "SNL-SLV-017-2", "PROYECTO": "TSN", "TIPO DE PROPIEDAD": "Privada", "PROPIETARIO": "MARTIN ALFONSO GUTIERREZ ESCAMILLA", "EJIDO": "N/A", "M2": 3630.577, "KM INIICIO": 165.99465, "KM FIN": 166.23446, "KM LINEALES": 0.23981000000000563, "KM EFECTIVOS": 0.23981000000000563, "ESTATUS": "LIBERADO", "IDENTIFICACION": true, "ANUENCIA": true, "LEVANTAMIENTO": "SI", "NEGOCIACIÓN": true, "C.O.P": "C.O.P", "ESTRUCTURA": "Viaducto", "OBSERVACIONES": "Firmado COP/AOT", "NUEVO": null, "SEGMENTO": "16" }, "geometry": { "type": "MultiPolygon", "coordinates": [ [ [ [ -100.29196, 26.055126, 0.0 ], [ -100.301178, 26.044254, 0.0 ], [ -100.301544, 26.046531, 0.0 ], [ -100.292279, 26.055322, 0.0 ], [ -100.29196, 26.055126, 0.0 ] ] ] ] } },
{ "type": "Feature", "properties": { "CLAVE": "SNL-SLV-018", "PROYECTO": "TSN", "TIPO DE PROPIEDAD": "Privada", "PROPIETARIO": "MARTIN ALFONSO GUTIERREZ ESCAMILLA", "EJIDO": "N/A", "M2": 3690.943, "KM INIICIO": 166.23446, "KM FIN": 166.39818, "KM LINEALES": 0.16371999999998366, "KM EFECTIVOS": 0.16371999999998366, "ESTATUS": "LIBERADO", "IDENTIFICACION": true, "ANUENCIA": true, "LEVANTAMIENTO": "SI", "NEGOCIACIÓN": true, "C.O.P": "C.O.P", "ESTRUCTURA": "Viaducto", "OBSERVACIONES": "Firmado COP/AOT", "NUEVO": null, "SEGMENTO": "16" }, "geometry": { "type": "MultiPolygon", "coordinates": [ [ [ [ -100.292279, 26.055322, 0.0 ], [ -100.30172, 26.046364, 0.0 ], [ -100.301969, 26.047687, 0.0 ], [ -100.292916, 26.055662, 0.0 ], [ -100.292279, 26.055322, 0.0 ] ] ] ] } },
{ "type": "Feature", "properties": { "CLAVE": "SNL-SLV-025", "PROYECTO": "TSN", "TIPO DE PROPIEDAD": "Privada", "PROPIETARIO": "GALINDO LORENZO", "EJIDO": "N/A", "M2": 883.114, "KM INIICIO": 167.12882, "KM FIN": 167.17146, "KM LINEALES": 0.042640000000005784, "KM EFECTIVOS": 0.042640000000005784, "ESTATUS": "LIBERADO", "IDENTIFICACION": true, "ANUENCIA": false, "LEVANTAMIENTO": "NO", "NEGOCIACIÓN": true, "C.O.P": "C.O.P", "ESTRUCTURA": "Viaducto", "OBSERVACIONES": "Firmado COP/AOT", "NUEVO": "SI", "SEGMENTO": "16" }, "geometry": { "type": "MultiPolygon", "coordinates": [ [ [ [ -100.296394, 26.057465, 0.0 ], [ -100.302658, 26.053214, 0.0 ], [ -100.302723, 26.053571, 0.0 ], [ -100.296615, 26.057587, 0.0 ], [ -100.296394, 26.057465, 0.0 ] ] ] ] } },
{ "type": "Feature", "properties": { "CLAVE": "SNL-SLV-013", "PROYECTO": "TSN", "TIPO DE PROPIEDAD": "Privada", "PROPIETARIO": "ACRELUX SA DE CV", "EJIDO": "N/A", "M2": 5359.86, "KM INIICIO": 163.73104, "KM FIN": 164.22626, "KM LINEALES": 0.49521999999998911, "KM EFECTIVOS": 0.49521999999998911, "ESTATUS": "LIBERADO", "IDENTIFICACION": true, "ANUENCIA": true, "LEVANTAMIENTO": "SI", "NEGOCIACIÓN": true, "C.O.P": "A.O.P", "ESTRUCTURA": "Viaducto", "OBSERVACIONES": "Firmado COP/AOT", "NUEVO": null, "SEGMENTO": "16" }, "geometry": { "type": "MultiPolygon", "coordinates": [ [ [ [ -100.299772, 26.028498, 0.0 ], [ -100.295706, 26.030618, 0.0 ], [ -100.29566, 26.030669, 0.0 ], [ -100.29526, 26.030132, 0.0 ], [ -100.295042, 26.030026, 0.0 ], [ -100.294773, 26.029867, 0.0 ], [ -100.293827, 26.029131, 0.0 ], [ -100.293638, 26.028934, 0.0 ], [ -100.293464, 26.028776, 0.0 ], [ -100.293302, 26.028583, 0.0 ], [ -100.29299, 26.028237, 0.0 ], [ -100.292721, 26.027982, 0.0 ], [ -100.292167, 26.027364, 0.0 ], [ -100.291868, 26.027074, 0.0 ], [ -100.291537, 26.026769, 0.0 ], [ -100.291038, 26.026302, 0.0 ], [ -100.290831, 26.026082, 0.0 ], [ -100.290708, 26.02592, 0.0 ], [ -100.290555, 26.025576, 0.0 ], [ -100.290487, 26.025475, 0.0 ], [ -100.290464, 26.025377, 0.0 ], [ -100.290414, 26.025239, 0.0 ], [ -100.298339, 26.024174, 0.0 ], [ -100.299772, 26.028498, 0.0 ] ] ] ] } },
{ "type": "Feature", "properties": { "CLAVE": "SNL-SLV-008-11", "PROYECTO": "TSN", "TIPO DE PROPIEDAD": "Privada", "PROPIETARIO": "BOTELLO FERNANDEZ BEATRIZ EUGENIA", "EJIDO": "N/A", "M2": null, "KM INIICIO": 160.11486, "KM FIN": 160.42815, "KM LINEALES": 0.31328999999999496, "KM EFECTIVOS": 0.31328999999999496, "ESTATUS": "NO LIBERADO", "IDENTIFICACION": true, "ANUENCIA": false, "LEVANTAMIENTO": "NO", "NEGOCIACIÓN": false, "C.O.P": "NO", "ESTRUCTURA": "DDV Troncal", "OBSERVACIONES": "En proceso de Acercamiento", "NUEVO": null, "SEGMENTO": "16" }, "geometry": { "type": "MultiPolygon", "coordinates": [ [ [ [ -100.288193, 25.992912, 0.0 ], [ -100.289064, 25.995596, 0.0 ], [ -100.284265, 26.000226, 0.0 ], [ -100.284168, 26.000068, 0.0 ], [ -100.284106, 25.999959, 0.0 ], [ -100.284051, 25.999846, 0.0 ], [ -100.284003, 25.999731, 0.0 ], [ -100.283963, 25.999614, 0.0 ], [ -100.28393, 25.999495, 0.0 ], [ -100.283905, 25.999374, 0.0 ], [ -100.283888, 25.999252, 0.0 ], [ -100.283879, 25.99913, 0.0 ], [ -100.283878, 25.999018, 0.0 ], [ -100.283884, 25.998906, 0.0 ], [ -100.283896, 25.998794, 0.0 ], [ -100.283914, 25.998683, 0.0 ], [ -100.283939, 25.998574, 0.0 ], [ -100.283971, 25.998465, 0.0 ], [ -100.284008, 25.998359, 0.0 ], [ -100.284053, 25.998254, 0.0 ], [ -100.284054, 25.998251, 0.0 ], [ -100.284055, 25.998247, 0.0 ], [ -100.284056, 25.998247, 0.0 ], [ -100.284061, 25.998236, 0.0 ], [ -100.284066, 25.998225, 0.0 ], [ -100.284071, 25.998214, 0.0 ], [ -100.284077, 25.998203, 0.0 ], [ -100.284082, 25.998192, 0.0 ], [ -100.284082, 25.998191, 0.0 ], [ -100.284088, 25.998181, 0.0 ], [ -100.284088, 25.99818, 0.0 ], [ -100.284093, 25.998169, 0.0 ], [ -100.284099, 25.998158, 0.0 ], [ -100.284105, 25.998147, 0.0 ], [ -100.284111, 25.998137, 0.0 ], [ -100.284111, 25.998136, 0.0 ], [ -100.284117, 25.998126, 0.0 ], [ -100.284117, 25.998125, 0.0 ], [ -100.284123, 25.998115, 0.0 ], [ -100.284129, 25.998104, 0.0 ], [ -100.284135, 25.998093, 0.0 ], [ -100.284141, 25.998082, 0.0 ], [ -100.284147, 25.998071, 0.0 ], [ -100.284153, 25.998061, 0.0 ], [ -100.284154, 25.998061, 0.0 ], [ -100.28416, 25.99805, 0.0 ], [ -100.284166, 25.998039, 0.0 ], [ -100.284173, 25.998029, 0.0 ], [ -100.284179, 25.998018, 0.0 ], [ -100.284186, 25.998008, 0.0 ], [ -100.284193, 25.997997, 0.0 ], [ -100.2842, 25.997987, 0.0 ], [ -100.2842, 25.997986, 0.0 ], [ -100.284207, 25.997976, 0.0 ], [ -100.284213, 25.997966, 0.0 ], [ -100.284214, 25.997965, 0.0 ], [ -100.28422, 25.997955, 0.0 ], [ -100.284221, 25.997955, 0.0 ], [ -100.284228, 25.997945, 0.0 ], [ -100.284235, 25.997935, 0.0 ], [ -100.284242, 25.997924, 0.0 ], [ -100.284249, 25.997914, 0.0 ], [ -100.284256, 25.997904, 0.0 ], [ -100.284264, 25.997894, 0.0 ], [ -100.284271, 25.997884, 0.0 ], [ -100.284271, 25.997883, 0.0 ], [ -100.284279, 25.997873, 0.0 ], [ -100.284286, 25.997863, 0.0 ], [ -100.284294, 25.997853, 0.0 ], [ -100.284302, 25.997843, 0.0 ], [ -100.28431, 25.997834, 0.0 ], [ -100.28431, 25.997833, 0.0 ], [ -100.284317, 25.997824, 0.0 ], [ -100.284325, 25.997814, 0.0 ], [ -100.284333, 25.997804, 0.0 ], [ -100.284341, 25.997794, 0.0 ], [ -100.284349, 25.997785, 0.0 ], [ -100.28435, 25.997784, 0.0 ], [ -100.284358, 25.997775, 0.0 ], [ -100.284366, 25.997765, 0.0 ], [ -100.284374, 25.997756, 0.0 ], [ -100.284382, 25.997746, 0.0 ], [ -100.284383, 25.997746, 0.0 ], [ -100.284391, 25.997737, 0.0 ], [ -100.284399, 25.997727, 0.0 ], [ -100.284408, 25.997718, 0.0 ], [ -100.284416, 25.997708, 0.0 ], [ -100.284425, 25.997699, 0.0 ], [ -100.284434, 25.99769, 0.0 ], [ -100.284443, 25.997681, 0.0 ], [ -100.284451, 25.997671, 0.0 ], [ -100.28446, 25.997663, 0.0 ], [ -100.28446, 25.997662, 0.0 ], [ -100.284469, 25.997653, 0.0 ], [ -100.284478, 25.997644, 0.0 ], [ -100.284487, 25.997635, 0.0 ], [ -100.284496, 25.997626, 0.0 ], [ -100.284506, 25.997617, 0.0 ], [ -100.284772, 25.997361, 0.0 ], [ -100.284772, 25.99736, 0.0 ], [ -100.285523, 25.996635, 0.0 ], [ -100.285524, 25.996635, 0.0 ], [ -100.285697, 25.996468, 0.0 ], [ -100.286212, 25.995971, 0.0 ], [ -100.286283, 25.995899, 0.0 ], [ -100.286349, 25.995825, 0.0 ], [ -100.28635, 25.995824, 0.0 ], [ -100.28641, 25.995749, 0.0 ], [ -100.28647, 25.995666, 0.0 ], [ -100.286525, 25.995581, 0.0 ], [ -100.286575, 25.995494, 0.0 ], [ -100.28662, 25.995404, 0.0 ], [ -100.286666, 25.995297, 0.0 ], [ -100.286705, 25.995188, 0.0 ], [ -100.286737, 25.995076, 0.0 ], [ -100.286761, 25.994964, 0.0 ], [ -100.286778, 25.99485, 0.0 ], [ -100.286788, 25.994735, 0.0 ], [ -100.28679, 25.99462, 0.0 ], [ -100.286786, 25.99453, 0.0 ], [ -100.286785, 25.994526, 0.0 ], [ -100.286773, 25.994409, 0.0 ], [ -100.286753, 25.994293, 0.0 ], [ -100.286621, 25.993661, 0.0 ], [ -100.286621, 25.99366, 0.0 ], [ -100.28658, 25.993462, 0.0 ], [ -100.286575, 25.99342, 0.0 ], [ -100.286577, 25.993377, 0.0 ], [ -100.286587, 25.993336, 0.0 ], [ -100.286604, 25.993296, 0.0 ], [ -100.286627, 25.993259, 0.0 ], [ -100.286656, 25.993226, 0.0 ], [ -100.286691, 25.993198, 0.0 ], [ -100.286731, 25.993174, 0.0 ], [ -100.286774, 25.993157, 0.0 ], [ -100.286819, 25.993146, 0.0 ], [ -100.288049, 25.992937, 0.0 ], [ -100.288193, 25.992912, 0.0 ] ] ] ] } },
{ "type": "Feature", "properties": { "CLAVE": "SNL-SLV-022", "PROYECTO": "TSN", "TIPO DE PROPIEDAD": "Privada", "PROPIETARIO": "JORGE HUMBERTO LOYA RAMIREZ", "EJIDO": "N/A", "M2": 1477.683, "KM INIICIO": 166.8356, "KM FIN": 166.90912, "KM LINEALES": 0.073520000000002028, "KM EFECTIVOS": 0.073520000000002028, "ESTATUS": "LIBERADO", "IDENTIFICACION": true, "ANUENCIA": true, "LEVANTAMIENTO": "SI", "NEGOCIACIÓN": true, "C.O.P": "C.O.P", "ESTRUCTURA": "Viaducto", "OBSERVACIONES": "Firmado COP/AOT", "NUEVO": null, "SEGMENTO": "16" }, "geometry": { "type": "MultiPolygon", "coordinates": [ [ [ [ -100.294492, 26.056501, 0.0 ], [ -100.302489, 26.050947, 0.0 ], [ -100.302584, 26.051516, 0.0 ], [ -100.294793, 26.056662, 0.0 ], [ -100.294492, 26.056501, 0.0 ] ] ] ] } },
{ "type": "Feature", "properties": { "CLAVE": "SNL-SLV-026", "PROYECTO": "TSN", "TIPO DE PROPIEDAD": "Privada", "PROPIETARIO": "ALFONSO GUTIERREZ ELIZONDO", "EJIDO": "N/A", "M2": 2339.213, "KM INIICIO": 167.17146, "KM FIN": 167.28441, "KM LINEALES": 0.1129500000000121, "KM EFECTIVOS": 0.1129500000000121, "ESTATUS": "LIBERADO", "IDENTIFICACION": true, "ANUENCIA": true, "LEVANTAMIENTO": "SI", "NEGOCIACIÓN": true, "C.O.P": "C.O.P", "ESTRUCTURA": "Viaducto", "OBSERVACIONES": "Firmado COP/AOT", "NUEVO": null, "SEGMENTO": "16" }, "geometry": { "type": "MultiPolygon", "coordinates": [ [ [ [ -100.302882, 26.054456, 0.0 ], [ -100.29752, 26.058072, 0.0 ], [ -100.297003, 26.057802, 0.0 ], [ -100.296615, 26.057587, 0.0 ], [ -100.302723, 26.053571, 0.0 ], [ -100.302825, 26.05413, 0.0 ], [ -100.302882, 26.054456, 0.0 ] ] ] ] } },
{ "type": "Feature", "properties": { "CLAVE": "SNL-SLV-027", "PROYECTO": "TSN", "TIPO DE PROPIEDAD": "Privada", "PROPIETARIO": "ALFONSO GUTIERREZ ELIZONDO", "EJIDO": "N/A", "M2": 1656.788, "KM INIICIO": 167.28441, "KM FIN": 167.36503, "KM LINEALES": 0.080619999999981928, "KM EFECTIVOS": 0.080619999999981928, "ESTATUS": "LIBERADO", "IDENTIFICACION": true, "ANUENCIA": true, "LEVANTAMIENTO": "SI", "NEGOCIACIÓN": true, "C.O.P": "C.O.P", "ESTRUCTURA": "Viaducto", "OBSERVACIONES": "Firmado COP/AOT", "NUEVO": null, "SEGMENTO": "16" }, "geometry": { "type": "MultiPolygon", "coordinates": [ [ [ [ -100.29752, 26.058072, 0.0 ], [ -100.302882, 26.054456, 0.0 ], [ -100.302979, 26.055013, 0.0 ], [ -100.303003, 26.055153, 0.0 ], [ -100.29821, 26.058386, 0.0 ], [ -100.298186, 26.058402, 0.0 ], [ -100.298048, 26.058335, 0.0 ], [ -100.297972, 26.058292, 0.0 ], [ -100.29752, 26.058072, 0.0 ] ] ] ] } },
{ "type": "Feature", "properties": { "CLAVE": "SNL-SLV-023", "PROYECTO": "TSN", "TIPO DE PROPIEDAD": "Privada", "PROPIETARIO": "MARTIN ALFONSO GUTIERREZ ESCAMILLA/GALINDO LORENZO Y HNO", "EJIDO": "N/A", "M2": 1669.278, "KM INIICIO": 166.90912, "KM FIN": 166.99184, "KM LINEALES": 0.082719999999994798, "KM EFECTIVOS": 0.082719999999994798, "ESTATUS": "LIBERADO", "IDENTIFICACION": true, "ANUENCIA": true, "LEVANTAMIENTO": "SI", "NEGOCIACIÓN": true, "C.O.P": "C.O.P", "ESTRUCTURA": "Viaducto", "OBSERVACIONES": "Firmado COP/AOT", "NUEVO": null, "SEGMENTO": "16" }, "geometry": { "type": "MultiPolygon", "coordinates": [ [ [ [ -100.295229, 26.056932, 0.0 ], [ -100.294797, 26.056677, 0.0 ], [ -100.302361, 26.051687, 0.0 ], [ -100.302511, 26.052257, 0.0 ], [ -100.295229, 26.056932, 0.0 ] ] ] ] } },
{ "type": "Feature", "properties": { "CLAVE": "SNL-SLV-020", "PROYECTO": "TSN", "TIPO DE PROPIEDAD": "Privada", "PROPIETARIO": "JORGE HUMBERTO LOYA RAMIREZ", "EJIDO": "N/A", "M2": 4852.863, "KM INIICIO": 166.54873, "KM FIN": 166.7914, "KM LINEALES": 0.24267, "KM EFECTIVOS": 0.24267, "ESTATUS": "LIBERADO", "IDENTIFICACION": true, "ANUENCIA": true, "LEVANTAMIENTO": "SI", "NEGOCIACIÓN": true, "C.O.P": "C.O.P", "ESTRUCTURA": "Viaducto", "OBSERVACIONES": "Firmado COP/AOT", "NUEVO": null, "SEGMENTO": "16" }, "geometry": { "type": "MultiPolygon", "coordinates": [ [ [ [ -100.293519, 26.055983, 0.0 ], [ -100.302135, 26.048837, 0.0 ], [ -100.302432, 26.050608, 0.0 ], [ -100.294337, 26.056419, 0.0 ], [ -100.293519, 26.055983, 0.0 ] ] ] ] } },
{ "type": "Feature", "properties": { "CLAVE": "SNL-SLV-029", "PROYECTO": "TSN", "TIPO DE PROPIEDAD": "Privada", "PROPIETARIO": "MEXICANA DE ARROZ", "EJIDO": "N/A", "M2": null, "KM INIICIO": 167.64795, "KM FIN": 167.67962, "KM LINEALES": 0.031669999999991205, "KM EFECTIVOS": 0.031669999999991205, "ESTATUS": "NO LIBERADO", "IDENTIFICACION": false, "ANUENCIA": false, "LEVANTAMIENTO": "NO", "NEGOCIACIÓN": false, "C.O.P": "NO", "ESTRUCTURA": "Viaducto", "OBSERVACIONES": "En proceso de Acercamiento", "NUEVO": null, "SEGMENTO": "16" }, "geometry": { "type": "MultiPolygon", "coordinates": [ [ [ [ -100.302366, 26.056096, 0.0 ], [ -100.303218, 26.055458, 0.0 ], [ -100.303275, 26.055892, 0.0 ], [ -100.302385, 26.056237, 0.0 ], [ -100.302649, 26.057806, 0.0 ], [ -100.302801, 26.058709, 0.0 ], [ -100.302673, 26.058786, 0.0 ], [ -100.301925, 26.059207, 0.0 ], [ -100.30173, 26.058049, 0.0 ], [ -100.301513, 26.056747, 0.0 ], [ -100.301512, 26.056735, 0.0 ], [ -100.302366, 26.056096, 0.0 ] ] ] ] } },
{ "type": "Feature", "properties": { "CLAVE": "SNL-SLV-017", "PROYECTO": "TSN", "TIPO DE PROPIEDAD": "Privada", "PROPIETARIO": "MARTIN ALFONSO GUTIERREZ ESCAMILLA/QUIROGA GARCIA DORA OFELIA", "EJIDO": "N/A", "M2": 2198.773, "KM INIICIO": 165.42628, "KM FIN": 165.61633, "KM LINEALES": 0.1900500000000136, "KM EFECTIVOS": 0.1900500000000136, "ESTATUS": "LIBERADO", "IDENTIFICACION": true, "ANUENCIA": true, "LEVANTAMIENTO": "SI", "NEGOCIACIÓN": true, "C.O.P": "C.O.P", "ESTRUCTURA": "Viaducto", "OBSERVACIONES": "Firmado COP/AOT", "NUEVO": "SI", "SEGMENTO": "16" }, "geometry": { "type": "MultiPolygon", "coordinates": [ [ [ [ -100.298697, 26.040505, 0.0 ], [ -100.298661, 26.040475, 0.0 ], [ -100.298079, 26.039987, 0.0 ], [ -100.300701, 26.039123, 0.0 ], [ -100.300689, 26.03925, 0.0 ], [ -100.300658, 26.03997, 0.0 ], [ -100.300729, 26.040653, 0.0 ], [ -100.300756, 26.040918, 0.0 ], [ -100.300684, 26.040913, 0.0 ], [ -100.300638, 26.040925, 0.0 ], [ -100.300614, 26.04093, 0.0 ], [ -100.300153, 26.041062, 0.0 ], [ -100.299914, 26.041123, 0.0 ], [ -100.299783, 26.041155, 0.0 ], [ -100.299775, 26.041157, 0.0 ], [ -100.299731, 26.041168, 0.0 ], [ -100.299632, 26.041187, 0.0 ], [ -100.29956, 26.041183, 0.0 ], [ -100.299494, 26.041159, 0.0 ], [ -100.299405, 26.041093, 0.0 ], [ -100.299377, 26.041071, 0.0 ], [ -100.299369, 26.041066, 0.0 ], [ -100.299324, 26.041031, 0.0 ], [ -100.2993, 26.041012, 0.0 ], [ -100.299292, 26.041005, 0.0 ], [ -100.299186, 26.040916, 0.0 ], [ -100.29918, 26.040911, 0.0 ], [ -100.299114, 26.040855, 0.0 ], [ -100.29899, 26.040751, 0.0 ], [ -100.298972, 26.040735, 0.0 ], [ -100.298697, 26.040505, 0.0 ] ] ] ] } },
{ "type": "Feature", "properties": { "CLAVE": "SNL-SLV-016", "PROYECTO": "TSN", "TIPO DE PROPIEDAD": "Privada", "PROPIETARIO": "MARTIN ALFONSO GUTIERREZ ESCAMILLA", "EJIDO": "N/A", "M2": 2708.19, "KM INIICIO": 165.20877, "KM FIN": 165.42628, "KM LINEALES": 0.21751, "KM EFECTIVOS": 0.21751, "ESTATUS": "LIBERADO", "IDENTIFICACION": true, "ANUENCIA": true, "LEVANTAMIENTO": "SI", "NEGOCIACIÓN": true, "C.O.P": "C.O.P", "ESTRUCTURA": "Viaducto", "OBSERVACIONES": "Firmado COP/AOT", "NUEVO": null, "SEGMENTO": "16" }, "geometry": { "type": "MultiPolygon", "coordinates": [ [ [ [ -100.2930813, 26.0362297, 0.0 ], [ -100.292819, 26.035999, 0.0 ], [ -100.2931115, 26.0357039, 0.0 ], [ -100.2930813, 26.0362297, 0.0 ] ] ], [ [ [ -100.295043, 26.033755, 0.0 ], [ -100.296352, 26.032563, 0.0 ], [ -100.296656, 26.032927, 0.0 ], [ -100.297365, 26.033782, 0.0 ], [ -100.297643, 26.034116, 0.0 ], [ -100.297802, 26.034297, 0.0 ], [ -100.297944, 26.034491, 0.0 ], [ -100.298089, 26.034667, 0.0 ], [ -100.298317, 26.034951, 0.0 ], [ -100.298433, 26.035094, 0.0 ], [ -100.298532, 26.035234, 0.0 ], [ -100.29869, 26.03541, 0.0 ], [ -100.299024, 26.035665, 0.0 ], [ -100.299313, 26.035874, 0.0 ], [ -100.299432, 26.035946, 0.0 ], [ -100.299641, 26.035985, 0.0 ], [ -100.300431, 26.036697, 0.0 ], [ -100.300844, 26.037061, 0.0 ], [ -100.300839, 26.037569, 0.0 ], [ -100.30078, 26.038339, 0.0 ], [ -100.300701, 26.039123, 0.0 ], [ -100.298079, 26.039987, 0.0 ], [ -100.298059, 26.03997, 0.0 ], [ -100.298008, 26.039929, 0.0 ], [ -100.297807, 26.039767, 0.0 ], [ -100.297769, 26.039736, 0.0 ], [ -100.297493, 26.039512, 0.0 ], [ -100.29735, 26.039395, 0.0 ], [ -100.297227, 26.039294, 0.0 ], [ -100.296829, 26.038967, 0.0 ], [ -100.296455, 26.038664, 0.0 ], [ -100.296363, 26.038589, 0.0 ], [ -100.296251, 26.038498, 0.0 ], [ -100.296102, 26.038377, 0.0 ], [ -100.29551, 26.037897, 0.0 ], [ -100.294921, 26.037484, 0.0 ], [ -100.294702, 26.03733, 0.0 ], [ -100.293714, 26.036632, 0.0 ], [ -100.293579, 26.036537, 0.0 ], [ -100.293169, 26.036246, 0.0 ], [ -100.2931115, 26.0357039, 0.0 ], [ -100.295043, 26.033755, 0.0 ] ] ] ] } },
{ "type": "Feature", "properties": { "CLAVE": "SNL-SLV-008-9", "PROYECTO": "TSN", "TIPO DE PROPIEDAD": "", "PROPIETARIO": "PROMOTORA PERIFERICA SA DE CV ", "EJIDO": null, "M2": null, "KM INIICIO": null, "KM FIN": null, "KM LINEALES": null, "KM EFECTIVOS": null, "ESTATUS": "EN NEGOCIACIÓN", "IDENTIFICACION": false, "ANUENCIA": false, "LEVANTAMIENTO": "NO", "NEGOCIACIÓN": false, "C.O.P": "NO", "ESTRUCTURA": null, "OBSERVACIONES": "No aparece en Excel", "NUEVO": null, "SEGMENTO": "16" }, "geometry": { "type": "MultiPolygon", "coordinates": [ [ [ [ -100.287975, 25.992655, 0.0 ], [ -100.287206, 25.992786, 0.0 ], [ -100.286941, 25.991517, 0.0 ], [ -100.287571, 25.99141, 0.0 ], [ -100.287975, 25.992655, 0.0 ] ] ] ] } },
{ "type": "Feature", "properties": { "CLAVE": "SNL-SLV-030", "PROYECTO": "TSN", "TIPO DE PROPIEDAD": "Privada", "PROPIETARIO": "HERIBERTO SERGIO CARDENAS", "EJIDO": "N/A", "M2": 27613.146, "KM INIICIO": 167.7185, "KM FIN": 168.28313, "KM LINEALES": 0.56462999999999397, "KM EFECTIVOS": 0.56462999999999397, "ESTATUS": "LIBERADO", "IDENTIFICACION": true, "ANUENCIA": true, "LEVANTAMIENTO": "SI", "NEGOCIACIÓN": true, "C.O.P": "C.O.P", "ESTRUCTURA": "Viaducto", "OBSERVACIONES": "Firmado COP/AOT", "NUEVO": null, "SEGMENTO": "16" }, "geometry": { "type": "MultiPolygon", "coordinates": [ [ [ [ -100.301971033459296, 26.059603668057669, 0.0 ], [ -100.302140091645995, 26.059472504929566, 0.0 ], [ -100.302318982611794, 26.059390937572768, 0.0 ], [ -100.302858, 26.059106, 0.0 ], [ -100.303059, 26.059017, 0.0 ], [ -100.303436, 26.058893, 0.0 ], [ -100.303731, 26.058796, 0.0 ], [ -100.303758, 26.058873, 0.0 ], [ -100.303887, 26.059675, 0.0 ], [ -100.303951, 26.059727, 0.0 ], [ -100.304046, 26.060122, 0.0 ], [ -100.30426, 26.061141, 0.0 ], [ -100.304403, 26.061829, 0.0 ], [ -100.304757, 26.062824, 0.0 ], [ -100.305065415876399, 26.063827359455249, 0.0 ], [ -100.304195885750701, 26.064294132946834, 0.0 ], [ -100.301993617904202, 26.059598261003, 0.0 ], [ -100.301971033459296, 26.059603668057669, 0.0 ] ] ] ] } },
{ "type": "Feature", "properties": { "CLAVE": "SNL-SLV-015", "PROYECTO": "TSN", "TIPO DE PROPIEDAD": "Privada", "PROPIETARIO": "SYLVIA VILLAREAL GUTIERREZ", "EJIDO": "N/A", "M2": null, "KM INIICIO": 164.74979, "KM FIN": 165.06294, "KM LINEALES": 0.31315000000000737, "KM EFECTIVOS": 0.31315000000000737, "ESTATUS": "NO LIBERADO", "IDENTIFICACION": true, "ANUENCIA": true, "LEVANTAMIENTO": "NO", "NEGOCIACIÓN": true, "C.O.P": "NO", "ESTRUCTURA": "Viaducto", "OBSERVACIONES": "En proceso de firma COP", "NUEVO": null, "SEGMENTO": "16" }, "geometry": { "type": "MultiPolygon", "coordinates": [ [ [ [ -100.301092, 26.033077, 0.0 ], [ -100.301148, 26.033659, 0.0 ], [ -100.301206, 26.034706, 0.0 ], [ -100.301187, 26.034907, 0.0 ], [ -100.301055, 26.035547, 0.0 ], [ -100.300931, 26.036184, 0.0 ], [ -100.300689, 26.03613, 0.0 ], [ -100.299568, 26.035181, 0.0 ], [ -100.299418, 26.035133, 0.0 ], [ -100.299157, 26.035001, 0.0 ], [ -100.298879, 26.034777, 0.0 ], [ -100.298314, 26.034127, 0.0 ], [ -100.299596, 26.033618, 0.0 ], [ -100.300392, 26.03331, 0.0 ], [ -100.301089, 26.033058, 0.0 ], [ -100.301092, 26.033077, 0.0 ] ] ] ] } },
{ "type": "Feature", "properties": { "CLAVE": "SNL-SLV-012", "PROYECTO": "TSN", "TIPO DE PROPIEDAD": "Privada", "PROPIETARIO": "TSIM INTERNACIONAL S.A. DE C.V.", "EJIDO": "N/A", "M2": null, "KM INIICIO": 163.1968, "KM FIN": 163.73104, "KM LINEALES": 0.53424000000001115, "KM EFECTIVOS": 0.53424000000001115, "ESTATUS": "NO LIBERADO", "IDENTIFICACION": true, "ANUENCIA": false, "LEVANTAMIENTO": "NO", "NEGOCIACIÓN": false, "C.O.P": "NO", "ESTRUCTURA": "Viaducto", "OBSERVACIONES": "En Levantamiento", "NUEVO": null, "SEGMENTO": "16" }, "geometry": { "type": "MultiPolygon", "coordinates": [ [ [ [ -100.298339, 26.0241644, 0.0 ], [ -100.290414, 26.0252294, 0.0 ], [ -100.290383, 26.0249574, 0.0 ], [ -100.29037, 26.0247794, 0.0 ], [ -100.290156, 26.0245004, 0.0 ], [ -100.290023, 26.0244384, 0.0 ], [ -100.289908, 26.0243074, 0.0 ], [ -100.289824, 26.0242664, 0.0 ], [ -100.289464, 26.0239394, 0.0 ], [ -100.289291, 26.0238044, 0.0 ], [ -100.289056, 26.0235304, 0.0 ], [ -100.288942, 26.0233904, 0.0 ], [ -100.289504, 26.0232664, 0.0 ], [ -100.290047, 26.0231384, 0.0 ], [ -100.290616, 26.0229534, 0.0 ], [ -100.290872, 26.0229034, 0.0 ], [ -100.291469, 26.0228224, 0.0 ], [ -100.291979, 26.0224824, 0.0 ], [ -100.292318, 26.0222284, 0.0 ], [ -100.292199, 26.0218944, 0.0 ], [ -100.292103, 26.0216374, 0.0 ], [ -100.291959, 26.0214714, 0.0 ], [ -100.291797, 26.0213074, 0.0 ], [ -100.291855, 26.0209354, 0.0 ], [ -100.291613, 26.0205314, 0.0 ], [ -100.291625, 26.0200554, 0.0 ], [ -100.291613, 26.0188914, 0.0 ], [ -100.291332, 26.0175244, 0.0 ], [ -100.292539, 26.0173134, 0.0 ], [ -100.295588, 26.0198014, 0.0 ], [ -100.296836, 26.0195774, 0.0 ], [ -100.298339, 26.0241644, 0.0 ] ] ] ] } },
{ "type": "Feature", "properties": { "CLAVE": "SNL-SLV-011", "PROYECTO": "TSN", "TIPO DE PROPIEDAD": "Privada", "PROPIETARIO": "BOTELLO FERNANDEZ MARCELA MARIA", "EJIDO": "N/A", "M2": null, "KM INIICIO": 161.89481, "KM FIN": 162.49818, "KM LINEALES": 0.60336999999998397, "KM EFECTIVOS": 0.60336999999998397, "ESTATUS": "NO LIBERADO", "IDENTIFICACION": true, "ANUENCIA": true, "LEVANTAMIENTO": "NO", "NEGOCIACIÓN": false, "C.O.P": "NO", "ESTRUCTURA": "DDV Troncal", "OBSERVACIONES": "Recopilación Expediente SEDATU/RAN", "NUEVO": null, "SEGMENTO": "16" }, "geometry": { "type": "MultiPolygon", "coordinates": [ [ [ [ -100.291672, 26.008725, 0.0 ], [ -100.293189, 26.008324, 0.0 ], [ -100.294877, 26.013537, 0.0 ], [ -100.293942, 26.014694, 0.0 ], [ -100.293614, 26.014723, 0.0 ], [ -100.291672, 26.008725, 0.0 ] ] ] ] } },
{ "type": "Feature", "properties": { "CLAVE": "SNL-SLV-008", "PROYECTO": "TSN", "TIPO DE PROPIEDAD": "Privada", "PROPIETARIO": "INMOBILIARIA MAFESA SA DE CV", "EJIDO": "N/A", "M2": null, "KM INIICIO": 159.35104, "KM FIN": 159.54248, "KM LINEALES": 0.19144, "KM EFECTIVOS": 0.19144, "ESTATUS": "NO LIBERADO", "IDENTIFICACION": true, "ANUENCIA": true, "LEVANTAMIENTO": "NO", "NEGOCIACIÓN": true, "C.O.P": "NO", "ESTRUCTURA": "DDV Troncal", "OBSERVACIONES": "En negociación/PU Pactado", "NUEVO": null, "SEGMENTO": "16" }, "geometry": { "type": "MultiPolygon", "coordinates": [ [ [ [ -100.286574, 25.987918, 0.0 ], [ -100.284694, 25.988097, 0.0 ], [ -100.284333, 25.988197, 0.0 ], [ -100.284161, 25.988291, 0.0 ], [ -100.28406, 25.988002, 0.0 ], [ -100.283929, 25.987645, 0.0 ], [ -100.283762, 25.987253, 0.0 ], [ -100.28356, 25.986897, 0.0 ], [ -100.286009, 25.985969, 0.0 ], [ -100.286574, 25.987918, 0.0 ] ] ] ] } },
{ "type": "Feature", "properties": { "CLAVE": "SNL-SLV-007", "PROYECTO": "TSN", "TIPO DE PROPIEDAD": "Privada", "PROPIETARIO": "INMOBILIARIA MAFESA SA DE CV", "EJIDO": null, "M2": 16147.987, "KM INIICIO": 159.27825, "KM FIN": 159.42526, "KM LINEALES": 0.14700999999999453, "KM EFECTIVOS": 0.14701, "ESTATUS": "NO LIBERADO", "IDENTIFICACION": true, "ANUENCIA": true, "LEVANTAMIENTO": "SI", "NEGOCIACIÓN": false, "C.O.P": "NO", "ESTRUCTURA": "Edificio Auxiliar", "OBSERVACIONES": "En Aprobación Jurídica SEDATU", "NUEVO": null, "SEGMENTO": "16" }, "geometry": { "type": "MultiPolygon", "coordinates": [ [ [ [ -100.2860036, 25.9859665, 0.0 ], [ -100.2835546, 25.986894499999988, 0.0 ], [ -100.2832166, 25.9862595, 0.0 ], [ -100.282689600000012, 25.9853935, 0.0 ], [ -100.2833836, 25.9850045, 0.0 ], [ -100.2837646, 25.9848475, 0.0 ], [ -100.283905600000011, 25.9847825, 0.0 ], [ -100.2839646, 25.9848555, 0.0 ], [ -100.2840046, 25.9848855, 0.0 ], [ -100.2840276, 25.9848975, 0.0 ], [ -100.2843606, 25.9849795, 0.0 ], [ -100.2845316, 25.9850125, 0.0 ], [ -100.2846266, 25.9850205, 0.0 ], [ -100.2847756, 25.9850235, 0.0 ], [ -100.2849706, 25.9849835, 0.0 ], [ -100.2851656, 25.9849195, 0.0 ], [ -100.2855826, 25.9847435, 0.0 ], [ -100.2860036, 25.9859665, 0.0 ] ] ] ] } },
{ "type": "Feature", "properties": { "CLAVE": "SNL-SLV-021", "PROYECTO": "TSN", "TIPO DE PROPIEDAD": "Privada", "PROPIETARIO": "JORGE HUMBERTO LOYA RAMIREZ", "EJIDO": "N/A", "M2": 886.671, "KM INIICIO": 166.7914, "KM FIN": 166.8356, "KM LINEALES": 0.044199999999989359, "KM EFECTIVOS": 0.044199999999989359, "ESTATUS": "LIBERADO", "IDENTIFICACION": true, "ANUENCIA": true, "LEVANTAMIENTO": "SI", "NEGOCIACIÓN": true, "C.O.P": "C.O.P", "ESTRUCTURA": "Viaducto", "OBSERVACIONES": "Firmado COP/AOT", "NUEVO": null, "SEGMENTO": "16" }, "geometry": { "type": "MultiPolygon", "coordinates": [ [ [ [ -100.294337, 26.0564286, 0.0 ], [ -100.302432, 26.0506176, 0.0 ], [ -100.302489, 26.0509566, 0.0 ], [ -100.294492, 26.0565106, 0.0 ], [ -100.294337, 26.0564286, 0.0 ] ] ] ] } },
{ "type": "Feature", "properties": { "CLAVE": "SNL-SLV-024", "PROYECTO": "TSN", "TIPO DE PROPIEDAD": "Privada", "PROPIETARIO": "GALINDO LORENZO", "EJIDO": "N/A", "M2": 918.409, "KM INIICIO": 167.08379, "KM FIN": 167.12882, "KM LINEALES": 0.045029999999997017, "KM EFECTIVOS": 0.045029999999997017, "ESTATUS": "LIBERADO", "IDENTIFICACION": true, "ANUENCIA": false, "LEVANTAMIENTO": "NO", "NEGOCIACIÓN": true, "C.O.P": "C.O.P", "ESTRUCTURA": "Viaducto", "OBSERVACIONES": "Firmado COP/AOT", "NUEVO": "SI", "SEGMENTO": "16" }, "geometry": { "type": "MultiPolygon", "coordinates": [ [ [ [ -100.296189, 26.057351, 0.0 ], [ -100.302591, 26.052852, 0.0 ], [ -100.302658, 26.053214, 0.0 ], [ -100.296394, 26.057465, 0.0 ], [ -100.296189, 26.057351, 0.0 ] ] ] ] } },
{ "type": "Feature", "properties": { "CLAVE": "SNL-SLV-009", "PROYECTO": "TSN", "TIPO DE PROPIEDAD": "Privada", "PROPIETARIO": "PRODUCTORA DE POLLO DE ENGORDA SA DE CV", "EJIDO": "N/A", "M2": null, "KM INIICIO": 160.87717, "KM FIN": 161.63949, "KM LINEALES": 0.76231999999998834, "KM EFECTIVOS": 0.76231999999998834, "ESTATUS": "NO LIBERADO", "IDENTIFICACION": true, "ANUENCIA": true, "LEVANTAMIENTO": "NO", "NEGOCIACIÓN": false, "C.O.P": "NO", "ESTRUCTURA": "DDV Troncal", "OBSERVACIONES": "En Aprobación Jurídica SEDATU", "NUEVO": null, "SEGMENTO": "16" }, "geometry": { "type": "MultiPolygon", "coordinates": [ [ [ [ -100.2902969, 25.9994577, 0.0 ], [ -100.2924479, 26.0060827, 0.0 ], [ -100.2923949, 26.0060817, 0.0 ], [ -100.2906969, 26.0060557, 0.0 ], [ -100.2890459, 26.0112447, 0.0 ], [ -100.2884779, 26.0130597, 0.0 ], [ -100.2881719, 26.0140167, 0.0 ], [ -100.2881669, 26.0142347, 0.0 ], [ -100.2882369, 26.0143947, 0.0 ], [ -100.2883649, 26.0145957, 0.0 ], [ -100.2885209, 26.014886700000012, 0.0 ], [ -100.2885919, 26.0150307, 0.0 ], [ -100.2884039, 26.0149867, 0.0 ], [ -100.2881979, 26.0149367, 0.0 ], [ -100.2880889, 26.0149497, 0.0 ], [ -100.2879749, 26.0150007, 0.0 ], [ -100.2878119, 26.0149477, 0.0 ], [ -100.2876159, 26.0150517, 0.0 ], [ -100.2871309, 26.0151337, 0.0 ], [ -100.2869359, 26.0151997, 0.0 ], [ -100.286307900000011, 26.0152577, 0.0 ], [ -100.2857078, 26.0153137, 0.0 ], [ -100.2854078, 26.0153057, 0.0 ], [ -100.2853118, 26.0151117, 0.0 ], [ -100.2852248, 26.0148417, 0.0 ], [ -100.2851578, 26.0145407, 0.0 ], [ -100.2851748, 26.0144007, 0.0 ], [ -100.2850258, 26.0137957, 0.0 ], [ -100.2850058, 26.0133927, 0.0 ], [ -100.2849848, 26.0133507, 0.0 ], [ -100.2849848, 26.0131677, 0.0 ], [ -100.2849688, 26.0127977, 0.0 ], [ -100.2848679, 26.0124137, 0.0 ], [ -100.2856148, 26.0120577, 0.0 ], [ -100.2858859, 26.0113047, 0.0 ], [ -100.2877239, 26.0061007, 0.0 ], [ -100.2877219, 26.0059867, 0.0 ], [ -100.2855108, 26.0023677, 0.0 ], [ -100.2902969, 25.9994577, 0.0 ] ] ] ] } },
{ "type": "Feature", "properties": { "CLAVE": "SNL-SLV-010", "PROYECTO": "TSN", "TIPO DE PROPIEDAD": "Privada", "PROPIETARIO": "BOTELLO FERNANDEZ ALICIA MARGARITA", "EJIDO": "N/A", "M2": null, "KM INIICIO": 161.63949, "KM FIN": 161.89481, "KM LINEALES": 0.25532000000001176, "KM EFECTIVOS": 0.25532000000001176, "ESTATUS": "NO LIBERADO", "IDENTIFICACION": false, "ANUENCIA": false, "LEVANTAMIENTO": "NO", "NEGOCIACIÓN": false, "C.O.P": "NO", "ESTRUCTURA": "DDV Troncal", "OBSERVACIONES": "En proceso de Acercamiento", "NUEVO": null, "SEGMENTO": "16" }, "geometry": { "type": "MultiPolygon", "coordinates": [ [ [ [ -100.290233, 26.011979, 0.0 ], [ -100.288962, 26.011774, 0.0 ], [ -100.289121, 26.011264, 0.0 ], [ -100.290772, 26.006075, 0.0 ], [ -100.29247, 26.006101, 0.0 ], [ -100.292553, 26.006358, 0.0 ], [ -100.292938, 26.007547, 0.0 ], [ -100.293043, 26.007872, 0.0 ], [ -100.293117, 26.008101, 0.0 ], [ -100.293122, 26.008117, 0.0 ], [ -100.293189, 26.008324, 0.0 ], [ -100.291672, 26.008725, 0.0 ], [ -100.290868, 26.008764, 0.0 ], [ -100.290727, 26.009479, 0.0 ], [ -100.290233, 26.011979, 0.0 ] ] ] ] } },
{ "type": "Feature", "properties": { "CLAVE": "SNL-SLV-019", "PROYECTO": "TSN", "TIPO DE PROPIEDAD": "Privada", "PROPIETARIO": "MARTIN ALFONSO GUTIERREZ ESCAMILLA", "EJIDO": "N/A", "M2": 3221.083, "KM INIICIO": 166.39818, "KM FIN": 166.54873, "KM LINEALES": 0.15055000000000973, "KM EFECTIVOS": 0.15055000000000973, "ESTATUS": "LIBERADO", "IDENTIFICACION": true, "ANUENCIA": true, "LEVANTAMIENTO": "SI", "NEGOCIACIÓN": true, "C.O.P": "C.O.P", "ESTRUCTURA": "Viaducto", "OBSERVACIONES": "Firmado COP/AOT", "NUEVO": null, "SEGMENTO": "16" }, "geometry": { "type": "MultiPolygon", "coordinates": [ [ [ [ -100.292916, 26.055662, 0.0 ], [ -100.301754, 26.047877, 0.0 ], [ -100.302135, 26.048837, 0.0 ], [ -100.293519, 26.055983, 0.0 ], [ -100.292916, 26.055662, 0.0 ] ] ] ] } },
{ "type": "Feature", "properties": { "CLAVE": "SNL-SLV-028", "PROYECTO": "TSN", "TIPO DE PROPIEDAD": "Privada", "PROPIETARIO": "MARTIN ALFONSO GUTIERREZ ESCAMILLA", "EJIDO": "N/A", "M2": 6239.972, "KM INIICIO": 167.36503, "KM FIN": 167.67962, "KM LINEALES": 0.3145900000000097, "KM EFECTIVOS": 0.3145900000000097, "ESTATUS": "LIBERADO", "IDENTIFICACION": true, "ANUENCIA": true, "LEVANTAMIENTO": "SI", "NEGOCIACIÓN": true, "C.O.P": "C.O.P", "ESTRUCTURA": "Viaducto", "OBSERVACIONES": "Firmado COP/AOT", "NUEVO": null, "SEGMENTO": "16" }, "geometry": { "type": "MultiPolygon", "coordinates": [ [ [ [ -100.298186, 26.058402, 0.0 ], [ -100.30319, 26.055027, 0.0 ], [ -100.303218, 26.055458, 0.0 ], [ -100.301512, 26.056735, 0.0 ], [ -100.301513, 26.056747, 0.0 ], [ -100.30173, 26.058049, 0.0 ], [ -100.301925, 26.059207, 0.0 ], [ -100.300222, 26.060192, 0.0 ], [ -100.299779, 26.059483, 0.0 ], [ -100.299439, 26.059026, 0.0 ], [ -100.298863, 26.058735, 0.0 ], [ -100.298186, 26.058402, 0.0 ] ] ] ] } },
{ "type": "Feature", "properties": { "CLAVE": "N/D", "PROYECTO": "TSN", "TIPO DE PROPIEDAD": "Social", "PROPIETARIO": "Uso Comun Ejido N.C.P.E. Francisco Villa", "EJIDO": "FRANCISCO VILLA", "M2": null, "KM INIICIO": null, "KM FIN": null, "KM LINEALES": null, "KM EFECTIVOS": null, "ESTATUS": "NO LIBERADO", "IDENTIFICACION": false, "ANUENCIA": false, "LEVANTAMIENTO": "NO", "NEGOCIACIÓN": false, "C.O.P": "NO", "ESTRUCTURA": null, "OBSERVACIONES": "No hay datos en Excel", "NUEVO": null, "SEGMENTO": "16" }, "geometry": { "type": "MultiPolygon", "coordinates": [ [ [ [ -100.303275, 26.055892, 0.0 ], [ -100.3033, 26.055957, 0.0 ], [ -100.303486, 26.057271, 0.0 ], [ -100.303534, 26.057553, 0.0 ], [ -100.303666, 26.058214, 0.0 ], [ -100.303733, 26.058396, 0.0 ], [ -100.303353, 26.058519, 0.0 ], [ -100.303177, 26.058577, 0.0 ], [ -100.302801, 26.058709, 0.0 ], [ -100.302649, 26.057806, 0.0 ], [ -100.302385, 26.056237, 0.0 ], [ -100.303275, 26.055892, 0.0 ] ] ] ] } },
{ "type": "Feature", "properties": { "CLAVE": "SNL-SLV-008-7", "PROYECTO": "TSN", "TIPO DE PROPIEDAD": "", "PROPIETARIO": "PROMOTORA PERIFERICA SA DE CV", "EJIDO": null, "M2": null, "KM INIICIO": null, "KM FIN": null, "KM LINEALES": null, "KM EFECTIVOS": null, "ESTATUS": "EN NEGOCIACIÓN", "IDENTIFICACION": false, "ANUENCIA": false, "LEVANTAMIENTO": "NO", "NEGOCIACIÓN": false, "C.O.P": "NO", "ESTRUCTURA": null, "OBSERVACIONES": "No aparece en Excel", "NUEVO": null, "SEGMENTO": "16" }, "geometry": { "type": "MultiPolygon", "coordinates": [ [ [ [ -100.285985, 25.99122, 0.0 ], [ -100.285892, 25.990776, 0.0 ], [ -100.287288, 25.990539, 0.0 ], [ -100.28743, 25.990974, 0.0 ], [ -100.285985, 25.99122, 0.0 ] ] ] ] } },
{ "type": "Feature", "properties": { "CLAVE": "SNL-SLV-008-5", "PROYECTO": "TSN", "TIPO DE PROPIEDAD": "", "PROPIETARIO": "PROMOTORA PERIFERICA SA DE CV", "EJIDO": null, "M2": null, "KM INIICIO": null, "KM FIN": null, "KM LINEALES": null, "KM EFECTIVOS": null, "ESTATUS": "EN NEGOCIACIÓN", "IDENTIFICACION": false, "ANUENCIA": false, "LEVANTAMIENTO": "NO", "NEGOCIACIÓN": false, "C.O.P": "NO", "ESTRUCTURA": null, "OBSERVACIONES": "No aparece en Excel", "NUEVO": null, "SEGMENTO": "16" }, "geometry": { "type": "MultiPolygon", "coordinates": [ [ [ [ -100.2858, 25.990333, 0.0 ], [ -100.285708, 25.989889, 0.0 ], [ -100.287006, 25.989668, 0.0 ], [ -100.287147, 25.990104, 0.0 ], [ -100.2858, 25.990333, 0.0 ] ] ] ] } },
{ "type": "Feature", "properties": { "CLAVE": "SNL-SLV-008-3", "PROYECTO": "TSN", "TIPO DE PROPIEDAD": "", "PROPIETARIO": "PROMOTORA PERIFERICA SA DE CV", "EJIDO": null, "M2": null, "KM INIICIO": null, "KM FIN": null, "KM LINEALES": null, "KM EFECTIVOS": null, "ESTATUS": "EN NEGOCIACIÓN", "IDENTIFICACION": false, "ANUENCIA": false, "LEVANTAMIENTO": "NO", "NEGOCIACIÓN": false, "C.O.P": "NO", "ESTRUCTURA": null, "OBSERVACIONES": "No aparece en Excel", "NUEVO": null, "SEGMENTO": "16" }, "geometry": { "type": "MultiPolygon", "coordinates": [ [ [ [ -100.285615, 25.989445, 0.0 ], [ -100.285523, 25.989002, 0.0 ], [ -100.286724, 25.988798, 0.0 ], [ -100.286865, 25.989233, 0.0 ], [ -100.285615, 25.989445, 0.0 ] ] ] ] } },
{ "type": "Feature", "properties": { "CLAVE": "SNL-SLV-008-1", "PROYECTO": "TSN", "TIPO DE PROPIEDAD": "", "PROPIETARIO": "PROMOTORA PERIFERICA SA DE CV", "EJIDO": null, "M2": null, "KM INIICIO": null, "KM FIN": null, "KM LINEALES": null, "KM EFECTIVOS": null, "ESTATUS": "EN NEGOCIACIÓN", "IDENTIFICACION": false, "ANUENCIA": false, "LEVANTAMIENTO": "NO", "NEGOCIACIÓN": false, "C.O.P": "NO", "ESTRUCTURA": null, "OBSERVACIONES": "No aparece en Excel", "NUEVO": null, "SEGMENTO": "16" }, "geometry": { "type": "MultiPolygon", "coordinates": [ [ [ [ -100.286443, 25.987931, 0.0 ], [ -100.286583, 25.988362, 0.0 ], [ -100.285431, 25.988558, 0.0 ], [ -100.285322, 25.988037, 0.0 ], [ -100.286443, 25.987931, 0.0 ] ] ] ] } },
{ "type": "Feature", "properties": { "CLAVE": "SNL-SLV-011-9", "PROYECTO": "TSN", "TIPO DE PROPIEDAD": "Privada", "PROPIETARIO": "Mónica Alejandra Guadalupe Botello Fernández", "EJIDO": null, "M2": null, "KM INIICIO": null, "KM FIN": null, "KM LINEALES": null, "KM EFECTIVOS": null, "ESTATUS": "EN NEGOCIACIÓN", "IDENTIFICACION": false, "ANUENCIA": false, "LEVANTAMIENTO": "NO", "NEGOCIACIÓN": false, "C.O.P": "NO", "ESTRUCTURA": null, "OBSERVACIONES": null, "NUEVO": null, "SEGMENTO": "16" }, "geometry": { "type": "MultiPolygon", "coordinates": [ [ [ [ -100.295229, 26.01738, 0.0 ], [ -100.295111, 26.017016, 0.0 ], [ -100.295809, 26.016832, 0.0 ], [ -100.295927, 26.017196, 0.0 ], [ -100.295229, 26.01738, 0.0 ] ] ] ] } },
{ "type": "Feature", "properties": { "CLAVE": "SNL-SLV-011-8", "PROYECTO": "TSN", "TIPO DE PROPIEDAD": "Privada", "PROPIETARIO": "Mónica Alejandra Guadalupe Botello Fernández", "EJIDO": null, "M2": null, "KM INIICIO": null, "KM FIN": null, "KM LINEALES": null, "KM EFECTIVOS": null, "ESTATUS": "EN NEGOCIACIÓN", "IDENTIFICACION": false, "ANUENCIA": false, "LEVANTAMIENTO": "NO", "NEGOCIACIÓN": false, "C.O.P": "NO", "ESTRUCTURA": null, "OBSERVACIONES": null, "NUEVO": null, "SEGMENTO": "16" }, "geometry": { "type": "MultiPolygon", "coordinates": [ [ [ [ -100.295111, 26.017016, 0.0 ], [ -100.295054, 26.016839, 0.0 ], [ -100.294996, 26.016661, 0.0 ], [ -100.295694, 26.016477, 0.0 ], [ -100.295809, 26.016832, 0.0 ], [ -100.295111, 26.017016, 0.0 ] ] ] ] } },
{ "type": "Feature", "properties": { "CLAVE": "SNL-SLV-011-7", "PROYECTO": "TSN", "TIPO DE PROPIEDAD": "Privada", "PROPIETARIO": "Mónica Alejandra Guadalupe Botello Fernández", "EJIDO": null, "M2": null, "KM INIICIO": null, "KM FIN": null, "KM LINEALES": null, "KM EFECTIVOS": null, "ESTATUS": "EN NEGOCIACIÓN", "IDENTIFICACION": false, "ANUENCIA": false, "LEVANTAMIENTO": "NO", "NEGOCIACIÓN": false, "C.O.P": "NO", "ESTRUCTURA": null, "OBSERVACIONES": null, "NUEVO": null, "SEGMENTO": "16" }, "geometry": { "type": "MultiPolygon", "coordinates": [ [ [ [ -100.294996, 26.016661, 0.0 ], [ -100.294878, 26.016297, 0.0 ], [ -100.295576, 26.016113, 0.0 ], [ -100.295694, 26.016477, 0.0 ], [ -100.294996, 26.016661, 0.0 ] ] ] ] } },
{ "type": "Feature", "properties": { "CLAVE": "SNL-SLV-011-12", "PROYECTO": "TSN", "TIPO DE PROPIEDAD": "Privada", "PROPIETARIO": "Mónica Alejandra Guadalupe Botello Fernández", "EJIDO": null, "M2": null, "KM INIICIO": null, "KM FIN": null, "KM LINEALES": null, "KM EFECTIVOS": null, "ESTATUS": "EN NEGOCIACIÓN", "IDENTIFICACION": false, "ANUENCIA": false, "LEVANTAMIENTO": "NO", "NEGOCIACIÓN": false, "C.O.P": "NO", "ESTRUCTURA": null, "OBSERVACIONES": null, "NUEVO": null, "SEGMENTO": "16" }, "geometry": { "type": "MultiPolygon", "coordinates": [ [ [ [ -100.295386, 26.018515, 0.0 ], [ -100.295268, 26.018151, 0.0 ], [ -100.29616, 26.017915, 0.0 ], [ -100.296277, 26.018279, 0.0 ], [ -100.295386, 26.018515, 0.0 ] ] ] ] } },
{ "type": "Feature", "properties": { "CLAVE": "SNL-SLV-011-11", "PROYECTO": "TSN", "TIPO DE PROPIEDAD": "Privada", "PROPIETARIO": "Mónica Alejandra Guadalupe Botello Fernández", "EJIDO": null, "M2": null, "KM INIICIO": null, "KM FIN": null, "KM LINEALES": null, "KM EFECTIVOS": null, "ESTATUS": "EN NEGOCIACIÓN", "IDENTIFICACION": false, "ANUENCIA": false, "LEVANTAMIENTO": "NO", "NEGOCIACIÓN": false, "C.O.P": "NO", "ESTRUCTURA": null, "OBSERVACIONES": null, "NUEVO": null, "SEGMENTO": "16" }, "geometry": { "type": "MultiPolygon", "coordinates": [ [ [ [ -100.295268, 26.018151, 0.0 ], [ -100.29521, 26.017973, 0.0 ], [ -100.295153, 26.017796, 0.0 ], [ -100.296045, 26.01756, 0.0 ], [ -100.29616, 26.017915, 0.0 ], [ -100.295268, 26.018151, 0.0 ] ] ] ] } },
{ "type": "Feature", "properties": { "CLAVE": "SNL-SLV-011-10", "PROYECTO": "TSN", "TIPO DE PROPIEDAD": "Privada", "PROPIETARIO": "Mónica Alejandra Guadalupe Botello Fernández", "EJIDO": null, "M2": null, "KM INIICIO": null, "KM FIN": null, "KM LINEALES": null, "KM EFECTIVOS": null, "ESTATUS": "EN NEGOCIACIÓN", "IDENTIFICACION": false, "ANUENCIA": false, "LEVANTAMIENTO": "NO", "NEGOCIACIÓN": false, "C.O.P": "NO", "ESTRUCTURA": null, "OBSERVACIONES": null, "NUEVO": null, "SEGMENTO": "16" }, "geometry": { "type": "MultiPolygon", "coordinates": [ [ [ [ -100.295153, 26.017796, 0.0 ], [ -100.295035, 26.017432, 0.0 ], [ -100.295927, 26.017196, 0.0 ], [ -100.296045, 26.01756, 0.0 ], [ -100.295153, 26.017796, 0.0 ] ] ] ] } },
{ "type": "Feature", "properties": { "CLAVE": "SNL-SLV-008-2", "PROYECTO": "TSN", "TIPO DE PROPIEDAD": "", "PROPIETARIO": "PROMOTORA PERIFERICA SA DE CV", "EJIDO": null, "M2": null, "KM INIICIO": null, "KM FIN": null, "KM LINEALES": null, "KM EFECTIVOS": null, "ESTATUS": "EN NEGOCIACIÓN", "IDENTIFICACION": false, "ANUENCIA": false, "LEVANTAMIENTO": "NO", "NEGOCIACIÓN": false, "C.O.P": "NO", "ESTRUCTURA": null, "OBSERVACIONES": "No aparece en Excel", "NUEVO": null, "SEGMENTO": "16" }, "geometry": { "type": "MultiPolygon", "coordinates": [ [ [ [ -100.286583, 25.988362, 0.0 ], [ -100.286724, 25.988798, 0.0 ], [ -100.285523, 25.989002, 0.0 ], [ -100.285431, 25.988558, 0.0 ], [ -100.286583, 25.988362, 0.0 ] ] ] ] } },
{ "type": "Feature", "properties": { "CLAVE": "SNL-SLV-008-4", "PROYECTO": "TSN", "TIPO DE PROPIEDAD": "", "PROPIETARIO": "PROMOTORA PERIFERICA SA DE CV", "EJIDO": null, "M2": null, "KM INIICIO": null, "KM FIN": null, "KM LINEALES": null, "KM EFECTIVOS": null, "ESTATUS": "EN NEGOCIACIÓN", "IDENTIFICACION": false, "ANUENCIA": false, "LEVANTAMIENTO": "NO", "NEGOCIACIÓN": false, "C.O.P": "NO", "ESTRUCTURA": null, "OBSERVACIONES": "No aparece en Excel", "NUEVO": null, "SEGMENTO": "16" }, "geometry": { "type": "MultiPolygon", "coordinates": [ [ [ [ -100.285708, 25.989889, 0.0 ], [ -100.285615, 25.989445, 0.0 ], [ -100.286865, 25.989233, 0.0 ], [ -100.287006, 25.989668, 0.0 ], [ -100.285708, 25.989889, 0.0 ] ] ] ] } },
{ "type": "Feature", "properties": { "CLAVE": "SNL-SLV-008-6", "PROYECTO": "TSN", "TIPO DE PROPIEDAD": "", "PROPIETARIO": "PROMOTORA PERIFERICA SA DE CV", "EJIDO": null, "M2": null, "KM INIICIO": null, "KM FIN": null, "KM LINEALES": null, "KM EFECTIVOS": null, "ESTATUS": "EN NEGOCIACIÓN", "IDENTIFICACION": false, "ANUENCIA": false, "LEVANTAMIENTO": "NO", "NEGOCIACIÓN": false, "C.O.P": "NO", "ESTRUCTURA": null, "OBSERVACIONES": "No aparece en Excel", "NUEVO": null, "SEGMENTO": "16" }, "geometry": { "type": "MultiPolygon", "coordinates": [ [ [ [ -100.285892, 25.990776, 0.0 ], [ -100.2858, 25.990333, 0.0 ], [ -100.287147, 25.990104, 0.0 ], [ -100.287288, 25.990539, 0.0 ], [ -100.285892, 25.990776, 0.0 ] ] ] ] } },
{ "type": "Feature", "properties": { "CLAVE": "SNL-SLV-008-8", "PROYECTO": "TSN", "TIPO DE PROPIEDAD": "", "PROPIETARIO": "PROMOTORA PERIFERICA SA DE CV", "EJIDO": null, "M2": null, "KM INIICIO": null, "KM FIN": null, "KM LINEALES": null, "KM EFECTIVOS": null, "ESTATUS": "EN NEGOCIACIÓN", "IDENTIFICACION": false, "ANUENCIA": false, "LEVANTAMIENTO": "NO", "NEGOCIACIÓN": false, "C.O.P": "NO", "ESTRUCTURA": null, "OBSERVACIONES": "No aparece en Excel", "NUEVO": null, "SEGMENTO": "16" }, "geometry": { "type": "MultiPolygon", "coordinates": [ [ [ [ -100.287571, 25.99141, 0.0 ], [ -100.286077, 25.991664, 0.0 ], [ -100.285985, 25.99122, 0.0 ], [ -100.28743, 25.990974, 0.0 ], [ -100.287571, 25.99141, 0.0 ] ] ] ] } },
{ "type": "Feature", "properties": { "CLAVE": "SNL-SLV-011-6", "PROYECTO": "TSN", "TIPO DE PROPIEDAD": "Privada", "PROPIETARIO": "Mónica Alejandra Guadalupe Botello Fernández", "EJIDO": null, "M2": null, "KM INIICIO": null, "KM FIN": null, "KM LINEALES": null, "KM EFECTIVOS": null, "ESTATUS": "EN NEGOCIACIÓN", "IDENTIFICACION": false, "ANUENCIA": false, "LEVANTAMIENTO": "NO", "NEGOCIACIÓN": false, "C.O.P": "NO", "ESTRUCTURA": null, "OBSERVACIONES": null, "NUEVO": null, "SEGMENTO": "16" }, "geometry": { "type": "MultiPolygon", "coordinates": [ [ [ [ -100.295576, 26.016113, 0.0 ], [ -100.294878, 26.016297, 0.0 ], [ -100.294761, 26.015933, 0.0 ], [ -100.295458, 26.015749, 0.0 ], [ -100.295576, 26.016113, 0.0 ] ] ] ] } },
{ "type": "Feature", "properties": { "CLAVE": "SNL-SLV-011-5", "PROYECTO": "TSN", "TIPO DE PROPIEDAD": "Privada", "PROPIETARIO": "Mónica Alejandra Guadalupe Botello Fernández", "EJIDO": null, "M2": null, "KM INIICIO": null, "KM FIN": null, "KM LINEALES": null, "KM EFECTIVOS": null, "ESTATUS": "EN NEGOCIACIÓN", "IDENTIFICACION": false, "ANUENCIA": false, "LEVANTAMIENTO": "NO", "NEGOCIACIÓN": false, "C.O.P": "NO", "ESTRUCTURA": null, "OBSERVACIONES": null, "NUEVO": null, "SEGMENTO": "16" }, "geometry": { "type": "MultiPolygon", "coordinates": [ [ [ [ -100.295458, 26.015749, 0.0 ], [ -100.294761, 26.015933, 0.0 ], [ -100.294646, 26.015578, 0.0 ], [ -100.295343, 26.015394, 0.0 ], [ -100.295458, 26.015749, 0.0 ] ] ] ] } },
{ "type": "Feature", "properties": { "CLAVE": "SNL-SLV-011-4", "PROYECTO": "TSN", "TIPO DE PROPIEDAD": "Privada", "PROPIETARIO": "Mónica Alejandra Guadalupe Botello Fernández", "EJIDO": null, "M2": null, "KM INIICIO": null, "KM FIN": null, "KM LINEALES": null, "KM EFECTIVOS": null, "ESTATUS": "EN NEGOCIACIÓN", "IDENTIFICACION": false, "ANUENCIA": false, "LEVANTAMIENTO": "NO", "NEGOCIACIÓN": false, "C.O.P": "NO", "ESTRUCTURA": null, "OBSERVACIONES": null, "NUEVO": null, "SEGMENTO": "16" }, "geometry": { "type": "MultiPolygon", "coordinates": [ [ [ [ -100.295343, 26.015394, 0.0 ], [ -100.294646, 26.015578, 0.0 ], [ -100.294528, 26.015214, 0.0 ], [ -100.295225, 26.01503, 0.0 ], [ -100.295343, 26.015394, 0.0 ] ] ] ] } },
{ "type": "Feature", "properties": { "CLAVE": "SNL-SLV-011-3", "PROYECTO": "TSN", "TIPO DE PROPIEDAD": "Privada", "PROPIETARIO": "Mónica Alejandra Guadalupe Botello Fernández", "EJIDO": null, "M2": null, "KM INIICIO": null, "KM FIN": null, "KM LINEALES": null, "KM EFECTIVOS": null, "ESTATUS": "EN NEGOCIACIÓN", "IDENTIFICACION": false, "ANUENCIA": false, "LEVANTAMIENTO": "NO", "NEGOCIACIÓN": false, "C.O.P": "NO", "ESTRUCTURA": null, "OBSERVACIONES": null, "NUEVO": null, "SEGMENTO": "16" }, "geometry": { "type": "MultiPolygon", "coordinates": [ [ [ [ -100.294415, 26.014868, 0.0 ], [ -100.295113, 26.014683, 0.0 ], [ -100.295225, 26.01503, 0.0 ], [ -100.294528, 26.015214, 0.0 ], [ -100.294415, 26.014868, 0.0 ] ] ] ] } },
{ "type": "Feature", "properties": { "CLAVE": "SNL-SLV-011-2", "PROYECTO": "TSN", "TIPO DE PROPIEDAD": "Privada", "PROPIETARIO": "Mónica Alejandra Guadalupe Botello Fernández", "EJIDO": null, "M2": null, "KM INIICIO": null, "KM FIN": null, "KM LINEALES": null, "KM EFECTIVOS": null, "ESTATUS": "EN NEGOCIACIÓN", "IDENTIFICACION": false, "ANUENCIA": false, "LEVANTAMIENTO": "NO", "NEGOCIACIÓN": false, "C.O.P": "NO", "ESTRUCTURA": null, "OBSERVACIONES": null, "NUEVO": null, "SEGMENTO": "16" }, "geometry": { "type": "MultiPolygon", "coordinates": [ [ [ [ -100.294303, 26.014521, 0.0 ], [ -100.295001, 26.014337, 0.0 ], [ -100.295113, 26.014683, 0.0 ], [ -100.294415, 26.014868, 0.0 ], [ -100.294303, 26.014521, 0.0 ] ] ] ] } },
{ "type": "Feature", "properties": { "CLAVE": "SNL-SLV-011-1", "PROYECTO": "TSN", "TIPO DE PROPIEDAD": "Privada", "PROPIETARIO": "Mónica Alejandra Guadalupe Botello Fernández", "EJIDO": "FRANCISCO VILLA", "M2": null, "KM INIICIO": null, "KM FIN": null, "KM LINEALES": null, "KM EFECTIVOS": null, "ESTATUS": "EN NEGOCIACIÓN", "IDENTIFICACION": true, "ANUENCIA": true, "LEVANTAMIENTO": "NO", "NEGOCIACIÓN": false, "C.O.P": "NO", "ESTRUCTURA": null, "OBSERVACIONES": null, "NUEVO": null, "SEGMENTO": "16" }, "geometry": { "type": "MultiPolygon", "coordinates": [ [ [ [ -100.29424, 26.014325, 0.0 ], [ -100.294781, 26.013656, 0.0 ], [ -100.295001, 26.014337, 0.0 ], [ -100.294303, 26.014521, 0.0 ], [ -100.29424, 26.014325, 0.0 ] ] ] ] } },
{ "type": "Feature", "properties": { "CLAVE": "SNL-SLV-011--14", "PROYECTO": "TSN", "TIPO DE PROPIEDAD": "Privada", "PROPIETARIO": "Mónica Alejandra Guadalupe Botello Fernández", "EJIDO": null, "M2": null, "KM INIICIO": null, "KM FIN": null, "KM LINEALES": null, "KM EFECTIVOS": null, "ESTATUS": "EN NEGOCIACIÓN", "IDENTIFICACION": false, "ANUENCIA": false, "LEVANTAMIENTO": "NO", "NEGOCIACIÓN": false, "C.O.P": "NO", "ESTRUCTURA": null, "OBSERVACIONES": null, "NUEVO": null, "SEGMENTO": "16" }, "geometry": { "type": "MultiPolygon", "coordinates": [ [ [ [ -100.29639, 26.018626, 0.0 ], [ -100.296502, 26.018972, 0.0 ], [ -100.295735, 26.019175, 0.0 ], [ -100.295644, 26.018896, 0.0 ], [ -100.295623, 26.018828, 0.0 ], [ -100.29639, 26.018626, 0.0 ] ] ] ] } },
{ "type": "Feature", "properties": { "CLAVE": "SNL-SLV-011-15", "PROYECTO": "TSN", "TIPO DE PROPIEDAD": "Privada", "PROPIETARIO": "Mónica Alejandra Guadalupe Botello Fernández", "EJIDO": "N/A", "M2": null, "KM INIICIO": null, "KM FIN": null, "KM LINEALES": null, "KM EFECTIVOS": null, "ESTATUS": "EN NEGOCIACIÓN", "IDENTIFICACION": false, "ANUENCIA": false, "LEVANTAMIENTO": "NO", "NEGOCIACIÓN": false, "C.O.P": "NO", "ESTRUCTURA": null, "OBSERVACIONES": null, "NUEVO": null, "SEGMENTO": "16" }, "geometry": { "type": "MultiPolygon", "coordinates": [ [ [ [ -100.296709, 26.01961, 0.0 ], [ -100.295921, 26.019751, 0.0 ], [ -100.295859, 26.01956, 0.0 ], [ -100.295735, 26.019175, 0.0 ], [ -100.296502, 26.018972, 0.0 ], [ -100.296647, 26.019419, 0.0 ], [ -100.296709, 26.01961, 0.0 ] ] ] ] } },
{ "type": "Feature", "properties": { "CLAVE": "SNL-SLV-011-13", "PROYECTO": "TSN", "TIPO DE PROPIEDAD": "Privada", "PROPIETARIO": "Mónica Alejandra Guadalupe Botello Fernández", "EJIDO": null, "M2": null, "KM INIICIO": null, "KM FIN": null, "KM LINEALES": null, "KM EFECTIVOS": null, "ESTATUS": "EN NEGOCIACIÓN", "IDENTIFICACION": false, "ANUENCIA": false, "LEVANTAMIENTO": "NO", "NEGOCIACIÓN": false, "C.O.P": "NO", "ESTRUCTURA": null, "OBSERVACIONES": null, "NUEVO": null, "SEGMENTO": "16" }, "geometry": { "type": "MultiPolygon", "coordinates": [ [ [ [ -100.295623, 26.018828, 0.0 ], [ -100.29551, 26.018482, 0.0 ], [ -100.296277, 26.018279, 0.0 ], [ -100.29639, 26.018626, 0.0 ], [ -100.295623, 26.018828, 0.0 ] ] ] ] } },
{ "type": "Feature", "properties": { "CLAVE": "SNL-SLV-048", "PROYECTO": "TSN", "TIPO DE PROPIEDAD": "Privada", "PROPIETARIO": "JESUS LUIS BARRERA LOZANO (RANCHO MAMULIQUE)", "EJIDO": "N/A", "M2": 12813.089, "KM INIICIO": 179.16666, "KM FIN": 181.34517, "KM LINEALES": 2.17851, "KM EFECTIVOS": 2.17851, "ESTATUS": "EN NEGOCIACIÓN", "IDENTIFICACION": true, "ANUENCIA": true, "LEVANTAMIENTO": "SI", "NEGOCIACIÓN": true, "C.O.P": "NO", "ESTRUCTURA": "DDV Troncal", "OBSERVACIONES": "En negociación/PU Pactado", "NUEVO": null, "SEGMENTO": "16" }, "geometry": { "type": "MultiPolygon", "coordinates": [ [ [ [ -100.3326992, 26.1764046, 0.0 ], [ -100.3303221, 26.1767366, 0.0 ], [ -100.3281291, 26.1770016, 0.0 ], [ -100.3258321, 26.1773486, 0.0 ], [ -100.3214441, 26.1794796, 0.0 ], [ -100.3155531, 26.1823325, 0.0 ], [ -100.3104651, 26.1848095, 0.0 ], [ -100.3084871, 26.1857885, 0.0 ], [ -100.3084801, 26.1857925, 0.0 ], [ -100.3068661, 26.1841545, 0.0 ], [ -100.3068631, 26.1841135, 0.0 ], [ -100.3068591, 26.1840545, 0.0 ], [ -100.3068031, 26.1831635, 0.0 ], [ -100.3056131, 26.1819965, 0.0 ], [ -100.3048091, 26.1812085, 0.0 ], [ -100.3043321, 26.1801245, 0.0 ], [ -100.3043241, 26.1801185, 0.0 ], [ -100.3042171, 26.1800455, 0.0 ], [ -100.3028621, 26.1791185, 0.0 ], [ -100.3027891, 26.1790085, 0.0 ], [ -100.3023971, 26.1784225, 0.0 ], [ -100.3023551, 26.1783605, 0.0 ], [ -100.3011501, 26.1775985, 0.0 ], [ -100.3012181, 26.1760995, 0.0 ], [ -100.3012651, 26.1750775, 0.0 ], [ -100.2989381, 26.1739175, 0.0 ], [ -100.2984631, 26.1736805, 0.0 ], [ -100.2978351, 26.1731345, 0.0 ], [ -100.2973791, 26.1728655, 0.0 ], [ -100.3228991, 26.1627716, 0.0 ], [ -100.3299041, 26.1599056, 0.0 ], [ -100.3317492, 26.1591456, 0.0 ], [ -100.3354502, 26.1575116, 0.0 ], [ -100.3378692, 26.1565496, 0.0 ], [ -100.3378512, 26.1572106, 0.0 ], [ -100.3377772, 26.1587586, 0.0 ], [ -100.3377722, 26.1594836, 0.0 ], [ -100.3377872, 26.1598326, 0.0 ], [ -100.3378592, 26.1602746, 0.0 ], [ -100.3380662, 26.1609866, 0.0 ], [ -100.3386552, 26.1626626, 0.0 ], [ -100.3389142, 26.1634266, 0.0 ], [ -100.3398992, 26.1664536, 0.0 ], [ -100.3403187, 26.1673691, 0.0 ], [ -100.3403912, 26.1678386, 0.0 ], [ -100.3408222, 26.1690886, 0.0 ], [ -100.3414172, 26.1708436, 0.0 ], [ -100.3418552, 26.1719886, 0.0 ], [ -100.3420202, 26.1723076, 0.0 ], [ -100.3430922, 26.1746626, 0.0 ], [ -100.3433722, 26.1753706, 0.0 ], [ -100.3429222, 26.1754326, 0.0 ], [ -100.3397792, 26.1757286, 0.0 ], [ -100.3388491, 26.1758174, 0.0 ], [ -100.3326992, 26.1764046, 0.0 ] ] ] ] } },
{ "type": "Feature", "properties": { "CLAVE": "SNL-VIL-011-1-GS", "PROYECTO": "TSN", "TIPO DE PROPIEDAD": "Social", "PROPIETARIO": "JOSE FUENTES JARAMILLO (AMERICO DE LUNA VILLARREAL Zn-1 P-50)", "EJIDO": "N/A", "M2": null, "KM INIICIO": 228.57805, "KM FIN": 228.92835, "KM LINEALES": 0.3503, "KM EFECTIVOS": 0.3503, "ESTATUS": "EN NEGOCIACIÓN", "IDENTIFICACION": true, "ANUENCIA": true, "LEVANTAMIENTO": "NO", "NEGOCIACIÓN": false, "C.O.P": "NO", "ESTRUCTURA": "DDV Troncal", "OBSERVACIONES": "Levantamiento completo", "NUEVO": null, "SEGMENTO": "17" }, "geometry": { "type": "MultiPolygon", "coordinates": [ [ [ [ -100.482724, 26.579492, 0.0 ], [ -100.479952, 26.580098, 0.0 ], [ -100.479115, 26.578034, 0.0 ], [ -100.478741, 26.577117, 0.0 ], [ -100.482528, 26.576337, 0.0 ], [ -100.482725, 26.578772, 0.0 ], [ -100.482684, 26.57891, 0.0 ], [ -100.482724, 26.579492, 0.0 ] ] ] ] } },
{ "type": "Feature", "properties": { "CLAVE": "SNL-VIL-008-5-GS", "PROYECTO": "TSN", "TIPO DE PROPIEDAD": "Social", "PROPIETARIO": "RUBEN AGUILAR ALFARO (AMERICO DE LUNA VILLARREAL Zn-1 P-54)", "EJIDO": "N/A", "M2": null, "KM INIICIO": 227.53494, "KM FIN": 227.78741, "KM LINEALES": 0.2524699999999882, "KM EFECTIVOS": 0.2524699999999882, "ESTATUS": "EN NEGOCIACIÓN", "IDENTIFICACION": true, "ANUENCIA": true, "LEVANTAMIENTO": "NO", "NEGOCIACIÓN": false, "C.O.P": "NO", "ESTRUCTURA": "DDV Troncal", "OBSERVACIONES": "En Aprobación Jurídica SEDATU", "NUEVO": null, "SEGMENTO": "17" }, "geometry": { "type": "MultiPolygon", "coordinates": [ [ [ [ -100.480455, 26.569519, 0.0 ], [ -100.475972, 26.570367, 0.0 ], [ -100.475093, 26.568209, 0.0 ], [ -100.479355, 26.567463, 0.0 ], [ -100.480455, 26.569519, 0.0 ] ] ] ] } },
{ "type": "Feature", "properties": { "CLAVE": "SNL-VIL-008-4-GS", "PROYECTO": "TSN", "TIPO DE PROPIEDAD": "Social", "PROPIETARIO": "JUAN AMARO GUEL (AMERICO DE LUNA VILLARREAL Zn-1 P-55)", "EJIDO": "N/A", "M2": null, "KM INIICIO": 227.41284, "KM FIN": 227.53494, "KM LINEALES": 0.12210000000001742, "KM EFECTIVOS": 0.12210000000001742, "ESTATUS": "EN NEGOCIACIÓN", "IDENTIFICACION": true, "ANUENCIA": true, "LEVANTAMIENTO": "NO", "NEGOCIACIÓN": false, "C.O.P": "NO", "ESTRUCTURA": "DDV Troncal", "OBSERVACIONES": "En Aprobación Jurídica SEDATU", "NUEVO": null, "SEGMENTO": "17" }, "geometry": { "type": "MultiPolygon", "coordinates": [ [ [ [ -100.479357, 26.567462, 0.0 ], [ -100.475088, 26.56821, 0.0 ], [ -100.474137, 26.56588, 0.0 ], [ -100.478141, 26.565191, 0.0 ], [ -100.479357, 26.567462, 0.0 ] ] ] ] } },
{ "type": "Feature", "properties": { "CLAVE": "N/D", "PROYECTO": "TSN", "TIPO DE PROPIEDAD": "Social", "PROPIETARIO": "Uso Comun Ejido N.C.P.E. Francisco Villa", "EJIDO": "FRANCISCO VILLA", "M2": null, "KM INIICIO": null, "KM FIN": null, "KM LINEALES": null, "KM EFECTIVOS": null, "ESTATUS": "NO LIBERADO", "IDENTIFICACION": true, "ANUENCIA": true, "LEVANTAMIENTO": "NO", "NEGOCIACIÓN": false, "C.O.P": "NO", "ESTRUCTURA": null, "OBSERVACIONES": null, "NUEVO": null, "SEGMENTO": "17" }, "geometry": { "type": "MultiPolygon", "coordinates": [ [ [ [ -100.478135, 26.565194, 0.0 ], [ -100.474132, 26.56589, 0.0 ], [ -100.473212, 26.563642, 0.0 ], [ -100.476762, 26.562633, 0.0 ], [ -100.478135, 26.565194, 0.0 ] ] ] ] } },
{ "type": "Feature", "properties": { "CLAVE": "N/D", "PROYECTO": "TSN", "TIPO DE PROPIEDAD": "Social", "PROPIETARIO": "Uso Comun Ejido N.C.P.E. Francisco Villa", "EJIDO": "FRANCISCO VILLA", "M2": null, "KM INIICIO": null, "KM FIN": null, "KM LINEALES": null, "KM EFECTIVOS": null, "ESTATUS": "EN NEGOCIACIÓN", "IDENTIFICACION": true, "ANUENCIA": true, "LEVANTAMIENTO": "NO", "NEGOCIACIÓN": false, "C.O.P": "NO", "ESTRUCTURA": null, "OBSERVACIONES": null, "NUEVO": null, "SEGMENTO": "17" }, "geometry": { "type": "MultiPolygon", "coordinates": [ [ [ [ -100.475352, 26.560002, 0.0 ], [ -100.472105, 26.560934, 0.0 ], [ -100.47098, 26.558181, 0.0 ], [ -100.473987, 26.557462, 0.0 ], [ -100.474241, 26.557937, 0.0 ], [ -100.474597, 26.558487, 0.0 ], [ -100.474683, 26.558754, 0.0 ], [ -100.475352, 26.560002, 0.0 ] ] ] ] } },
{ "type": "Feature", "properties": { "CLAVE": "N/D", "PROYECTO": "TSN", "TIPO DE PROPIEDAD": "Social", "PROPIETARIO": "Uso Comun Ejido N.C.P.E. Francisco Villa", "EJIDO": "FRANCISCO VILLA", "M2": null, "KM INIICIO": null, "KM FIN": null, "KM LINEALES": null, "KM EFECTIVOS": null, "ESTATUS": "EN NEGOCIACIÓN", "IDENTIFICACION": true, "ANUENCIA": true, "LEVANTAMIENTO": "NO", "NEGOCIACIÓN": false, "C.O.P": "NO", "ESTRUCTURA": null, "OBSERVACIONES": null, "NUEVO": null, "SEGMENTO": "17" }, "geometry": { "type": "MultiPolygon", "coordinates": [ [ [ [ -100.4721, 26.553917, 0.0 ], [ -100.473987, 26.557462, 0.0 ], [ -100.47098, 26.558181, 0.0 ], [ -100.469565, 26.554685, 0.0 ], [ -100.4721, 26.553917, 0.0 ] ] ] ] } },
{ "type": "Feature", "properties": { "CLAVE": "SNL-VIL-008-1-GS", "PROYECTO": "TSN", "TIPO DE PROPIEDAD": "Social", "PROPIETARIO": "JUAN JOSE MENDOZA SAUCEDO (AMERICO DE LUNA VILLARREAL Zn-1 P-60)", "EJIDO": "N/A", "M2": null, "KM INIICIO": 225.43351, "KM FIN": 225.86303, "KM LINEALES": 0.42952, "KM EFECTIVOS": 0.42952, "ESTATUS": "EN NEGOCIACIÓN", "IDENTIFICACION": true, "ANUENCIA": true, "LEVANTAMIENTO": "NO", "NEGOCIACIÓN": false, "C.O.P": "NO", "ESTRUCTURA": "DDV Troncal", "OBSERVACIONES": "En Aprobación Jurídica SEDATU", "NUEVO": null, "SEGMENTO": "17" }, "geometry": { "type": "MultiPolygon", "coordinates": [ [ [ [ -100.472089, 26.55391, 0.0 ], [ -100.469552, 26.55469, 0.0 ], [ -100.46813, 26.551196, 0.0 ], [ -100.470204, 26.550378, 0.0 ], [ -100.472089, 26.55391, 0.0 ] ] ] ] } },
{ "type": "Feature", "properties": { "CLAVE": "SNL-VIL-009", "PROYECTO": "TSN", "TIPO DE PROPIEDAD": "Dominio Pleno", "PROPIETARIO": "JOSE ELIAS FLORES NAVARRO (AMERICO DE LUNA VILLARREAL) - Parcela 53", "EJIDO": "N/A", "M2": null, "KM INIICIO": 227.89623, "KM FIN": 228.03859, "KM LINEALES": 0.14236, "KM EFECTIVOS": 0.058600000000012642, "ESTATUS": "EN NEGOCIACIÓN", "IDENTIFICACION": true, "ANUENCIA": true, "LEVANTAMIENTO": "NO", "NEGOCIACIÓN": false, "C.O.P": "NO", "ESTRUCTURA": "DDV Troncal", "OBSERVACIONES": "En Aprobación Jurídica SEDATU", "NUEVO": null, "SEGMENTO": "17" }, "geometry": { "type": "MultiPolygon", "coordinates": [ [ [ [ -100.476151, 26.5708376, 0.0 ], [ -100.475965, 26.570382599999988, 0.0 ], [ -100.480457, 26.5695356, 0.0 ], [ -100.481546, 26.5715806, 0.0 ], [ -100.476832, 26.572498599999989, 0.0 ], [ -100.476151, 26.5708376, 0.0 ] ] ] ] } },
{ "type": "Feature", "properties": { "CLAVE": "N/D", "PROYECTO": "TSN", "TIPO DE PROPIEDAD": "Social", "PROPIETARIO": "Uso Comun Ejido N.C.P.E. Francisco Villa", "EJIDO": "FRANCISCO VILLA", "M2": null, "KM INIICIO": null, "KM FIN": null, "KM LINEALES": null, "KM EFECTIVOS": null, "ESTATUS": "EN NEGOCIACIÓN", "IDENTIFICACION": true, "ANUENCIA": true, "LEVANTAMIENTO": "NO", "NEGOCIACIÓN": false, "C.O.P": "NO", "ESTRUCTURA": null, "OBSERVACIONES": null, "NUEVO": null, "SEGMENTO": "17" }, "geometry": { "type": "MultiPolygon", "coordinates": [ [ [ [ -100.472105, 26.560934, 0.0 ], [ -100.475352, 26.560002, 0.0 ], [ -100.476762, 26.562633, 0.0 ], [ -100.473212, 26.563642, 0.0 ], [ -100.472105, 26.560934, 0.0 ] ] ] ] } },
{ "type": "Feature", "properties": { "CLAVE": "N/D", "PROYECTO": "TSN", "TIPO DE PROPIEDAD": "Social", "PROPIETARIO": "Uso Comun Ejido N.C.P.E. Francisco Villa", "EJIDO": "FRANCISCO VILLA", "M2": null, "KM INIICIO": null, "KM FIN": null, "KM LINEALES": null, "KM EFECTIVOS": null, "ESTATUS": "NO LIBERADO", "IDENTIFICACION": true, "ANUENCIA": true, "LEVANTAMIENTO": "NO", "NEGOCIACIÓN": false, "C.O.P": "NO", "ESTRUCTURA": null, "OBSERVACIONES": null, "NUEVO": null, "SEGMENTO": "17" }, "geometry": { "type": "MultiPolygon", "coordinates": [ [ [ [ -100.477491, 26.633752, 0.0 ], [ -100.473945, 26.635347, 0.0 ], [ -100.473799, 26.634292, 0.0 ], [ -100.473529, 26.632494, 0.0 ], [ -100.473259, 26.630685, 0.0 ], [ -100.472996, 26.628886, 0.0 ], [ -100.472747, 26.627099, 0.0 ], [ -100.472524, 26.6253, 0.0 ], [ -100.472266, 26.623496, 0.0 ], [ -100.476109, 26.624677, 0.0 ], [ -100.475687, 26.622028, 0.0 ], [ -100.475808, 26.622044, 0.0 ], [ -100.47598, 26.6235, 0.0 ], [ -100.482293, 26.624556, 0.0 ], [ -100.482191, 26.626293, 0.0 ], [ -100.486861, 26.627569, 0.0 ], [ -100.486964, 26.628779, 0.0 ], [ -100.482572, 26.630458, 0.0 ], [ -100.483008, 26.632104, 0.0 ], [ -100.483483, 26.633932, 0.0 ], [ -100.477872, 26.636337, 0.0 ], [ -100.477491, 26.633752, 0.0 ] ] ] ] } },
{ "type": "Feature", "properties": { "CLAVE": "N/D", "PROYECTO": "TSN", "TIPO DE PROPIEDAD": "Social", "PROPIETARIO": "Uso Comun Ejido N.C.P.E. Francisco Villa", "EJIDO": "FRANCISCO VILLA", "M2": null, "KM INIICIO": null, "KM FIN": null, "KM LINEALES": null, "KM EFECTIVOS": null, "ESTATUS": "NO LIBERADO", "IDENTIFICACION": true, "ANUENCIA": true, "LEVANTAMIENTO": "NO", "NEGOCIACIÓN": false, "C.O.P": "NO", "ESTRUCTURA": null, "OBSERVACIONES": null, "NUEVO": null, "SEGMENTO": "17" }, "geometry": { "type": "MultiPolygon", "coordinates": [ [ [ [ -100.467352, 26.602952, 0.0 ], [ -100.475328, 26.602027, 0.0 ], [ -100.474695, 26.597552, 0.0 ], [ -100.466709, 26.598473, 0.0 ], [ -100.466557, 26.597412, 0.0 ], [ -100.470104, 26.596712, 0.0 ], [ -100.471775, 26.596431, 0.0 ], [ -100.478132, 26.595457, 0.0 ], [ -100.478767, 26.59992, 0.0 ], [ -100.484437, 26.598826, 0.0 ], [ -100.484602, 26.600728, 0.0 ], [ -100.484132, 26.600995, 0.0 ], [ -100.483697, 26.599584, 0.0 ], [ -100.48274, 26.599676, 0.0 ], [ -100.482898, 26.600145, 0.0 ], [ -100.480746, 26.600681, 0.0 ], [ -100.480709, 26.602104, 0.0 ], [ -100.472857, 26.603054, 0.0 ], [ -100.472713, 26.602632, 0.0 ], [ -100.468853, 26.604515, 0.0 ], [ -100.467608, 26.604735, 0.0 ], [ -100.467352, 26.602952, 0.0 ] ] ] ] } },
{ "type": "Feature", "properties": { "CLAVE": "SNL-BUS-010-3", "PROYECTO": "TSN", "TIPO DE PROPIEDAD": "Social", "PROPIETARIO": "LEAL MALDONADO ALDO SAUL", "EJIDO": "FRANCISCO VILLA", "M2": 1296.513, "KM INIICIO": 234.02057, "KM FIN": 234.26942, "KM LINEALES": 0.24885, "KM EFECTIVOS": 0.24885, "ESTATUS": "LIBERADO", "IDENTIFICACION": true, "ANUENCIA": true, "LEVANTAMIENTO": "NO", "NEGOCIACIÓN": false, "C.O.P": "C.O.P", "ESTRUCTURA": "DDV Troncal", "OBSERVACIONES": "Firmado COP/AOT", "NUEVO": null, "SEGMENTO": "17" }, "geometry": { "type": "MultiPolygon", "coordinates": [ [ [ [ -100.482191, 26.626293, 0.0 ], [ -100.482293, 26.624556, 0.0 ], [ -100.482339, 26.624025, 0.0 ], [ -100.486675, 26.625329, 0.0 ], [ -100.486861, 26.627569, 0.0 ], [ -100.482191, 26.626293, 0.0 ] ] ] ] } },
{ "type": "Feature", "properties": { "CLAVE": "SNL-BUS-010-2", "PROYECTO": "TSN", "TIPO DE PROPIEDAD": "Social", "PROPIETARIO": "Jesus Perales Contreras (Zn-5 P-105)", "EJIDO": null, "M2": null, "KM INIICIO": 233.75136, "KM FIN": 234.00077, "KM LINEALES": 0.24940999999998326, "KM EFECTIVOS": 0.24940999999998326, "ESTATUS": "NO LIBERADO", "IDENTIFICACION": false, "ANUENCIA": false, "LEVANTAMIENTO": "NO", "NEGOCIACIÓN": false, "C.O.P": "NO", "ESTRUCTURA": "DDV Troncal", "OBSERVACIONES": null, "NUEVO": null, "SEGMENTO": "17" }, "geometry": { "type": "MultiPolygon", "coordinates": [ [ [ [ -100.482384, 26.623845, 0.0 ], [ -100.482533, 26.621675, 0.0 ], [ -100.486466, 26.622906, 0.0 ], [ -100.486659, 26.625151, 0.0 ], [ -100.482384, 26.623845, 0.0 ] ] ] ] } },
{ "type": "Feature", "properties": { "CLAVE": "SNL-BUS-011", "PROYECTO": "TSN", "TIPO DE PROPIEDAD": "Privada", "PROPIETARIO": "LEAL MALDONADO ALDO SAUL", "EJIDO": "N/A", "M2": 1148.894, "KM INIICIO": 234.40391, "KM FIN": 234.5863, "KM LINEALES": 0.18239, "KM EFECTIVOS": 0.18239, "ESTATUS": "LIBERADO", "IDENTIFICACION": true, "ANUENCIA": true, "LEVANTAMIENTO": "SI", "NEGOCIACIÓN": true, "C.O.P": "C.O.P", "ESTRUCTURA": "DDV Troncal", "OBSERVACIONES": "Firmado COP/AOT", "NUEVO": null, "SEGMENTO": "17" }, "geometry": { "type": "MultiPolygon", "coordinates": [ [ [ [ -100.482572, 26.6304868, 0.0 ], [ -100.486964, 26.6288078, 0.0 ], [ -100.487108, 26.6304498, 0.0 ], [ -100.483008, 26.6321328, 0.0 ], [ -100.482572, 26.6304868, 0.0 ] ] ] ] } },
{ "type": "Feature", "properties": { "CLAVE": "SNL-VIL-011", "PROYECTO": "TSN", "TIPO DE PROPIEDAD": "Dominio Pleno", "PROPIETARIO": "DE LUNA FLORES NOE (Parcela 51)", "EJIDO": "N/A", "M2": null, "KM INIICIO": 228.29332, "KM FIN": 228.41764, "KM LINEALES": 0.12432000000001153, "KM EFECTIVOS": 0.12432000000001153, "ESTATUS": "EN NEGOCIACIÓN", "IDENTIFICACION": true, "ANUENCIA": true, "LEVANTAMIENTO": "NO", "NEGOCIACIÓN": false, "C.O.P": "NO", "ESTRUCTURA": "DDV Troncal", "OBSERVACIONES": "En proceso de Planos/BDT", "NUEVO": null, "SEGMENTO": "17" }, "geometry": { "type": "MultiPolygon", "coordinates": [ [ [ [ -100.47873, 26.57712, 0.0 ], [ -100.478623, 26.57686, 0.0 ], [ -100.477933, 26.575177, 0.0 ], [ -100.477738, 26.5747, 0.0 ], [ -100.482219, 26.573787, 0.0 ], [ -100.482321, 26.574342, 0.0 ], [ -100.482423, 26.575162, 0.0 ], [ -100.482526, 26.576344, 0.0 ], [ -100.47873, 26.57712, 0.0 ] ] ] ] } },
{ "type": "Feature", "properties": { "CLAVE": "SNL-VIL-012", "PROYECTO": "TSN", "TIPO DE PROPIEDAD": "Dominio Pleno", "PROPIETARIO": "DE LUNA FLORES NOE", "EJIDO": "N/A", "M2": null, "KM INIICIO": 228.92835, "KM FIN": 229.42245, "KM LINEALES": 0.4941, "KM EFECTIVOS": 0.4941, "ESTATUS": "EN NEGOCIACIÓN", "IDENTIFICACION": true, "ANUENCIA": true, "LEVANTAMIENTO": "NO", "NEGOCIACIÓN": false, "C.O.P": "NO", "ESTRUCTURA": "DDV Troncal", "OBSERVACIONES": "En proceso de Planos/BDT", "NUEVO": null, "SEGMENTO": "17" }, "geometry": { "type": "MultiPolygon", "coordinates": [ [ [ [ -100.481718, 26.584421, 0.0 ], [ -100.479948, 26.580096, 0.0 ], [ -100.482723, 26.579501, 0.0 ], [ -100.482807, 26.580857, 0.0 ], [ -100.482919, 26.58109, 0.0 ], [ -100.483133, 26.583946, 0.0 ], [ -100.481718, 26.584421, 0.0 ] ] ] ] } },
{ "type": "Feature", "properties": { "CLAVE": "SNL-VIL-010", "PROYECTO": "TSN", "TIPO DE PROPIEDAD": "Dominio Pleno", "PROPIETARIO": "RODRIGO RINCON ISLAS (Parcela 52)", "EJIDO": "N/A", "M2": null, "KM INIICIO": 228.03859, "KM FIN": 228.29332, "KM LINEALES": 0.25473, "KM EFECTIVOS": 0.25473, "ESTATUS": "EN NEGOCIACIÓN", "IDENTIFICACION": true, "ANUENCIA": false, "LEVANTAMIENTO": "NO", "NEGOCIACIÓN": false, "C.O.P": "NO", "ESTRUCTURA": "DDV Troncal", "OBSERVACIONES": "Citado a Negociación", "NUEVO": null, "SEGMENTO": "17" }, "geometry": { "type": "MultiPolygon", "coordinates": [ [ [ [ -100.476832, 26.572489, 0.0 ], [ -100.481546, 26.571571, 0.0 ], [ -100.48207, 26.572981, 0.0 ], [ -100.482186, 26.573612, 0.0 ], [ -100.482219, 26.573787, 0.0 ], [ -100.477738, 26.5747, 0.0 ], [ -100.477628, 26.574432, 0.0 ], [ -100.477471, 26.574048, 0.0 ], [ -100.477009, 26.572921, 0.0 ], [ -100.476832, 26.572489, 0.0 ] ] ] ] } },
{ "type": "Feature", "properties": { "CLAVE": "SNL-BUS-001", "PROYECTO": "TSN", "TIPO DE PROPIEDAD": "Privada", "PROPIETARIO": "ELVIRO LUIS GARZA MARTINEZ/ Marybel Rmz", "EJIDO": "N/A", "M2": null, "KM INIICIO": 229.54777, "KM FIN": 231.08107, "KM LINEALES": 1.5333, "KM EFECTIVOS": 1.5333, "ESTATUS": "NO LIBERADO", "IDENTIFICACION": true, "ANUENCIA": true, "LEVANTAMIENTO": "NO", "NEGOCIACIÓN": false, "C.O.P": "NO", "ESTRUCTURA": "DDV Troncal", "OBSERVACIONES": "En proceso de Acercamiento", "NUEVO": null, "SEGMENTO": "17" }, "geometry": { "type": "MultiPolygon", "coordinates": [ [ [ [ -100.4781337, 26.5954514, 0.0 ], [ -100.4777927, 26.5930504, 0.0 ], [ -100.4775657, 26.5914574, 0.0 ], [ -100.4773397, 26.5898694, 0.0 ], [ -100.4771177, 26.5883064, 0.0 ], [ -100.477102700000017, 26.5881994, 0.0 ], [ -100.4768137, 26.5861664, 0.0 ], [ -100.4768067, 26.5861144, 0.0 ], [ -100.4768017, 26.5860854, 0.0 ], [ -100.4832278, 26.5850054, 0.0 ], [ -100.4844388, 26.5988204, 0.0 ], [ -100.4787688, 26.5999144, 0.0 ], [ -100.4781337, 26.5954514, 0.0 ] ] ] ] } },
{ "type": "Feature", "properties": { "CLAVE": "SNL-BUS-009", "PROYECTO": "TSN", "TIPO DE PROPIEDAD": "Dominio Pleno", "PROPIETARIO": "FRANCISCO ALEJANDRO ANCIRA Y KARINA UGARTE SANTOS", "EJIDO": "N/A", "M2": null, "KM INIICIO": 233.0929, "KM FIN": 233.30963, "KM LINEALES": 0.21673000000001252, "KM EFECTIVOS": 0.21673000000001252, "ESTATUS": "EN NEGOCIACIÓN", "IDENTIFICACION": true, "ANUENCIA": true, "LEVANTAMIENTO": "NO", "NEGOCIACIÓN": false, "C.O.P": "NO", "ESTRUCTURA": "DDV Troncal", "OBSERVACIONES": "Citado a Negociación", "NUEVO": null, "SEGMENTO": "17" }, "geometry": { "type": "MultiPolygon", "coordinates": [ [ [ [ -100.47963, 26.620294, 0.0 ], [ -100.480455, 26.61886, 0.0 ], [ -100.480454, 26.619061, 0.0 ], [ -100.484274, 26.618535, 0.0 ], [ -100.484097, 26.617298, 0.0 ], [ -100.485969, 26.616979, 0.0 ], [ -100.486137, 26.61893, 0.0 ], [ -100.481883, 26.61976, 0.0 ], [ -100.481967, 26.620639, 0.0 ], [ -100.47963, 26.620294, 0.0 ] ] ] ] } },
{ "type": "Feature", "properties": { "CLAVE": "SNL-BUS-006", "PROYECTO": "TSN", "TIPO DE PROPIEDAD": "Dominio Pleno", "PROPIETARIO": "OSCAR ALEJANDRO UGARTE", "EJIDO": "N/A", "M2": null, "KM INIICIO": 232.1165, "KM FIN": 232.36914, "KM LINEALES": 0.25263999999998532, "KM EFECTIVOS": 0.25263999999998532, "ESTATUS": "EN NEGOCIACIÓN", "IDENTIFICACION": true, "ANUENCIA": true, "LEVANTAMIENTO": "NO", "NEGOCIACIÓN": false, "C.O.P": "NO", "ESTRUCTURA": "DDV Troncal", "OBSERVACIONES": "Citado a Negociación", "NUEVO": null, "SEGMENTO": "17" }, "geometry": { "type": "MultiPolygon", "coordinates": [ [ [ [ -100.481393, 26.60845, 0.0 ], [ -100.485223, 26.608139, 0.0 ], [ -100.485421, 26.610465, 0.0 ], [ -100.481359, 26.610748, 0.0 ], [ -100.481393, 26.60845, 0.0 ] ] ] ] } },
{ "type": "Feature", "properties": { "CLAVE": "SNL-BUS-004", "PROYECTO": "TSN", "TIPO DE PROPIEDAD": "Dominio Pleno", "PROPIETARIO": "ABEL GUADALUPE GONZALEZ FLORES", "EJIDO": "N/A", "M2": null, "KM INIICIO": 231.7626, "KM FIN": 231.86729, "KM LINEALES": 0.10469000000000506, "KM EFECTIVOS": 0.10469000000000506, "ESTATUS": "NO LIBERADO", "IDENTIFICACION": true, "ANUENCIA": true, "LEVANTAMIENTO": "NO", "NEGOCIACIÓN": false, "C.O.P": "NO", "ESTRUCTURA": "DDV Troncal", "OBSERVACIONES": "En Aprobación Jurídica SEDATU", "NUEVO": null, "SEGMENTO": "17" }, "geometry": { "type": "MultiPolygon", "coordinates": [ [ [ [ -100.478564, 26.61024, 0.0 ], [ -100.478576, 26.609983, 0.0 ], [ -100.478551, 26.609074, 0.0 ], [ -100.478525, 26.608131, 0.0 ], [ -100.478487, 26.607229, 0.0 ], [ -100.478462, 26.606325, 0.0 ], [ -100.478425, 26.605425, 0.0 ], [ -100.481205, 26.605151, 0.0 ], [ -100.484954, 26.604952, 0.0 ], [ -100.485035, 26.6059, 0.0 ], [ -100.481428, 26.606385, 0.0 ], [ -100.481393, 26.60845, 0.0 ], [ -100.481359, 26.610748, 0.0 ], [ -100.478564, 26.61024, 0.0 ] ] ] ] } },
{ "type": "Feature", "properties": { "CLAVE": "SNL-BUS-005", "PROYECTO": "TSN", "TIPO DE PROPIEDAD": "Dominio Pleno", "PROPIETARIO": "ABEL GUADALUPE GONZALEZ FLORES", "EJIDO": "N/A", "M2": null, "KM INIICIO": 231.86729, "KM FIN": 232.1165, "KM LINEALES": 0.24921000000000504, "KM EFECTIVOS": 0.24921000000000504, "ESTATUS": "NO LIBERADO", "IDENTIFICACION": true, "ANUENCIA": true, "LEVANTAMIENTO": "NO", "NEGOCIACIÓN": false, "C.O.P": "NO", "ESTRUCTURA": "DDV Troncal", "OBSERVACIONES": "En Aprobación Jurídica SEDATU", "NUEVO": null, "SEGMENTO": "17" }, "geometry": { "type": "MultiPolygon", "coordinates": [ [ [ [ -100.481428, 26.606385, 0.0 ], [ -100.485035, 26.6059, 0.0 ], [ -100.485223, 26.608139, 0.0 ], [ -100.481393, 26.60845, 0.0 ], [ -100.481428, 26.606385, 0.0 ] ] ] ] } },
{ "type": "Feature", "properties": { "CLAVE": "SNL-BUS-003", "PROYECTO": "TSN", "TIPO DE PROPIEDAD": "Dominio Pleno", "PROPIETARIO": "ABEL GUADALUPE GONZALEZ FLORES", "EJIDO": "N/A", "M2": null, "KM INIICIO": 231.53679, "KM FIN": 231.7626, "KM LINEALES": 0.22581, "KM EFECTIVOS": 0.22581, "ESTATUS": "NO LIBERADO", "IDENTIFICACION": true, "ANUENCIA": true, "LEVANTAMIENTO": "NO", "NEGOCIACIÓN": false, "C.O.P": "NO", "ESTRUCTURA": "DDV Troncal", "OBSERVACIONES": "En Aprobación Jurídica SEDATU", "NUEVO": null, "SEGMENTO": "17" }, "geometry": { "type": "MultiPolygon", "coordinates": [ [ [ [ -100.480861, 26.603334, 0.0 ], [ -100.484781, 26.60292, 0.0 ], [ -100.484954, 26.604952, 0.0 ], [ -100.481205, 26.605151, 0.0 ], [ -100.480861, 26.603334, 0.0 ] ] ] ] } },
{ "type": "Feature", "properties": { "CLAVE": "SNL-BUS-002", "PROYECTO": "TSN", "TIPO DE PROPIEDAD": "Dominio Pleno", "PROPIETARIO": "ABEL GUADALUPE GONZALEZ FLORES", "EJIDO": "N/A", "M2": null, "KM INIICIO": 231.29321, "KM FIN": 231.53679, "KM LINEALES": 0.24358000000000857, "KM EFECTIVOS": 0.24358000000000857, "ESTATUS": "NO LIBERADO", "IDENTIFICACION": true, "ANUENCIA": true, "LEVANTAMIENTO": "NO", "NEGOCIACIÓN": false, "C.O.P": "NO", "ESTRUCTURA": "DDV Troncal", "OBSERVACIONES": "En Aprobación Jurídica SEDATU", "NUEVO": null, "SEGMENTO": "17" }, "geometry": { "type": "MultiPolygon", "coordinates": [ [ [ [ -100.480697, 26.60244, 0.0 ], [ -100.484132, 26.600995, 0.0 ], [ -100.484602, 26.600728, 0.0 ], [ -100.484731, 26.602213, 0.0 ], [ -100.484781, 26.60292, 0.0 ], [ -100.480861, 26.603334, 0.0 ], [ -100.480697, 26.60244, 0.0 ] ] ] ] } },
{ "type": "Feature", "properties": { "CLAVE": "SNL-BUS-012", "PROYECTO": "TSN", "TIPO DE PROPIEDAD": "Privada", "PROPIETARIO": "LEAL MALDONADO ALDO SAUL", "EJIDO": "N/A", "M2": 1358.521, "KM INIICIO": 234.5863, "KM FIN": 234.80007, "KM LINEALES": 0.2137700000000109, "KM EFECTIVOS": 0.2137700000000109, "ESTATUS": "LIBERADO", "IDENTIFICACION": true, "ANUENCIA": true, "LEVANTAMIENTO": "SI", "NEGOCIACIÓN": true, "C.O.P": "C.O.P", "ESTRUCTURA": "DDV Troncal", "OBSERVACIONES": "Firmado COP/AOT", "NUEVO": null, "SEGMENTO": "17" }, "geometry": { "type": "MultiPolygon", "coordinates": [ [ [ [ -100.483008, 26.632104, 0.0 ], [ -100.487108, 26.630421, 0.0 ], [ -100.487264, 26.632312, 0.0 ], [ -100.483483, 26.633932, 0.0 ], [ -100.483008, 26.632104, 0.0 ] ] ] ] } },
{ "type": "Feature", "properties": { "CLAVE": "SNL-BUS-010", "PROYECTO": "TSN", "TIPO DE PROPIEDAD": "Dominio Pleno", "PROPIETARIO": "FELIX HUMBERTO GONZALEZ SALINAS", "EJIDO": "N/A", "M2": null, "KM INIICIO": 233.31549, "KM FIN": 233.41726, "KM LINEALES": 0.1017699999999877, "KM EFECTIVOS": 0.10227, "ESTATUS": "NO LIBERADO", "IDENTIFICACION": false, "ANUENCIA": false, "LEVANTAMIENTO": "NO", "NEGOCIACIÓN": false, "C.O.P": "NO", "ESTRUCTURA": "DDV Troncal", "OBSERVACIONES": null, "NUEVO": null, "SEGMENTO": "17" }, "geometry": { "type": "MultiPolygon", "coordinates": [ [ [ [ -100.481967, 26.620639, 0.0 ], [ -100.481883, 26.61976, 0.0 ], [ -100.486137, 26.61893, 0.0 ], [ -100.486209, 26.619851, 0.0 ], [ -100.482595, 26.620744, 0.0 ], [ -100.481967, 26.620639, 0.0 ] ] ] ] } },
{ "type": "Feature", "properties": { "CLAVE": "SNL-BUS-008", "PROYECTO": "TSN", "TIPO DE PROPIEDAD": "Dominio Pleno", "PROPIETARIO": "KARINA UGARTE SANTOS Y FRANCISCO ALEJANDRO UGARTE", "EJIDO": "N/A", "M2": null, "KM INIICIO": 232.64325, "KM FIN": 232.97567, "KM LINEALES": 0.33242000000001326, "KM EFECTIVOS": 0.33242000000001326, "ESTATUS": "EN NEGOCIACIÓN", "IDENTIFICACION": true, "ANUENCIA": true, "LEVANTAMIENTO": "NO", "NEGOCIACIÓN": false, "C.O.P": "NO", "ESTRUCTURA": "DDV Troncal", "OBSERVACIONES": "Citado a Negociación", "NUEVO": null, "SEGMENTO": "17" }, "geometry": { "type": "MultiPolygon", "coordinates": [ [ [ [ -100.4820131, 26.614639, 0.0 ], [ -100.4817781, 26.613224, 0.0 ], [ -100.4856481, 26.612932, 0.0 ], [ -100.485896100000019, 26.615924, 0.0 ], [ -100.4823771, 26.616623, 0.0 ], [ -100.4820131, 26.614639, 0.0 ] ] ] ] } },
{ "type": "Feature", "properties": { "CLAVE": "SNL-BUS-007", "PROYECTO": "TSN", "TIPO DE PROPIEDAD": "Dominio Pleno", "PROPIETARIO": "FRANCISCO ALEJANDRO UGARTE Y OSCAR ALEJANDRO UGARTE", "EJIDO": "N/A", "M2": null, "KM INIICIO": 232.36914, "KM FIN": 232.64325, "KM LINEALES": 0.2741100000000074, "KM EFECTIVOS": 0.2741100000000074, "ESTATUS": "EN NEGOCIACIÓN", "IDENTIFICACION": true, "ANUENCIA": true, "LEVANTAMIENTO": "NO", "NEGOCIACIÓN": false, "C.O.P": "NO", "ESTRUCTURA": "DDV Troncal", "OBSERVACIONES": "Citado a Negociación", "NUEVO": null, "SEGMENTO": "17" }, "geometry": { "type": "MultiPolygon", "coordinates": [ [ [ [ -100.481321, 26.613024, 0.0 ], [ -100.481359, 26.610748, 0.0 ], [ -100.485421, 26.610465, 0.0 ], [ -100.485632, 26.612932, 0.0 ], [ -100.481762, 26.613224, 0.0 ], [ -100.481326, 26.613252, 0.0 ], [ -100.481321, 26.613024, 0.0 ] ] ] ] } },
{ "type": "Feature", "properties": { "CLAVE": "SNL-BUS-010-1", "PROYECTO": "TSN", "TIPO DE PROPIEDAD": "Social", "PROPIETARIO": "JUAN ANTONIO RAMOS AMARO (Zn-5 P-111)", "EJIDO": "N/A", "M2": null, "KM INIICIO": 233.4119, "KM FIN": 233.75136, "KM LINEALES": 0.33946, "KM EFECTIVOS": 0.33946, "ESTATUS": "NO LIBERADO", "IDENTIFICACION": true, "ANUENCIA": true, "LEVANTAMIENTO": "NO", "NEGOCIACIÓN": false, "C.O.P": "NO", "ESTRUCTURA": "DDV Troncal", "OBSERVACIONES": "En Levantamiento", "NUEVO": null, "SEGMENTO": "17" }, "geometry": { "type": "MultiPolygon", "coordinates": [ [ [ [ -100.482533, 26.621675, 0.0 ], [ -100.482595, 26.620744, 0.0 ], [ -100.486209, 26.619851, 0.0 ], [ -100.486466, 26.622906, 0.0 ], [ -100.482533, 26.621675, 0.0 ] ] ] ] } },
{ "type": "Feature", "properties": { "CLAVE": "SNL-LAM-002-1-GS", "PROYECTO": "TSN", "TIPO DE PROPIEDAD": "Privada", "PROPIETARIO": "DAVID MORALES", "EJIDO": "N/A", "M2": null, "KM INIICIO": 253.35037, "KM FIN": 255.54468, "KM LINEALES": 2.19431, "KM EFECTIVOS": 2.19431, "ESTATUS": "NO LIBERADO", "IDENTIFICACION": true, "ANUENCIA": false, "LEVANTAMIENTO": "NO", "NEGOCIACIÓN": false, "C.O.P": "NO", "ESTRUCTURA": "DDV Troncal", "OBSERVACIONES": "En proceso de Acercamiento", "NUEVO": null, "SEGMENTO": "17" }, "geometry": { "type": "MultiPolygon", "coordinates": [ [ [ [ -100.490416, 26.806079, 0.0 ], [ -100.501182, 26.799333, 0.0 ], [ -100.502851, 26.818921, 0.0 ], [ -100.491787, 26.823771, 0.0 ], [ -100.490416, 26.806079, 0.0 ] ] ] ] } },
{ "type": "Feature", "properties": { "CLAVE": "SNL-LAM-002-2-GS", "PROYECTO": "TSN", "TIPO DE PROPIEDAD": "Privada", "PROPIETARIO": "ROSENDO CHAPA CONTRERAS (Albacea)", "EJIDO": "N/A", "M2": null, "KM INIICIO": 255.54468, "KM FIN": 258.02417, "KM LINEALES": 2.47949, "KM EFECTIVOS": 2.47949, "ESTATUS": "NO LIBERADO", "IDENTIFICACION": true, "ANUENCIA": false, "LEVANTAMIENTO": "NO", "NEGOCIACIÓN": false, "C.O.P": "NO", "ESTRUCTURA": "DDV Troncal", "OBSERVACIONES": "En proceso de Acercamiento", "NUEVO": null, "SEGMENTO": "17" }, "geometry": { "type": "MultiPolygon", "coordinates": [ [ [ [ -100.491842, 26.823815, 0.0 ], [ -100.502811, 26.818978, 0.0 ], [ -100.504833, 26.841355, 0.0 ], [ -100.493167, 26.837367, 0.0 ], [ -100.491842, 26.823815, 0.0 ] ] ] ] } },
{ "type": "Feature", "properties": { "CLAVE": "N/D", "PROYECTO": "TSN", "TIPO DE PROPIEDAD": "Social", "PROPIETARIO": "Uso Comun Ejido N.C.P.E. Francisco Villa", "EJIDO": "FRANCISCO VILLA", "M2": null, "KM INIICIO": null, "KM FIN": null, "KM LINEALES": null, "KM EFECTIVOS": null, "ESTATUS": "NO LIBERADO", "IDENTIFICACION": true, "ANUENCIA": true, "LEVANTAMIENTO": "NO", "NEGOCIACIÓN": false, "C.O.P": "NO", "ESTRUCTURA": null, "OBSERVACIONES": null, "NUEVO": null, "SEGMENTO": "17" }, "geometry": { "type": "MultiPolygon", "coordinates": [ [ [ [ -100.494732, 26.7227976, 0.0 ], [ -100.484177, 26.7230756, 0.0 ], [ -100.464822, 26.7231966, 0.0 ], [ -100.454293, 26.7259286, 0.0 ], [ -100.390404, 26.6735316, 0.0 ], [ -100.413492, 26.6638416, 0.0 ], [ -100.48093, 26.7025276, 0.0 ], [ -100.481655, 26.7024406, 0.0 ], [ -100.482439, 26.7075386, 0.0 ], [ -100.493379, 26.706310599999988, 0.0 ], [ -100.494732, 26.7227976, 0.0 ] ] ] ] } },
{ "type": "Feature", "properties": { "CLAVE": "SNL-LAM-001-1", "PROYECTO": "TSN", "TIPO DE PROPIEDAD": "Privada", "PROPIETARIO": "CANTU CANTU JOSE SANTOS", "EJIDO": "N/A", "M2": null, "KM INIICIO": 238.7901, "KM FIN": 243.02203, "KM LINEALES": 4.23193, "KM EFECTIVOS": 4.23193, "ESTATUS": "NO LIBERADO", "IDENTIFICACION": true, "ANUENCIA": true, "LEVANTAMIENTO": "NO", "NEGOCIACIÓN": false, "C.O.P": "NO", "ESTRUCTURA": "DDV Troncal", "OBSERVACIONES": "En proceso de Acercamiento", "NUEVO": null, "SEGMENTO": "17" }, "geometry": { "type": "MultiPolygon", "coordinates": [ [ [ [ -100.49023, 26.668193, 0.0 ], [ -100.493379, 26.706301, 0.0 ], [ -100.482439, 26.707529, 0.0 ], [ -100.481655, 26.702431, 0.0 ], [ -100.48093, 26.702518, 0.0 ], [ -100.413492, 26.663832, 0.0 ], [ -100.428572, 26.657325, 0.0 ], [ -100.475774, 26.665637, 0.0 ], [ -100.49023, 26.668193, 0.0 ] ] ] ] } },
{ "type": "Feature", "properties": { "CLAVE": "SNL-LAM-003", "PROYECTO": "TSN", "TIPO DE PROPIEDAD": "Privada", "PROPIETARIO": "TREVIÑO GARZA ADOLFO JOSE (amparo)", "EJIDO": "N/A", "M2": null, "KM INIICIO": 258.07808, "KM FIN": 261.2, "KM LINEALES": 3.12192, "KM EFECTIVOS": 1.31792, "ESTATUS": "NO LIBERADO", "IDENTIFICACION": true, "ANUENCIA": true, "LEVANTAMIENTO": "NO", "NEGOCIACIÓN": false, "C.O.P": "NO", "ESTRUCTURA": "DDV Troncal", "OBSERVACIONES": "En proceso de Acercamiento", "NUEVO": null, "SEGMENTO": "17" }, "geometry": { "type": "MultiPolygon", "coordinates": [ [ [ [ -100.5068763, 26.869825, 0.0 ], [ -100.4965253, 26.870686, 0.0 ], [ -100.4946643, 26.852972, 0.0 ], [ -100.493009300000011, 26.837796, 0.0 ], [ -100.5046593, 26.84165, 0.0 ], [ -100.5068763, 26.869825, 0.0 ] ] ] ] } },
{ "type": "Feature", "properties": { "CLAVE": "SNL-LAM-002-1", "PROYECTO": "TSN", "TIPO DE PROPIEDAD": "Privada", "PROPIETARIO": "ALONSO QUIJANO DAVALOS Y TERESA QUIJANO DAVALOS", "EJIDO": "N/A", "M2": 10120.95, "KM INIICIO": 251.64027, "KM FIN": 253.34427, "KM LINEALES": 1.704, "KM EFECTIVOS": 1.704, "ESTATUS": "LIBERADO", "IDENTIFICACION": true, "ANUENCIA": true, "LEVANTAMIENTO": "NO", "NEGOCIACIÓN": true, "C.O.P": "C.O.P", "ESTRUCTURA": "DDV Troncal", "OBSERVACIONES": "Firmado COP/AOT", "NUEVO": null, "SEGMENTO": "17" }, "geometry": { "type": "MultiPolygon", "coordinates": [ [ [ [ -100.490338640352661, 26.784429140572968, 0.0 ], [ -100.495420814599001, 26.784114907149316, 0.0 ], [ -100.500096027785077, 26.783769312013685, 0.0 ], [ -100.501316, 26.799111, 0.0 ], [ -100.490384, 26.806092, 0.0 ], [ -100.490338640352661, 26.784429140572968, 0.0 ] ] ] ] } },
{ "type": "Feature", "properties": { "CLAVE": "SNL-LAM-001", "PROYECTO": "TSN", "TIPO DE PROPIEDAD": "Privada", "PROPIETARIO": "BERNADO RAMIREZ (Mina) / Marcos Guillermo Rodriguez Cortes", "EJIDO": "N/A", "M2": null, "KM INIICIO": 246.73945, "KM FIN": 249.06443, "KM LINEALES": 2.32498, "KM EFECTIVOS": 2.32498, "ESTATUS": "NO LIBERADO", "IDENTIFICACION": true, "ANUENCIA": true, "LEVANTAMIENTO": "NO", "NEGOCIACIÓN": false, "C.O.P": "NO", "ESTRUCTURA": "DDV Troncal", "OBSERVACIONES": "En proceso de Acercamiento", "NUEVO": null, "SEGMENTO": "17" }, "geometry": { "type": "MultiPolygon", "coordinates": [ [ [ [ -100.4979248, 26.7591933, 0.0 ], [ -100.4969218, 26.7592623, 0.0 ], [ -100.4970778, 26.7610843, 0.0 ], [ -100.4902697, 26.7634423, 0.0 ], [ -100.4902577, 26.7630343, 0.0 ], [ -100.4902187, 26.7625263, 0.0 ], [ -100.4901517, 26.7619963, 0.0 ], [ -100.4896637, 26.7585933, 0.0 ], [ -100.4868057, 26.7386903, 0.0 ], [ -100.4962818, 26.7399373, 0.0 ], [ -100.4979248, 26.7591933, 0.0 ] ] ] ] } },
{ "type": "Feature", "properties": { "CLAVE": "SNL-LAM-000-1-GS", "PROYECTO": "TSN", "TIPO DE PROPIEDAD": "Privada", "PROPIETARIO": "JOSE CATALINO MONTEMAYOR CARDENAS", "EJIDO": "N/A", "M2": null, "KM INIICIO": 234.80227, "KM FIN": 238.7901, "KM LINEALES": 3.98783, "KM EFECTIVOS": 3.98783, "ESTATUS": "NO LIBERADO", "IDENTIFICACION": true, "ANUENCIA": true, "LEVANTAMIENTO": "NO", "NEGOCIACIÓN": false, "C.O.P": "NO", "ESTRUCTURA": null, "OBSERVACIONES": null, "NUEVO": null, "SEGMENTO": "17" }, "geometry": { "type": "MultiPolygon", "coordinates": [ [ [ [ -100.487217786290998, 26.632533988642983, 0.0 ], [ -100.4902296597879, 26.668062346482458, 0.0 ], [ -100.476220815570997, 26.665667917473449, 0.0 ], [ -100.472503969241998, 26.638712162626735, 0.0 ], [ -100.487217786290998, 26.632533988642983, 0.0 ] ] ] ] } },
{ "type": "Feature", "properties": { "CLAVE": "SNL-LAM-001-2-GS", "PROYECTO": "TSN", "TIPO DE PROPIEDAD": "Privada", "PROPIETARIO": "JOSE CATALINO MONTEMAYOR CARDENAS", "EJIDO": "N/A", "M2": null, "KM INIICIO": 234.80227, "KM FIN": 238.7901, "KM LINEALES": 3.98783, "KM EFECTIVOS": 3.98783, "ESTATUS": "NO LIBERADO", "IDENTIFICACION": true, "ANUENCIA": true, "LEVANTAMIENTO": "NO", "NEGOCIACIÓN": false, "C.O.P": "NO", "ESTRUCTURA": null, "OBSERVACIONES": null, "NUEVO": null, "SEGMENTO": "17" }, "geometry": { "type": "MultiPolygon", "coordinates": [ [ [ [ -100.484177, 26.7230756, 0.0 ], [ -100.494732, 26.7227976, 0.0 ], [ -100.4962818, 26.7399373, 0.0 ], [ -100.4868057, 26.7386903, 0.0 ], [ -100.484177, 26.7230756, 0.0 ] ] ] ] } },
{ "type": "Feature", "properties": { "CLAVE": "N/D", "PROYECTO": "TSN", "TIPO DE PROPIEDAD": "Social", "PROPIETARIO": "Uso Comun Ejido N.C.P.E. Francisco Villa", "EJIDO": "FRANCISCO VILLA", "M2": null, "KM INIICIO": null, "KM FIN": null, "KM LINEALES": null, "KM EFECTIVOS": null, "ESTATUS": "NO LIBERADO", "IDENTIFICACION": true, "ANUENCIA": true, "LEVANTAMIENTO": "NO", "NEGOCIACIÓN": false, "C.O.P": "NO", "ESTRUCTURA": null, "OBSERVACIONES": null, "NUEVO": null, "SEGMENTO": "17" }, "geometry": { "type": "MultiPolygon", "coordinates": [ [ [ [ -100.485919022065602, 26.616982294706009, 0.0 ], [ -100.483412214757607, 26.617423279083091, 0.0 ], [ -100.483145654392999, 26.616469783940008, 0.0 ], [ -100.485848298719702, 26.615923620507413, 0.0 ], [ -100.485919022065602, 26.616982294706009, 0.0 ] ] ] ] } },
{ "type": "Feature", "properties": { "CLAVE": "SNL-BUS-000-1", "PROYECTO": "TSN", "TIPO DE PROPIEDAD": "Privada", "PROPIETARIO": "DESCONOCIDO/ GUSTAVO GUERRERO", "EJIDO": "N/A", "M2": 598.829, "KM INIICIO": 229.42518, "KM FIN": 229.54777, "KM LINEALES": 0.12259, "KM EFECTIVOS": 1.5333, "ESTATUS": "NO LIBERADO", "IDENTIFICACION": false, "ANUENCIA": false, "LEVANTAMIENTO": "NO", "NEGOCIACIÓN": false, "C.O.P": "NO", "ESTRUCTURA": "DDV Troncal", "OBSERVACIONES": "Sin información de propietario", "NUEVO": null, "SEGMENTO": "17" }, "geometry": { "type": "MultiPolygon", "coordinates": [ [ [ [ -100.483233362776403, 26.584994662878692, 0.0 ], [ -100.480651686353895, 26.585428582632471, 0.0 ], [ -100.4806359403794, 26.584761053631652, 0.0 ], [ -100.483156297858699, 26.583945769942098, 0.0 ], [ -100.483233362776403, 26.584994662878692, 0.0 ] ] ] ] } },
{ "type": "Feature", "properties": { "CLAVE": "SNL-VIL-004", "PROYECTO": "TSN", "TIPO DE PROPIEDAD": null, "PROPIETARIO": "Desconocido", "EJIDO": null, "M2": null, "KM INIICIO": null, "KM FIN": null, "KM LINEALES": null, "KM EFECTIVOS": null, "ESTATUS": "NO LIBERADO", "IDENTIFICACION": false, "ANUENCIA": false, "LEVANTAMIENTO": "NO", "NEGOCIACIÓN": false, "C.O.P": "NO", "ESTRUCTURA": null, "OBSERVACIONES": null, "NUEVO": null, "SEGMENTO": "17" }, "geometry": { "type": "MultiPolygon", "coordinates": [ [ [ [ -100.442373, 26.504876, 0.0 ], [ -100.442784, 26.504655, 0.0 ], [ -100.442521, 26.504424, 0.0 ], [ -100.442233, 26.504171, 0.0 ], [ -100.442208, 26.50415, 0.0 ], [ -100.441988, 26.504246, 0.0 ], [ -100.441723, 26.50436, 0.0 ], [ -100.441015, 26.503737, 0.0 ], [ -100.440796, 26.503536, 0.0 ], [ -100.441049, 26.503488, 0.0 ], [ -100.441088, 26.503481, 0.0 ], [ -100.44134, 26.503439, 0.0 ], [ -100.441736, 26.503381, 0.0 ], [ -100.441929, 26.503339, 0.0 ], [ -100.441977, 26.503334, 0.0 ], [ -100.44204, 26.50353, 0.0 ], [ -100.442294, 26.503488, 0.0 ], [ -100.442361, 26.50372, 0.0 ], [ -100.442452, 26.504032, 0.0 ], [ -100.443138, 26.503699, 0.0 ], [ -100.443525, 26.503512, 0.0 ], [ -100.445049, 26.50558, 0.0 ], [ -100.445315, 26.505941, 0.0 ], [ -100.446206, 26.507317, 0.0 ], [ -100.44632, 26.507513, 0.0 ], [ -100.446475, 26.507774, 0.0 ], [ -100.446624, 26.507993, 0.0 ], [ -100.446802, 26.508292, 0.0 ], [ -100.44701, 26.508578, 0.0 ], [ -100.447208, 26.508875, 0.0 ], [ -100.447326, 26.509056, 0.0 ], [ -100.44735, 26.509101, 0.0 ], [ -100.447276, 26.509143, 0.0 ], [ -100.447163, 26.508998, 0.0 ], [ -100.446997, 26.508791, 0.0 ], [ -100.446644, 26.508503, 0.0 ], [ -100.444162, 26.506389, 0.0 ], [ -100.442965, 26.50537, 0.0 ], [ -100.442657, 26.505118, 0.0 ], [ -100.442373, 26.504876, 0.0 ] ] ] ] } },
{ "type": "Feature", "properties": { "CLAVE": "SNL-VIL-005", "PROYECTO": "TSN", "TIPO DE PROPIEDAD": "Privada", "PROPIETARIO": "LEO EDUARDO VILLARREAL VILLARREAL (NOGALERA)", "EJIDO": "N/A", "M2": null, "KM INIICIO": 222.6057, "KM FIN": 224.71302, "KM LINEALES": 2.10732, "KM EFECTIVOS": 2.10732, "ESTATUS": "NO LIBERADO", "IDENTIFICACION": true, "ANUENCIA": true, "LEVANTAMIENTO": "NO", "NEGOCIACIÓN": false, "C.O.P": "NO", "ESTRUCTURA": "DDV Troncal", "OBSERVACIONES": "En Aprobación Jurídica SEDATU", "NUEVO": null, "SEGMENTO": "17" }, "geometry": { "type": "MultiPolygon", "coordinates": [ [ [ [ -100.45487, 26.537504, 0.0 ], [ -100.457611, 26.536954, 0.0 ], [ -100.458835, 26.536708, 0.0 ], [ -100.459535, 26.536567, 0.0 ], [ -100.459792, 26.536516, 0.0 ], [ -100.460284, 26.536417, 0.0 ], [ -100.460768, 26.536205, 0.0 ], [ -100.461583, 26.535849, 0.0 ], [ -100.460882, 26.534223, 0.0 ], [ -100.460012, 26.534449, 0.0 ], [ -100.459464, 26.534591, 0.0 ], [ -100.459066, 26.534828, 0.0 ], [ -100.458337, 26.535262, 0.0 ], [ -100.458237, 26.535321, 0.0 ], [ -100.457179, 26.535951, 0.0 ], [ -100.454793, 26.537371, 0.0 ], [ -100.449895, 26.532191, 0.0 ], [ -100.451147, 26.531242, 0.0 ], [ -100.452767, 26.532467, 0.0 ], [ -100.454798, 26.532657, 0.0 ], [ -100.456904, 26.530409, 0.0 ], [ -100.457042, 26.529538, 0.0 ], [ -100.457856, 26.527524, 0.0 ], [ -100.467107, 26.544495, 0.0 ], [ -100.45916, 26.546124, 0.0 ], [ -100.458462, 26.541335, 0.0 ], [ -100.45487, 26.537504, 0.0 ] ] ] ] } },
{ "type": "Feature", "properties": { "CLAVE": "SNL-VIL-006", "PROYECTO": "TSN", "TIPO DE PROPIEDAD": null, "PROPIETARIO": "GUSTAVO RAMIREZ GONZALEZ", "EJIDO": null, "M2": null, "KM INIICIO": 225.0804, "KM FIN": 225.11209, "KM LINEALES": 0.031689999999997553, "KM EFECTIVOS": null, "ESTATUS": "NO LIBERADO", "IDENTIFICACION": false, "ANUENCIA": false, "LEVANTAMIENTO": "NO", "NEGOCIACIÓN": false, "C.O.P": "NO", "ESTRUCTURA": "DDV Troncal", "OBSERVACIONES": null, "NUEVO": null, "SEGMENTO": "17" }, "geometry": { "type": "MultiPolygon", "coordinates": [ [ [ [ -100.463383, 26.545614, 0.0 ], [ -100.463948, 26.547747, 0.0 ], [ -100.46498, 26.547216, 0.0 ], [ -100.466262, 26.546557, 0.0 ], [ -100.467649, 26.547838, 0.0 ], [ -100.468653, 26.547401, 0.0 ], [ -100.469061, 26.548166, 0.0 ], [ -100.469053, 26.548168, 0.0 ], [ -100.459738, 26.549652, 0.0 ], [ -100.459418, 26.547373, 0.0 ], [ -100.460395, 26.547166, 0.0 ], [ -100.461372, 26.546959, 0.0 ], [ -100.461246, 26.546063, 0.0 ], [ -100.463383, 26.545614, 0.0 ] ] ] ] } },
{ "type": "Feature", "properties": { "CLAVE": "SNL-VIL-007", "PROYECTO": "TSN", "TIPO DE PROPIEDAD": null, "PROPIETARIO": "GUSTAVO RAMIREZ GONZALEZ", "EJIDO": "N/A", "M2": 1089.851, "KM INIICIO": 224.9054, "KM FIN": 225.0804, "KM LINEALES": 0.17500000000001137, "KM EFECTIVOS": null, "ESTATUS": "NO LIBERADO", "IDENTIFICACION": false, "ANUENCIA": false, "LEVANTAMIENTO": "NO", "NEGOCIACIÓN": false, "C.O.P": "NO", "ESTRUCTURA": "DDV Troncal", "OBSERVACIONES": "Sin información de propietario", "NUEVO": null, "SEGMENTO": "17" }, "geometry": { "type": "MultiPolygon", "coordinates": [ [ [ [ -100.466262, 26.546557, 0.0 ], [ -100.46498, 26.547216, 0.0 ], [ -100.463948, 26.547747, 0.0 ], [ -100.463383, 26.545614, 0.0 ], [ -100.465911, 26.545072, 0.0 ], [ -100.465259, 26.546359, 0.0 ], [ -100.467902, 26.546007, 0.0 ], [ -100.468653, 26.547401, 0.0 ], [ -100.467649, 26.547838, 0.0 ], [ -100.466262, 26.546557, 0.0 ] ] ] ] } },
{ "type": "Feature", "properties": { "CLAVE": "SNL-VIL-008", "PROYECTO": "TSN", "TIPO DE PROPIEDAD": null, "PROPIETARIO": "MARIA TERESA VILLAREAL RIOS", "EJIDO": "N/A", "M2": 1702.516, "KM INIICIO": 225.11209, "KM FIN": 225.43952, "KM LINEALES": 0.32742999999999256, "KM EFECTIVOS": null, "ESTATUS": "NO LIBERADO", "IDENTIFICACION": true, "ANUENCIA": false, "LEVANTAMIENTO": "NO", "NEGOCIACIÓN": false, "C.O.P": "NO", "ESTRUCTURA": "DDV Troncal", "OBSERVACIONES": "En proceso de Acercamiento", "NUEVO": null, "SEGMENTO": "17" }, "geometry": { "type": "MultiPolygon", "coordinates": [ [ [ [ -100.459738, 26.549652, 0.0 ], [ -100.469053, 26.548168, 0.0 ], [ -100.470197, 26.550378, 0.0 ], [ -100.468125, 26.5512, 0.0 ], [ -100.468283, 26.551585, 0.0 ], [ -100.469553, 26.554692, 0.0 ], [ -100.470789, 26.557715, 0.0 ], [ -100.47098, 26.558181, 0.0 ], [ -100.472105, 26.560934, 0.0 ], [ -100.473212, 26.563642, 0.0 ], [ -100.473609, 26.564612, 0.0 ], [ -100.473775, 26.565016, 0.0 ], [ -100.47392, 26.565373, 0.0 ], [ -100.474132, 26.56589, 0.0 ], [ -100.475083, 26.568216, 0.0 ], [ -100.475965, 26.570373, 0.0 ], [ -100.476151, 26.570828, 0.0 ], [ -100.473865, 26.572769, 0.0 ], [ -100.466553, 26.575461, 0.0 ], [ -100.463692, 26.576514, 0.0 ], [ -100.463573, 26.576558, 0.0 ], [ -100.463563, 26.576561, 0.0 ], [ -100.462359, 26.568225, 0.0 ], [ -100.461041, 26.558942, 0.0 ], [ -100.459663, 26.549664, 0.0 ], [ -100.459738, 26.549652, 0.0 ] ] ] ] } },
{ "type": "Feature", "properties": { "CLAVE": "N/D", "PROYECTO": "TSN", "TIPO DE PROPIEDAD": "Social", "PROPIETARIO": "VICTOR MARTIN CONTRERAS PEREZ", "EJIDO": "N/A", "M2": null, "KM INIICIO": 171.871006, "KM FIN": 172.03, "KM LINEALES": 0.16181, "KM EFECTIVOS": 0.16181, "ESTATUS": "NO LIBERADO", "IDENTIFICACION": false, "ANUENCIA": false, "LEVANTAMIENTO": "NO", "NEGOCIACIÓN": false, "C.O.P": "NO", "ESTRUCTURA": "DDV Troncal", "OBSERVACIONES": "Recopilación Expediente SEDATU/RAN", "NUEVO": null, "SEGMENTO": "16" }, "geometry": { "type": "MultiPolygon", "coordinates": [ [ [ [ -100.317720294310419, 26.095818985540241, 0.0 ], [ -100.315870898079098, 26.09669776563517, 0.0 ], [ -100.315386980591995, 26.095219107441384, 0.0 ], [ -100.317194513750593, 26.094480023662005, 0.0 ], [ -100.317720294310419, 26.095818985540241, 0.0 ] ] ] ] } },
{ "type": "Feature", "properties": { "CLAVE": "N/D", "PROYECTO": "TSN", "TIPO DE PROPIEDAD": "Social", "PROPIETARIO": "HILARIO RODRIGUEZ EZQUIVEL", "EJIDO": "N/A", "M2": null, "KM INIICIO": 171.35368, "KM FIN": 171.69739, "KM LINEALES": 0.34371, "KM EFECTIVOS": 0.34371, "ESTATUS": "NO LIBERADO", "IDENTIFICACION": true, "ANUENCIA": false, "LEVANTAMIENTO": "NO", "NEGOCIACIÓN": false, "C.O.P": "NO", "ESTRUCTURA": "DDV Troncal", "OBSERVACIONES": "Recopilación Expediente SEDATU/RAN", "NUEVO": null, "SEGMENTO": "16" }, "geometry": { "type": "MultiPolygon", "coordinates": [ [ [ [ -100.3165859192505, 26.09297274813024, 0.0 ], [ -100.313993788664902, 26.093624058932004, 0.0 ], [ -100.313363578237499, 26.091403280450947, 0.0 ], [ -100.315493436800296, 26.090251797037421, 0.0 ], [ -100.3165859192505, 26.09297274813024, 0.0 ] ] ] ] } },
{ "type": "Feature", "properties": { "CLAVE": "SNL-SLV-023-1-GS", "PROYECTO": "TSN", "TIPO DE PROPIEDAD": "Privada", "PROPIETARIO": "MARTIN ALFONSO GUTIERREZ ESCAMILLA", "EJIDO": "N/A", "M2": 1863.66, "KM INIICIO": 166.99184, "KM FIN": 167.08379, "KM LINEALES": 0.09194999999999709, "KM EFECTIVOS": 0.09194999999999709, "ESTATUS": "LIBERADO", "IDENTIFICACION": true, "ANUENCIA": true, "LEVANTAMIENTO": "SI", "NEGOCIACIÓN": true, "C.O.P": "C.O.P", "ESTRUCTURA": "Viaducto", "OBSERVACIONES": "Firmado COP/AOT", "NUEVO": null, "SEGMENTO": "16" }, "geometry": { "type": "MultiPolygon", "coordinates": [ [ [ [ -100.302588512828848, 26.052853276617938, 0.0 ], [ -100.296191980502158, 26.05734660351672, 0.0 ], [ -100.295230298041929, 26.05693146729941, 0.0 ], [ -100.302501901675569, 26.05226342479839, 0.0 ], [ -100.302588512828848, 26.052853276617938, 0.0 ] ] ] ] } },
{ "type": "Feature", "properties": { "CLAVE": "SNL-SLV-008-10-GS", "PROYECTO": "TSN", "TIPO DE PROPIEDAD": "Privada", "PROPIETARIO": "PROMOTORA PERIFERICA SA DE CV ", "EJIDO": "N/A", "M2": null, "KM INIICIO": 159.54248, "KM FIN": 160.0996, "KM LINEALES": 0.55712, "KM EFECTIVOS": 0.55712, "ESTATUS": "EN NEGOCIACIÓN", "IDENTIFICACION": true, "ANUENCIA": true, "LEVANTAMIENTO": "NO", "NEGOCIACIÓN": false, "C.O.P": "NO", "ESTRUCTURA": "DDV Troncal", "OBSERVACIONES": "Citado a Negociación", "NUEVO": null, "SEGMENTO": "16" }, "geometry": { "type": "MultiPolygon", "coordinates": [ [ [ [ -100.286576305300684, 25.987918399946118, 0.0 ], [ -100.288129203353478, 25.992712671465444, 0.0 ], [ -100.288009064972513, 25.992733635990895, 0.0 ], [ -100.287974895966201, 25.992655306082035, 0.0 ], [ -100.286582576992799, 25.988362325682246, 0.0 ], [ -100.286442557882921, 25.987930580308063, 0.0 ], [ -100.286573816446193, 25.987918055128841, 0.0 ], [ -100.286576305300684, 25.987918399946118, 0.0 ] ] ] ] } },
{ "type": "Feature", "properties": { "CLAVE": "SNL-LAM-002", "PROYECTO": "TSN", "TIPO DE PROPIEDAD": "Privada", "PROPIETARIO": "ALONSO QUIJANO DAVALOS Y TERESA QUIJANO DAVALOS", "EJIDO": "N/A", "M2": 23637.0, "KM INIICIO": 248.11216, "KM FIN": 251.64027, "KM LINEALES": 3.52811, "KM EFECTIVOS": 3.52811, "ESTATUS": "LIBERADO", "IDENTIFICACION": true, "ANUENCIA": true, "LEVANTAMIENTO": "NO", "NEGOCIACIÓN": true, "C.O.P": "C.O.P", "ESTRUCTURA": "DDV Troncal", "OBSERVACIONES": "Firmado COP/AOT", "NUEVO": "SI", "SEGMENTO": "17" }, "geometry": { "type": "MultiPolygon", "coordinates": [ [ [ [ -100.498105989846451, 26.760870348711279, 0.0 ], [ -100.490298268401943, 26.763543425456358, 0.0 ], [ -100.490341870284311, 26.784431793546592, 0.0 ], [ -100.500028950786827, 26.783785743066435, 0.0 ], [ -100.498105989846451, 26.760870348711279, 0.0 ] ] ] ] } }
]
}
