{
"type": "FeatureCollection",
"name": "TSN_SEGMENTO_18",
"crs": { "type": "name", "properties": { "name": "urn:ogc:def:crs:OGC:1.3:CRS84" } },
"features": [
{ "type": "Feature", "properties": { "CLAVE": "ND-37", "PROPIETARIO": "Ejido Dolores Fracc 1", "SEGMENTO": "18", "ESTRUCTURA": "DDV Troncal", "TIPO DE PROPIEDAD": "Social", "EJIDO": "Ejido Dolores", "KM INICIO": 285.11, "KM FIN": 286.73, "KM LINEALES": 1.61, "KM EFECTIVOS": 1.61, "M2": 6306.82, "IDENTIFICACION": true, "ESTATUS": null, "ANUENCIA": null, "LEVANTAMIENTO": "SI", "NEGOCIACION": null, "C.O.P": "SI", "OBSERVACIONES": null, "PROYECTO": "TSN", "ESTADO": "Nuevo León", "MUNICIPIO": "Lampazos de Naranjo ", "NUEVO": "NO" }, "geometry": { "type": "MultiPolygon", "coordinates": [ [ [ [ -100.473150574998996, 27.085304488481199, 0.0 ], [ -100.473233955081994, 27.085264215491598, 0.0 ], [ -100.473409884042994, 27.085177446106201, 0.0 ], [ -100.473584952810995, 27.0850893103609, 0.0 ], [ -100.473759146611997, 27.084999808413102, 0.0 ], [ -100.473932455828006, 27.084908957997701, 0.0 ], [ -100.474104860758004, 27.084816759324699, 0.0 ], [ -100.474276356475997, 27.084723212449202, 0.0 ], [ -100.474446918362005, 27.0846283176326, 0.0 ], [ -100.474616546874003, 27.084532110134202, 0.0 ], [ -100.474803769120001, 27.0844240199057, 0.0 ], [ -100.474952924752998, 27.084335740305399, 0.0 ], [ -100.475285387159005, 27.084134139331798, 0.0 ], [ -100.475450117810993, 27.0840314061622, 0.0 ], [ -100.476103298282993, 27.083613144826199, 0.0 ], [ -100.476262877072003, 27.083504047408599, 0.0 ], [ -100.476421375678996, 27.083393709410501, 0.0 ], [ -100.476578789409004, 27.083282148515401, 0.0 ], [ -100.476736922197006, 27.0831713732622, 0.0 ], [ -100.476893410363004, 27.083058746304399, 0.0 ], [ -100.477049208146994, 27.082945315441201, 0.0 ], [ -100.477202198659995, 27.082828863869899, 0.0 ], [ -100.477354937596004, 27.082712026916798, 0.0 ], [ -100.477507514501994, 27.082594874163298, 0.0 ], [ -100.477660607744994, 27.0824780684299, 0.0 ], [ -100.477810360202, 27.0823577363367, 0.0 ], [ -100.477959641441998, 27.082236791986499, 0.0 ], [ -100.478108586480005, 27.0821153926296, 0.0 ], [ -100.478257339940996, 27.0819936777953, 0.0 ], [ -100.478406226009994, 27.081871961414599, 0.0 ], [ -100.478556053841999, 27.0817511164934, 0.0 ], [ -100.478708575370007, 27.081632940520802, 0.0 ], [ -100.478857294991002, 27.081510996241899, 0.0 ], [ -100.479006014519996, 27.081389069444501, 0.0 ], [ -100.479154738649001, 27.081267142448901, 0.0 ], [ -100.479303457531998, 27.081145215358699, 0.0 ], [ -100.479457259411006, 27.081028294519601, 0.0 ], [ -100.479605977416, 27.080906349503501, 0.0 ], [ -100.479754695327998, 27.080784421968701, 0.0 ], [ -100.479903417841001, 27.080662494235501, 0.0 ], [ -100.480053546701001, 27.0805419443397, 0.0 ], [ -100.480205935374002, 27.080423644804998, 0.0 ], [ -100.480354651761999, 27.080301699051301, 0.0 ], [ -100.480503372982, 27.080179770727401, 0.0 ], [ -100.480652088954997, 27.0800578423089, 0.0 ], [ -100.480800804604996, 27.079935913743999, 0.0 ], [ -100.480949629633997, 27.0798140896589, 0.0 ], [ -100.481103318029994, 27.079697044885801, 0.0 ], [ -100.481252037633993, 27.0795751158245, 0.0 ], [ -100.481400751989995, 27.079453186668999, 0.0 ], [ -100.481549750358994, 27.079331536454902, 0.0 ], [ -100.481700414562994, 27.0792115257806, 0.0 ], [ -100.481849796244006, 27.079090241460001, 0.0 ], [ -100.481998514229005, 27.0789683116639, 0.0 ], [ -100.482147012488994, 27.078846172470801, 0.0 ], [ -100.482298832664995, 27.078727294967202, 0.0 ], [ -100.482447559760004, 27.078605382253102, 0.0 ], [ -100.482597548344998, 27.078484690205201, 0.0 ], [ -100.482746913317001, 27.078363405153201, 0.0 ], [ -100.482898053829004, 27.078243864249899, 0.0 ], [ -100.483046764630004, 27.0781219334737, 0.0 ], [ -100.483197550308006, 27.078002043401199, 0.0 ], [ -100.483349273523004, 27.077883077687599, 0.0 ], [ -100.483497983123002, 27.077761128839001, 0.0 ], [ -100.483646692632007, 27.0776391974719, 0.0 ], [ -100.483795401815996, 27.077517265958399, 0.0 ], [ -100.483944354932007, 27.077395560914301, 0.0 ], [ -100.484097905019993, 27.077278408697399, 0.0 ], [ -100.484246615464997, 27.077156459085899, 0.0 ], [ -100.484390240015998, 27.077029520761599, 0.0 ], [ -100.484538947583999, 27.0769075885168, 0.0 ], [ -100.484688415364005, 27.076786388565399, 0.0 ], [ -100.484836363981003, 27.076663705933601, 0.0 ], [ -100.484985073041003, 27.0765417732235, 0.0 ], [ -100.485133779316996, 27.0764198403932, 0.0 ], [ -100.485282485037004, 27.076297889788702, 0.0 ], [ -100.485368191768998, 27.076227628943599, 0.0 ], [ -100.485431193126999, 27.076175956640199, 0.0 ], [ -100.485581130476007, 27.076055226841699, 0.0 ], [ -100.485618886303001, 27.076024503881602, 0.0 ], [ -100.485630282634006, 27.076043582969799, 0.0 ], [ -100.478564050968998, 27.0818153416234, 0.0 ], [ -100.478524404018003, 27.081847722173102, 0.0 ], [ -100.478484758983996, 27.081880096255698, 0.0 ], [ -100.478445114088998, 27.081912460452902, 0.0 ], [ -100.478405466628999, 27.081944812106698, 0.0 ], [ -100.478365813899998, 27.081977148558298, 0.0 ], [ -100.478326153205003, 27.082009467147799, 0.0 ], [ -100.478286481846993, 27.082041765213798, 0.0 ], [ -100.478246797138993, 27.082074040092799, 0.0 ], [ -100.478207096397, 27.082106289118599, 0.0 ], [ -100.478167376944, 27.082138509621799, 0.0 ], [ -100.478127636110997, 27.082170698929101, 0.0 ], [ -100.478087871235005, 27.0822028543631, 0.0 ], [ -100.478048079664006, 27.082234973241501, 0.0 ], [ -100.478008298050995, 27.082267021219199, 0.0 ], [ -100.477968448, 27.082299056703899, 0.0 ], [ -100.477928563372004, 27.082331047557599, 0.0 ], [ -100.477888641543998, 27.082362991068798, 0.0 ], [ -100.477848679911006, 27.082394884540999, 0.0 ], [ -100.477808675887999, 27.0824267252402, 0.0 ], [ -100.477768626905004, 27.0824585104418, 0.0 ], [ -100.4777285304, 27.082490237403999, 0.0 ], [ -100.477688383821999, 27.082521903381799, 0.0 ], [ -100.477648184648999, 27.082553505617, 0.0 ], [ -100.477607930361998, 27.082585041338, 0.0 ], [ -100.477567618470999, 27.082616507765302, 0.0 ], [ -100.477527246487, 27.082647902111301, 0.0 ], [ -100.477486811952005, 27.0826792215761, 0.0 ], [ -100.477446312427006, 27.082710463338199, 0.0 ], [ -100.477405745490003, 27.0827416245716, 0.0 ], [ -100.477365108735995, 27.082772702439399, 0.0 ], [ -100.477324354749996, 27.0828037283685, 0.0 ], [ -100.476739005688998, 27.0832336858182, 0.0 ], [ -100.476138163982, 27.0836461681664, 0.0 ], [ -100.475522480410007, 27.084040728517198, 0.0 ], [ -100.474892621856, 27.084416939386301, 0.0 ], [ -100.474249270582007, 27.0847743931641, 0.0 ], [ -100.473593123488996, 27.085112702558899, 0.0 ], [ -100.473150574998996, 27.085304488481199, 0.0 ] ] ] ] } },
{ "type": "Feature", "properties": { "CLAVE": "SNL-LAM-015", "PROPIETARIO": "Desconocido", "SEGMENTO": "18", "ESTRUCTURA": null, "TIPO DE PROPIEDAD": null, "EJIDO": null, "KM INICIO": null, "KM FIN": null, "KM LINEALES": null, "KM EFECTIVOS": null, "M2": null, "IDENTIFICACION": false, "ESTATUS": "NO LIBERADO", "ANUENCIA": false, "LEVANTAMIENTO": "NO", "NEGOCIACION": false, "C.O.P": "NO", "OBSERVACIONES": null, "PROYECTO": "TSN", "ESTADO": "Nuevo León", "MUNICIPIO": "Lampazos de Naranjo ", "NUEVO": "NO" }, "geometry": { "type": "MultiPolygon", "coordinates": [ [ [ [ -100.486462710496014, 27.068680618140899, 0.0 ], [ -100.485423517260813, 27.066945042493586, 0.0 ], [ -100.486462713501197, 27.068680615084791, 0.0 ], [ -100.487089732944128, 27.069727771156579, 0.0 ], [ -100.486462710496014, 27.068680618140899, 0.0 ] ] ], [ [ [ -100.488131972066753, 27.071468306755044, 0.0 ], [ -100.489167671824106, 27.07318907815128, 0.0 ], [ -100.489164113088208, 27.073191939939068, 0.0 ], [ -100.488131972066753, 27.071468306755044, 0.0 ] ] ] ] } },
{ "type": "Feature", "properties": { "CLAVE": "SANL-LAM-P3", "PROPIETARIO": "Antonio Capetillo Vergara", "SEGMENTO": "18", "ESTRUCTURA": "DDV Trocal", "TIPO DE PROPIEDAD": "Social", "EJIDO": null, "KM INICIO": 283.48, "KM FIN": 283.89, "KM LINEALES": 0.4, "KM EFECTIVOS": 0.4, "M2": 2568.442, "IDENTIFICACION": false, "ESTATUS": "NO LIBERADO", "ANUENCIA": false, "LEVANTAMIENTO": "NO", "NEGOCIACION": false, "C.O.P": "NO", "OBSERVACIONES": null, "PROYECTO": "TSN", "ESTADO": "Nuevo León", "MUNICIPIO": "Lampazos de Naranjo ", "NUEVO": "NO" }, "geometry": { "type": "MultiPolygon", "coordinates": [ [ [ [ -100.494592212399994, 27.068387421400022, 0.0 ], [ -100.4814518604, 27.061789102600009, 0.0 ], [ -100.483589107500009, 27.058685524900017, 0.0 ], [ -100.496593058399995, 27.065214700200016, 0.0 ], [ -100.495024886500005, 27.067796299899999, 0.0 ], [ -100.494592212399994, 27.068387421400022, 0.0 ] ] ] ] } },
{ "type": "Feature", "properties": { "CLAVE": "ND-32", "PROPIETARIO": "Parcela 136", "SEGMENTO": "18", "ESTRUCTURA": null, "TIPO DE PROPIEDAD": null, "EJIDO": null, "KM INICIO": null, "KM FIN": null, "KM LINEALES": null, "KM EFECTIVOS": null, "M2": null, "IDENTIFICACION": false, "ESTATUS": "NO LIBERADO", "ANUENCIA": false, "LEVANTAMIENTO": "NO", "NEGOCIACION": false, "C.O.P": "NO", "OBSERVACIONES": null, "PROYECTO": "TSN", "ESTADO": "Nuevo León", "MUNICIPIO": "Lampazos de Naranjo ", "NUEVO": "NO" }, "geometry": { "type": "MultiPolygon", "coordinates": [ [ [ [ -100.511662564101002, 26.925380765285194, 0.0 ], [ -100.512024839750836, 26.929761441404246, 0.0 ], [ -100.5026067453, 26.9305772451, 0.0 ], [ -100.502203891199997, 26.926441672800006, 0.0 ], [ -100.502947793299995, 26.926347281, 0.0 ], [ -100.503256373200003, 26.925371956899983, 0.0 ], [ -100.503088553312764, 26.923739513124147, 0.0 ], [ -100.511662564101002, 26.925380765285194, 0.0 ] ] ] ] } },
{ "type": "Feature", "properties": { "CLAVE": "ND-28", "PROPIETARIO": "Desconocido", "SEGMENTO": "18", "ESTRUCTURA": null, "TIPO DE PROPIEDAD": null, "EJIDO": null, "KM INICIO": null, "KM FIN": null, "KM LINEALES": null, "KM EFECTIVOS": null, "M2": null, "IDENTIFICACION": false, "ESTATUS": "NO LIBERADO", "ANUENCIA": false, "LEVANTAMIENTO": "NO", "NEGOCIACION": false, "C.O.P": "NO", "OBSERVACIONES": null, "PROYECTO": "TSN", "ESTADO": "Nuevo León", "MUNICIPIO": "Lampazos de Naranjo ", "NUEVO": "NO" }, "geometry": { "type": "MultiPolygon", "coordinates": [ [ [ [ -100.513812233300001, 26.951478590300006, 0.0 ], [ -100.504793853400002, 26.952313320199963, 0.0 ], [ -100.504300358400002, 26.947310371100009, 0.0 ], [ -100.513377961100005, 26.946460518400016, 0.0 ], [ -100.513812233300001, 26.951478590300006, 0.0 ] ] ] ] } },
{ "type": "Feature", "properties": { "CLAVE": "SNL-LAM-06-001 ?", "PROPIETARIO": "Oscar Quiroga Rodriguez", "SEGMENTO": "18", "ESTRUCTURA": "DDV Troncal", "TIPO DE PROPIEDAD": "Privada", "EJIDO": null, "KM INICIO": 274.74, "KM FIN": 274.96, "KM LINEALES": 0.41, "KM EFECTIVOS": 0.41, "M2": 3102.698, "IDENTIFICACION": false, "ESTATUS": "NO LIBERADO", "ANUENCIA": false, "LEVANTAMIENTO": "NO", "NEGOCIACION": false, "C.O.P": "NO", "OBSERVACIONES": null, "PROYECTO": "TSN", "ESTADO": "Nuevo León", "MUNICIPIO": "Lampazos de Naranjo ", "NUEVO": "NO" }, "geometry": { "type": "MultiPolygon", "coordinates": [ [ [ [ -100.515341807900001, 26.993523560199979, 0.0 ], [ -100.513279258500006, 26.997291106199995, 0.0 ], [ -100.512890597400002, 26.997296437200006, 0.0 ], [ -100.512784378199996, 26.997612757499994, 0.0 ], [ -100.513151972800003, 26.998892147100008, 0.0 ], [ -100.509552911200004, 26.999211542799994, 0.0 ], [ -100.508596387300003, 26.990358208900005, 0.0 ], [ -100.517072118399994, 26.989856206500004, 0.0 ], [ -100.517414146600004, 26.993584216700008, 0.0 ], [ -100.515341807900001, 26.993523560199979, 0.0 ] ] ] ] } },
{ "type": "Feature", "properties": { "CLAVE": "SNL-LAM-006 ?", "PROPIETARIO": "Fermin Hernandez Peña", "SEGMENTO": "18", "ESTRUCTURA": "DDV Tronal", "TIPO DE PROPIEDAD": "Privada", "EJIDO": null, "KM INICIO": 274.2, "KM FIN": 274.55, "KM LINEALES": 0.34, "KM EFECTIVOS": 0.34, "M2": 2131.1, "IDENTIFICACION": false, "ESTATUS": "NO LIBERADO", "ANUENCIA": false, "LEVANTAMIENTO": "NO", "NEGOCIACION": false, "C.O.P": "NO", "OBSERVACIONES": null, "PROYECTO": "TSN", "ESTADO": "Nuevo León", "MUNICIPIO": "Lampazos de Naranjo ", "NUEVO": "NO" }, "geometry": { "type": "MultiPolygon", "coordinates": [ [ [ [ -100.508596387300003, 26.990358208900005, 0.0 ], [ -100.508104349, 26.984964367100009, 0.0 ], [ -100.513748307399993, 26.98491774010002, 0.0 ], [ -100.513791633300002, 26.986731579500002, 0.0 ], [ -100.516827498500007, 26.986713555500007, 0.0 ], [ -100.517072118399994, 26.989856206500004, 0.0 ], [ -100.508596387300003, 26.990358208900005, 0.0 ] ] ] ] } },
{ "type": "Feature", "properties": { "CLAVE": "SNL-LAM-P124", "PROPIETARIO": "Jesus Ramiro Ayala Capetillo ", "SEGMENTO": "18", "ESTRUCTURA": "DDV Troncal", "TIPO DE PROPIEDAD": "Social", "EJIDO": null, "KM INICIO": 274.96, "KM FIN": 275.36, "KM LINEALES": 0.39, "KM EFECTIVOS": 0.39, "M2": 2162.0, "IDENTIFICACION": false, "ESTATUS": "NO LIBERADO", "ANUENCIA": false, "LEVANTAMIENTO": "NO", "NEGOCIACION": false, "C.O.P": "NO", "OBSERVACIONES": null, "PROYECTO": "TSN", "ESTADO": "Nuevo León", "MUNICIPIO": "Lampazos de Naranjo ", "NUEVO": "NO" }, "geometry": { "type": "MultiPolygon", "coordinates": [ [ [ [ -100.515385481699994, 26.997163696900028, 0.0 ], [ -100.514987526300004, 26.997379129100011, 0.0 ], [ -100.514586778500004, 26.997353191100011, 0.0 ], [ -100.514611701, 26.996923238300027, 0.0 ], [ -100.513440798200008, 26.997128712399995, 0.0 ], [ -100.515341807900001, 26.993523560199979, 0.0 ], [ -100.517414146600004, 26.993584216700008, 0.0 ], [ -100.517626375299997, 26.997167585700005, 0.0 ], [ -100.516230109299997, 26.997052327499947, 0.0 ], [ -100.515385481699994, 26.997163696900028, 0.0 ] ] ] ] } },
{ "type": "Feature", "properties": { "CLAVE": "SNL-LAM-P129/004", "PROPIETARIO": "Cayetano Benito Villareal Hernandez", "SEGMENTO": "18", "ESTRUCTURA": "DDV Troncal", "TIPO DE PROPIEDAD": "Social", "EJIDO": null, "KM INICIO": 271.29, "KM FIN": 271.39, "KM LINEALES": 0.1, "KM EFECTIVOS": 0.1, "M2": 103.783, "IDENTIFICACION": false, "ESTATUS": "NO LIBERADO", "ANUENCIA": false, "LEVANTAMIENTO": "SI", "NEGOCIACION": false, "C.O.P": "NO", "OBSERVACIONES": null, "PROYECTO": "TSN", "ESTADO": "Nuevo León", "MUNICIPIO": "Lampazos de Naranjo ", "NUEVO": "NO" }, "geometry": { "type": "MultiPolygon", "coordinates": [ [ [ [ -100.506541100299998, 26.969151630700001, 0.0 ], [ -100.505891421100003, 26.962947168900019, 0.0 ], [ -100.514779516600001, 26.962101542399967, 0.0 ], [ -100.515293683899998, 26.96831119039998, 0.0 ], [ -100.506541100299998, 26.969151630700001, 0.0 ] ] ] ] } },
{ "type": "Feature", "properties": { "CLAVE": "SNL-LAM-014", "PROPIETARIO": "Angel Macias Garza", "SEGMENTO": "18", "ESTRUCTURA": "DDV Troncal", "TIPO DE PROPIEDAD": "Privada", "EJIDO": null, "KM INICIO": 238.89065, "KM FIN": 284.64739, "KM LINEALES": 45.75674, "KM EFECTIVOS": 45.75674, "M2": 1005.926, "IDENTIFICACION": false, "ESTATUS": "NO LIBERADO", "ANUENCIA": false, "LEVANTAMIENTO": "NO", "NEGOCIACION": false, "C.O.P": "NO", "OBSERVACIONES": "Sin información de propietario", "PROYECTO": "TSN", "ESTADO": "Nuevo León", "MUNICIPIO": "Lampazos de Naranjo ", "NUEVO": "NO" }, "geometry": { "type": "MultiPolygon", "coordinates": [ [ [ [ -100.488130399403005, 27.07146568042792, 0.0 ], [ -100.488130343281924, 27.071465586707465, 0.0 ], [ -100.48914, 27.07025, 0.0 ], [ -100.489141, 27.070245, 0.0 ], [ -100.489176, 27.069932, 0.0 ], [ -100.489191, 27.069791, 0.0 ], [ -100.489194, 27.069769, 0.0 ], [ -100.489117, 27.069767, 0.0 ], [ -100.488978, 27.069763, 0.0 ], [ -100.488838, 27.069758, 0.0 ], [ -100.488683, 27.06929, 0.0 ], [ -100.488679, 27.069278, 0.0 ], [ -100.488542, 27.068865, 0.0 ], [ -100.48854, 27.068861, 0.0 ], [ -100.488457, 27.068776, 0.0 ], [ -100.487751, 27.068058, 0.0 ], [ -100.487445, 27.067746, 0.0 ], [ -100.487426, 27.067726, 0.0 ], [ -100.487302, 27.067849, 0.0 ], [ -100.487225, 27.067926, 0.0 ], [ -100.486463, 27.068681, 0.0 ], [ -100.485468822799817, 27.067020709299435, 0.0 ], [ -100.484245181877, 27.064977013609504, 0.0 ], [ -100.480743360359995, 27.067861453343205, 0.0 ], [ -100.479396783943088, 27.065609570546595, 0.0 ], [ -100.47916, 27.065211, 0.0 ], [ -100.481483, 27.061842, 0.0 ], [ -100.494585587431118, 27.068393297232642, 0.0 ], [ -100.489774362747269, 27.072660165310729, 0.0 ], [ -100.489168, 27.073189, 0.0 ], [ -100.488228300334455, 27.071629173405881, 0.0 ], [ -100.488130399403005, 27.07146568042792, 0.0 ] ] ] ] } },
{ "type": "Feature", "properties": { "CLAVE": "SNL-LAM-013", "PROPIETARIO": "Raul Cruz Cruz", "SEGMENTO": "18", "ESTRUCTURA": "DDV Troncal", "TIPO DE PROPIEDAD": "Social", "EJIDO": null, "KM INICIO": 283.07843, "KM FIN": 283.48605, "KM LINEALES": 0.40761999999995202, "KM EFECTIVOS": 0.40761999999995202, "M2": 459.185, "IDENTIFICACION": false, "ESTATUS": "NO LIBERADO", "ANUENCIA": false, "LEVANTAMIENTO": "NO", "NEGOCIACION": false, "C.O.P": "NO", "OBSERVACIONES": null, "PROYECTO": "TSN", "ESTADO": "Nuevo León", "MUNICIPIO": "Lampazos de Naranjo ", "NUEVO": "NO" }, "geometry": { "type": "MultiPolygon", "coordinates": [ [ [ [ -100.498506, 27.062002, 0.0 ], [ -100.485702, 27.055517, 0.0 ], [ -100.486443, 27.054422, 0.0 ], [ -100.499186, 27.060902, 0.0 ], [ -100.498506, 27.062002, 0.0 ] ] ] ] } },
{ "type": "Feature", "properties": { "CLAVE": "SNL-LAM-012", "PROPIETARIO": "Alfredo González Veliz", "SEGMENTO": "18", "ESTRUCTURA": "DDV Troncal", "TIPO DE PROPIEDAD": "Privada", "EJIDO": null, "KM INICIO": 282.53118, "KM FIN": 282.93867, "KM LINEALES": 0.40749, "KM EFECTIVOS": 0.40749, "M2": 1126.326, "IDENTIFICACION": false, "ESTATUS": "NO LIBERADO", "ANUENCIA": false, "LEVANTAMIENTO": "NO", "NEGOCIACION": false, "C.O.P": "NO", "OBSERVACIONES": null, "PROYECTO": "TSN", "ESTADO": "Nuevo León", "MUNICIPIO": "Lampazos de Naranjo ", "NUEVO": "NO" }, "geometry": { "type": "MultiPolygon", "coordinates": [ [ [ [ -100.500188636746529, 27.059294937658056, 0.0 ], [ -100.499186, 27.060902, 0.0 ], [ -100.486443, 27.054422, 0.0 ], [ -100.490465, 27.048637, 0.0 ], [ -100.492162, 27.049195, 0.0 ], [ -100.491771, 27.050168, 0.0 ], [ -100.493822825490483, 27.050820898461009, 0.0 ], [ -100.495554063453994, 27.052599589608104, 0.0 ], [ -100.495581317941003, 27.052531323215661, 0.0 ], [ -100.497399357910112, 27.053215370961063, 0.0 ], [ -100.498675, 27.055434, 0.0 ], [ -100.49894, 27.057045, 0.0 ], [ -100.499063201751198, 27.057080064429499, 0.0 ], [ -100.499074390575004, 27.057139435282298, 0.0 ], [ -100.500299859320748, 27.05743242252403, 0.0 ], [ -100.500442, 27.057473, 0.0 ], [ -100.501189229762659, 27.057647450591791, 0.0 ], [ -100.500188636746529, 27.059294937658056, 0.0 ] ] ] ] } },
{ "type": "Feature", "properties": { "CLAVE": "SNL-LAM-015", "PROPIETARIO": "Desconocido", "SEGMENTO": "18", "ESTRUCTURA": null, "TIPO DE PROPIEDAD": null, "EJIDO": null, "KM INICIO": null, "KM FIN": null, "KM LINEALES": null, "KM EFECTIVOS": null, "M2": null, "IDENTIFICACION": false, "ESTATUS": "NO LIBERADO", "ANUENCIA": false, "LEVANTAMIENTO": "NO", "NEGOCIACION": false, "C.O.P": "NO", "OBSERVACIONES": null, "PROYECTO": "TSN", "ESTADO": "Nuevo León", "MUNICIPIO": "Lampazos de Naranjo ", "NUEVO": "NO" }, "geometry": { "type": "MultiPolygon", "coordinates": [ [ [ [ -100.486462710496014, 27.068680618140899, 0.0 ], [ -100.485468822799817, 27.067020709299435, 0.0 ], [ -100.486463, 27.068681, 0.0 ], [ -100.486618679011343, 27.06894109386219, 0.0 ], [ -100.486462710496014, 27.068680618140899, 0.0 ] ] ], [ [ [ -100.488228300334455, 27.071629173405881, 0.0 ], [ -100.489168, 27.073189, 0.0 ], [ -100.489164188080096, 27.073192065170403, 0.0 ], [ -100.488228300334455, 27.071629173405881, 0.0 ] ] ] ] } },
{ "type": "Feature", "properties": { "CLAVE": "SNL-LAM-005", "PROPIETARIO": "Antonio García González", "SEGMENTO": "18", "ESTRUCTURA": "DDV Troncal", "TIPO DE PROPIEDAD": "Privada", "EJIDO": null, "KM INICIO": 273.31713, "KM FIN": 274.20047, "KM LINEALES": 0.88333999999997603, "KM EFECTIVOS": 0.88333999999997603, "M2": 7959.337, "IDENTIFICACION": false, "ESTATUS": "NO LIBERADO", "ANUENCIA": false, "LEVANTAMIENTO": "NO", "NEGOCIACION": false, "C.O.P": "NO", "OBSERVACIONES": null, "PROYECTO": "TSN", "ESTADO": "Nuevo León", "MUNICIPIO": "Lampazos de Naranjo ", "NUEVO": "NO" }, "geometry": { "type": "MultiPolygon", "coordinates": [ [ [ [ -100.507789, 26.983086, 0.0 ], [ -100.507456, 26.979587, 0.0 ], [ -100.516102, 26.978789, 0.0 ], [ -100.516729, 26.986697, 0.0 ], [ -100.513802, 26.986696, 0.0 ], [ -100.513756, 26.984913, 0.0 ], [ -100.507994, 26.984964, 0.0 ], [ -100.507789, 26.983086, 0.0 ] ] ] ] } },
{ "type": "Feature", "properties": { "CLAVE": "SNL-LAM-011-1-GS", "PROPIETARIO": "Desconocido", "SEGMENTO": "18", "ESTRUCTURA": null, "TIPO DE PROPIEDAD": null, "EJIDO": null, "KM INICIO": null, "KM FIN": null, "KM LINEALES": null, "KM EFECTIVOS": null, "M2": null, "IDENTIFICACION": false, "ESTATUS": "NO LIBERADO", "ANUENCIA": false, "LEVANTAMIENTO": "NO", "NEGOCIACION": false, "C.O.P": "NO", "OBSERVACIONES": null, "PROYECTO": "TSN", "ESTADO": "Nuevo León", "MUNICIPIO": "Lampazos de Naranjo ", "NUEVO": "NO" }, "geometry": { "type": "MultiPolygon", "coordinates": [ [ [ [ -100.501191910038997, 27.057643037418593, 0.0 ], [ -100.501190081402115, 27.057646048336228, 0.0 ], [ -100.501139377439699, 27.057630668807786, 0.0 ], [ -100.501191910038997, 27.057643037418593, 0.0 ] ] ] ] } },
{ "type": "Feature", "properties": { "CLAVE": "SNL-LAM-011-2-GS", "PROPIETARIO": "Desconocido", "SEGMENTO": "18", "ESTRUCTURA": null, "TIPO DE PROPIEDAD": null, "EJIDO": null, "KM INICIO": null, "KM FIN": null, "KM LINEALES": null, "KM EFECTIVOS": null, "M2": null, "IDENTIFICACION": false, "ESTATUS": "NO LIBERADO", "ANUENCIA": false, "LEVANTAMIENTO": "NO", "NEGOCIACION": false, "C.O.P": "NO", "OBSERVACIONES": null, "PROYECTO": "TSN", "ESTADO": "Nuevo León", "MUNICIPIO": "Lampazos de Naranjo ", "NUEVO": "NO" }, "geometry": { "type": "MultiPolygon", "coordinates": [ [ [ [ -100.501191910038997, 27.057643037418593, 0.0 ], [ -100.501190081402115, 27.057646048336228, 0.0 ], [ -100.501139377439699, 27.057630668807786, 0.0 ], [ -100.501191910038997, 27.057643037418593, 0.0 ] ] ] ] } },
{ "type": "Feature", "properties": { "CLAVE": "SNL-LAM-015", "PROPIETARIO": "Desconocido", "SEGMENTO": "18", "ESTRUCTURA": null, "TIPO DE PROPIEDAD": null, "EJIDO": null, "KM INICIO": null, "KM FIN": null, "KM LINEALES": null, "KM EFECTIVOS": null, "M2": null, "IDENTIFICACION": false, "ESTATUS": "NO LIBERADO", "ANUENCIA": false, "LEVANTAMIENTO": "NO", "NEGOCIACION": false, "C.O.P": "NO", "OBSERVACIONES": null, "PROYECTO": "TSN", "ESTADO": "Nuevo León", "MUNICIPIO": "Lampazos de Naranjo ", "NUEVO": "NO" }, "geometry": { "type": "MultiPolygon", "coordinates": [ [ [ [ -100.486462710496014, 27.068680618140899, 0.0 ], [ -100.485423517260813, 27.066945042493586, 0.0 ], [ -100.486462713501197, 27.068680615084791, 0.0 ], [ -100.487089732944128, 27.069727771156579, 0.0 ], [ -100.486462710496014, 27.068680618140899, 0.0 ] ] ], [ [ [ -100.488131972066753, 27.071468306755044, 0.0 ], [ -100.489167671824106, 27.07318907815128, 0.0 ], [ -100.489164113088208, 27.073191939939068, 0.0 ], [ -100.488131972066753, 27.071468306755044, 0.0 ] ] ] ] } },
{ "type": "Feature", "properties": { "CLAVE": "SNL-LAM-004-1", "PROPIETARIO": "Francisco Hernadez Garcia", "SEGMENTO": "18", "ESTRUCTURA": "DDV Troncal", "TIPO DE PROPIEDAD": "Privada", "EJIDO": null, "KM INICIO": 272.84, "KM FIN": 273.371, "KM LINEALES": 0.525, "KM EFECTIVOS": 0.525, "M2": 19644.0, "IDENTIFICACION": false, "ESTATUS": "NO LIBERADO", "ANUENCIA": false, "LEVANTAMIENTO": "NO", "NEGOCIACION": false, "C.O.P": "NO", "OBSERVACIONES": null, "PROYECTO": "TSN", "ESTADO": "Nuevo León", "MUNICIPIO": "Lampazos de Naranjo ", "NUEVO": "NO" }, "geometry": { "type": "MultiPolygon", "coordinates": [ [ [ [ -100.507571135500015, 26.979568329200042, 0.0 ], [ -100.507148137300007, 26.975344603099998, 0.0 ], [ -100.515848034499996, 26.974531680000045, 0.0 ], [ -100.516185565300006, 26.978760806599993, 0.0 ], [ -100.507571135500015, 26.979568329200042, 0.0 ] ] ] ] } },
{ "type": "Feature", "properties": { "CLAVE": "SNL-LAM-003-1", "PROPIETARIO": "Jose Luis Santos Hernández", "SEGMENTO": "18", "ESTRUCTURA": null, "TIPO DE PROPIEDAD": null, "EJIDO": null, "KM INICIO": null, "KM FIN": null, "KM LINEALES": null, "KM EFECTIVOS": null, "M2": null, "IDENTIFICACION": false, "ESTATUS": "NO LIBERADO", "ANUENCIA": false, "LEVANTAMIENTO": "NO", "NEGOCIACION": false, "C.O.P": "NO", "OBSERVACIONES": null, "PROYECTO": "TSN", "ESTADO": "Nuevo León", "MUNICIPIO": "Lampazos de Naranjo ", "NUEVO": "NO" }, "geometry": { "type": "MultiPolygon", "coordinates": [ [ [ [ -100.505005588700001, 26.954466712599999, 0.0 ], [ -100.504793853400002, 26.952313320199963, 0.0 ], [ -100.513812233300001, 26.951478590300006, 0.0 ], [ -100.514013258600002, 26.953626980300019, 0.0 ], [ -100.505005588700001, 26.954466712599999, 0.0 ] ] ] ] } },
{ "type": "Feature", "properties": { "CLAVE": "ND-24", "PROPIETARIO": "Parcela 134", "SEGMENTO": "18", "ESTRUCTURA": null, "TIPO DE PROPIEDAD": null, "EJIDO": null, "KM INICIO": null, "KM FIN": null, "KM LINEALES": null, "KM EFECTIVOS": null, "M2": null, "IDENTIFICACION": false, "ESTATUS": "NO LIBERADO", "ANUENCIA": false, "LEVANTAMIENTO": "NO", "NEGOCIACION": false, "C.O.P": "NO", "OBSERVACIONES": null, "PROYECTO": "TSN", "ESTADO": "Nuevo León", "MUNICIPIO": "Lampazos de Naranjo ", "NUEVO": "NO" }, "geometry": { "type": "MultiPolygon", "coordinates": [ [ [ [ -100.513108877449994, 26.942799884348908, 0.0 ], [ -100.513108877517766, 26.942799884441634, 0.0 ], [ -100.513377961100005, 26.946460518400016, 0.0 ], [ -100.504300358400002, 26.947310371100009, 0.0 ], [ -100.503538477899994, 26.939801881200033, 0.0 ], [ -100.506121687469815, 26.940252010694742, 0.0 ], [ -100.506121687480999, 26.940252010779304, 0.0 ], [ -100.506181086864999, 26.940701068815422, 0.0 ], [ -100.513042120607849, 26.942049749188207, 0.0 ], [ -100.513056796109709, 26.942214655934293, 0.0 ], [ -100.513108877449994, 26.942799884348908, 0.0 ] ] ] ] } },
{ "type": "Feature", "properties": { "CLAVE": "SNL-LAM-004", "PROPIETARIO": "Irene Hernadez Martinez", "SEGMENTO": "18", "ESTRUCTURA": "DDV Troncal", "TIPO DE PROPIEDAD": "Privada", "EJIDO": null, "KM INICIO": 272.15, "KM FIN": 272.84, "KM LINEALES": 0.69, "KM EFECTIVOS": 0.69, "M2": 44861.253, "IDENTIFICACION": true, "ESTATUS": "NO LIBERADO", "ANUENCIA": false, "LEVANTAMIENTO": "NO", "NEGOCIACION": false, "C.O.P": "NO", "OBSERVACIONES": null, "PROYECTO": "TSN", "ESTADO": "Nuevo León", "MUNICIPIO": "Lampazos de Naranjo ", "NUEVO": "NO" }, "geometry": { "type": "MultiPolygon", "coordinates": [ [ [ [ -100.507148137300007, 26.975344603099998, 0.0 ], [ -100.506541100299998, 26.969151630700001, 0.0 ], [ -100.515293683899998, 26.96831119039998, 0.0 ], [ -100.515848034499996, 26.974531680000045, 0.0 ], [ -100.507148137300007, 26.975344603099998, 0.0 ] ] ] ] } },
{ "type": "Feature", "properties": { "CLAVE": "SNL-LAM-P130", "PROPIETARIO": "Mario Gamez Hernandez", "SEGMENTO": "18", "ESTRUCTURA": "DDV Troncal", "TIPO DE PROPIEDAD": "Social", "EJIDO": "Ejido Lampazos", "KM INICIO": 271.3, "KM FIN": 271.5, "KM LINEALES": 0.2, "KM EFECTIVOS": 0.2, "M2": 103.78, "IDENTIFICACION": false, "ESTATUS": "NO LIBERADO", "ANUENCIA": false, "LEVANTAMIENTO": "NO", "NEGOCIACION": false, "C.O.P": "NO", "OBSERVACIONES": null, "PROYECTO": "TSN", "ESTADO": "Nuevo León", "MUNICIPIO": "Lampazos de Naranjo ", "NUEVO": "NO" }, "geometry": { "type": "MultiPolygon", "coordinates": [ [ [ [ -100.505891421100003, 26.962947168900019, 0.0 ], [ -100.505736799900006, 26.961429772099969, 0.0 ], [ -100.514669555800012, 26.960593726500033, 0.0 ], [ -100.514779516600001, 26.962101542399967, 0.0 ], [ -100.505891421100003, 26.962947168900019, 0.0 ] ] ] ] } },
{ "type": "Feature", "properties": { "CLAVE": "SNL-LAM-13 /P5", "PROPIETARIO": "Raul Cruz Cruz", "SEGMENTO": "18", "ESTRUCTURA": "DDV Troncal", "TIPO DE PROPIEDAD": "Social", "EJIDO": null, "KM INICIO": 283.07843, "KM FIN": 283.49, "KM LINEALES": 0.407, "KM EFECTIVOS": 0.407, "M2": 459.185, "IDENTIFICACION": false, "ESTATUS": "NO LIBERADO", "ANUENCIA": false, "LEVANTAMIENTO": "NO", "NEGOCIACION": false, "C.O.P": "NO", "OBSERVACIONES": null, "PROYECTO": "TSN", "ESTADO": "Nuevo León", "MUNICIPIO": "Lampazos de Naranjo ", "NUEVO": "NO" }, "geometry": { "type": "MultiPolygon", "coordinates": [ [ [ [ -100.496593058409999, 27.065214700320233, 0.0 ], [ -100.496593057997771, 27.065214700998883, 0.0 ], [ -100.483589107500009, 27.058685524900017, 0.0 ], [ -100.485757721799999, 27.05554010380002, 0.0 ], [ -100.498556019299997, 27.061982966, 0.0 ], [ -100.496655921197515, 27.065111208829649, 0.0 ], [ -100.496593058409999, 27.065214700320233, 0.0 ] ] ] ] } },
{ "type": "Feature", "properties": { "CLAVE": "ND-23", "PROPIETARIO": "Inocencio Fraga Castillo", "SEGMENTO": "18", "ESTRUCTURA": null, "TIPO DE PROPIEDAD": null, "EJIDO": null, "KM INICIO": null, "KM FIN": null, "KM LINEALES": null, "KM EFECTIVOS": null, "M2": null, "IDENTIFICACION": false, "ESTATUS": "NO LIBERADO", "ANUENCIA": false, "LEVANTAMIENTO": "NO", "NEGOCIACION": false, "C.O.P": "NO", "OBSERVACIONES": null, "PROYECTO": "TSN", "ESTADO": "Nuevo León", "MUNICIPIO": "Lampazos de Naranjo ", "NUEVO": "NO" }, "geometry": { "type": "MultiPolygon", "coordinates": [ [ [ [ -100.506074332308117, 26.939894028352914, 0.0 ], [ -100.50346, 26.939105, 0.0 ], [ -100.503156, 26.936338, 0.0 ], [ -100.502885, 26.933265, 0.0 ], [ -100.502593, 26.93063, 0.0 ], [ -100.512012, 26.92978, 0.0 ], [ -100.51242, 26.935302, 0.0 ], [ -100.508348464195677, 26.934483062790175, 0.0 ], [ -100.505276171649996, 26.933859991068701, 0.0 ], [ -100.505276856983173, 26.933865172401497, 0.0 ], [ -100.505276, 26.933865, 0.0 ], [ -100.505293961843108, 26.933994490337295, 0.0 ], [ -100.506074332308117, 26.939894028352914, 0.0 ] ] ] ] } },
{ "type": "Feature", "properties": { "CLAVE": "SNL-LAM-014", "PROPIETARIO": "Angel Macias Garza", "SEGMENTO": "18", "ESTRUCTURA": "DDV Troncal", "TIPO DE PROPIEDAD": "Privada", "EJIDO": null, "KM INICIO": 283.9, "KM FIN": 284.64739, "KM LINEALES": 0.74, "KM EFECTIVOS": 0.74, "M2": 1005.926, "IDENTIFICACION": false, "ESTATUS": "NO LIBERADO", "ANUENCIA": false, "LEVANTAMIENTO": "NO", "NEGOCIACION": false, "C.O.P": "NO", "OBSERVACIONES": "", "PROYECTO": "TSN", "ESTADO": "Nuevo León", "MUNICIPIO": "Lampazos de Naranjo ", "NUEVO": "NO" }, "geometry": { "type": "MultiPolygon", "coordinates": [ [ [ [ -100.488130399403005, 27.07146568042792, 0.0 ], [ -100.488130343281924, 27.071465586707465, 0.0 ], [ -100.48914, 27.07025, 0.0 ], [ -100.489141, 27.070245, 0.0 ], [ -100.489176, 27.069932, 0.0 ], [ -100.489191, 27.069791, 0.0 ], [ -100.489194, 27.069769, 0.0 ], [ -100.489117, 27.069767, 0.0 ], [ -100.488978, 27.069763, 0.0 ], [ -100.488838, 27.069758, 0.0 ], [ -100.488683, 27.06929, 0.0 ], [ -100.488679, 27.069278, 0.0 ], [ -100.488542, 27.068865, 0.0 ], [ -100.48854, 27.068861, 0.0 ], [ -100.488457, 27.068776, 0.0 ], [ -100.487751, 27.068058, 0.0 ], [ -100.487445, 27.067746, 0.0 ], [ -100.487426, 27.067726, 0.0 ], [ -100.487302, 27.067849, 0.0 ], [ -100.487225, 27.067926, 0.0 ], [ -100.486463, 27.068681, 0.0 ], [ -100.485468822799817, 27.067020709299435, 0.0 ], [ -100.484245181877, 27.064977013609504, 0.0 ], [ -100.480743360359995, 27.067861453343205, 0.0 ], [ -100.479396783943088, 27.065609570546595, 0.0 ], [ -100.47916, 27.065211, 0.0 ], [ -100.481483, 27.061842, 0.0 ], [ -100.494585587431118, 27.068393297232642, 0.0 ], [ -100.489774362747269, 27.072660165310729, 0.0 ], [ -100.489168, 27.073189, 0.0 ], [ -100.488228300334455, 27.071629173405881, 0.0 ], [ -100.488130399403005, 27.07146568042792, 0.0 ] ] ] ] } },
{ "type": "Feature", "properties": { "CLAVE": "SNL-LAM-013", "PROPIETARIO": "Nicolas Gonzalez Jaime", "SEGMENTO": "18", "ESTRUCTURA": "DDV Troncal", "TIPO DE PROPIEDAD": "Privada", "EJIDO": null, "KM INICIO": 282.93, "KM FIN": 283.08, "KM LINEALES": 0.139, "KM EFECTIVOS": 0.139, "M2": 121.26, "IDENTIFICACION": false, "ESTATUS": "NO LIBERADO", "ANUENCIA": false, "LEVANTAMIENTO": "NO", "NEGOCIACION": false, "C.O.P": "NO", "OBSERVACIONES": null, "PROYECTO": "TSN", "ESTADO": "Nuevo León", "MUNICIPIO": "Lampazos de Naranjo ", "NUEVO": "NO" }, "geometry": { "type": "MultiPolygon", "coordinates": [ [ [ [ -100.498506, 27.062002, 0.0 ], [ -100.485702, 27.055517, 0.0 ], [ -100.486443, 27.054422, 0.0 ], [ -100.499186, 27.060902, 0.0 ], [ -100.498506, 27.062002, 0.0 ] ] ] ] } },
{ "type": "Feature", "properties": { "CLAVE": "SNL-LAM-012", "PROPIETARIO": "Alfredo González Veliz", "SEGMENTO": "18", "ESTRUCTURA": "DDV Troncal", "TIPO DE PROPIEDAD": "Privada", "EJIDO": null, "KM INICIO": 282.53118, "KM FIN": 282.93867, "KM LINEALES": 0.40749, "KM EFECTIVOS": 0.40749, "M2": 1126.326, "IDENTIFICACION": false, "ESTATUS": "NO LIBERADO", "ANUENCIA": false, "LEVANTAMIENTO": "NO", "NEGOCIACION": false, "C.O.P": "NO", "OBSERVACIONES": null, "PROYECTO": "TSN", "ESTADO": "Nuevo León", "MUNICIPIO": "Lampazos de Naranjo ", "NUEVO": "NO" }, "geometry": { "type": "MultiPolygon", "coordinates": [ [ [ [ -100.500188636746529, 27.059294937658056, 0.0 ], [ -100.499186, 27.060902, 0.0 ], [ -100.486443, 27.054422, 0.0 ], [ -100.490465, 27.048637, 0.0 ], [ -100.492162, 27.049195, 0.0 ], [ -100.491771, 27.050168, 0.0 ], [ -100.493822825490483, 27.050820898461009, 0.0 ], [ -100.495554063453994, 27.052599589608104, 0.0 ], [ -100.495581317941003, 27.052531323215661, 0.0 ], [ -100.497399357910112, 27.053215370961063, 0.0 ], [ -100.498675, 27.055434, 0.0 ], [ -100.49894, 27.057045, 0.0 ], [ -100.499063201751198, 27.057080064429499, 0.0 ], [ -100.499074390575004, 27.057139435282298, 0.0 ], [ -100.500299859320748, 27.05743242252403, 0.0 ], [ -100.500442, 27.057473, 0.0 ], [ -100.501189229762659, 27.057647450591791, 0.0 ], [ -100.500188636746529, 27.059294937658056, 0.0 ] ] ] ] } },
{ "type": "Feature", "properties": { "CLAVE": "SNL-LAM-015", "PROPIETARIO": "Desconocido", "SEGMENTO": "18", "ESTRUCTURA": null, "TIPO DE PROPIEDAD": null, "EJIDO": null, "KM INICIO": null, "KM FIN": null, "KM LINEALES": null, "KM EFECTIVOS": null, "M2": null, "IDENTIFICACION": false, "ESTATUS": "NO LIBERADO", "ANUENCIA": false, "LEVANTAMIENTO": "NO", "NEGOCIACION": false, "C.O.P": "NO", "OBSERVACIONES": null, "PROYECTO": "TSN", "ESTADO": "Nuevo León", "MUNICIPIO": "Lampazos de Naranjo ", "NUEVO": "NO" }, "geometry": { "type": "MultiPolygon", "coordinates": [ [ [ [ -100.486462710496014, 27.068680618140899, 0.0 ], [ -100.485468822799817, 27.067020709299435, 0.0 ], [ -100.486463, 27.068681, 0.0 ], [ -100.486618679011343, 27.06894109386219, 0.0 ], [ -100.486462710496014, 27.068680618140899, 0.0 ] ] ], [ [ [ -100.488228300334455, 27.071629173405881, 0.0 ], [ -100.489168, 27.073189, 0.0 ], [ -100.489164188080096, 27.073192065170403, 0.0 ], [ -100.488228300334455, 27.071629173405881, 0.0 ] ] ] ] } },
{ "type": "Feature", "properties": { "CLAVE": "SNL-LAM-005", "PROPIETARIO": "Antonio García González", "SEGMENTO": "18", "ESTRUCTURA": "DDV Troncal", "TIPO DE PROPIEDAD": "Privada", "EJIDO": null, "KM INICIO": 273.31713, "KM FIN": 274.20047, "KM LINEALES": 0.88333999999997603, "KM EFECTIVOS": 0.88333999999997603, "M2": 7959.337, "IDENTIFICACION": false, "ESTATUS": "NO LIBERADO", "ANUENCIA": false, "LEVANTAMIENTO": "NO", "NEGOCIACION": false, "C.O.P": "NO", "OBSERVACIONES": null, "PROYECTO": "TSN", "ESTADO": "Nuevo León", "MUNICIPIO": "Lampazos de Naranjo ", "NUEVO": "NO" }, "geometry": { "type": "MultiPolygon", "coordinates": [ [ [ [ -100.507789, 26.983086, 0.0 ], [ -100.507456, 26.979587, 0.0 ], [ -100.516102, 26.978789, 0.0 ], [ -100.516729, 26.986697, 0.0 ], [ -100.513802, 26.986696, 0.0 ], [ -100.513756, 26.984913, 0.0 ], [ -100.507994, 26.984964, 0.0 ], [ -100.507789, 26.983086, 0.0 ] ] ] ] } },
{ "type": "Feature", "properties": { "CLAVE": "ND-22", "PROPIETARIO": "Carlos Santos Hernández", "SEGMENTO": "18", "ESTRUCTURA": null, "TIPO DE PROPIEDAD": null, "EJIDO": null, "KM INICIO": null, "KM FIN": null, "KM LINEALES": null, "KM EFECTIVOS": null, "M2": null, "IDENTIFICACION": false, "ESTATUS": "NO LIBERADO", "ANUENCIA": false, "LEVANTAMIENTO": "NO", "NEGOCIACION": false, "C.O.P": "NO", "OBSERVACIONES": null, "PROYECTO": "TSN", "ESTADO": "Nuevo León", "MUNICIPIO": "Lampazos de Naranjo ", "NUEVO": "NO" }, "geometry": { "type": "MultiPolygon", "coordinates": [ [ [ [ -100.514454, 26.959311, 0.0 ], [ -100.514481, 26.959626, 0.0 ], [ -100.505569, 26.960458, 0.0 ], [ -100.505202, 26.956242, 0.0 ], [ -100.504982, 26.954486, 0.0 ], [ -100.51392, 26.953671, 0.0 ], [ -100.514454, 26.959311, 0.0 ] ] ] ] } },
{ "type": "Feature", "properties": { "CLAVE": "SNL-LAM-011-1-GS", "PROPIETARIO": "Desconocido", "SEGMENTO": "18", "ESTRUCTURA": null, "TIPO DE PROPIEDAD": null, "EJIDO": null, "KM INICIO": null, "KM FIN": null, "KM LINEALES": null, "KM EFECTIVOS": null, "M2": null, "IDENTIFICACION": false, "ESTATUS": "NO LIBERADO", "ANUENCIA": false, "LEVANTAMIENTO": "NO", "NEGOCIACION": false, "C.O.P": "NO", "OBSERVACIONES": null, "PROYECTO": "TSN", "ESTADO": "Nuevo León", "MUNICIPIO": "Lampazos de Naranjo ", "NUEVO": "NO" }, "geometry": { "type": "MultiPolygon", "coordinates": [ [ [ [ -100.501191910038997, 27.057643037418593, 0.0 ], [ -100.501190081402115, 27.057646048336228, 0.0 ], [ -100.501139377439699, 27.057630668807786, 0.0 ], [ -100.501191910038997, 27.057643037418593, 0.0 ] ] ] ] } },
{ "type": "Feature", "properties": { "CLAVE": "SNL-LAM-011-2-GS", "PROPIETARIO": "Desconocido", "SEGMENTO": "18", "ESTRUCTURA": null, "TIPO DE PROPIEDAD": null, "EJIDO": null, "KM INICIO": null, "KM FIN": null, "KM LINEALES": null, "KM EFECTIVOS": null, "M2": null, "IDENTIFICACION": false, "ESTATUS": "NO LIBERADO", "ANUENCIA": false, "LEVANTAMIENTO": "NO", "NEGOCIACION": false, "C.O.P": "NO", "OBSERVACIONES": null, "PROYECTO": "TSN", "ESTADO": "Nuevo León", "MUNICIPIO": "Lampazos de Naranjo ", "NUEVO": "NO" }, "geometry": { "type": "MultiPolygon", "coordinates": [ [ [ [ -100.501191910038997, 27.057643037418593, 0.0 ], [ -100.501190081402115, 27.057646048336228, 0.0 ], [ -100.501139377439699, 27.057630668807786, 0.0 ], [ -100.501191910038997, 27.057643037418593, 0.0 ] ] ] ] } },
{ "type": "Feature", "properties": { "CLAVE": "SNL-LAM-006-11", "PROPIETARIO": "Guillermina Botello Alburne", "SEGMENTO": "18", "ESTRUCTURA": null, "TIPO DE PROPIEDAD": null, "EJIDO": null, "KM INICIO": null, "KM FIN": null, "KM LINEALES": null, "KM EFECTIVOS": null, "M2": null, "IDENTIFICACION": false, "ESTATUS": "NO LIBERADO", "ANUENCIA": false, "LEVANTAMIENTO": "NO", "NEGOCIACION": false, "C.O.P": "NO", "OBSERVACIONES": null, "PROYECTO": "TSN", "ESTADO": "Nuevo León", "MUNICIPIO": "Lampazos de Naranjo ", "NUEVO": "NO" }, "geometry": { "type": "MultiPolygon", "coordinates": [ [ [ [ -100.518144718564102, 27.028781899828861, 0.0 ], [ -100.5177604716839, 27.028757667440583, 0.0 ], [ -100.517886935707509, 27.02817121377166, 0.0 ], [ -100.517928350953198, 27.027974104536209, 0.0 ], [ -100.517939107342599, 27.02791200318358, 0.0 ], [ -100.517991206683007, 27.027586640376814, 0.0 ], [ -100.5180630692672, 27.027150696904563, 0.0 ], [ -100.518145136162104, 27.026642453300024, 0.0 ], [ -100.518731492860994, 27.026723784410809, 0.0 ], [ -100.519267986525705, 27.02680137079124, 0.0 ], [ -100.519471573356199, 27.026834106540392, 0.0 ], [ -100.519469776487796, 27.026840643203162, 0.0 ], [ -100.51899632712842, 27.028210004742391, 0.0 ], [ -100.518828947953608, 27.028572025290135, 0.0 ], [ -100.518720254886304, 27.02880404021041, 0.0 ], [ -100.518689854349304, 27.028819359743427, 0.0 ], [ -100.518144718564102, 27.028781899828861, 0.0 ] ] ] ] } },
{ "type": "Feature", "properties": { "CLAVE": "SNL-LAM-016", "PROPIETARIO": "Julio Cruz Quedea", "SEGMENTO": "18", "ESTRUCTURA": "DDV Troncal", "TIPO DE PROPIEDAD": "Privada", "EJIDO": null, "KM INICIO": 287.21749, "KM FIN": 287.77792, "KM LINEALES": 0.56043, "KM EFECTIVOS": 0.56043, "M2": 2300.635, "IDENTIFICACION": false, "ESTATUS": "NO LIBERADO", "ANUENCIA": false, "LEVANTAMIENTO": "NO", "NEGOCIACION": false, "C.O.P": "NO", "OBSERVACIONES": null, "PROYECTO": "TSN", "ESTADO": "Nuevo León", "MUNICIPIO": "Lampazos de Naranjo ", "NUEVO": "NO" }, "geometry": { "type": "MultiPolygon", "coordinates": [ [ [ [ -100.4678273759571, 27.078415495680087, 0.0 ], [ -100.468809739061399, 27.08718986277275, 0.0 ], [ -100.463678645458899, 27.089346453771469, 0.0 ], [ -100.462782447031202, 27.080670658192084, 0.0 ], [ -100.4678273759571, 27.078415495680087, 0.0 ] ] ] ] } },
{ "type": "Feature", "properties": { "CLAVE": "SNL-LAM-011", "PROPIETARIO": "Gutierrez Vazquez Rosa Amelia", "SEGMENTO": "18", "ESTRUCTURA": null, "TIPO DE PROPIEDAD": null, "EJIDO": null, "KM INICIO": null, "KM FIN": null, "KM LINEALES": null, "KM EFECTIVOS": null, "M2": null, "IDENTIFICACION": false, "ESTATUS": "NO LIBERADO", "ANUENCIA": false, "LEVANTAMIENTO": "NO", "NEGOCIACION": false, "C.O.P": "NO", "OBSERVACIONES": null, "PROYECTO": "TSN", "ESTADO": "Nuevo León", "MUNICIPIO": "Lampazos de Naranjo ", "NUEVO": "NO" }, "geometry": { "type": "MultiPolygon", "coordinates": [ [ [ [ -100.503073116173297, 27.051658766859276, 0.0 ], [ -100.504414728558501, 27.052367415622928, 0.0 ], [ -100.502898964858403, 27.054828036456513, 0.0 ], [ -100.501624635266097, 27.054376431149635, 0.0 ], [ -100.502977791057802, 27.052024363638047, 0.0 ], [ -100.503073116173297, 27.051658766859276, 0.0 ] ] ] ] } },
{ "type": "Feature", "properties": { "CLAVE": "SNL-LAM-010", "PROPIETARIO": "Duarte Roque Francisco", "SEGMENTO": "18", "ESTRUCTURA": null, "TIPO DE PROPIEDAD": null, "EJIDO": null, "KM INICIO": null, "KM FIN": null, "KM LINEALES": null, "KM EFECTIVOS": null, "M2": null, "IDENTIFICACION": false, "ESTATUS": "NO LIBERADO", "ANUENCIA": false, "LEVANTAMIENTO": "NO", "NEGOCIACION": false, "C.O.P": "NO", "OBSERVACIONES": null, "PROYECTO": "TSN", "ESTADO": "Nuevo León", "MUNICIPIO": "Lampazos de Naranjo ", "NUEVO": "NO" }, "geometry": { "type": "MultiPolygon", "coordinates": [ [ [ [ -100.503166336427995, 27.051301243417768, 0.0 ], [ -100.503326574665394, 27.050669036324329, 0.0 ], [ -100.505103530862499, 27.051249205887064, 0.0 ], [ -100.504749861444196, 27.051823359840519, 0.0 ], [ -100.504414728558501, 27.052367415622928, 0.0 ], [ -100.503073116173297, 27.051658766859276, 0.0 ], [ -100.503166336427995, 27.051301243417768, 0.0 ] ] ] ] } },
{ "type": "Feature", "properties": { "CLAVE": "ND-03", "PROPIETARIO": "Garza Enrriquez María de los Angeles", "SEGMENTO": "18", "ESTRUCTURA": null, "TIPO DE PROPIEDAD": null, "EJIDO": null, "KM INICIO": null, "KM FIN": null, "KM LINEALES": null, "KM EFECTIVOS": null, "M2": null, "IDENTIFICACION": false, "ESTATUS": "NO LIBERADO", "ANUENCIA": false, "LEVANTAMIENTO": "NO", "NEGOCIACION": false, "C.O.P": "NO", "OBSERVACIONES": null, "PROYECTO": "TSN", "ESTADO": "Nuevo León", "MUNICIPIO": "Lampazos de Naranjo ", "NUEVO": "NO" }, "geometry": { "type": "MultiPolygon", "coordinates": [ [ [ [ -100.392289206268401, 27.046609913342976, 0.0 ], [ -100.402266350850397, 27.033117939770328, 0.0 ], [ -100.402364757585502, 27.033271779050139, 0.0 ], [ -100.443488469367793, 27.097515617818342, 0.0 ], [ -100.443493140877806, 27.09752290860208, 0.0 ], [ -100.410664710886707, 27.111399012842725, 0.0 ], [ -100.377433553747906, 27.066737334941006, 0.0 ], [ -100.377984035058205, 27.065998669035654, 0.0 ], [ -100.377965264057295, 27.065973345945913, 0.0 ], [ -100.392289206268401, 27.046609913342976, 0.0 ] ] ] ] } },
{ "type": "Feature", "properties": { "CLAVE": "SNL-LAM-009-2", "PROPIETARIO": "SANCHEZ CA/AMAR JOSE FELIPE Y CO", "SEGMENTO": "18", "ESTRUCTURA": null, "TIPO DE PROPIEDAD": null, "EJIDO": null, "KM INICIO": null, "KM FIN": null, "KM LINEALES": null, "KM EFECTIVOS": null, "M2": null, "IDENTIFICACION": false, "ESTATUS": "NO LIBERADO", "ANUENCIA": false, "LEVANTAMIENTO": "NO", "NEGOCIACION": false, "C.O.P": "NO", "OBSERVACIONES": null, "PROYECTO": "TSN", "ESTADO": "Nuevo León", "MUNICIPIO": "Lampazos de Naranjo ", "NUEVO": "NO" }, "geometry": { "type": "MultiPolygon", "coordinates": [ [ [ [ -100.512627, 27.033786, 0.0 ], [ -100.5126, 27.033512, 0.0 ], [ -100.513986, 27.03361, 0.0 ], [ -100.513988, 27.033144, 0.0 ], [ -100.514109, 27.033129, 0.0 ], [ -100.514255, 27.033124, 0.0 ], [ -100.514456, 27.03313, 0.0 ], [ -100.514763, 27.033142, 0.0 ], [ -100.515097, 27.033157, 0.0 ], [ -100.515268, 27.033241, 0.0 ], [ -100.515701, 27.033457, 0.0 ], [ -100.515744, 27.033702, 0.0 ], [ -100.515437, 27.034226, 0.0 ], [ -100.515263, 27.034513, 0.0 ], [ -100.51512, 27.034755, 0.0 ], [ -100.514607, 27.034795, 0.0 ], [ -100.513633, 27.034901, 0.0 ], [ -100.513447, 27.03491, 0.0 ], [ -100.512771, 27.035002, 0.0 ], [ -100.512685, 27.034301, 0.0 ], [ -100.512627, 27.033786, 0.0 ] ] ] ] } },
{ "type": "Feature", "properties": { "CLAVE": "SNL-LAM-007", "PROPIETARIO": "Ferrocarriles Nacionales de Mexico", "SEGMENTO": "18", "ESTRUCTURA": null, "TIPO DE PROPIEDAD": null, "EJIDO": null, "KM INICIO": null, "KM FIN": null, "KM LINEALES": null, "KM EFECTIVOS": null, "M2": null, "IDENTIFICACION": false, "ESTATUS": "NO LIBERADO", "ANUENCIA": false, "LEVANTAMIENTO": "NO", "NEGOCIACION": false, "C.O.P": "NO", "OBSERVACIONES": null, "PROYECTO": "TSN", "ESTADO": "Nuevo León", "MUNICIPIO": "Lampazos de Naranjo ", "NUEVO": "NO" }, "geometry": { "type": "MultiPolygon", "coordinates": [ [ [ [ -100.517585, 27.029415, 0.0 ], [ -100.517734, 27.028882, 0.0 ], [ -100.518623, 27.028944, 0.0 ], [ -100.518084, 27.029813, 0.0 ], [ -100.518027, 27.029901, 0.0 ], [ -100.517829, 27.030199, 0.0 ], [ -100.517688, 27.030404, 0.0 ], [ -100.517341, 27.03027, 0.0 ], [ -100.517457, 27.029856, 0.0 ], [ -100.517483, 27.029765, 0.0 ], [ -100.517585, 27.029415, 0.0 ] ] ] ] } },
{ "type": "Feature", "properties": { "CLAVE": "SNL-LAM-006-10", "PROPIETARIO": "Gerardo Elizondo Gonzalez", "SEGMENTO": "18", "ESTRUCTURA": null, "TIPO DE PROPIEDAD": null, "EJIDO": null, "KM INICIO": null, "KM FIN": null, "KM LINEALES": null, "KM EFECTIVOS": null, "M2": null, "IDENTIFICACION": false, "ESTATUS": "NO LIBERADO", "ANUENCIA": false, "LEVANTAMIENTO": "NO", "NEGOCIACION": false, "C.O.P": "NO", "OBSERVACIONES": null, "PROYECTO": "TSN", "ESTADO": "Nuevo León", "MUNICIPIO": "Lampazos de Naranjo ", "NUEVO": "NO" }, "geometry": { "type": "MultiPolygon", "coordinates": [ [ [ [ -100.518275, 27.025897, 0.0 ], [ -100.518426, 27.02513, 0.0 ], [ -100.518598, 27.025163, 0.0 ], [ -100.519346, 27.02538, 0.0 ], [ -100.519823, 27.025523, 0.0 ], [ -100.519695, 27.026014, 0.0 ], [ -100.519661, 27.026147, 0.0 ], [ -100.519584, 27.026426, 0.0 ], [ -100.519472, 27.026834, 0.0 ], [ -100.519268, 27.026801, 0.0 ], [ -100.518731, 27.026724, 0.0 ], [ -100.518145, 27.026642, 0.0 ], [ -100.5182, 27.026309, 0.0 ], [ -100.518233, 27.026108, 0.0 ], [ -100.518275, 27.025897, 0.0 ] ] ] ] } },
{ "type": "Feature", "properties": { "CLAVE": "SNL-LAM-009-3", "PROPIETARIO": "Flores Ramirez Higinio", "SEGMENTO": "18", "ESTRUCTURA": null, "TIPO DE PROPIEDAD": null, "EJIDO": null, "KM INICIO": null, "KM FIN": null, "KM LINEALES": null, "KM EFECTIVOS": null, "M2": null, "IDENTIFICACION": false, "ESTATUS": "NO LIBERADO", "ANUENCIA": false, "LEVANTAMIENTO": "NO", "NEGOCIACION": false, "C.O.P": "NO", "OBSERVACIONES": null, "PROYECTO": "TSN", "ESTADO": "Nuevo León", "MUNICIPIO": "Lampazos de Naranjo ", "NUEVO": "NO" }, "geometry": { "type": "MultiPolygon", "coordinates": [ [ [ [ -100.515102, 27.034797, 0.0 ], [ -100.513117, 27.03806, 0.0 ], [ -100.512684, 27.038064, 0.0 ], [ -100.512579, 27.03508, 0.0 ], [ -100.515102, 27.034797, 0.0 ] ] ] ] } },
{ "type": "Feature", "properties": { "CLAVE": "ND-06", "PROPIETARIO": "Bodega de Productos Internacional SA de CV\n", "SEGMENTO": "18", "ESTRUCTURA": null, "TIPO DE PROPIEDAD": null, "EJIDO": null, "KM INICIO": null, "KM FIN": null, "KM LINEALES": null, "KM EFECTIVOS": null, "M2": null, "IDENTIFICACION": false, "ESTATUS": "NO LIBERADO", "ANUENCIA": false, "LEVANTAMIENTO": "NO", "NEGOCIACION": false, "C.O.P": "NO", "OBSERVACIONES": null, "PROYECTO": "TSN", "ESTADO": "Nuevo León", "MUNICIPIO": "Lampazos de Naranjo ", "NUEVO": "NO" }, "geometry": { "type": "MultiPolygon", "coordinates": [ [ [ [ -100.506114, 26.939906, 0.0 ], [ -100.505293961843108, 26.933994490337295, 0.0 ], [ -100.505276856983173, 26.933865172401497, 0.0 ], [ -100.508348464195677, 26.934483062790175, 0.0 ], [ -100.512420501693427, 26.935308785380336, 0.0 ], [ -100.512916, 26.94201, 0.0 ], [ -100.508339302219625, 26.941125346397083, 0.0 ], [ -100.506226010806628, 26.940709900616046, 0.0 ], [ -100.506114, 26.939906, 0.0 ] ] ] ] } },
{ "type": "Feature", "properties": { "CLAVE": "ND-02", "PROPIETARIO": "Bodega de Productos Internacional SA de CV", "SEGMENTO": "18", "ESTRUCTURA": null, "TIPO DE PROPIEDAD": null, "EJIDO": null, "KM INICIO": null, "KM FIN": null, "KM LINEALES": null, "KM EFECTIVOS": null, "M2": null, "IDENTIFICACION": false, "ESTATUS": "NO LIBERADO", "ANUENCIA": false, "LEVANTAMIENTO": "NO", "NEGOCIACION": false, "C.O.P": "NO", "OBSERVACIONES": null, "PROYECTO": "TSN", "ESTADO": "Nuevo León", "MUNICIPIO": "Lampazos de Naranjo ", "NUEVO": "NO" }, "geometry": { "type": "MultiPolygon", "coordinates": [ [ [ [ -100.501697, 26.919118, 0.0 ], [ -100.511165, 26.920759, 0.0 ], [ -100.511683, 26.925335, 0.0 ], [ -100.511674, 26.925333, 0.0 ], [ -100.503122, 26.923744, 0.0 ], [ -100.50278156647029, 26.923680734640836, 0.0 ], [ -100.501894170221007, 26.923510822074384, 0.0 ], [ -100.501875919786883, 26.923503005005564, 0.0 ], [ -100.501697, 26.919118, 0.0 ] ] ] ] } },
{ "type": "Feature", "properties": { "CLAVE": "SNL-LAM-017", "PROPIETARIO": "Garza Flores Rigoberto", "SEGMENTO": "18", "ESTRUCTURA": null, "TIPO DE PROPIEDAD": null, "EJIDO": null, "KM INICIO": null, "KM FIN": null, "KM LINEALES": null, "KM EFECTIVOS": null, "M2": null, "IDENTIFICACION": false, "ESTATUS": "NO LIBERADO", "ANUENCIA": false, "LEVANTAMIENTO": "NO", "NEGOCIACION": false, "C.O.P": "NO", "OBSERVACIONES": null, "PROYECTO": "TSN", "ESTADO": "Nuevo León", "MUNICIPIO": "Lampazos de Naranjo ", "NUEVO": "NO" }, "geometry": { "type": "MultiPolygon", "coordinates": [ [ [ [ -100.353872, 27.086123, 0.0 ], [ -100.37891, 27.124799, 0.0 ], [ -100.361509, 27.132285, 0.0 ], [ -100.336071, 27.098588, 0.0 ], [ -100.337155, 27.097559, 0.0 ], [ -100.338264, 27.098718, 0.0 ], [ -100.353872, 27.086123, 0.0 ] ] ] ] } },
{ "type": "Feature", "properties": { "CLAVE": "SNL-LAM-014", "PROPIETARIO": "Angel Macias Garza", "SEGMENTO": "18", "ESTRUCTURA": "DDV Troncal", "TIPO DE PROPIEDAD": "Privada", "EJIDO": null, "KM INICIO": 238.89065, "KM FIN": 284.64739, "KM LINEALES": 45.75674, "KM EFECTIVOS": 45.75674, "M2": 1005.926, "IDENTIFICACION": false, "ESTATUS": "NO LIBERADO", "ANUENCIA": false, "LEVANTAMIENTO": "NO", "NEGOCIACION": false, "C.O.P": "NO", "OBSERVACIONES": "Sin información de propietario", "PROYECTO": "TSN", "ESTADO": "Nuevo León", "MUNICIPIO": "Lampazos de Naranjo ", "NUEVO": "NO" }, "geometry": { "type": "MultiPolygon", "coordinates": [ [ [ [ -100.48813, 27.071466, 0.0 ], [ -100.488130343281924, 27.071465586707465, 0.0 ], [ -100.488130399403005, 27.07146568042792, 0.0 ], [ -100.488228300334455, 27.071629173405881, 0.0 ], [ -100.48813, 27.071466, 0.0 ] ] ], [ [ [ -100.494637, 27.068419, 0.0 ], [ -100.489774362747269, 27.072660165310729, 0.0 ], [ -100.494585587431118, 27.068393297232642, 0.0 ], [ -100.494637, 27.068419, 0.0 ] ] ], [ [ [ -100.484293, 27.065057, 0.0 ], [ -100.480844, 27.06786, 0.0 ], [ -100.48077, 27.067921, 0.0 ], [ -100.479396783943088, 27.065609570546595, 0.0 ], [ -100.480743360359995, 27.067861453343205, 0.0 ], [ -100.484245181877, 27.064977013609504, 0.0 ], [ -100.485468822799817, 27.067020709299435, 0.0 ], [ -100.484293, 27.065057, 0.0 ] ] ] ] } },
{ "type": "Feature", "properties": { "CLAVE": "SNL-LAM-012", "PROPIETARIO": "Alfredo González Veliz", "SEGMENTO": "18", "ESTRUCTURA": "DDV Troncal", "TIPO DE PROPIEDAD": "Privada", "EJIDO": null, "KM INICIO": 282.53118, "KM FIN": 282.93867, "KM LINEALES": 0.40749, "KM EFECTIVOS": 0.40749, "M2": 1126.326, "IDENTIFICACION": false, "ESTATUS": "NO LIBERADO", "ANUENCIA": false, "LEVANTAMIENTO": "NO", "NEGOCIACION": false, "C.O.P": "NO", "OBSERVACIONES": null, "PROYECTO": "TSN", "ESTADO": "Nuevo León", "MUNICIPIO": "Lampazos de Naranjo ", "NUEVO": "NO" }, "geometry": { "type": "MultiPolygon", "coordinates": [ [ [ [ -100.501213, 27.057653, 0.0 ], [ -100.500188636746529, 27.059294937658056, 0.0 ], [ -100.501189229762659, 27.057647450591791, 0.0 ], [ -100.501213, 27.057653, 0.0 ] ] ], [ [ [ -100.499843, 27.057302, 0.0 ], [ -100.500299859320748, 27.05743242252403, 0.0 ], [ -100.499074390575004, 27.057139435282298, 0.0 ], [ -100.499063201751198, 27.057080064429499, 0.0 ], [ -100.499843, 27.057302, 0.0 ] ] ], [ [ [ -100.493864, 27.050834, 0.0 ], [ -100.495395, 27.05235, 0.0 ], [ -100.497098, 27.053004, 0.0 ], [ -100.497329, 27.053093, 0.0 ], [ -100.497399357910112, 27.053215370961063, 0.0 ], [ -100.495581317941003, 27.052531323215661, 0.0 ], [ -100.495554063453994, 27.052599589608104, 0.0 ], [ -100.493822825490483, 27.050820898461009, 0.0 ], [ -100.493864, 27.050834, 0.0 ] ] ] ] } },
{ "type": "Feature", "properties": { "CLAVE": "ND-20", "PROPIETARIO": "Treviño Garza Adolfo José", "SEGMENTO": "18", "ESTRUCTURA": "DDV Troncal", "TIPO DE PROPIEDAD": "Privada", "EJIDO": null, "KM INICIO": null, "KM FIN": null, "KM LINEALES": null, "KM EFECTIVOS": null, "M2": null, "IDENTIFICACION": false, "ESTATUS": "NO LIBERADO", "ANUENCIA": false, "LEVANTAMIENTO": "NO", "NEGOCIACION": false, "C.O.P": "NO", "OBSERVACIONES": null, "PROYECTO": "TSN", "ESTADO": "Nuevo León", "MUNICIPIO": "Lampazos de Naranjo ", "NUEVO": "NO" }, "geometry": { "type": "MultiPolygon", "coordinates": [ [ [ [ -100.496936, 26.87296, 0.0 ], [ -100.507284, 26.872818, 0.0 ], [ -100.507916, 26.880849, 0.0 ], [ -100.497655, 26.879798, 0.0 ], [ -100.496936, 26.87296, 0.0 ] ] ] ] } },
{ "type": "Feature", "properties": { "CLAVE": "ND-01", "PROPIETARIO": "Desconocido", "SEGMENTO": "18", "ESTRUCTURA": null, "TIPO DE PROPIEDAD": null, "EJIDO": null, "KM INICIO": null, "KM FIN": null, "KM LINEALES": null, "KM EFECTIVOS": null, "M2": null, "IDENTIFICACION": false, "ESTATUS": "NO LIBERADO", "ANUENCIA": false, "LEVANTAMIENTO": "NO", "NEGOCIACION": false, "C.O.P": "NO", "OBSERVACIONES": null, "PROYECTO": "TSN", "ESTADO": "Nuevo León", "MUNICIPIO": "Lampazos de Naranjo ", "NUEVO": "NO" }, "geometry": { "type": "MultiPolygon", "coordinates": [ [ [ [ -100.496697, 26.870686, 0.0 ], [ -100.507048, 26.869825, 0.0 ], [ -100.507198, 26.871719, 0.0 ], [ -100.507284, 26.872818, 0.0 ], [ -100.496936, 26.87296, 0.0 ], [ -100.496833, 26.871975, 0.0 ], [ -100.496697, 26.870686, 0.0 ] ] ] ] } },
{ "type": "Feature", "properties": { "CLAVE": "SNL-LAM-015", "PROPIETARIO": "Perez Vergara Lorenzo", "SEGMENTO": "18", "ESTRUCTURA": null, "TIPO DE PROPIEDAD": null, "EJIDO": null, "KM INICIO": null, "KM FIN": null, "KM LINEALES": null, "KM EFECTIVOS": null, "M2": null, "IDENTIFICACION": false, "ESTATUS": "NO LIBERADO", "ANUENCIA": false, "LEVANTAMIENTO": "NO", "NEGOCIACION": false, "C.O.P": "NO", "OBSERVACIONES": null, "PROYECTO": "TSN", "ESTADO": "Nuevo León", "MUNICIPIO": "Lampazos de Naranjo ", "NUEVO": "NO" }, "geometry": { "type": "MultiPolygon", "coordinates": [ [ [ [ -100.485631, 27.076033, 0.0 ], [ -100.48077, 27.067921, 0.0 ], [ -100.480844, 27.06786, 0.0 ], [ -100.484293, 27.065057, 0.0 ], [ -100.485468822799817, 27.067020709299435, 0.0 ], [ -100.486462710496014, 27.068680618140899, 0.0 ], [ -100.486618679011343, 27.06894109386219, 0.0 ], [ -100.48813, 27.071466, 0.0 ], [ -100.488228300334455, 27.071629173405881, 0.0 ], [ -100.489164188080096, 27.073192065170403, 0.0 ], [ -100.485631, 27.076033, 0.0 ] ] ] ] } },
{ "type": "Feature", "properties": { "CLAVE": "ND-19", "PROPIETARIO": "Quiroga de Gonzalez Dora Ofelia", "SEGMENTO": "18", "ESTRUCTURA": "DDV Troncal", "TIPO DE PROPIEDAD": "Privada", "EJIDO": null, "KM INICIO": 293.58, "KM FIN": 295.27, "KM LINEALES": 1.68, "KM EFECTIVOS": 1.68, "M2": null, "IDENTIFICACION": false, "ESTATUS": "NO LIBERADO", "ANUENCIA": false, "LEVANTAMIENTO": "NO", "NEGOCIACION": false, "C.O.P": "NO", "OBSERVACIONES": "ND", "PROYECTO": "TSN", "ESTADO": "Nuevo León", "MUNICIPIO": "Lampazos de Naranjo ", "NUEVO": "NO" }, "geometry": { "type": "MultiPolygon", "coordinates": [ [ [ [ -100.410665, 27.111399, 0.0 ], [ -100.395257, 27.117831, 0.0 ], [ -100.366785, 27.075478, 0.0 ], [ -100.377434, 27.066737, 0.0 ], [ -100.410665, 27.111399, 0.0 ] ] ] ] } },
{ "type": "Feature", "properties": { "CLAVE": "SNL-LAM-006-2 ?", "PROPIETARIO": "Fermin Hernandez Peña", "SEGMENTO": "18", "ESTRUCTURA": "DDV Troncal", "TIPO DE PROPIEDAD": "Privada", "EJIDO": "", "KM INICIO": 274.20047, "KM FIN": 274.54949, "KM LINEALES": 0.34902, "KM EFECTIVOS": 0.34902, "M2": 2131.163, "IDENTIFICACION": false, "ESTATUS": "NO LIBERADO", "ANUENCIA": false, "LEVANTAMIENTO": "NO", "NEGOCIACION": false, "C.O.P": "NO", "OBSERVACIONES": null, "PROYECTO": "TSN", "ESTADO": "Nuevo León", "MUNICIPIO": "Lampazos de Naranjo ", "NUEVO": "NO" }, "geometry": { "type": "MultiPolygon", "coordinates": [ [ [ [ -100.5155945, 27.013012299999978, 0.0 ], [ -100.5154365, 27.012627299999966, 0.0 ], [ -100.5153985, 27.012677300000011, 0.0 ], [ -100.5149796, 27.0112373, 0.0 ], [ -100.5146746, 27.0103823, 0.0 ], [ -100.5139206, 27.0097213, 0.0 ], [ -100.5134835, 27.0094953, 0.0 ], [ -100.5140526, 27.0071233, 0.0 ], [ -100.5140836, 27.006993300000023, 0.0 ], [ -100.5148456, 27.003818299999974, 0.0 ], [ -100.5182356, 27.003966299999984, 0.0 ], [ -100.5194265, 27.017553300000017, 0.0 ], [ -100.5188126, 27.0174643, 0.0 ], [ -100.5184636, 27.0172883, 0.0 ], [ -100.5180446, 27.016887300000011, 0.0 ], [ -100.5175005, 27.016034300000015, 0.0 ], [ -100.5169546, 27.0150263, 0.0 ], [ -100.5166676, 27.014551300000015, 0.0 ], [ -100.5163846, 27.014268299999973, 0.0 ], [ -100.5160346, 27.013974300000015, 0.0 ], [ -100.5155945, 27.013012299999978, 0.0 ] ] ] ] } },
{ "type": "Feature", "properties": { "CLAVE": "SNL-LAM-006-1 ?", "PROPIETARIO": "Fermin Hernandez Peña", "SEGMENTO": "18", "ESTRUCTURA": "DDV Troncal", "TIPO DE PROPIEDAD": "Privada", "EJIDO": null, "KM INICIO": 274.20047, "KM FIN": 274.54949, "KM LINEALES": 0.34902, "KM EFECTIVOS": 0.34902, "M2": 2131.163, "IDENTIFICACION": true, "ESTATUS": "NO LIBERADO", "ANUENCIA": false, "LEVANTAMIENTO": "NO", "NEGOCIACION": false, "C.O.P": "NO", "OBSERVACIONES": null, "PROYECTO": "TSN", "ESTADO": "Nuevo León", "MUNICIPIO": "Lampazos de Naranjo ", "NUEVO": "NO" }, "geometry": { "type": "MultiPolygon", "coordinates": [ [ [ [ -100.518592, 27.004002, 0.0 ], [ -100.518193, 26.997646, 0.0 ], [ -100.519428, 26.997872, 0.0 ], [ -100.523498776883628, 26.998636493978189, 0.0 ], [ -100.522111181354006, 27.00309243533599, 0.0 ], [ -100.521798011998001, 27.004098054130388, 0.0 ], [ -100.518636285983007, 27.003962958205104, 0.0 ], [ -100.518639855733753, 27.004004090896281, 0.0 ], [ -100.518592, 27.004002, 0.0 ] ] ], [ [ [ -100.516552, 26.997333, 0.0 ], [ -100.51765, 26.997558, 0.0 ], [ -100.518214, 27.003986, 0.0 ], [ -100.514824, 27.003838, 0.0 ], [ -100.51601, 26.9989, 0.0 ], [ -100.516106, 26.998894, 0.0 ], [ -100.516552, 26.997333, 0.0 ] ] ] ] } },
{ "type": "Feature", "properties": { "CLAVE": "SNL-LAM-009-6", "PROPIETARIO": "Capetillo Vergara Juan Héctor", "SEGMENTO": "18", "ESTRUCTURA": null, "TIPO DE PROPIEDAD": null, "EJIDO": null, "KM INICIO": null, "KM FIN": null, "KM LINEALES": null, "KM EFECTIVOS": null, "M2": null, "IDENTIFICACION": false, "ESTATUS": "NO LIBERADO", "ANUENCIA": false, "LEVANTAMIENTO": "NO", "NEGOCIACION": false, "C.O.P": "NO", "OBSERVACIONES": null, "PROYECTO": "TSN", "ESTADO": "Nuevo León", "MUNICIPIO": "Lampazos de Naranjo ", "NUEVO": "NO" }, "geometry": { "type": "MultiPolygon", "coordinates": [ [ [ [ -100.509602, 27.043789, 0.0 ], [ -100.507433, 27.043093, 0.0 ], [ -100.508377, 27.040823, 0.0 ], [ -100.509621, 27.041382, 0.0 ], [ -100.510952, 27.041541, 0.0 ], [ -100.509602, 27.043789, 0.0 ] ] ] ] } },
{ "type": "Feature", "properties": { "CLAVE": "ND-18", "PROPIETARIO": "Chavez Valdez Juan José", "SEGMENTO": "18", "ESTRUCTURA": "DDV Troncal", "TIPO DE PROPIEDAD": "Privada", "EJIDO": null, "KM INICIO": 288.56, "KM FIN": 289.6, "KM LINEALES": 1.38, "KM EFECTIVOS": 1.38, "M2": null, "IDENTIFICACION": false, "ESTATUS": "NO LIBERADO", "ANUENCIA": false, "LEVANTAMIENTO": "NO", "NEGOCIACION": false, "C.O.P": "NO", "OBSERVACIONES": "ND", "PROYECTO": "TSN", "ESTADO": "Nuevo León", "MUNICIPIO": "Lampazos de Naranjo ", "NUEVO": "NO" }, "geometry": { "type": "MultiPolygon", "coordinates": [ [ [ [ -100.443488, 27.097516, 0.0 ], [ -100.402365, 27.033272, 0.0 ], [ -100.402266, 27.033118, 0.0 ], [ -100.403639, 27.031261, 0.0 ], [ -100.403815, 27.031291, 0.0 ], [ -100.40854, 27.032077, 0.0 ], [ -100.40894, 27.032144, 0.0 ], [ -100.415347, 27.03321, 0.0 ], [ -100.416229, 27.034675, 0.0 ], [ -100.418801, 27.039061, 0.0 ], [ -100.421304, 27.04329, 0.0 ], [ -100.423387, 27.046711, 0.0 ], [ -100.439117, 27.07315, 0.0 ], [ -100.442067, 27.070479, 0.0 ], [ -100.44683, 27.078356, 0.0 ], [ -100.456212, 27.092145, 0.0 ], [ -100.443493, 27.097523, 0.0 ], [ -100.443488, 27.097516, 0.0 ] ] ] ] } },
{ "type": "Feature", "properties": { "CLAVE": "ND-04", "PROPIETARIO": "Cazares Elizondo de Quiroga Humbertina y Cops", "SEGMENTO": "18", "ESTRUCTURA": "DDV Troncal", "TIPO DE PROPIEDAD": "Privada", "EJIDO": null, "KM INICIO": 262.4, "KM FIN": 266.8, "KM LINEALES": 4.4, "KM EFECTIVOS": 4.4, "M2": 21827.93, "IDENTIFICACION": true, "ESTATUS": "NO LIBERADO", "ANUENCIA": true, "LEVANTAMIENTO": "NO", "NEGOCIACION": false, "C.O.P": "NO", "OBSERVACIONES": "Recopilación Expediente SEDATU/RAN", "PROYECTO": "TSN", "ESTADO": "Nuevo León", "MUNICIPIO": "Lampazos de Naranjo ", "NUEVO": "NO" }, "geometry": { "type": "MultiPolygon", "coordinates": [ [ [ [ -100.463234, 26.91212, 0.0 ], [ -100.40205, 26.901286, 0.0 ], [ -100.383387, 26.866554, 0.0 ], [ -100.496888, 26.879891, 0.0 ], [ -100.501034, 26.918899, 0.0 ], [ -100.497019, 26.918201, 0.0 ], [ -100.485891, 26.916185, 0.0 ], [ -100.473302, 26.913908, 0.0 ], [ -100.466283719566945, 26.912661679473604, 0.0 ], [ -100.463280898712995, 26.91211964525597, 0.0 ], [ -100.463288231682384, 26.912129632973702, 0.0 ], [ -100.463234, 26.91212, 0.0 ] ] ], [ [ [ -100.497655, 26.879798, 0.0 ], [ -100.507916, 26.880849, 0.0 ], [ -100.509456, 26.899844, 0.0 ], [ -100.510494, 26.912724, 0.0 ], [ -100.511163, 26.92067, 0.0 ], [ -100.501696, 26.919028, 0.0 ], [ -100.497655, 26.879798, 0.0 ] ] ] ] } },
{ "type": "Feature", "properties": { "CLAVE": "SNL-LAM-006-5-GS", "PROPIETARIO": "Desconocido", "SEGMENTO": "18", "ESTRUCTURA": null, "TIPO DE PROPIEDAD": null, "EJIDO": null, "KM INICIO": null, "KM FIN": null, "KM LINEALES": null, "KM EFECTIVOS": null, "M2": null, "IDENTIFICACION": false, "ESTATUS": "NO LIBERADO", "ANUENCIA": false, "LEVANTAMIENTO": "NO", "NEGOCIACION": false, "C.O.P": "NO", "OBSERVACIONES": null, "PROYECTO": "TSN", "ESTADO": "Nuevo León", "MUNICIPIO": "Lampazos de Naranjo ", "NUEVO": "NO" }, "geometry": { "type": "MultiPolygon", "coordinates": [ [ [ [ -100.5198689, 27.021973299999964, 0.0 ], [ -100.5189676, 27.0219542, 0.0 ], [ -100.5190535, 27.0215193, 0.0 ], [ -100.5198099, 27.021538500000013, 0.0 ], [ -100.5198689, 27.021973299999964, 0.0 ] ] ] ] } },
{ "type": "Feature", "properties": { "CLAVE": "SNL-LAM-006-6-GS", "PROPIETARIO": "Desconocido", "SEGMENTO": "18", "ESTRUCTURA": null, "TIPO DE PROPIEDAD": null, "EJIDO": null, "KM INICIO": null, "KM FIN": null, "KM LINEALES": null, "KM EFECTIVOS": null, "M2": null, "IDENTIFICACION": false, "ESTATUS": "NO LIBERADO", "ANUENCIA": false, "LEVANTAMIENTO": "NO", "NEGOCIACION": false, "C.O.P": "NO", "OBSERVACIONES": null, "PROYECTO": "TSN", "ESTADO": "Nuevo León", "MUNICIPIO": "Lampazos de Naranjo ", "NUEVO": "NO" }, "geometry": { "type": "MultiPolygon", "coordinates": [ [ [ [ -100.5198742, 27.0224417, 0.0 ], [ -100.5188979, 27.02244640000001, 0.0 ], [ -100.5189837, 27.0220307, 0.0 ], [ -100.5198367, 27.0220307, 0.0 ], [ -100.5198742, 27.0224417, 0.0 ] ] ] ] } },
{ "type": "Feature", "properties": { "CLAVE": "SNL-LAM-006-7-GS", "PROPIETARIO": "Desconocido", "SEGMENTO": "18", "ESTRUCTURA": null, "TIPO DE PROPIEDAD": null, "EJIDO": null, "KM INICIO": null, "KM FIN": null, "KM LINEALES": null, "KM EFECTIVOS": null, "M2": null, "IDENTIFICACION": false, "ESTATUS": "NO LIBERADO", "ANUENCIA": false, "LEVANTAMIENTO": "NO", "NEGOCIACION": false, "C.O.P": "NO", "OBSERVACIONES": null, "PROYECTO": "TSN", "ESTADO": "Nuevo León", "MUNICIPIO": "Lampazos de Naranjo ", "NUEVO": "NO" }, "geometry": { "type": "MultiPolygon", "coordinates": [ [ [ [ -100.5199064, 27.022911499999953, 0.0 ], [ -100.518796, 27.0229067, 0.0 ], [ -100.5188925, 27.022490899999969, 0.0 ], [ -100.5198742, 27.0224814, 0.0 ], [ -100.5199064, 27.022911499999953, 0.0 ] ] ] ] } },
{ "type": "Feature", "properties": { "CLAVE": "SNL-LAM-006-9-GS", "PROPIETARIO": "Desconocido", "SEGMENTO": "18", "ESTRUCTURA": null, "TIPO DE PROPIEDAD": null, "EJIDO": null, "KM INICIO": null, "KM FIN": null, "KM LINEALES": null, "KM EFECTIVOS": null, "M2": null, "IDENTIFICACION": false, "ESTATUS": "NO LIBERADO", "ANUENCIA": false, "LEVANTAMIENTO": "NO", "NEGOCIACION": false, "C.O.P": "NO", "OBSERVACIONES": null, "PROYECTO": "TSN", "ESTADO": "Nuevo León", "MUNICIPIO": "Lampazos de Naranjo ", "NUEVO": "NO" }, "geometry": { "type": "MultiPolygon", "coordinates": [ [ [ [ -100.5199222, 27.025473900000016, 0.0 ], [ -100.5184309, 27.025082099999988, 0.0 ], [ -100.518742100000011, 27.023486, 0.0 ], [ -100.5199491, 27.0235195, 0.0 ], [ -100.5200081, 27.0244179, 0.0 ], [ -100.5199222, 27.025473900000016, 0.0 ] ] ] ] } },
{ "type": "Feature", "properties": { "CLAVE": "SNL-LAM-007-3-GS", "PROPIETARIO": "Desconocido", "SEGMENTO": "18", "ESTRUCTURA": null, "TIPO DE PROPIEDAD": null, "EJIDO": null, "KM INICIO": null, "KM FIN": null, "KM LINEALES": null, "KM EFECTIVOS": null, "M2": null, "IDENTIFICACION": false, "ESTATUS": "NO LIBERADO", "ANUENCIA": false, "LEVANTAMIENTO": "NO", "NEGOCIACION": false, "C.O.P": "NO", "OBSERVACIONES": null, "PROYECTO": "TSN", "ESTADO": "Nuevo León", "MUNICIPIO": "Lampazos de Naranjo ", "NUEVO": "NO" }, "geometry": { "type": "MultiPolygon", "coordinates": [ [ [ [ -100.5170591, 27.0315534, 0.0 ], [ -100.5158038, 27.031338399999974, 0.0 ], [ -100.5159326, 27.030616800000011, 0.0 ], [ -100.5173917, 27.030917899999977, 0.0 ], [ -100.5170591, 27.0315534, 0.0 ] ] ] ] } },
{ "type": "Feature", "properties": { "CLAVE": "SNL-LAM-009-4-GS", "PROPIETARIO": "Desconocido", "SEGMENTO": "18", "ESTRUCTURA": null, "TIPO DE PROPIEDAD": null, "EJIDO": null, "KM INICIO": null, "KM FIN": null, "KM LINEALES": null, "KM EFECTIVOS": null, "M2": null, "IDENTIFICACION": false, "ESTATUS": "NO LIBERADO", "ANUENCIA": false, "LEVANTAMIENTO": "NO", "NEGOCIACION": false, "C.O.P": "NO", "OBSERVACIONES": null, "PROYECTO": "TSN", "ESTADO": "Nuevo León", "MUNICIPIO": "Lampazos de Naranjo ", "NUEVO": "NO" }, "geometry": { "type": "MultiPolygon", "coordinates": [ [ [ [ -100.5131315, 27.038121900000057, 0.0 ], [ -100.5116885, 27.040296, 0.0 ], [ -100.5104118, 27.040124, 0.0 ], [ -100.50882390000001, 27.039808600000018, 0.0 ], [ -100.5089634, 27.037582, 0.0 ], [ -100.5126005, 27.0374291, 0.0 ], [ -100.5126005, 27.0381267, 0.0 ], [ -100.5131315, 27.038121900000057, 0.0 ] ] ] ] } },
{ "type": "Feature", "properties": { "CLAVE": "SNL-LAM-009-5-GS", "PROPIETARIO": "Desconocido", "SEGMENTO": "18", "ESTRUCTURA": null, "TIPO DE PROPIEDAD": null, "EJIDO": null, "KM INICIO": null, "KM FIN": null, "KM LINEALES": null, "KM EFECTIVOS": null, "M2": null, "IDENTIFICACION": false, "ESTATUS": "NO LIBERADO", "ANUENCIA": false, "LEVANTAMIENTO": "NO", "NEGOCIACION": false, "C.O.P": "NO", "OBSERVACIONES": null, "PROYECTO": "TSN", "ESTADO": "Nuevo León", "MUNICIPIO": "Lampazos de Naranjo ", "NUEVO": "NO" }, "geometry": { "type": "MultiPolygon", "coordinates": [ [ [ [ -100.5116414, 27.040339599999974, 0.0 ], [ -100.510952, 27.041541, 0.0 ], [ -100.5096566, 27.0413621, 0.0 ], [ -100.5084496, 27.040826899999988, 0.0 ], [ -100.50875, 27.04049250000001, 0.0 ], [ -100.5088627, 27.0398713, 0.0 ], [ -100.5116414, 27.040339599999974, 0.0 ] ] ] ] } },
{ "type": "Feature", "properties": { "CLAVE": "SNL-LAM-009-7-GS", "PROPIETARIO": "Desconocido", "SEGMENTO": "18", "ESTRUCTURA": null, "TIPO DE PROPIEDAD": null, "EJIDO": null, "KM INICIO": null, "KM FIN": null, "KM LINEALES": null, "KM EFECTIVOS": null, "M2": null, "IDENTIFICACION": false, "ESTATUS": "NO LIBERADO", "ANUENCIA": false, "LEVANTAMIENTO": "NO", "NEGOCIACION": false, "C.O.P": "NO", "OBSERVACIONES": null, "PROYECTO": "TSN", "ESTADO": "Nuevo León", "MUNICIPIO": "Lampazos de Naranjo ", "NUEVO": "NO" }, "geometry": { "type": "MultiPolygon", "coordinates": [ [ [ [ -100.5096163, 27.0438372, 0.0 ], [ -100.508581, 27.045542800000014, 0.0 ], [ -100.5078622, 27.045370800000018, 0.0 ], [ -100.5078729, 27.0451797, 0.0 ], [ -100.5077871, 27.044854799999985, 0.0 ], [ -100.5076583, 27.044539499999981, 0.0 ], [ -100.5074867, 27.0442528, 0.0 ], [ -100.5073418, 27.0439566, 0.0 ], [ -100.507315, 27.0436317, 0.0 ], [ -100.5074813, 27.0431539, 0.0 ], [ -100.5096163, 27.0438372, 0.0 ] ] ] ] } },
{ "type": "Feature", "properties": { "CLAVE": "SNL-LAM-009-8-GS", "PROPIETARIO": "Desconocido", "SEGMENTO": "18", "ESTRUCTURA": null, "TIPO DE PROPIEDAD": null, "EJIDO": null, "KM INICIO": null, "KM FIN": null, "KM LINEALES": null, "KM EFECTIVOS": null, "M2": null, "IDENTIFICACION": false, "ESTATUS": "NO LIBERADO", "ANUENCIA": false, "LEVANTAMIENTO": "NO", "NEGOCIACION": false, "C.O.P": "NO", "OBSERVACIONES": null, "PROYECTO": "TSN", "ESTADO": "Nuevo León", "MUNICIPIO": "Lampazos de Naranjo ", "NUEVO": "NO" }, "geometry": { "type": "MultiPolygon", "coordinates": [ [ [ [ -100.5096163, 27.0438372, 0.0 ], [ -100.508581, 27.045542800000014, 0.0 ], [ -100.5078622, 27.045370800000018, 0.0 ], [ -100.5078729, 27.0451797, 0.0 ], [ -100.5077871, 27.044854799999985, 0.0 ], [ -100.5076583, 27.044539499999981, 0.0 ], [ -100.5074867, 27.0442528, 0.0 ], [ -100.5073418, 27.0439566, 0.0 ], [ -100.507315, 27.0436317, 0.0 ], [ -100.5074813, 27.0431539, 0.0 ], [ -100.5096163, 27.0438372, 0.0 ] ] ] ] } },
{ "type": "Feature", "properties": { "CLAVE": "SNL-LAM-009-9-GS", "PROPIETARIO": "Desconocido", "SEGMENTO": "18", "ESTRUCTURA": null, "TIPO DE PROPIEDAD": null, "EJIDO": null, "KM INICIO": null, "KM FIN": null, "KM LINEALES": null, "KM EFECTIVOS": null, "M2": null, "IDENTIFICACION": false, "ESTATUS": "NO LIBERADO", "ANUENCIA": false, "LEVANTAMIENTO": "NO", "NEGOCIACION": false, "C.O.P": "NO", "OBSERVACIONES": null, "PROYECTO": "TSN", "ESTADO": "Nuevo León", "MUNICIPIO": "Lampazos de Naranjo ", "NUEVO": "NO" }, "geometry": { "type": "MultiPolygon", "coordinates": [ [ [ [ -100.508581, 27.045542800000014, 0.0 ], [ -100.5068576, 27.0485088, 0.0 ], [ -100.5074584, 27.045967, 0.0 ], [ -100.5079144, 27.0456565, 0.0 ], [ -100.5078661, 27.0455132, 0.0 ], [ -100.5078622, 27.045370800000018, 0.0 ], [ -100.508581, 27.045542800000014, 0.0 ] ] ] ] } },
{ "type": "Feature", "properties": { "CLAVE": "SNL-LAM-009-11-GS", "PROPIETARIO": "Desconocido", "SEGMENTO": "18", "ESTRUCTURA": null, "TIPO DE PROPIEDAD": null, "EJIDO": null, "KM INICIO": null, "KM FIN": null, "KM LINEALES": null, "KM EFECTIVOS": null, "M2": null, "IDENTIFICACION": false, "ESTATUS": "NO LIBERADO", "ANUENCIA": false, "LEVANTAMIENTO": "NO", "NEGOCIACION": false, "C.O.P": "NO", "OBSERVACIONES": null, "PROYECTO": "TSN", "ESTADO": "Nuevo León", "MUNICIPIO": "Lampazos de Naranjo ", "NUEVO": "NO" }, "geometry": { "type": "MultiPolygon", "coordinates": [ [ [ [ -100.5068105, 27.048472100000033, 0.0 ], [ -100.5056495, 27.0504537, 0.0 ], [ -100.5051171, 27.050200799999978, 0.0 ], [ -100.5047255, 27.05008140000001, 0.0 ], [ -100.504232, 27.0499715, 0.0 ], [ -100.5038511, 27.049847300000014, 0.0 ], [ -100.503776, 27.050028900000015, 0.0 ], [ -100.5033951, 27.0499237, 0.0 ], [ -100.5033522, 27.0497422, 0.0 ], [ -100.5034166, 27.0489682, 0.0 ], [ -100.5036419, 27.0479458, 0.0 ], [ -100.5037438, 27.0480605, 0.0 ], [ -100.5038672, 27.048151200000035, 0.0 ], [ -100.5039101, 27.048242, 0.0 ], [ -100.50387790000002, 27.048485700000047, 0.0 ], [ -100.5040818, 27.048810599999978, 0.0 ], [ -100.5043714, 27.048844, 0.0 ], [ -100.5045967, 27.0487484, 0.0 ], [ -100.5046075, 27.0486195, 0.0 ], [ -100.5047201, 27.048614700000012, 0.0 ], [ -100.5048059, 27.048423599999975, 0.0 ], [ -100.5047469, 27.048289800000024, 0.0 ], [ -100.5049132, 27.0481082, 0.0 ], [ -100.5048579, 27.0477841, 0.0 ], [ -100.5047989, 27.0473254, 0.0 ], [ -100.505201200000016, 27.0470961, 0.0 ], [ -100.5054533, 27.047134300000018, 0.0 ], [ -100.5056518, 27.047163, 0.0 ], [ -100.5057859, 27.047206, 0.0 ], [ -100.5058181, 27.047339799999982, 0.0 ], [ -100.5058503, 27.0473828, 0.0 ], [ -100.5058449, 27.0474974, 0.0 ], [ -100.5060327, 27.0476981, 0.0 ], [ -100.5061185, 27.0478987, 0.0 ], [ -100.5062204, 27.0479752, 0.0 ], [ -100.5062848, 27.048099400000012, 0.0 ], [ -100.5063867, 27.048142400000014, 0.0 ], [ -100.5063921, 27.0483096, 0.0 ], [ -100.5068105, 27.048472100000033, 0.0 ] ] ] ] } },
{ "type": "Feature", "properties": { "CLAVE": "SNL-LAM-009-12-GS", "PROPIETARIO": "Desconocido", "SEGMENTO": "18", "ESTRUCTURA": null, "TIPO DE PROPIEDAD": null, "EJIDO": null, "KM INICIO": null, "KM FIN": null, "KM LINEALES": null, "KM EFECTIVOS": null, "M2": null, "IDENTIFICACION": false, "ESTATUS": "NO LIBERADO", "ANUENCIA": false, "LEVANTAMIENTO": "NO", "NEGOCIACION": false, "C.O.P": "NO", "OBSERVACIONES": null, "PROYECTO": "TSN", "ESTADO": "Nuevo León", "MUNICIPIO": "Lampazos de Naranjo ", "NUEVO": "NO" }, "geometry": { "type": "MultiPolygon", "coordinates": [ [ [ [ -100.5068105, 27.048472100000033, 0.0 ], [ -100.5056495, 27.0504537, 0.0 ], [ -100.5051171, 27.050200799999978, 0.0 ], [ -100.5047255, 27.05008140000001, 0.0 ], [ -100.504232, 27.0499715, 0.0 ], [ -100.5038511, 27.049847300000014, 0.0 ], [ -100.503776, 27.050028900000015, 0.0 ], [ -100.5033951, 27.0499237, 0.0 ], [ -100.5033522, 27.0497422, 0.0 ], [ -100.5034166, 27.0489682, 0.0 ], [ -100.5036419, 27.0479458, 0.0 ], [ -100.5037438, 27.0480605, 0.0 ], [ -100.5038672, 27.048151200000035, 0.0 ], [ -100.5039101, 27.048242, 0.0 ], [ -100.50387790000002, 27.048485700000047, 0.0 ], [ -100.5040818, 27.048810599999978, 0.0 ], [ -100.5043714, 27.048844, 0.0 ], [ -100.5045967, 27.0487484, 0.0 ], [ -100.5046075, 27.0486195, 0.0 ], [ -100.5047201, 27.048614700000012, 0.0 ], [ -100.5048059, 27.048423599999975, 0.0 ], [ -100.5047469, 27.048289800000024, 0.0 ], [ -100.5049132, 27.0481082, 0.0 ], [ -100.5048579, 27.0477841, 0.0 ], [ -100.5047989, 27.0473254, 0.0 ], [ -100.505201200000016, 27.0470961, 0.0 ], [ -100.5054533, 27.047134300000018, 0.0 ], [ -100.5056518, 27.047163, 0.0 ], [ -100.5057859, 27.047206, 0.0 ], [ -100.5058181, 27.047339799999982, 0.0 ], [ -100.5058503, 27.0473828, 0.0 ], [ -100.5058449, 27.0474974, 0.0 ], [ -100.5060327, 27.0476981, 0.0 ], [ -100.5061185, 27.0478987, 0.0 ], [ -100.5062204, 27.0479752, 0.0 ], [ -100.5062848, 27.048099400000012, 0.0 ], [ -100.5063867, 27.048142400000014, 0.0 ], [ -100.5063921, 27.0483096, 0.0 ], [ -100.5068105, 27.048472100000033, 0.0 ] ] ] ] } },
{ "type": "Feature", "properties": { "CLAVE": "SNL-LAM-009-13-GS", "PROPIETARIO": "Desconocido", "SEGMENTO": "18", "ESTRUCTURA": null, "TIPO DE PROPIEDAD": null, "EJIDO": null, "KM INICIO": null, "KM FIN": null, "KM LINEALES": null, "KM EFECTIVOS": null, "M2": null, "IDENTIFICACION": false, "ESTATUS": "NO LIBERADO", "ANUENCIA": false, "LEVANTAMIENTO": "NO", "NEGOCIACION": false, "C.O.P": "NO", "OBSERVACIONES": null, "PROYECTO": "TSN", "ESTADO": "Nuevo León", "MUNICIPIO": "Lampazos de Naranjo ", "NUEVO": "NO" }, "geometry": { "type": "MultiPolygon", "coordinates": [ [ [ [ -100.5055932, 27.0504865, 0.0 ], [ -100.5051318, 27.051217399999988, 0.0 ], [ -100.5032328, 27.0506202, 0.0 ], [ -100.5033884, 27.0499609, 0.0 ], [ -100.5038068, 27.050075599999964, 0.0 ], [ -100.5038765, 27.049894, 0.0 ], [ -100.5042306, 27.0500135, 0.0 ], [ -100.5046597, 27.0501043, 0.0 ], [ -100.50518550000001, 27.050266700000016, 0.0 ], [ -100.5055932, 27.0504865, 0.0 ] ] ] ] } },
{ "type": "Feature", "properties": { "CLAVE": "SNL-LAM-009-14-GS", "PROPIETARIO": "Desconocido", "SEGMENTO": "18", "ESTRUCTURA": null, "TIPO DE PROPIEDAD": null, "EJIDO": null, "KM INICIO": null, "KM FIN": null, "KM LINEALES": null, "KM EFECTIVOS": null, "M2": null, "IDENTIFICACION": false, "ESTATUS": "NO LIBERADO", "ANUENCIA": false, "LEVANTAMIENTO": "NO", "NEGOCIACION": false, "C.O.P": "NO", "OBSERVACIONES": null, "PROYECTO": "TSN", "ESTADO": "Nuevo León", "MUNICIPIO": "Lampazos de Naranjo ", "NUEVO": "NO" }, "geometry": { "type": "MultiPolygon", "coordinates": [ [ [ [ -100.5055932, 27.0504865, 0.0 ], [ -100.5051318, 27.051217399999988, 0.0 ], [ -100.5032328, 27.0506202, 0.0 ], [ -100.5033884, 27.0499609, 0.0 ], [ -100.5038068, 27.050075599999964, 0.0 ], [ -100.5038765, 27.049894, 0.0 ], [ -100.5042306, 27.0500135, 0.0 ], [ -100.5046597, 27.0501043, 0.0 ], [ -100.50518550000001, 27.050266700000016, 0.0 ], [ -100.5055932, 27.0504865, 0.0 ] ] ] ] } },
{ "type": "Feature", "properties": { "CLAVE": "SNL-LAM-011-1-GS", "PROPIETARIO": "Desconocido", "SEGMENTO": "18", "ESTRUCTURA": null, "TIPO DE PROPIEDAD": null, "EJIDO": null, "KM INICIO": null, "KM FIN": null, "KM LINEALES": null, "KM EFECTIVOS": null, "M2": null, "IDENTIFICACION": false, "ESTATUS": "NO LIBERADO", "ANUENCIA": false, "LEVANTAMIENTO": "NO", "NEGOCIACION": false, "C.O.P": "NO", "OBSERVACIONES": null, "PROYECTO": "TSN", "ESTADO": "Nuevo León", "MUNICIPIO": "Lampazos de Naranjo ", "NUEVO": "NO" }, "geometry": { "type": "MultiPolygon", "coordinates": [ [ [ [ -100.4998656, 27.057244299999979, 0.0 ], [ -100.5015929, 27.054444799999963, 0.0 ], [ -100.502899, 27.054828, 0.0 ], [ -100.501213, 27.057653, 0.0 ], [ -100.501190081402115, 27.057646048336228, 0.0 ], [ -100.501191910038997, 27.057643037418593, 0.0 ], [ -100.501139377439699, 27.057630668807786, 0.0 ], [ -100.4998656, 27.057244299999979, 0.0 ] ] ] ] } },
{ "type": "Feature", "properties": { "CLAVE": "SNL-LAM-011-2-GS", "PROPIETARIO": "Desconocido", "SEGMENTO": "18", "ESTRUCTURA": null, "TIPO DE PROPIEDAD": null, "EJIDO": null, "KM INICIO": null, "KM FIN": null, "KM LINEALES": null, "KM EFECTIVOS": null, "M2": null, "IDENTIFICACION": false, "ESTATUS": "NO LIBERADO", "ANUENCIA": false, "LEVANTAMIENTO": "NO", "NEGOCIACION": false, "C.O.P": "NO", "OBSERVACIONES": null, "PROYECTO": "TSN", "ESTADO": "Nuevo León", "MUNICIPIO": "Lampazos de Naranjo ", "NUEVO": "NO" }, "geometry": { "type": "MultiPolygon", "coordinates": [ [ [ [ -100.4998656, 27.057244299999979, 0.0 ], [ -100.5015929, 27.054444799999963, 0.0 ], [ -100.502899, 27.054828, 0.0 ], [ -100.501213, 27.057653, 0.0 ], [ -100.501190081402115, 27.057646048336228, 0.0 ], [ -100.501191910038997, 27.057643037418593, 0.0 ], [ -100.501139377439699, 27.057630668807786, 0.0 ], [ -100.4998656, 27.057244299999979, 0.0 ] ] ] ] } },
{ "type": "Feature", "properties": { "CLAVE": "ND-09", "PROPIETARIO": "Desconocido", "SEGMENTO": "18", "ESTRUCTURA": null, "TIPO DE PROPIEDAD": null, "EJIDO": null, "KM INICIO": null, "KM FIN": null, "KM LINEALES": null, "KM EFECTIVOS": null, "M2": null, "IDENTIFICACION": false, "ESTATUS": "NO LIBERADO", "ANUENCIA": false, "LEVANTAMIENTO": "NO", "NEGOCIACION": false, "C.O.P": "NO", "OBSERVACIONES": null, "PROYECTO": "TSN", "ESTADO": "Nuevo León", "MUNICIPIO": "Lampazos de Naranjo ", "NUEVO": "NO" }, "geometry": { "type": "MultiPolygon", "coordinates": [ [ [ [ -100.496593, 27.065215, 0.0 ], [ -100.496592905543281, 27.065214951982938, 0.0 ], [ -100.496593058409999, 27.065214700320233, 0.0 ], [ -100.496593954204954, 27.065213225567547, 0.0 ], [ -100.496593, 27.065215, 0.0 ] ] ] ] } },
{ "type": "Feature", "properties": { "CLAVE": "ND-17", "PROPIETARIO": "Desconocido", "SEGMENTO": "18", "ESTRUCTURA": null, "TIPO DE PROPIEDAD": null, "EJIDO": null, "KM INICIO": null, "KM FIN": null, "KM LINEALES": null, "KM EFECTIVOS": null, "M2": null, "IDENTIFICACION": false, "ESTATUS": "NO LIBERADO", "ANUENCIA": false, "LEVANTAMIENTO": "NO", "NEGOCIACION": false, "C.O.P": "NO", "OBSERVACIONES": null, "PROYECTO": "TSN", "ESTADO": "Nuevo León", "MUNICIPIO": "Lampazos de Naranjo ", "NUEVO": "NO" }, "geometry": { "type": "MultiPolygon", "coordinates": [ [ [ [ -100.496593, 27.065215, 0.0 ], [ -100.496590601176166, 27.065218745635779, 0.0 ], [ -100.496592904951356, 27.065214952957408, 0.0 ], [ -100.496593, 27.065215, 0.0 ] ] ] ] } },
{ "type": "Feature", "properties": { "CLAVE": "ND-38", "PROPIETARIO": "Ejido Dolores", "SEGMENTO": "18", "ESTRUCTURA": "DDV Troncal", "TIPO DE PROPIEDAD": "Social", "EJIDO": "Ejido Dolores", "KM INICIO": 285.11, "KM FIN": 286.73, "KM LINEALES": 1.61, "KM EFECTIVOS": 1.61, "M2": 6306.82, "IDENTIFICACION": true, "ESTATUS": "LIBERADO", "ANUENCIA": true, "LEVANTAMIENTO": "SI", "NEGOCIACION": true, "C.O.P": "SI", "OBSERVACIONES": null, "PROYECTO": "TSN", "ESTADO": "Nuevo León", "MUNICIPIO": "Lampazos de Naranjo ", "NUEVO": "NO" }, "geometry": { "type": "MultiPolygon", "coordinates": [ [ [ [ -100.485631, 27.076033, 0.0 ], [ -100.4767449, 27.0832351, 0.0 ], [ -100.4750712, 27.084648899999987, 0.0 ], [ -100.4719384, 27.0760897, 0.0 ], [ -100.4790975, 27.0653285, 0.0 ], [ -100.485631, 27.076033, 0.0 ] ] ] ] } },
{ "type": "Feature", "properties": { "CLAVE": "ND-16", "PROPIETARIO": "Ejido Dolores", "SEGMENTO": "18", "ESTRUCTURA": "DDV Troncal", "TIPO DE PROPIEDAD": "Social", "EJIDO": "Ejido Dolores", "KM INICIO": 287.0, "KM FIN": 287.22, "KM LINEALES": 0.217, "KM EFECTIVOS": 0.217, "M2": 283.031, "IDENTIFICACION": true, "ESTATUS": "NO LIBERADO", "ANUENCIA": false, "LEVANTAMIENTO": "SI", "NEGOCIACION": true, "C.O.P": "NO", "OBSERVACIONES": null, "PROYECTO": "TSN", "ESTADO": "Nuevo León", "MUNICIPIO": "Lampazos de Naranjo ", "NUEVO": "NO" }, "geometry": { "type": "MultiPolygon", "coordinates": [ [ [ [ -100.4750712, 27.084648899999987, 0.0 ], [ -100.46881, 27.08719, 0.0 ], [ -100.4682278, 27.081037199999983, 0.0 ], [ -100.4717683, 27.076127099999979, 0.0 ], [ -100.4750712, 27.084648899999987, 0.0 ] ] ] ] } },
{ "type": "Feature", "properties": { "CLAVE": "ND-15", "PROPIETARIO": "Ejido Dolores", "SEGMENTO": "18", "ESTRUCTURA": null, "TIPO DE PROPIEDAD": null, "EJIDO": null, "KM INICIO": 288.0, "KM FIN": 288.57, "KM LINEALES": 0.56, "KM EFECTIVOS": 0.56, "M2": 191.78, "IDENTIFICACION": true, "ESTATUS": "NO LIBERADO", "ANUENCIA": false, "LEVANTAMIENTO": "SI", "NEGOCIACION": true, "C.O.P": "NO", "OBSERVACIONES": null, "PROYECTO": "TSN", "ESTADO": "Nuevo León", "MUNICIPIO": "Lampazos de Naranjo ", "NUEVO": "NO" }, "geometry": { "type": "MultiPolygon", "coordinates": [ [ [ [ -100.4631475, 27.087665600000019, 0.0 ], [ -100.4612485, 27.090407, 0.0 ], [ -100.4600254, 27.0909133, 0.0 ], [ -100.4571179, 27.0865767, 0.0 ], [ -100.4496429, 27.075771, 0.0 ], [ -100.4520247, 27.073249, 0.0 ], [ -100.4548571, 27.075771, 0.0 ], [ -100.4561016, 27.076191300000012, 0.0 ], [ -100.4576037, 27.077452300000033, 0.0 ], [ -100.4607365, 27.08291640000002, 0.0 ], [ -100.4608652, 27.084483, 0.0 ], [ -100.4631475, 27.087665600000019, 0.0 ] ] ] ] } },
{ "type": "Feature", "properties": { "CLAVE": "ND-14", "PROPIETARIO": "Ejido Dolores", "SEGMENTO": "18", "ESTRUCTURA": null, "TIPO DE PROPIEDAD": null, "EJIDO": null, "KM INICIO": 288.21, "KM FIN": 288.3, "KM LINEALES": 0.084, "KM EFECTIVOS": 0.084, "M2": 11.49, "IDENTIFICACION": true, "ESTATUS": "NO LIBERADO", "ANUENCIA": false, "LEVANTAMIENTO": "SI", "NEGOCIACION": true, "C.O.P": "NO", "OBSERVACIONES": null, "PROYECTO": "TSN", "ESTADO": "Nuevo León", "MUNICIPIO": "Lampazos de Naranjo ", "NUEVO": "NO" }, "geometry": { "type": "MultiPolygon", "coordinates": [ [ [ [ -100.4600254, 27.0909133, 0.0 ], [ -100.4583225, 27.091589700000011, 0.0 ], [ -100.4482976, 27.077007299999973, 0.0 ], [ -100.4494348, 27.0758991, 0.0 ], [ -100.4600254, 27.0909133, 0.0 ] ] ] ] } },
{ "type": "Feature", "properties": { "CLAVE": "SNL-LAM-016-7-GS", "PROPIETARIO": "Desconocido", "SEGMENTO": "18", "ESTRUCTURA": null, "TIPO DE PROPIEDAD": null, "EJIDO": null, "KM INICIO": null, "KM FIN": null, "KM LINEALES": null, "KM EFECTIVOS": null, "M2": null, "IDENTIFICACION": false, "ESTATUS": "NO LIBERADO", "ANUENCIA": false, "LEVANTAMIENTO": "NO", "NEGOCIACION": false, "C.O.P": "NO", "OBSERVACIONES": null, "PROYECTO": "TSN", "ESTADO": "Nuevo León", "MUNICIPIO": "Lampazos de Naranjo ", "NUEVO": "NO" }, "geometry": { "type": "MultiPolygon", "coordinates": [ [ [ [ -100.395257, 27.117831, 0.0 ], [ -100.3792843, 27.1247338, 0.0 ], [ -100.353872, 27.086123, 0.0 ], [ -100.3666929, 27.075950699999979, 0.0 ], [ -100.395257, 27.117831, 0.0 ] ] ] ] } },
{ "type": "Feature", "properties": { "CLAVE": "SNL-LAM-016-8-GS", "PROPIETARIO": "Desconocido", "SEGMENTO": "18", "ESTRUCTURA": null, "TIPO DE PROPIEDAD": null, "EJIDO": null, "KM INICIO": null, "KM FIN": null, "KM LINEALES": null, "KM EFECTIVOS": null, "M2": null, "IDENTIFICACION": false, "ESTATUS": "NO LIBERADO", "ANUENCIA": false, "LEVANTAMIENTO": "NO", "NEGOCIACION": false, "C.O.P": "NO", "OBSERVACIONES": null, "PROYECTO": "TSN", "ESTADO": "Nuevo León", "MUNICIPIO": "Lampazos de Naranjo ", "NUEVO": "NO" }, "geometry": { "type": "MultiPolygon", "coordinates": [ [ [ [ -100.395257, 27.117831, 0.0 ], [ -100.3792843, 27.1247338, 0.0 ], [ -100.353872, 27.086123, 0.0 ], [ -100.3666929, 27.075950699999979, 0.0 ], [ -100.395257, 27.117831, 0.0 ] ] ] ] } },
{ "type": "Feature", "properties": { "CLAVE": "SNL-LAM-016-9-GS", "PROPIETARIO": "Desconocido", "SEGMENTO": "18", "ESTRUCTURA": null, "TIPO DE PROPIEDAD": null, "EJIDO": null, "KM INICIO": null, "KM FIN": null, "KM LINEALES": null, "KM EFECTIVOS": null, "M2": null, "IDENTIFICACION": false, "ESTATUS": "NO LIBERADO", "ANUENCIA": false, "LEVANTAMIENTO": "NO", "NEGOCIACION": false, "C.O.P": "NO", "OBSERVACIONES": null, "PROYECTO": "TSN", "ESTADO": "Nuevo León", "MUNICIPIO": "Lampazos de Naranjo ", "NUEVO": "NO" }, "geometry": { "type": "MultiPolygon", "coordinates": [ [ [ [ -100.395257, 27.117831, 0.0 ], [ -100.3792843, 27.1247338, 0.0 ], [ -100.353872, 27.086123, 0.0 ], [ -100.3666929, 27.075950699999979, 0.0 ], [ -100.395257, 27.117831, 0.0 ] ] ] ] } },
{ "type": "Feature", "properties": { "CLAVE": "SNL-LAM-017-1-GS", "PROPIETARIO": "Desconocido", "SEGMENTO": "18", "ESTRUCTURA": null, "TIPO DE PROPIEDAD": null, "EJIDO": null, "KM INICIO": null, "KM FIN": null, "KM LINEALES": null, "KM EFECTIVOS": null, "M2": null, "IDENTIFICACION": false, "ESTATUS": "NO LIBERADO", "ANUENCIA": false, "LEVANTAMIENTO": "NO", "NEGOCIACION": false, "C.O.P": "NO", "OBSERVACIONES": null, "PROYECTO": "TSN", "ESTADO": "Nuevo León", "MUNICIPIO": "Lampazos de Naranjo ", "NUEVO": "NO" }, "geometry": { "type": "MultiPolygon", "coordinates": [ [ [ [ -100.361509, 27.132285, 0.0 ], [ -100.321714, 27.148920400000019, 0.0 ], [ -100.310041, 27.1557175, 0.0 ], [ -100.300428, 27.137387300000015, 0.0 ], [ -100.2950206, 27.1272281, 0.0 ], [ -100.3354469, 27.0987313, 0.0 ], [ -100.361509, 27.132285, 0.0 ] ] ] ] } },
{ "type": "Feature", "properties": { "CLAVE": "SNL-LAM-017-2-GS", "PROPIETARIO": "Desconocido", "SEGMENTO": "18", "ESTRUCTURA": null, "TIPO DE PROPIEDAD": null, "EJIDO": null, "KM INICIO": null, "KM FIN": null, "KM LINEALES": null, "KM EFECTIVOS": null, "M2": null, "IDENTIFICACION": false, "ESTATUS": "NO LIBERADO", "ANUENCIA": false, "LEVANTAMIENTO": "NO", "NEGOCIACION": false, "C.O.P": "NO", "OBSERVACIONES": null, "PROYECTO": "TSN", "ESTADO": "Nuevo León", "MUNICIPIO": "Lampazos de Naranjo ", "NUEVO": "NO" }, "geometry": { "type": "MultiPolygon", "coordinates": [ [ [ [ -100.361509, 27.132285, 0.0 ], [ -100.321714, 27.148920400000019, 0.0 ], [ -100.310041, 27.1557175, 0.0 ], [ -100.300428, 27.137387300000015, 0.0 ], [ -100.2950206, 27.1272281, 0.0 ], [ -100.3354469, 27.0987313, 0.0 ], [ -100.361509, 27.132285, 0.0 ] ] ] ] } },
{ "type": "Feature", "properties": { "CLAVE": "SNL-LAM-017-3-GS", "PROPIETARIO": "Desconocido", "SEGMENTO": "18", "ESTRUCTURA": null, "TIPO DE PROPIEDAD": null, "EJIDO": null, "KM INICIO": null, "KM FIN": null, "KM LINEALES": null, "KM EFECTIVOS": null, "M2": null, "IDENTIFICACION": false, "ESTATUS": "NO LIBERADO", "ANUENCIA": false, "LEVANTAMIENTO": "NO", "NEGOCIACION": false, "C.O.P": "NO", "OBSERVACIONES": null, "PROYECTO": "TSN", "ESTADO": "Nuevo León", "MUNICIPIO": "Lampazos de Naranjo ", "NUEVO": "NO" }, "geometry": { "type": "MultiPolygon", "coordinates": [ [ [ [ -100.361509, 27.132285, 0.0 ], [ -100.321714, 27.148920400000019, 0.0 ], [ -100.310041, 27.1557175, 0.0 ], [ -100.300428, 27.137387300000015, 0.0 ], [ -100.2950206, 27.1272281, 0.0 ], [ -100.3354469, 27.0987313, 0.0 ], [ -100.361509, 27.132285, 0.0 ] ] ] ] } },
{ "type": "Feature", "properties": { "CLAVE": "SNL-LAM-017-4-GS", "PROPIETARIO": "Desconocido", "SEGMENTO": "18", "ESTRUCTURA": null, "TIPO DE PROPIEDAD": null, "EJIDO": null, "KM INICIO": null, "KM FIN": null, "KM LINEALES": null, "KM EFECTIVOS": null, "M2": null, "IDENTIFICACION": false, "ESTATUS": "NO LIBERADO", "ANUENCIA": false, "LEVANTAMIENTO": "NO", "NEGOCIACION": false, "C.O.P": "NO", "OBSERVACIONES": null, "PROYECTO": "TSN", "ESTADO": "Nuevo León", "MUNICIPIO": "Lampazos de Naranjo ", "NUEVO": "NO" }, "geometry": { "type": "MultiPolygon", "coordinates": [ [ [ [ -100.361509, 27.132285, 0.0 ], [ -100.321714, 27.148920400000019, 0.0 ], [ -100.310041, 27.1557175, 0.0 ], [ -100.300428, 27.137387300000015, 0.0 ], [ -100.2950206, 27.1272281, 0.0 ], [ -100.3354469, 27.0987313, 0.0 ], [ -100.361509, 27.132285, 0.0 ] ] ] ] } },
{ "type": "Feature", "properties": { "CLAVE": "SNL-LAM-017-5-GS", "PROPIETARIO": "Desconocido", "SEGMENTO": "18", "ESTRUCTURA": null, "TIPO DE PROPIEDAD": null, "EJIDO": null, "KM INICIO": null, "KM FIN": null, "KM LINEALES": null, "KM EFECTIVOS": null, "M2": null, "IDENTIFICACION": false, "ESTATUS": "NO LIBERADO", "ANUENCIA": false, "LEVANTAMIENTO": "NO", "NEGOCIACION": false, "C.O.P": "NO", "OBSERVACIONES": null, "PROYECTO": "TSN", "ESTADO": "Nuevo León", "MUNICIPIO": "Lampazos de Naranjo ", "NUEVO": "NO" }, "geometry": { "type": "MultiPolygon", "coordinates": [ [ [ [ -100.361509, 27.132285, 0.0 ], [ -100.321714, 27.148920400000019, 0.0 ], [ -100.310041, 27.1557175, 0.0 ], [ -100.300428, 27.137387300000015, 0.0 ], [ -100.2950206, 27.1272281, 0.0 ], [ -100.3354469, 27.0987313, 0.0 ], [ -100.361509, 27.132285, 0.0 ] ] ] ] } },
{ "type": "Feature", "properties": { "CLAVE": "SNL-LAM-017-6-GS", "PROPIETARIO": "Desconocido", "SEGMENTO": "18", "ESTRUCTURA": null, "TIPO DE PROPIEDAD": null, "EJIDO": null, "KM INICIO": null, "KM FIN": null, "KM LINEALES": null, "KM EFECTIVOS": null, "M2": null, "IDENTIFICACION": false, "ESTATUS": "NO LIBERADO", "ANUENCIA": false, "LEVANTAMIENTO": "NO", "NEGOCIACION": false, "C.O.P": "NO", "OBSERVACIONES": null, "PROYECTO": "TSN", "ESTADO": "Nuevo León", "MUNICIPIO": "Lampazos de Naranjo ", "NUEVO": "NO" }, "geometry": { "type": "MultiPolygon", "coordinates": [ [ [ [ -100.361509, 27.132285, 0.0 ], [ -100.321714, 27.148920400000019, 0.0 ], [ -100.310041, 27.1557175, 0.0 ], [ -100.300428, 27.137387300000015, 0.0 ], [ -100.2950206, 27.1272281, 0.0 ], [ -100.3354469, 27.0987313, 0.0 ], [ -100.361509, 27.132285, 0.0 ] ] ] ] } },
{ "type": "Feature", "properties": { "CLAVE": "SNL-LAM-017-7-GS", "PROPIETARIO": "Desconocido", "SEGMENTO": "18", "ESTRUCTURA": null, "TIPO DE PROPIEDAD": null, "EJIDO": null, "KM INICIO": null, "KM FIN": null, "KM LINEALES": null, "KM EFECTIVOS": null, "M2": null, "IDENTIFICACION": false, "ESTATUS": "NO LIBERADO", "ANUENCIA": false, "LEVANTAMIENTO": "NO", "NEGOCIACION": false, "C.O.P": "NO", "OBSERVACIONES": null, "PROYECTO": "TSN", "ESTADO": "Nuevo León", "MUNICIPIO": "Lampazos de Naranjo ", "NUEVO": "NO" }, "geometry": { "type": "MultiPolygon", "coordinates": [ [ [ [ -100.361509, 27.132285, 0.0 ], [ -100.321714, 27.148920400000019, 0.0 ], [ -100.310041, 27.1557175, 0.0 ], [ -100.300428, 27.137387300000015, 0.0 ], [ -100.2950206, 27.1272281, 0.0 ], [ -100.3354469, 27.0987313, 0.0 ], [ -100.361509, 27.132285, 0.0 ] ] ] ] } },
{ "type": "Feature", "properties": { "CLAVE": "SNL-LAM-017-8-GS", "PROPIETARIO": "Desconocido", "SEGMENTO": "18", "ESTRUCTURA": null, "TIPO DE PROPIEDAD": null, "EJIDO": null, "KM INICIO": null, "KM FIN": null, "KM LINEALES": null, "KM EFECTIVOS": null, "M2": null, "IDENTIFICACION": false, "ESTATUS": "NO LIBERADO", "ANUENCIA": false, "LEVANTAMIENTO": "NO", "NEGOCIACION": false, "C.O.P": "NO", "OBSERVACIONES": null, "PROYECTO": "TSN", "ESTADO": "Nuevo León", "MUNICIPIO": "Lampazos de Naranjo ", "NUEVO": "NO" }, "geometry": { "type": "MultiPolygon", "coordinates": [ [ [ [ -100.361509, 27.132285, 0.0 ], [ -100.321714, 27.148920400000019, 0.0 ], [ -100.310041, 27.1557175, 0.0 ], [ -100.300428, 27.137387300000015, 0.0 ], [ -100.2950206, 27.1272281, 0.0 ], [ -100.3354469, 27.0987313, 0.0 ], [ -100.361509, 27.132285, 0.0 ] ] ] ] } },
{ "type": "Feature", "properties": { "CLAVE": "SNL-LAM-017-10-GS", "PROPIETARIO": "Desconocido", "SEGMENTO": "18", "ESTRUCTURA": null, "TIPO DE PROPIEDAD": null, "EJIDO": null, "KM INICIO": null, "KM FIN": null, "KM LINEALES": null, "KM EFECTIVOS": null, "M2": null, "IDENTIFICACION": false, "ESTATUS": "NO LIBERADO", "ANUENCIA": false, "LEVANTAMIENTO": "NO", "NEGOCIACION": false, "C.O.P": "NO", "OBSERVACIONES": null, "PROYECTO": "TSN", "ESTADO": "Nuevo León", "MUNICIPIO": "Lampazos de Naranjo ", "NUEVO": "NO" }, "geometry": { "type": "MultiPolygon", "coordinates": [ [ [ [ -100.361509, 27.132285, 0.0 ], [ -100.321714, 27.148920400000019, 0.0 ], [ -100.310041, 27.1557175, 0.0 ], [ -100.300428, 27.137387300000015, 0.0 ], [ -100.2950206, 27.1272281, 0.0 ], [ -100.3354469, 27.0987313, 0.0 ], [ -100.361509, 27.132285, 0.0 ] ] ] ] } },
{ "type": "Feature", "properties": { "CLAVE": "SNL-LAM-017-11-GS", "PROPIETARIO": "Desconocido", "SEGMENTO": "18", "ESTRUCTURA": null, "TIPO DE PROPIEDAD": null, "EJIDO": null, "KM INICIO": null, "KM FIN": null, "KM LINEALES": null, "KM EFECTIVOS": null, "M2": null, "IDENTIFICACION": false, "ESTATUS": "NO LIBERADO", "ANUENCIA": false, "LEVANTAMIENTO": "NO", "NEGOCIACION": false, "C.O.P": "NO", "OBSERVACIONES": null, "PROYECTO": "TSN", "ESTADO": "Nuevo León", "MUNICIPIO": "Lampazos de Naranjo ", "NUEVO": "NO" }, "geometry": { "type": "MultiPolygon", "coordinates": [ [ [ [ -100.361509, 27.132285, 0.0 ], [ -100.321714, 27.148920400000019, 0.0 ], [ -100.310041, 27.1557175, 0.0 ], [ -100.300428, 27.137387300000015, 0.0 ], [ -100.2950206, 27.1272281, 0.0 ], [ -100.3354469, 27.0987313, 0.0 ], [ -100.361509, 27.132285, 0.0 ] ] ] ] } },
{ "type": "Feature", "properties": { "CLAVE": "SNL-LAM-017-12-GS", "PROPIETARIO": "Desconocido", "SEGMENTO": "18", "ESTRUCTURA": null, "TIPO DE PROPIEDAD": null, "EJIDO": null, "KM INICIO": null, "KM FIN": null, "KM LINEALES": null, "KM EFECTIVOS": null, "M2": null, "IDENTIFICACION": false, "ESTATUS": "NO LIBERADO", "ANUENCIA": false, "LEVANTAMIENTO": "NO", "NEGOCIACION": false, "C.O.P": "NO", "OBSERVACIONES": null, "PROYECTO": "TSN", "ESTADO": "Nuevo León", "MUNICIPIO": "Lampazos de Naranjo ", "NUEVO": "NO" }, "geometry": { "type": "MultiPolygon", "coordinates": [ [ [ [ -100.361509, 27.132285, 0.0 ], [ -100.321714, 27.148920400000019, 0.0 ], [ -100.310041, 27.1557175, 0.0 ], [ -100.300428, 27.137387300000015, 0.0 ], [ -100.2950206, 27.1272281, 0.0 ], [ -100.3354469, 27.0987313, 0.0 ], [ -100.361509, 27.132285, 0.0 ] ] ] ] } },
{ "type": "Feature", "properties": { "CLAVE": "SNL-LAM-017-13-GS", "PROPIETARIO": "Desconocido", "SEGMENTO": "18", "ESTRUCTURA": null, "TIPO DE PROPIEDAD": null, "EJIDO": null, "KM INICIO": null, "KM FIN": null, "KM LINEALES": null, "KM EFECTIVOS": null, "M2": null, "IDENTIFICACION": false, "ESTATUS": "NO LIBERADO", "ANUENCIA": false, "LEVANTAMIENTO": "NO", "NEGOCIACION": false, "C.O.P": "NO", "OBSERVACIONES": null, "PROYECTO": "TSN", "ESTADO": "Nuevo León", "MUNICIPIO": "Lampazos de Naranjo ", "NUEVO": "NO" }, "geometry": { "type": "MultiPolygon", "coordinates": [ [ [ [ -100.361509, 27.132285, 0.0 ], [ -100.321714, 27.148920400000019, 0.0 ], [ -100.310041, 27.1557175, 0.0 ], [ -100.300428, 27.137387300000015, 0.0 ], [ -100.2950206, 27.1272281, 0.0 ], [ -100.3354469, 27.0987313, 0.0 ], [ -100.361509, 27.132285, 0.0 ] ] ] ] } },
{ "type": "Feature", "properties": { "CLAVE": "SNL-LAM-017-14-GS", "PROPIETARIO": "Desconocido", "SEGMENTO": "18", "ESTRUCTURA": null, "TIPO DE PROPIEDAD": null, "EJIDO": null, "KM INICIO": null, "KM FIN": null, "KM LINEALES": null, "KM EFECTIVOS": null, "M2": null, "IDENTIFICACION": false, "ESTATUS": "NO LIBERADO", "ANUENCIA": false, "LEVANTAMIENTO": "NO", "NEGOCIACION": false, "C.O.P": "NO", "OBSERVACIONES": null, "PROYECTO": "TSN", "ESTADO": "Nuevo León", "MUNICIPIO": "Lampazos de Naranjo ", "NUEVO": "NO" }, "geometry": { "type": "MultiPolygon", "coordinates": [ [ [ [ -100.361509, 27.132285, 0.0 ], [ -100.321714, 27.148920400000019, 0.0 ], [ -100.310041, 27.1557175, 0.0 ], [ -100.300428, 27.137387300000015, 0.0 ], [ -100.2950206, 27.1272281, 0.0 ], [ -100.3354469, 27.0987313, 0.0 ], [ -100.361509, 27.132285, 0.0 ] ] ] ] } },
{ "type": "Feature", "properties": { "CLAVE": "SNL-LAM-017-15-GS", "PROPIETARIO": "Desconocido", "SEGMENTO": "18", "ESTRUCTURA": null, "TIPO DE PROPIEDAD": null, "EJIDO": null, "KM INICIO": null, "KM FIN": null, "KM LINEALES": null, "KM EFECTIVOS": null, "M2": null, "IDENTIFICACION": false, "ESTATUS": "NO LIBERADO", "ANUENCIA": false, "LEVANTAMIENTO": "NO", "NEGOCIACION": false, "C.O.P": "NO", "OBSERVACIONES": null, "PROYECTO": "TSN", "ESTADO": "Nuevo León", "MUNICIPIO": "Lampazos de Naranjo ", "NUEVO": "NO" }, "geometry": { "type": "MultiPolygon", "coordinates": [ [ [ [ -100.361509, 27.132285, 0.0 ], [ -100.321714, 27.148920400000019, 0.0 ], [ -100.310041, 27.1557175, 0.0 ], [ -100.300428, 27.137387300000015, 0.0 ], [ -100.2950206, 27.1272281, 0.0 ], [ -100.3354469, 27.0987313, 0.0 ], [ -100.361509, 27.132285, 0.0 ] ] ] ] } },
{ "type": "Feature", "properties": { "CLAVE": "SNL-LAM-017-16-GS", "PROPIETARIO": "Desconocido", "SEGMENTO": "18", "ESTRUCTURA": null, "TIPO DE PROPIEDAD": null, "EJIDO": null, "KM INICIO": null, "KM FIN": null, "KM LINEALES": null, "KM EFECTIVOS": null, "M2": null, "IDENTIFICACION": false, "ESTATUS": "NO LIBERADO", "ANUENCIA": false, "LEVANTAMIENTO": "NO", "NEGOCIACION": false, "C.O.P": "NO", "OBSERVACIONES": null, "PROYECTO": "TSN", "ESTADO": "Nuevo León", "MUNICIPIO": "Lampazos de Naranjo ", "NUEVO": "NO" }, "geometry": { "type": "MultiPolygon", "coordinates": [ [ [ [ -100.361509, 27.132285, 0.0 ], [ -100.321714, 27.148920400000019, 0.0 ], [ -100.310041, 27.1557175, 0.0 ], [ -100.300428, 27.137387300000015, 0.0 ], [ -100.2950206, 27.1272281, 0.0 ], [ -100.3354469, 27.0987313, 0.0 ], [ -100.361509, 27.132285, 0.0 ] ] ] ] } },
{ "type": "Feature", "properties": { "CLAVE": "SNL-LAM-017-17-GS", "PROPIETARIO": "Desconocido", "SEGMENTO": "18", "ESTRUCTURA": null, "TIPO DE PROPIEDAD": null, "EJIDO": null, "KM INICIO": null, "KM FIN": null, "KM LINEALES": null, "KM EFECTIVOS": null, "M2": null, "IDENTIFICACION": false, "ESTATUS": "NO LIBERADO", "ANUENCIA": false, "LEVANTAMIENTO": "NO", "NEGOCIACION": false, "C.O.P": "NO", "OBSERVACIONES": null, "PROYECTO": "TSN", "ESTADO": "Nuevo León", "MUNICIPIO": "Lampazos de Naranjo ", "NUEVO": "NO" }, "geometry": { "type": "MultiPolygon", "coordinates": [ [ [ [ -100.361509, 27.132285, 0.0 ], [ -100.321714, 27.148920400000019, 0.0 ], [ -100.310041, 27.1557175, 0.0 ], [ -100.300428, 27.137387300000015, 0.0 ], [ -100.2950206, 27.1272281, 0.0 ], [ -100.3354469, 27.0987313, 0.0 ], [ -100.361509, 27.132285, 0.0 ] ] ] ] } },
{ "type": "Feature", "properties": { "CLAVE": "SNL-LAM-017-18-GS", "PROPIETARIO": "Desconocido", "SEGMENTO": "18", "ESTRUCTURA": null, "TIPO DE PROPIEDAD": null, "EJIDO": null, "KM INICIO": null, "KM FIN": null, "KM LINEALES": null, "KM EFECTIVOS": null, "M2": null, "IDENTIFICACION": false, "ESTATUS": "NO LIBERADO", "ANUENCIA": false, "LEVANTAMIENTO": "NO", "NEGOCIACION": false, "C.O.P": "NO", "OBSERVACIONES": null, "PROYECTO": "TSN", "ESTADO": "Nuevo León", "MUNICIPIO": "Lampazos de Naranjo ", "NUEVO": "NO" }, "geometry": { "type": "MultiPolygon", "coordinates": [ [ [ [ -100.361509, 27.132285, 0.0 ], [ -100.321714, 27.148920400000019, 0.0 ], [ -100.310041, 27.1557175, 0.0 ], [ -100.300428, 27.137387300000015, 0.0 ], [ -100.2950206, 27.1272281, 0.0 ], [ -100.3354469, 27.0987313, 0.0 ], [ -100.361509, 27.132285, 0.0 ] ] ] ] } },
{ "type": "Feature", "properties": { "CLAVE": "SNL-LAM-017-19-GS", "PROPIETARIO": "Desconocido", "SEGMENTO": "18", "ESTRUCTURA": null, "TIPO DE PROPIEDAD": null, "EJIDO": null, "KM INICIO": null, "KM FIN": null, "KM LINEALES": null, "KM EFECTIVOS": null, "M2": null, "IDENTIFICACION": false, "ESTATUS": "NO LIBERADO", "ANUENCIA": false, "LEVANTAMIENTO": "NO", "NEGOCIACION": false, "C.O.P": "NO", "OBSERVACIONES": null, "PROYECTO": "TSN", "ESTADO": "Nuevo León", "MUNICIPIO": "Lampazos de Naranjo ", "NUEVO": "NO" }, "geometry": { "type": "MultiPolygon", "coordinates": [ [ [ [ -100.361509, 27.132285, 0.0 ], [ -100.321714, 27.148920400000019, 0.0 ], [ -100.310041, 27.1557175, 0.0 ], [ -100.300428, 27.137387300000015, 0.0 ], [ -100.2950206, 27.1272281, 0.0 ], [ -100.3354469, 27.0987313, 0.0 ], [ -100.361509, 27.132285, 0.0 ] ] ] ] } },
{ "type": "Feature", "properties": { "CLAVE": "SNL-LAM-017-20-GS", "PROPIETARIO": "Desconocido", "SEGMENTO": "18", "ESTRUCTURA": null, "TIPO DE PROPIEDAD": null, "EJIDO": null, "KM INICIO": null, "KM FIN": null, "KM LINEALES": null, "KM EFECTIVOS": null, "M2": null, "IDENTIFICACION": false, "ESTATUS": "NO LIBERADO", "ANUENCIA": false, "LEVANTAMIENTO": "NO", "NEGOCIACION": false, "C.O.P": "NO", "OBSERVACIONES": null, "PROYECTO": "TSN", "ESTADO": "Nuevo León", "MUNICIPIO": "Lampazos de Naranjo ", "NUEVO": "NO" }, "geometry": { "type": "MultiPolygon", "coordinates": [ [ [ [ -100.361509, 27.132285, 0.0 ], [ -100.321714, 27.148920400000019, 0.0 ], [ -100.310041, 27.1557175, 0.0 ], [ -100.300428, 27.137387300000015, 0.0 ], [ -100.2950206, 27.1272281, 0.0 ], [ -100.3354469, 27.0987313, 0.0 ], [ -100.361509, 27.132285, 0.0 ] ] ] ] } },
{ "type": "Feature", "properties": { "CLAVE": "SNL-LAM-017-21-GS", "PROPIETARIO": "Desconocido", "SEGMENTO": "18", "ESTRUCTURA": null, "TIPO DE PROPIEDAD": null, "EJIDO": null, "KM INICIO": null, "KM FIN": null, "KM LINEALES": null, "KM EFECTIVOS": null, "M2": null, "IDENTIFICACION": false, "ESTATUS": "NO LIBERADO", "ANUENCIA": false, "LEVANTAMIENTO": "NO", "NEGOCIACION": false, "C.O.P": "NO", "OBSERVACIONES": null, "PROYECTO": "TSN", "ESTADO": "Nuevo León", "MUNICIPIO": "Lampazos de Naranjo ", "NUEVO": "NO" }, "geometry": { "type": "MultiPolygon", "coordinates": [ [ [ [ -100.361509, 27.132285, 0.0 ], [ -100.321714, 27.148920400000019, 0.0 ], [ -100.310041, 27.1557175, 0.0 ], [ -100.300428, 27.137387300000015, 0.0 ], [ -100.2950206, 27.1272281, 0.0 ], [ -100.3354469, 27.0987313, 0.0 ], [ -100.361509, 27.132285, 0.0 ] ] ] ] } },
{ "type": "Feature", "properties": { "CLAVE": "SNL-LAM-017-22-GS", "PROPIETARIO": "Desconocido", "SEGMENTO": "18", "ESTRUCTURA": null, "TIPO DE PROPIEDAD": null, "EJIDO": null, "KM INICIO": null, "KM FIN": null, "KM LINEALES": null, "KM EFECTIVOS": null, "M2": null, "IDENTIFICACION": false, "ESTATUS": "NO LIBERADO", "ANUENCIA": false, "LEVANTAMIENTO": "NO", "NEGOCIACION": false, "C.O.P": "NO", "OBSERVACIONES": null, "PROYECTO": "TSN", "ESTADO": "Nuevo León", "MUNICIPIO": "Lampazos de Naranjo ", "NUEVO": "NO" }, "geometry": { "type": "MultiPolygon", "coordinates": [ [ [ [ -100.361509, 27.132285, 0.0 ], [ -100.321714, 27.148920400000019, 0.0 ], [ -100.310041, 27.1557175, 0.0 ], [ -100.300428, 27.137387300000015, 0.0 ], [ -100.2950206, 27.1272281, 0.0 ], [ -100.3354469, 27.0987313, 0.0 ], [ -100.361509, 27.132285, 0.0 ] ] ] ] } },
{ "type": "Feature", "properties": { "CLAVE": "SNL-LAM-017-23-GS", "PROPIETARIO": "Desconocido", "SEGMENTO": "18", "ESTRUCTURA": null, "TIPO DE PROPIEDAD": null, "EJIDO": null, "KM INICIO": null, "KM FIN": null, "KM LINEALES": null, "KM EFECTIVOS": null, "M2": null, "IDENTIFICACION": false, "ESTATUS": "NO LIBERADO", "ANUENCIA": false, "LEVANTAMIENTO": "NO", "NEGOCIACION": false, "C.O.P": "NO", "OBSERVACIONES": null, "PROYECTO": "TSN", "ESTADO": "Nuevo León", "MUNICIPIO": "Lampazos de Naranjo ", "NUEVO": "NO" }, "geometry": { "type": "MultiPolygon", "coordinates": [ [ [ [ -100.361509, 27.132285, 0.0 ], [ -100.321714, 27.148920400000019, 0.0 ], [ -100.310041, 27.1557175, 0.0 ], [ -100.300428, 27.137387300000015, 0.0 ], [ -100.2950206, 27.1272281, 0.0 ], [ -100.3354469, 27.0987313, 0.0 ], [ -100.361509, 27.132285, 0.0 ] ] ] ] } },
{ "type": "Feature", "properties": { "CLAVE": "SNL-LAM-017-24-GS", "PROPIETARIO": "Desconocido", "SEGMENTO": "18", "ESTRUCTURA": null, "TIPO DE PROPIEDAD": null, "EJIDO": null, "KM INICIO": null, "KM FIN": null, "KM LINEALES": null, "KM EFECTIVOS": null, "M2": null, "IDENTIFICACION": false, "ESTATUS": "NO LIBERADO", "ANUENCIA": false, "LEVANTAMIENTO": "NO", "NEGOCIACION": false, "C.O.P": "NO", "OBSERVACIONES": null, "PROYECTO": "TSN", "ESTADO": "Nuevo León", "MUNICIPIO": "Lampazos de Naranjo ", "NUEVO": "NO" }, "geometry": { "type": "MultiPolygon", "coordinates": [ [ [ [ -100.361509, 27.132285, 0.0 ], [ -100.321714, 27.148920400000019, 0.0 ], [ -100.310041, 27.1557175, 0.0 ], [ -100.300428, 27.137387300000015, 0.0 ], [ -100.2950206, 27.1272281, 0.0 ], [ -100.3354469, 27.0987313, 0.0 ], [ -100.361509, 27.132285, 0.0 ] ] ] ] } },
{ "type": "Feature", "properties": { "CLAVE": "SNL-LAM-017-1-GS, hasta -024-GS", "PROPIETARIO": "Desconocido", "SEGMENTO": "18", "ESTRUCTURA": null, "TIPO DE PROPIEDAD": null, "EJIDO": null, "KM INICIO": null, "KM FIN": null, "KM LINEALES": null, "KM EFECTIVOS": null, "M2": null, "IDENTIFICACION": false, "ESTATUS": "NO LIBERADO", "ANUENCIA": false, "LEVANTAMIENTO": "NO", "NEGOCIACION": false, "C.O.P": "NO", "OBSERVACIONES": null, "PROYECTO": "TSN", "ESTADO": "Nuevo León", "MUNICIPIO": "Lampazos de Naranjo ", "NUEVO": "NO" }, "geometry": { "type": "MultiPolygon", "coordinates": [ [ [ [ -100.361509, 27.132285, 0.0 ], [ -100.321714, 27.148920400000019, 0.0 ], [ -100.310041, 27.1557175, 0.0 ], [ -100.300428, 27.137387300000015, 0.0 ], [ -100.2950206, 27.1272281, 0.0 ], [ -100.3354469, 27.0987313, 0.0 ], [ -100.361509, 27.132285, 0.0 ] ] ] ] } },
{ "type": "Feature", "properties": { "CLAVE": "SNL-LAM-017-25-GS", "PROPIETARIO": "Desconocido", "SEGMENTO": "18", "ESTRUCTURA": null, "TIPO DE PROPIEDAD": null, "EJIDO": null, "KM INICIO": null, "KM FIN": null, "KM LINEALES": null, "KM EFECTIVOS": null, "M2": null, "IDENTIFICACION": false, "ESTATUS": "NO LIBERADO", "ANUENCIA": false, "LEVANTAMIENTO": "NO", "NEGOCIACION": false, "C.O.P": "NO", "OBSERVACIONES": null, "PROYECTO": "TSN", "ESTADO": "Nuevo León", "MUNICIPIO": "Lampazos de Naranjo ", "NUEVO": "NO" }, "geometry": { "type": "MultiPolygon", "coordinates": [ [ [ [ -100.310041, 27.1557175, 0.0 ], [ -100.2749641, 27.1752143, 0.0 ], [ -100.2702863, 27.1692583, 0.0 ], [ -100.2769811, 27.164638499999988, 0.0 ], [ -100.264171, 27.147988, 0.0 ], [ -100.2944125, 27.1273807, 0.0 ], [ -100.310041, 27.1557175, 0.0 ] ] ] ] } },
{ "type": "Feature", "properties": { "CLAVE": "SNL-LAM-017-26-GS", "PROPIETARIO": "Desconocido", "SEGMENTO": "18", "ESTRUCTURA": null, "TIPO DE PROPIEDAD": null, "EJIDO": null, "KM INICIO": null, "KM FIN": null, "KM LINEALES": null, "KM EFECTIVOS": null, "M2": null, "IDENTIFICACION": false, "ESTATUS": "NO LIBERADO", "ANUENCIA": false, "LEVANTAMIENTO": "NO", "NEGOCIACION": false, "C.O.P": "NO", "OBSERVACIONES": null, "PROYECTO": "TSN", "ESTADO": "Nuevo León", "MUNICIPIO": "Lampazos de Naranjo ", "NUEVO": "NO" }, "geometry": { "type": "MultiPolygon", "coordinates": [ [ [ [ -100.310041, 27.1557175, 0.0 ], [ -100.2749641, 27.1752143, 0.0 ], [ -100.2702863, 27.1692583, 0.0 ], [ -100.2769811, 27.164638499999988, 0.0 ], [ -100.264171, 27.147988, 0.0 ], [ -100.2944125, 27.1273807, 0.0 ], [ -100.310041, 27.1557175, 0.0 ] ] ] ] } },
{ "type": "Feature", "properties": { "CLAVE": "SNL-LAM-017-27-GS", "PROPIETARIO": "Desconocido", "SEGMENTO": "18", "ESTRUCTURA": null, "TIPO DE PROPIEDAD": null, "EJIDO": null, "KM INICIO": null, "KM FIN": null, "KM LINEALES": null, "KM EFECTIVOS": null, "M2": null, "IDENTIFICACION": false, "ESTATUS": "NO LIBERADO", "ANUENCIA": false, "LEVANTAMIENTO": "NO", "NEGOCIACION": false, "C.O.P": "NO", "OBSERVACIONES": null, "PROYECTO": "TSN", "ESTADO": "Nuevo León", "MUNICIPIO": "Lampazos de Naranjo ", "NUEVO": "NO" }, "geometry": { "type": "MultiPolygon", "coordinates": [ [ [ [ -100.310041, 27.1557175, 0.0 ], [ -100.2749641, 27.1752143, 0.0 ], [ -100.2702863, 27.1692583, 0.0 ], [ -100.2769811, 27.164638499999988, 0.0 ], [ -100.264171, 27.147988, 0.0 ], [ -100.2944125, 27.1273807, 0.0 ], [ -100.310041, 27.1557175, 0.0 ] ] ] ] } },
{ "type": "Feature", "properties": { "CLAVE": "SNL-LAM-017-28-GS", "PROPIETARIO": "Desconocido", "SEGMENTO": "18", "ESTRUCTURA": null, "TIPO DE PROPIEDAD": null, "EJIDO": null, "KM INICIO": null, "KM FIN": null, "KM LINEALES": null, "KM EFECTIVOS": null, "M2": null, "IDENTIFICACION": false, "ESTATUS": "NO LIBERADO", "ANUENCIA": false, "LEVANTAMIENTO": "NO", "NEGOCIACION": false, "C.O.P": "NO", "OBSERVACIONES": null, "PROYECTO": "TSN", "ESTADO": "Nuevo León", "MUNICIPIO": "Lampazos de Naranjo ", "NUEVO": "NO" }, "geometry": { "type": "MultiPolygon", "coordinates": [ [ [ [ -100.310041, 27.1557175, 0.0 ], [ -100.2749641, 27.1752143, 0.0 ], [ -100.2702863, 27.1692583, 0.0 ], [ -100.2769811, 27.164638499999988, 0.0 ], [ -100.264171, 27.147988, 0.0 ], [ -100.2944125, 27.1273807, 0.0 ], [ -100.310041, 27.1557175, 0.0 ] ] ] ] } },
{ "type": "Feature", "properties": { "CLAVE": "SNL-LAM-017-29-GS", "PROPIETARIO": "Desconocido", "SEGMENTO": "18", "ESTRUCTURA": null, "TIPO DE PROPIEDAD": null, "EJIDO": null, "KM INICIO": null, "KM FIN": null, "KM LINEALES": null, "KM EFECTIVOS": null, "M2": null, "IDENTIFICACION": false, "ESTATUS": "NO LIBERADO", "ANUENCIA": false, "LEVANTAMIENTO": "NO", "NEGOCIACION": false, "C.O.P": "NO", "OBSERVACIONES": null, "PROYECTO": "TSN", "ESTADO": "Nuevo León", "MUNICIPIO": "Lampazos de Naranjo ", "NUEVO": "NO" }, "geometry": { "type": "MultiPolygon", "coordinates": [ [ [ [ -100.310041, 27.1557175, 0.0 ], [ -100.2749641, 27.1752143, 0.0 ], [ -100.2702863, 27.1692583, 0.0 ], [ -100.2769811, 27.164638499999988, 0.0 ], [ -100.264171, 27.147988, 0.0 ], [ -100.2944125, 27.1273807, 0.0 ], [ -100.310041, 27.1557175, 0.0 ] ] ] ] } },
{ "type": "Feature", "properties": { "CLAVE": "SNL-LAM-017-30-GS", "PROPIETARIO": "Desconocido", "SEGMENTO": "18", "ESTRUCTURA": null, "TIPO DE PROPIEDAD": null, "EJIDO": null, "KM INICIO": null, "KM FIN": null, "KM LINEALES": null, "KM EFECTIVOS": null, "M2": null, "IDENTIFICACION": false, "ESTATUS": "NO LIBERADO", "ANUENCIA": false, "LEVANTAMIENTO": "NO", "NEGOCIACION": false, "C.O.P": "NO", "OBSERVACIONES": null, "PROYECTO": "TSN", "ESTADO": "Nuevo León", "MUNICIPIO": "Lampazos de Naranjo ", "NUEVO": "NO" }, "geometry": { "type": "MultiPolygon", "coordinates": [ [ [ [ -100.310041, 27.1557175, 0.0 ], [ -100.2749641, 27.1752143, 0.0 ], [ -100.2702863, 27.1692583, 0.0 ], [ -100.2769811, 27.164638499999988, 0.0 ], [ -100.264171, 27.147988, 0.0 ], [ -100.2944125, 27.1273807, 0.0 ], [ -100.310041, 27.1557175, 0.0 ] ] ] ] } },
{ "type": "Feature", "properties": { "CLAVE": "SNL-LAM-017-31-GS", "PROPIETARIO": "Desconocido", "SEGMENTO": "18", "ESTRUCTURA": null, "TIPO DE PROPIEDAD": null, "EJIDO": null, "KM INICIO": null, "KM FIN": null, "KM LINEALES": null, "KM EFECTIVOS": null, "M2": null, "IDENTIFICACION": false, "ESTATUS": "NO LIBERADO", "ANUENCIA": false, "LEVANTAMIENTO": "NO", "NEGOCIACION": false, "C.O.P": "NO", "OBSERVACIONES": null, "PROYECTO": "TSN", "ESTADO": "Nuevo León", "MUNICIPIO": "Lampazos de Naranjo ", "NUEVO": "NO" }, "geometry": { "type": "MultiPolygon", "coordinates": [ [ [ [ -100.310041, 27.1557175, 0.0 ], [ -100.2749641, 27.1752143, 0.0 ], [ -100.2702863, 27.1692583, 0.0 ], [ -100.2769811, 27.164638499999988, 0.0 ], [ -100.264171, 27.147988, 0.0 ], [ -100.2944125, 27.1273807, 0.0 ], [ -100.310041, 27.1557175, 0.0 ] ] ] ] } },
{ "type": "Feature", "properties": { "CLAVE": "SNL-LAM-017-32-GS", "PROPIETARIO": "Desconocido", "SEGMENTO": "18", "ESTRUCTURA": null, "TIPO DE PROPIEDAD": null, "EJIDO": null, "KM INICIO": null, "KM FIN": null, "KM LINEALES": null, "KM EFECTIVOS": null, "M2": null, "IDENTIFICACION": false, "ESTATUS": "NO LIBERADO", "ANUENCIA": false, "LEVANTAMIENTO": "NO", "NEGOCIACION": false, "C.O.P": "NO", "OBSERVACIONES": null, "PROYECTO": "TSN", "ESTADO": "Nuevo León", "MUNICIPIO": "Lampazos de Naranjo ", "NUEVO": "NO" }, "geometry": { "type": "MultiPolygon", "coordinates": [ [ [ [ -100.310041, 27.1557175, 0.0 ], [ -100.2749641, 27.1752143, 0.0 ], [ -100.2702863, 27.1692583, 0.0 ], [ -100.2769811, 27.164638499999988, 0.0 ], [ -100.264171, 27.147988, 0.0 ], [ -100.2944125, 27.1273807, 0.0 ], [ -100.310041, 27.1557175, 0.0 ] ] ] ] } },
{ "type": "Feature", "properties": { "CLAVE": "SNL-LAM-017-33-GS", "PROPIETARIO": "Desconocido", "SEGMENTO": "18", "ESTRUCTURA": null, "TIPO DE PROPIEDAD": null, "EJIDO": null, "KM INICIO": null, "KM FIN": null, "KM LINEALES": null, "KM EFECTIVOS": null, "M2": null, "IDENTIFICACION": false, "ESTATUS": "NO LIBERADO", "ANUENCIA": false, "LEVANTAMIENTO": "NO", "NEGOCIACION": false, "C.O.P": "NO", "OBSERVACIONES": null, "PROYECTO": "TSN", "ESTADO": "Nuevo León", "MUNICIPIO": "Lampazos de Naranjo ", "NUEVO": "NO" }, "geometry": { "type": "MultiPolygon", "coordinates": [ [ [ [ -100.310041, 27.1557175, 0.0 ], [ -100.2749641, 27.1752143, 0.0 ], [ -100.2702863, 27.1692583, 0.0 ], [ -100.2769811, 27.164638499999988, 0.0 ], [ -100.264171, 27.147988, 0.0 ], [ -100.2944125, 27.1273807, 0.0 ], [ -100.310041, 27.1557175, 0.0 ] ] ] ] } },
{ "type": "Feature", "properties": { "CLAVE": "SNL-LAM-017-34-GS", "PROPIETARIO": "Desconocido", "SEGMENTO": "18", "ESTRUCTURA": null, "TIPO DE PROPIEDAD": null, "EJIDO": null, "KM INICIO": null, "KM FIN": null, "KM LINEALES": null, "KM EFECTIVOS": null, "M2": null, "IDENTIFICACION": false, "ESTATUS": "NO LIBERADO", "ANUENCIA": false, "LEVANTAMIENTO": "NO", "NEGOCIACION": false, "C.O.P": "NO", "OBSERVACIONES": null, "PROYECTO": "TSN", "ESTADO": "Nuevo León", "MUNICIPIO": "Lampazos de Naranjo ", "NUEVO": "NO" }, "geometry": { "type": "MultiPolygon", "coordinates": [ [ [ [ -100.310041, 27.1557175, 0.0 ], [ -100.2749641, 27.1752143, 0.0 ], [ -100.2702863, 27.1692583, 0.0 ], [ -100.2769811, 27.164638499999988, 0.0 ], [ -100.264171, 27.147988, 0.0 ], [ -100.2944125, 27.1273807, 0.0 ], [ -100.310041, 27.1557175, 0.0 ] ] ] ] } },
{ "type": "Feature", "properties": { "CLAVE": "SNL-LAM-017-35-GS", "PROPIETARIO": "Desconocido", "SEGMENTO": "18", "ESTRUCTURA": null, "TIPO DE PROPIEDAD": null, "EJIDO": null, "KM INICIO": null, "KM FIN": null, "KM LINEALES": null, "KM EFECTIVOS": null, "M2": null, "IDENTIFICACION": false, "ESTATUS": "NO LIBERADO", "ANUENCIA": false, "LEVANTAMIENTO": "NO", "NEGOCIACION": false, "C.O.P": "NO", "OBSERVACIONES": null, "PROYECTO": "TSN", "ESTADO": "Nuevo León", "MUNICIPIO": "Lampazos de Naranjo ", "NUEVO": "NO" }, "geometry": { "type": "MultiPolygon", "coordinates": [ [ [ [ -100.310041, 27.1557175, 0.0 ], [ -100.2749641, 27.1752143, 0.0 ], [ -100.2702863, 27.1692583, 0.0 ], [ -100.2769811, 27.164638499999988, 0.0 ], [ -100.264171, 27.147988, 0.0 ], [ -100.2944125, 27.1273807, 0.0 ], [ -100.310041, 27.1557175, 0.0 ] ] ] ] } },
{ "type": "Feature", "properties": { "CLAVE": "SNL-LAM-017-36-GS", "PROPIETARIO": "Desconocido", "SEGMENTO": "18", "ESTRUCTURA": null, "TIPO DE PROPIEDAD": null, "EJIDO": null, "KM INICIO": null, "KM FIN": null, "KM LINEALES": null, "KM EFECTIVOS": null, "M2": null, "IDENTIFICACION": false, "ESTATUS": "NO LIBERADO", "ANUENCIA": false, "LEVANTAMIENTO": "NO", "NEGOCIACION": false, "C.O.P": "NO", "OBSERVACIONES": null, "PROYECTO": "TSN", "ESTADO": "Nuevo León", "MUNICIPIO": "Lampazos de Naranjo ", "NUEVO": "NO" }, "geometry": { "type": "MultiPolygon", "coordinates": [ [ [ [ -100.310041, 27.1557175, 0.0 ], [ -100.2749641, 27.1752143, 0.0 ], [ -100.2702863, 27.1692583, 0.0 ], [ -100.2769811, 27.164638499999988, 0.0 ], [ -100.264171, 27.147988, 0.0 ], [ -100.2944125, 27.1273807, 0.0 ], [ -100.310041, 27.1557175, 0.0 ] ] ] ] } },
{ "type": "Feature", "properties": { "CLAVE": "SNL-LAM-017-37-GS", "PROPIETARIO": "Desconocido", "SEGMENTO": "18", "ESTRUCTURA": null, "TIPO DE PROPIEDAD": null, "EJIDO": null, "KM INICIO": null, "KM FIN": null, "KM LINEALES": null, "KM EFECTIVOS": null, "M2": null, "IDENTIFICACION": false, "ESTATUS": "NO LIBERADO", "ANUENCIA": false, "LEVANTAMIENTO": "NO", "NEGOCIACION": false, "C.O.P": "NO", "OBSERVACIONES": null, "PROYECTO": "TSN", "ESTADO": "Nuevo León", "MUNICIPIO": "Lampazos de Naranjo ", "NUEVO": "NO" }, "geometry": { "type": "MultiPolygon", "coordinates": [ [ [ [ -100.310041, 27.1557175, 0.0 ], [ -100.2749641, 27.1752143, 0.0 ], [ -100.2702863, 27.1692583, 0.0 ], [ -100.2769811, 27.164638499999988, 0.0 ], [ -100.264171, 27.147988, 0.0 ], [ -100.2944125, 27.1273807, 0.0 ], [ -100.310041, 27.1557175, 0.0 ] ] ] ] } },
{ "type": "Feature", "properties": { "CLAVE": "SNL-LAM-017-38-GS", "PROPIETARIO": "Desconocido", "SEGMENTO": "18", "ESTRUCTURA": null, "TIPO DE PROPIEDAD": null, "EJIDO": null, "KM INICIO": null, "KM FIN": null, "KM LINEALES": null, "KM EFECTIVOS": null, "M2": null, "IDENTIFICACION": false, "ESTATUS": "NO LIBERADO", "ANUENCIA": false, "LEVANTAMIENTO": "NO", "NEGOCIACION": false, "C.O.P": "NO", "OBSERVACIONES": null, "PROYECTO": "TSN", "ESTADO": "Nuevo León", "MUNICIPIO": "Lampazos de Naranjo ", "NUEVO": "NO" }, "geometry": { "type": "MultiPolygon", "coordinates": [ [ [ [ -100.310041, 27.1557175, 0.0 ], [ -100.2749641, 27.1752143, 0.0 ], [ -100.2702863, 27.1692583, 0.0 ], [ -100.2769811, 27.164638499999988, 0.0 ], [ -100.264171, 27.147988, 0.0 ], [ -100.2944125, 27.1273807, 0.0 ], [ -100.310041, 27.1557175, 0.0 ] ] ] ] } },
{ "type": "Feature", "properties": { "CLAVE": "SNL-LAM-017-39-GS", "PROPIETARIO": "Desconocido", "SEGMENTO": "18", "ESTRUCTURA": null, "TIPO DE PROPIEDAD": null, "EJIDO": null, "KM INICIO": null, "KM FIN": null, "KM LINEALES": null, "KM EFECTIVOS": null, "M2": null, "IDENTIFICACION": false, "ESTATUS": "NO LIBERADO", "ANUENCIA": false, "LEVANTAMIENTO": "NO", "NEGOCIACION": false, "C.O.P": "NO", "OBSERVACIONES": null, "PROYECTO": "TSN", "ESTADO": "Nuevo León", "MUNICIPIO": "Lampazos de Naranjo ", "NUEVO": "NO" }, "geometry": { "type": "MultiPolygon", "coordinates": [ [ [ [ -100.310041, 27.1557175, 0.0 ], [ -100.2749641, 27.1752143, 0.0 ], [ -100.2702863, 27.1692583, 0.0 ], [ -100.2769811, 27.164638499999988, 0.0 ], [ -100.264171, 27.147988, 0.0 ], [ -100.2944125, 27.1273807, 0.0 ], [ -100.310041, 27.1557175, 0.0 ] ] ] ] } },
{ "type": "Feature", "properties": { "CLAVE": "SNL-LAM-017-41-GS", "PROPIETARIO": "Desconocido", "SEGMENTO": "18", "ESTRUCTURA": null, "TIPO DE PROPIEDAD": null, "EJIDO": null, "KM INICIO": null, "KM FIN": null, "KM LINEALES": null, "KM EFECTIVOS": null, "M2": null, "IDENTIFICACION": false, "ESTATUS": "NO LIBERADO", "ANUENCIA": false, "LEVANTAMIENTO": "NO", "NEGOCIACION": false, "C.O.P": "NO", "OBSERVACIONES": null, "PROYECTO": "TSN", "ESTADO": "Nuevo León", "MUNICIPIO": "Lampazos de Naranjo ", "NUEVO": "NO" }, "geometry": { "type": "MultiPolygon", "coordinates": [ [ [ [ -100.2749641, 27.1752143, 0.0 ], [ -100.269540100000015, 27.178155599999979, 0.0 ], [ -100.2631028, 27.181782300000012, 0.0 ], [ -100.2573093, 27.184836400000048, 0.0 ], [ -100.2565368, 27.1855617, 0.0 ], [ -100.2526744, 27.1813242, 0.0 ], [ -100.2532752, 27.1809425, 0.0 ], [ -100.255936, 27.179186399999956, 0.0 ], [ -100.2702863, 27.1692583, 0.0 ], [ -100.2749641, 27.1752143, 0.0 ] ] ] ] } },
{ "type": "Feature", "properties": { "CLAVE": "SNL-LAM-017-42-GS", "PROPIETARIO": "Desconocido", "SEGMENTO": "18", "ESTRUCTURA": null, "TIPO DE PROPIEDAD": null, "EJIDO": null, "KM INICIO": null, "KM FIN": null, "KM LINEALES": null, "KM EFECTIVOS": null, "M2": null, "IDENTIFICACION": false, "ESTATUS": "NO LIBERADO", "ANUENCIA": false, "LEVANTAMIENTO": "NO", "NEGOCIACION": false, "C.O.P": "NO", "OBSERVACIONES": null, "PROYECTO": "TSN", "ESTADO": "Nuevo León", "MUNICIPIO": "Lampazos de Naranjo ", "NUEVO": "NO" }, "geometry": { "type": "MultiPolygon", "coordinates": [ [ [ [ -100.2749641, 27.1752143, 0.0 ], [ -100.269540100000015, 27.178155599999979, 0.0 ], [ -100.2631028, 27.181782300000012, 0.0 ], [ -100.2573093, 27.184836400000048, 0.0 ], [ -100.2565368, 27.1855617, 0.0 ], [ -100.2526744, 27.1813242, 0.0 ], [ -100.2532752, 27.1809425, 0.0 ], [ -100.255936, 27.179186399999956, 0.0 ], [ -100.2702863, 27.1692583, 0.0 ], [ -100.2749641, 27.1752143, 0.0 ] ] ] ] } },
{ "type": "Feature", "properties": { "CLAVE": "SNL-LAM-017-43-GS", "PROPIETARIO": "Desconocido", "SEGMENTO": "18", "ESTRUCTURA": null, "TIPO DE PROPIEDAD": null, "EJIDO": null, "KM INICIO": null, "KM FIN": null, "KM LINEALES": null, "KM EFECTIVOS": null, "M2": null, "IDENTIFICACION": false, "ESTATUS": "NO LIBERADO", "ANUENCIA": false, "LEVANTAMIENTO": "NO", "NEGOCIACION": false, "C.O.P": "NO", "OBSERVACIONES": null, "PROYECTO": "TSN", "ESTADO": "Nuevo León", "MUNICIPIO": "Lampazos de Naranjo ", "NUEVO": "NO" }, "geometry": { "type": "MultiPolygon", "coordinates": [ [ [ [ -100.2749641, 27.1752143, 0.0 ], [ -100.269540100000015, 27.178155599999979, 0.0 ], [ -100.2631028, 27.181782300000012, 0.0 ], [ -100.2573093, 27.184836400000048, 0.0 ], [ -100.2565368, 27.1855617, 0.0 ], [ -100.2526744, 27.1813242, 0.0 ], [ -100.2532752, 27.1809425, 0.0 ], [ -100.255936, 27.179186399999956, 0.0 ], [ -100.2702863, 27.1692583, 0.0 ], [ -100.2749641, 27.1752143, 0.0 ] ] ] ] } },
{ "type": "Feature", "properties": { "CLAVE": "SNL-LAM-017-44-GS", "PROPIETARIO": "Desconocido", "SEGMENTO": "18", "ESTRUCTURA": null, "TIPO DE PROPIEDAD": null, "EJIDO": null, "KM INICIO": null, "KM FIN": null, "KM LINEALES": null, "KM EFECTIVOS": null, "M2": null, "IDENTIFICACION": false, "ESTATUS": "NO LIBERADO", "ANUENCIA": false, "LEVANTAMIENTO": "NO", "NEGOCIACION": false, "C.O.P": "NO", "OBSERVACIONES": null, "PROYECTO": "TSN", "ESTADO": "Nuevo León", "MUNICIPIO": "Lampazos de Naranjo ", "NUEVO": "NO" }, "geometry": { "type": "MultiPolygon", "coordinates": [ [ [ [ -100.2749641, 27.1752143, 0.0 ], [ -100.269540100000015, 27.178155599999979, 0.0 ], [ -100.2631028, 27.181782300000012, 0.0 ], [ -100.2573093, 27.184836400000048, 0.0 ], [ -100.2565368, 27.1855617, 0.0 ], [ -100.2526744, 27.1813242, 0.0 ], [ -100.2532752, 27.1809425, 0.0 ], [ -100.255936, 27.179186399999956, 0.0 ], [ -100.2702863, 27.1692583, 0.0 ], [ -100.2749641, 27.1752143, 0.0 ] ] ] ] } },
{ "type": "Feature", "properties": { "CLAVE": "SNL-LAM-017-45-GS", "PROPIETARIO": "Desconocido", "SEGMENTO": "18", "ESTRUCTURA": null, "TIPO DE PROPIEDAD": null, "EJIDO": null, "KM INICIO": null, "KM FIN": null, "KM LINEALES": null, "KM EFECTIVOS": null, "M2": null, "IDENTIFICACION": false, "ESTATUS": "NO LIBERADO", "ANUENCIA": false, "LEVANTAMIENTO": "NO", "NEGOCIACION": false, "C.O.P": "NO", "OBSERVACIONES": null, "PROYECTO": "TSN", "ESTADO": "Nuevo León", "MUNICIPIO": "Lampazos de Naranjo ", "NUEVO": "NO" }, "geometry": { "type": "MultiPolygon", "coordinates": [ [ [ [ -100.2749641, 27.1752143, 0.0 ], [ -100.269540100000015, 27.178155599999979, 0.0 ], [ -100.2631028, 27.181782300000012, 0.0 ], [ -100.2573093, 27.184836400000048, 0.0 ], [ -100.2565368, 27.1855617, 0.0 ], [ -100.2526744, 27.1813242, 0.0 ], [ -100.2532752, 27.1809425, 0.0 ], [ -100.255936, 27.179186399999956, 0.0 ], [ -100.2702863, 27.1692583, 0.0 ], [ -100.2749641, 27.1752143, 0.0 ] ] ] ] } },
{ "type": "Feature", "properties": { "CLAVE": "SNL-LAM-017-46-GS", "PROPIETARIO": "Desconocido", "SEGMENTO": "18", "ESTRUCTURA": null, "TIPO DE PROPIEDAD": null, "EJIDO": null, "KM INICIO": null, "KM FIN": null, "KM LINEALES": null, "KM EFECTIVOS": null, "M2": null, "IDENTIFICACION": false, "ESTATUS": "NO LIBERADO", "ANUENCIA": false, "LEVANTAMIENTO": "NO", "NEGOCIACION": false, "C.O.P": "NO", "OBSERVACIONES": null, "PROYECTO": "TSN", "ESTADO": "Nuevo León", "MUNICIPIO": "Lampazos de Naranjo ", "NUEVO": "NO" }, "geometry": { "type": "MultiPolygon", "coordinates": [ [ [ [ -100.2749641, 27.1752143, 0.0 ], [ -100.269540100000015, 27.178155599999979, 0.0 ], [ -100.2631028, 27.181782300000012, 0.0 ], [ -100.2573093, 27.184836400000048, 0.0 ], [ -100.2565368, 27.1855617, 0.0 ], [ -100.2526744, 27.1813242, 0.0 ], [ -100.2532752, 27.1809425, 0.0 ], [ -100.255936, 27.179186399999956, 0.0 ], [ -100.2702863, 27.1692583, 0.0 ], [ -100.2749641, 27.1752143, 0.0 ] ] ] ] } },
{ "type": "Feature", "properties": { "CLAVE": "SNL-LAM-017-47-GS", "PROPIETARIO": "Desconocido", "SEGMENTO": "18", "ESTRUCTURA": null, "TIPO DE PROPIEDAD": null, "EJIDO": null, "KM INICIO": null, "KM FIN": null, "KM LINEALES": null, "KM EFECTIVOS": null, "M2": null, "IDENTIFICACION": false, "ESTATUS": "NO LIBERADO", "ANUENCIA": false, "LEVANTAMIENTO": "NO", "NEGOCIACION": false, "C.O.P": "NO", "OBSERVACIONES": null, "PROYECTO": "TSN", "ESTADO": "Nuevo León", "MUNICIPIO": "Lampazos de Naranjo ", "NUEVO": "NO" }, "geometry": { "type": "MultiPolygon", "coordinates": [ [ [ [ -100.2749641, 27.1752143, 0.0 ], [ -100.269540100000015, 27.178155599999979, 0.0 ], [ -100.2631028, 27.181782300000012, 0.0 ], [ -100.2573093, 27.184836400000048, 0.0 ], [ -100.2565368, 27.1855617, 0.0 ], [ -100.2526744, 27.1813242, 0.0 ], [ -100.2532752, 27.1809425, 0.0 ], [ -100.255936, 27.179186399999956, 0.0 ], [ -100.2702863, 27.1692583, 0.0 ], [ -100.2749641, 27.1752143, 0.0 ] ] ] ] } },
{ "type": "Feature", "properties": { "CLAVE": "SNL-LAM-017-48-GS", "PROPIETARIO": "Desconocido", "SEGMENTO": "18", "ESTRUCTURA": null, "TIPO DE PROPIEDAD": null, "EJIDO": null, "KM INICIO": null, "KM FIN": null, "KM LINEALES": null, "KM EFECTIVOS": null, "M2": null, "IDENTIFICACION": false, "ESTATUS": "NO LIBERADO", "ANUENCIA": false, "LEVANTAMIENTO": "NO", "NEGOCIACION": false, "C.O.P": "NO", "OBSERVACIONES": null, "PROYECTO": "TSN", "ESTADO": "Nuevo León", "MUNICIPIO": "Lampazos de Naranjo ", "NUEVO": "NO" }, "geometry": { "type": "MultiPolygon", "coordinates": [ [ [ [ -100.2749641, 27.1752143, 0.0 ], [ -100.269540100000015, 27.178155599999979, 0.0 ], [ -100.2631028, 27.181782300000012, 0.0 ], [ -100.2573093, 27.184836400000048, 0.0 ], [ -100.2565368, 27.1855617, 0.0 ], [ -100.2526744, 27.1813242, 0.0 ], [ -100.2532752, 27.1809425, 0.0 ], [ -100.255936, 27.179186399999956, 0.0 ], [ -100.2702863, 27.1692583, 0.0 ], [ -100.2749641, 27.1752143, 0.0 ] ] ] ] } },
{ "type": "Feature", "properties": { "CLAVE": "SNL-LAM-017-41-GS, hasta -017-49-GS", "PROPIETARIO": "Desconocido", "SEGMENTO": "18", "ESTRUCTURA": null, "TIPO DE PROPIEDAD": null, "EJIDO": null, "KM INICIO": null, "KM FIN": null, "KM LINEALES": null, "KM EFECTIVOS": null, "M2": null, "IDENTIFICACION": false, "ESTATUS": "NO LIBERADO", "ANUENCIA": false, "LEVANTAMIENTO": "NO", "NEGOCIACION": false, "C.O.P": "NO", "OBSERVACIONES": null, "PROYECTO": "TSN", "ESTADO": "Nuevo León", "MUNICIPIO": "Lampazos de Naranjo ", "NUEVO": "NO" }, "geometry": { "type": "MultiPolygon", "coordinates": [ [ [ [ -100.2749641, 27.1752143, 0.0 ], [ -100.269540100000015, 27.178155599999979, 0.0 ], [ -100.2631028, 27.181782300000012, 0.0 ], [ -100.2573093, 27.184836400000048, 0.0 ], [ -100.2565368, 27.1855617, 0.0 ], [ -100.2526744, 27.1813242, 0.0 ], [ -100.2532752, 27.1809425, 0.0 ], [ -100.255936, 27.179186399999956, 0.0 ], [ -100.2702863, 27.1692583, 0.0 ], [ -100.2749641, 27.1752143, 0.0 ] ] ] ] } },
{ "type": "Feature", "properties": { "CLAVE": "ND-13", "PROPIETARIO": "Desconocido", "SEGMENTO": "18", "ESTRUCTURA": null, "TIPO DE PROPIEDAD": null, "EJIDO": null, "KM INICIO": null, "KM FIN": null, "KM LINEALES": null, "KM EFECTIVOS": null, "M2": null, "IDENTIFICACION": false, "ESTATUS": "NO LIBERADO", "ANUENCIA": false, "LEVANTAMIENTO": "NO", "NEGOCIACION": false, "C.O.P": "NO", "OBSERVACIONES": null, "PROYECTO": "TSN", "ESTADO": "Nuevo León", "MUNICIPIO": "Lampazos de Naranjo ", "NUEVO": "NO" }, "geometry": { "type": "MultiPolygon", "coordinates": [ [ [ [ -100.2342985, 27.198086100000012, 0.0 ], [ -100.2330217, 27.1988591, 0.0 ], [ -100.2318952, 27.1992598, 0.0 ], [ -100.2255437, 27.200481300000018, 0.0 ], [ -100.225533, 27.200109099999988, 0.0 ], [ -100.22958850000002, 27.199441100000012, 0.0 ], [ -100.2322814, 27.198906800000017, 0.0 ], [ -100.2342985, 27.198086100000012, 0.0 ] ] ] ] } },
{ "type": "Feature", "properties": { "CLAVE": "ND-08", "PROPIETARIO": "Desconocido", "SEGMENTO": "18", "ESTRUCTURA": null, "TIPO DE PROPIEDAD": null, "EJIDO": null, "KM INICIO": null, "KM FIN": null, "KM LINEALES": null, "KM EFECTIVOS": null, "M2": null, "IDENTIFICACION": false, "ESTATUS": "NO LIBERADO", "ANUENCIA": false, "LEVANTAMIENTO": "NO", "NEGOCIACION": false, "C.O.P": "NO", "OBSERVACIONES": null, "PROYECTO": "TSN", "ESTADO": "Nuevo León", "MUNICIPIO": "Lampazos de Naranjo ", "NUEVO": "NO" }, "geometry": { "type": "MultiPolygon", "coordinates": [ [ [ [ -100.1535439, 27.220569699999988, 0.0 ], [ -100.153364200000013, 27.2207415, 0.0 ], [ -100.1532006, 27.2205769, 0.0 ], [ -100.1534044, 27.220421800000018, 0.0 ], [ -100.1535439, 27.220569699999988, 0.0 ] ] ] ] } },
{ "type": "Feature", "properties": { "CLAVE": "ND-12", "PROPIETARIO": "Desconocido", "SEGMENTO": "18", "ESTRUCTURA": null, "TIPO DE PROPIEDAD": null, "EJIDO": null, "KM INICIO": null, "KM FIN": null, "KM LINEALES": null, "KM EFECTIVOS": null, "M2": null, "IDENTIFICACION": false, "ESTATUS": "NO LIBERADO", "ANUENCIA": false, "LEVANTAMIENTO": "NO", "NEGOCIACION": false, "C.O.P": "NO", "OBSERVACIONES": null, "PROYECTO": "TSN", "ESTADO": "Nuevo León", "MUNICIPIO": "Lampazos de Naranjo ", "NUEVO": "NO" }, "geometry": { "type": "MultiPolygon", "coordinates": [ [ [ [ -100.1530666, 27.2209992, 0.0 ], [ -100.1528748, 27.2211507, 0.0 ], [ -100.1527474, 27.2210004, 0.0 ], [ -100.1529553, 27.220874, 0.0 ], [ -100.1530666, 27.2209992, 0.0 ] ] ] ] } },
{ "type": "Feature", "properties": { "CLAVE": "ND-11", "PROPIETARIO": "Desconocido", "SEGMENTO": "18", "ESTRUCTURA": null, "TIPO DE PROPIEDAD": null, "EJIDO": null, "KM INICIO": null, "KM FIN": null, "KM LINEALES": null, "KM EFECTIVOS": null, "M2": null, "IDENTIFICACION": false, "ESTATUS": "NO LIBERADO", "ANUENCIA": false, "LEVANTAMIENTO": "NO", "NEGOCIACION": false, "C.O.P": "NO", "OBSERVACIONES": null, "PROYECTO": "TSN", "ESTADO": "Nuevo León", "MUNICIPIO": "Lampazos de Naranjo ", "NUEVO": "NO" }, "geometry": { "type": "MultiPolygon", "coordinates": [ [ [ [ -100.1527729, 27.22122720000003, 0.0 ], [ -100.1525583, 27.2213715, 0.0 ], [ -100.1524376, 27.221222400000023, 0.0 ], [ -100.1526481, 27.2210709, 0.0 ], [ -100.1527729, 27.22122720000003, 0.0 ] ] ] ] } },
{ "type": "Feature", "properties": { "CLAVE": "ND-10", "PROPIETARIO": "Desconocido", "SEGMENTO": "18", "ESTRUCTURA": null, "TIPO DE PROPIEDAD": null, "EJIDO": null, "KM INICIO": null, "KM FIN": null, "KM LINEALES": null, "KM EFECTIVOS": null, "M2": null, "IDENTIFICACION": false, "ESTATUS": "NO LIBERADO", "ANUENCIA": false, "LEVANTAMIENTO": "NO", "NEGOCIACION": false, "C.O.P": "NO", "OBSERVACIONES": null, "PROYECTO": "TSN", "ESTADO": "Nuevo León", "MUNICIPIO": "Lampazos de Naranjo ", "NUEVO": "NO" }, "geometry": { "type": "MultiPolygon", "coordinates": [ [ [ [ -100.1525583, 27.2213715, 0.0 ], [ -100.1523638, 27.2215014, 0.0 ], [ -100.1522337, 27.2213607, 0.0 ], [ -100.1524363, 27.221230700000014, 0.0 ], [ -100.1525583, 27.2213715, 0.0 ] ] ] ] } },
{ "type": "Feature", "properties": { "CLAVE": "ND-26", "PROPIETARIO": "Desconocido", "SEGMENTO": "18", "ESTRUCTURA": null, "TIPO DE PROPIEDAD": null, "EJIDO": null, "KM INICIO": null, "KM FIN": null, "KM LINEALES": null, "KM EFECTIVOS": null, "M2": null, "IDENTIFICACION": false, "ESTATUS": "NO LIBERADO", "ANUENCIA": false, "LEVANTAMIENTO": "NO", "NEGOCIACION": false, "C.O.P": "NO", "OBSERVACIONES": null, "PROYECTO": "TSN", "ESTADO": "Nuevo León", "MUNICIPIO": "Lampazos de Naranjo ", "NUEVO": "NO" }, "geometry": { "type": "MultiPolygon", "coordinates": [ [ [ [ -100.1525164, 27.22162609999997, 0.0 ], [ -100.1519558, 27.222055399999959, 0.0 ], [ -100.1518566, 27.2219719, 0.0 ], [ -100.1524467, 27.221556899999989, 0.0 ], [ -100.1525164, 27.22162609999997, 0.0 ] ] ] ] } },
{ "type": "Feature", "properties": { "CLAVE": "SNL-LAM-003", "PROPIETARIO": "Treviño Garza Adolfo José", "SEGMENTO": "18", "ESTRUCTURA": "DDV Troncal", "TIPO DE PROPIEDAD": "Privada", "EJIDO": null, "KM INICIO": 258.07808, "KM FIN": 259.396, "KM LINEALES": 1.31792, "KM EFECTIVOS": 1.31792, "M2": null, "IDENTIFICACION": true, "ESTATUS": "NO LIBERADO", "ANUENCIA": true, "LEVANTAMIENTO": "NO", "NEGOCIACION": false, "C.O.P": "NO", "OBSERVACIONES": "Se realizará cita con SEDATU y el Lic. Adolfo para lidiar con los temas legales de Dulces Nombres y el proyecto.", "PROYECTO": "TSN", "ESTADO": "Nuevo León", "MUNICIPIO": "Lampazos de Naranjo ", "NUEVO": "NO" }, "geometry": { "type": "MultiPolygon", "coordinates": [ [ [ [ -100.5068763, 26.869825, 0.0 ], [ -100.4965253, 26.870686, 0.0 ], [ -100.4946643, 26.852972, 0.0 ], [ -100.493009300000011, 26.837796, 0.0 ], [ -100.5046593, 26.84165, 0.0 ], [ -100.5068763, 26.869825, 0.0 ] ] ] ] } },
{ "type": "Feature", "properties": { "CLAVE": "ND-05", "PROPIETARIO": "Bodega de productos internacional", "SEGMENTO": "18", "ESTRUCTURA": null, "TIPO DE PROPIEDAD": null, "EJIDO": null, "KM INICIO": null, "KM FIN": null, "KM LINEALES": null, "KM EFECTIVOS": null, "M2": null, "IDENTIFICACION": false, "ESTATUS": "NO LIBERADO", "ANUENCIA": false, "LEVANTAMIENTO": "NO", "NEGOCIACION": false, "C.O.P": "NO", "OBSERVACIONES": null, "PROYECTO": "TSN", "ESTADO": "Nuevo León", "MUNICIPIO": "Lampazos de Naranjo ", "NUEVO": "NO" }, "geometry": { "type": "MultiPolygon", "coordinates": [ ] } }
]
}
