{
"type": "FeatureCollection",
"name": "TSN_SEG_13",
"crs": { "type": "name", "properties": { "name": "urn:ogc:def:crs:OGC:1.3:CRS84" } },
"features": [
{ "type": "Feature", "properties": { "CLAVE": "SNL-SAL-004-12-GS", "PROPIETARIO": null, "SEGMENTO": null, "TIPO DE PROPIEDAD": null, "ESTRUCTURA": null, "ESTADO": null, "MUNICIPIO": null, "EJIDO": null, "KM INICIO": null, "KM FIN": null, "KM LINEALES": null, "KM EFECTIVOS": null, "M2": null, "IDENTIFICACIÓN O ACERCAMIENTO": null, "ANUENCIA ": null, "LEVANTAMIENTO": null, "NEGOCIACIÓN O ASAMBLEA": null, "C.O.P": "NO", "OBSERVACIONES": null, "fid": null, "PROYECTO": null, "ESTATUS": "NO LIBERADO", "NUEVO": null }, "geometry": { "type": "MultiPolygon", "coordinates": [ [ [ [ -101.037630566371007, 25.383481238132202, 0.0 ], [ -101.037502377636997, 25.383427650376401, 0.0 ], [ -101.037576451442007, 25.383183035338, 0.0 ], [ -101.037576910295996, 25.383181482657299, 0.0 ], [ -101.037589019967996, 25.383139551522302, 0.0 ], [ -101.037600645115006, 25.383099301605402, 0.0 ], [ -101.037639704653998, 25.3829769500189, 0.0 ], [ -101.037774417674001, 25.383019212723099, 0.0 ], [ -101.037771005511004, 25.383030222839899, 0.0 ], [ -101.037765767956998, 25.383047098737901, 0.0 ], [ -101.037760527800998, 25.383063962844201, 0.0 ], [ -101.03775528621, 25.383080815456399, 0.0 ], [ -101.037750044347007, 25.383097656872401, 0.0 ], [ -101.037744803373997, 25.383114487390301, 0.0 ], [ -101.037739564450007, 25.383131307307899, 0.0 ], [ -101.037630566371007, 25.383481238132202, 0.0 ] ] ] ] } },
{ "type": "Feature", "properties": { "CLAVE": "SNL-SAL-004-12-GS", "PROPIETARIO": null, "SEGMENTO": null, "TIPO DE PROPIEDAD": null, "ESTRUCTURA": null, "ESTADO": null, "MUNICIPIO": null, "EJIDO": null, "KM INICIO": null, "KM FIN": null, "KM LINEALES": null, "KM EFECTIVOS": null, "M2": null, "IDENTIFICACIÓN O ACERCAMIENTO": null, "ANUENCIA ": null, "LEVANTAMIENTO": null, "NEGOCIACIÓN O ASAMBLEA": null, "C.O.P": "NO", "OBSERVACIONES": null, "fid": null, "PROYECTO": null, "ESTATUS": "NO LIBERADO", "NUEVO": null }, "geometry": { "type": "MultiPolygon", "coordinates": [ [ [ [ -101.037502377636997, 25.383427650376401, 0.0 ], [ -101.037630566371007, 25.383481238132202, 0.0 ], [ -101.037266715631006, 25.384649342439101, 0.0 ], [ -101.037247594662006, 25.3846444273785, 0.0 ], [ -101.037197365668007, 25.3848056805422, 0.0 ], [ -101.037179398855997, 25.384866183614299, 0.0 ], [ -101.037171113697994, 25.384865621413901, 0.0 ], [ -101.037071016644006, 25.3848568262461, 0.0 ], [ -101.037058565692007, 25.384853169749999, 0.0 ], [ -101.037107288154999, 25.384688078004999, 0.0 ], [ -101.037120430605995, 25.384650648796999, 0.0 ], [ -101.037121787990998, 25.3846465633364, 0.0 ], [ -101.037134925317005, 25.384604626120499, 0.0 ], [ -101.037148062620005, 25.384562688001299, 0.0 ], [ -101.037161200922995, 25.384520750770001, 0.0 ], [ -101.037174338225, 25.384478813551599, 0.0 ], [ -101.037187476482003, 25.3844368745137, 0.0 ], [ -101.037200612788993, 25.384394938209901, 0.0 ], [ -101.037213750080994, 25.384353001891402, 0.0 ], [ -101.037226888343994, 25.3843110646559, 0.0 ], [ -101.037253162857994, 25.384227190209899, 0.0 ], [ -101.037266285026007, 25.384185301940299, 0.0 ], [ -101.037279409139998, 25.384143530090899, 0.0 ], [ -101.037292548322995, 25.384101709286099, 0.0 ], [ -101.037305689424997, 25.384059884842799, 0.0 ], [ -101.037318829569998, 25.384018063120099, 0.0 ], [ -101.037331968698993, 25.383976240507799, 0.0 ], [ -101.037345108828006, 25.383934418783301, 0.0 ], [ -101.037358247971, 25.383892597974299, 0.0 ], [ -101.037371389046996, 25.383850774429401, 0.0 ], [ -101.037384529137, 25.383808951799899, 0.0 ], [ -101.037397668240999, 25.383767130085999, 0.0 ], [ -101.037410808313993, 25.383725307454799, 0.0 ], [ -101.037423947402004, 25.383683485739098, 0.0 ], [ -101.037437087474999, 25.383641664008898, 0.0 ], [ -101.037450416968994, 25.383599240331801, 0.0 ], [ -101.037502377636997, 25.383427650376401, 0.0 ] ] ] ] } },
{ "type": "Feature", "properties": { "CLAVE": "SNL-SAL-004-11-GS y SNL-SAL-004-12-GS", "PROPIETARIO": null, "SEGMENTO": null, "TIPO DE PROPIEDAD": null, "ESTRUCTURA": null, "ESTADO": null, "MUNICIPIO": null, "EJIDO": null, "KM INICIO": null, "KM FIN": null, "KM LINEALES": null, "KM EFECTIVOS": null, "M2": null, "IDENTIFICACIÓN O ACERCAMIENTO": null, "ANUENCIA ": null, "LEVANTAMIENTO": null, "NEGOCIACIÓN O ASAMBLEA": null, "C.O.P": "NO", "OBSERVACIONES": null, "fid": null, "PROYECTO": null, "ESTATUS": "NO LIBERADO", "NUEVO": null }, "geometry": { "type": "MultiPolygon", "coordinates": [ [ [ [ -101.037774417674001, 25.383019212723099, 0.0 ], [ -101.037639704653998, 25.3829769500189, 0.0 ], [ -101.037731875809996, 25.382688228681499, 0.0 ], [ -101.037743780143003, 25.382642868037699, 0.0 ], [ -101.037804958243001, 25.382398367617, 0.0 ], [ -101.037815092957999, 25.3823571897478, 0.0 ], [ -101.037825163701996, 25.3823162798165, 0.0 ], [ -101.037836066503004, 25.382271987745899, 0.0 ], [ -101.037845047792999, 25.3822241610169, 0.0 ], [ -101.037853323495995, 25.382180088526599, 0.0 ], [ -101.037898040811001, 25.3819493809672, 0.0 ], [ -101.037942136265002, 25.381701558083599, 0.0 ], [ -101.038016260359996, 25.381234326444702, 0.0 ], [ -101.038070167819001, 25.3808372187329, 0.0 ], [ -101.038105053891996, 25.380609995601901, 0.0 ], [ -101.038188409957002, 25.379995024002699, 0.0 ], [ -101.038228414735997, 25.379722558395599, 0.0 ], [ -101.038231503565001, 25.3796737737201, 0.0 ], [ -101.038237926134997, 25.379622735486102, 0.0 ], [ -101.038248862394994, 25.379544827100901, 0.0 ], [ -101.038286267470994, 25.3793339484812, 0.0 ], [ -101.038315841100996, 25.379166225980001, 0.0 ], [ -101.038434970533999, 25.379182309902099, 0.0 ], [ -101.038118037756007, 25.381320976172098, 0.0 ], [ -101.038115471609999, 25.381338290957999, 0.0 ], [ -101.038112903205004, 25.3813556128122, 0.0 ], [ -101.038110331134007, 25.381372943031401, 0.0 ], [ -101.038107754204006, 25.381390281468999, 0.0 ], [ -101.038105171221005, 25.381407627977602, 0.0 ], [ -101.038102580987001, 25.3814249824086, 0.0 ], [ -101.038099982304004, 25.381442344612399, 0.0 ], [ -101.038097373971993, 25.381459714437799, 0.0 ], [ -101.038094754789995, 25.381477091731998, 0.0 ], [ -101.038092123555003, 25.381494476340301, 0.0 ], [ -101.038089479061, 25.381511868106099, 0.0 ], [ -101.038086820103004, 25.381529266870398, 0.0 ], [ -101.038084145474002, 25.3815466724717, 0.0 ], [ -101.038081453963997, 25.381564084745801, 0.0 ], [ -101.038078744363006, 25.381581503525901, 0.0 ], [ -101.038076015460007, 25.381598928641701, 0.0 ], [ -101.038073254449003, 25.381616433415498, 0.0 ], [ -101.038070482527004, 25.381633875001501, 0.0 ], [ -101.038067687646006, 25.381651322382599, 0.0 ], [ -101.038064868589998, 25.3816687753629, 0.0 ], [ -101.038062024135996, 25.381686233787399, 0.0 ], [ -101.038059153063998, 25.381703697456398, 0.0 ], [ -101.038056254156999, 25.381721166153401, 0.0 ], [ -101.038053326191005, 25.381738639699002, 0.0 ], [ -101.038050367948998, 25.381756117841199, 0.0 ], [ -101.038047378200005, 25.381773600417901, 0.0 ], [ -101.038044355721993, 25.381791087193498, 0.0 ], [ -101.038041299290001, 25.381808577954899, 0.0 ], [ -101.038038207683996, 25.381826072428399, 0.0 ], [ -101.038035079669996, 25.381843570426099, 0.0 ], [ -101.038031938188993, 25.381860938092402, 0.0 ], [ -101.038002450434007, 25.382011953170199, 0.0 ], [ -101.038037221082007, 25.382017718697199, 0.0 ], [ -101.037972661997003, 25.3823118003472, 0.0 ], [ -101.037897585991999, 25.382603814246899, 0.0 ], [ -101.037892802423997, 25.3826210698385, 0.0 ], [ -101.037887985631002, 25.3826383085431, 0.0 ], [ -101.037883137400001, 25.3826555289486, 0.0 ], [ -101.037878258975994, 25.382672731259799, 0.0 ], [ -101.037873351594001, 25.382689915720501, 0.0 ], [ -101.037868416492998, 25.382707082544101, 0.0 ], [ -101.037863454893994, 25.382724232003099, 0.0 ], [ -101.037858468, 25.382741364418901, 0.0 ], [ -101.037853457064998, 25.382758479941302, 0.0 ], [ -101.037848423358, 25.382775578651898, 0.0 ], [ -101.037843367994995, 25.382792661153101, 0.0 ], [ -101.037838292226994, 25.382809727570098, 0.0 ], [ -101.037833197262998, 25.382826778171399, 0.0 ], [ -101.037828084308003, 25.382843813229499, 0.0 ], [ -101.037822979465005, 25.3828607504059, 0.0 ], [ -101.037817832659002, 25.382877760395001, 0.0 ], [ -101.037812671441998, 25.3828947556736, 0.0 ], [ -101.037807497006995, 25.382911736525699, 0.0 ], [ -101.037802310543995, 25.382928703237699, 0.0 ], [ -101.037797113241993, 25.382945656098101, 0.0 ], [ -101.037791906284994, 25.3829625953971, 0.0 ], [ -101.037786690855995, 25.382979521426801, 0.0 ], [ -101.037781468133005, 25.3829964344805, 0.0 ], [ -101.037776239292995, 25.383013334853, 0.0 ], [ -101.037774417674001, 25.383019212723099, 0.0 ] ] ] ] } },
{ "type": "Feature", "properties": { "CLAVE": "SNL-SAL-004-10-GS", "PROPIETARIO": null, "SEGMENTO": null, "TIPO DE PROPIEDAD": null, "ESTRUCTURA": null, "ESTADO": null, "MUNICIPIO": null, "EJIDO": null, "KM INICIO": null, "KM FIN": null, "KM LINEALES": null, "KM EFECTIVOS": null, "M2": null, "IDENTIFICACIÓN O ACERCAMIENTO": null, "ANUENCIA ": null, "LEVANTAMIENTO": null, "NEGOCIACIÓN O ASAMBLEA": null, "C.O.P": "NO", "OBSERVACIONES": null, "fid": null, "PROYECTO": null, "ESTATUS": "NO LIBERADO", "NUEVO": null }, "geometry": { "type": "MultiPolygon", "coordinates": [ [ [ [ -101.038434970533999, 25.379182309902099, 0.0 ], [ -101.038315841100996, 25.379166225980001, 0.0 ], [ -101.038385076932002, 25.378778377701298, 0.0 ], [ -101.038468587430998, 25.378273610811199, 0.0 ], [ -101.038567429197002, 25.378288460251699, 0.0 ], [ -101.038434970533999, 25.379182309902099, 0.0 ] ] ] ] } },
{ "type": "Feature", "properties": { "CLAVE": "SNL-SAL-004-9-GS y SNL-SAL-004-10-GS", "PROPIETARIO": null, "SEGMENTO": null, "TIPO DE PROPIEDAD": null, "ESTRUCTURA": null, "ESTADO": null, "MUNICIPIO": null, "EJIDO": null, "KM INICIO": null, "KM FIN": null, "KM LINEALES": null, "KM EFECTIVOS": null, "M2": null, "IDENTIFICACIÓN O ACERCAMIENTO": null, "ANUENCIA ": null, "LEVANTAMIENTO": null, "NEGOCIACIÓN O ASAMBLEA": null, "C.O.P": "NO", "OBSERVACIONES": null, "fid": null, "PROYECTO": null, "ESTATUS": "NO LIBERADO", "NUEVO": null }, "geometry": { "type": "MultiPolygon", "coordinates": [ [ [ [ -101.038567429197002, 25.378288460251699, 0.0 ], [ -101.038468587430998, 25.378273610811199, 0.0 ], [ -101.038678557641006, 25.377065645071699, 0.0 ], [ -101.038819461757001, 25.376270000841401, 0.0 ], [ -101.038803913595999, 25.376193425541601, 0.0 ], [ -101.038809424454996, 25.376051357796801, 0.0 ], [ -101.038797600026996, 25.375928879101, 0.0 ], [ -101.038772073287006, 25.3757528979421, 0.0 ], [ -101.038724497846005, 25.375562103717801, 0.0 ], [ -101.038604666370006, 25.375193898069799, 0.0 ], [ -101.038437058682007, 25.3747270574525, 0.0 ], [ -101.038331219141995, 25.374393490252899, 0.0 ], [ -101.038331479898005, 25.3743531245856, 0.0 ], [ -101.038353749387994, 25.3743405494202, 0.0 ], [ -101.038370683552998, 25.374339542982501, 0.0 ], [ -101.038574905542006, 25.3749450498633, 0.0 ], [ -101.038583356616002, 25.374970111331098, 0.0 ], [ -101.038591810054996, 25.374995207748199, 0.0 ], [ -101.038600259400994, 25.375020348023899, 0.0 ], [ -101.038608722142996, 25.375045612726201, 0.0 ], [ -101.038617143574996, 25.375070867473799, 0.0 ], [ -101.038625534583005, 25.375096173251301, 0.0 ], [ -101.038633886298001, 25.375121532402002, 0.0 ], [ -101.038642189794999, 25.375146947237301, 0.0 ], [ -101.038650436094002, 25.375172420027202, 0.0 ], [ -101.038658616155999, 25.375197952991002, 0.0 ], [ -101.038666720877998, 25.375223548290901, 0.0 ], [ -101.038674741094994, 25.375249208023501, 0.0 ], [ -101.038682667575003, 25.375274934211799, 0.0 ], [ -101.038690491018997, 25.3753007287979, 0.0 ], [ -101.038698202060004, 25.375326593632799, 0.0 ], [ -101.038705791257996, 25.375352530468898, 0.0 ], [ -101.038713249102003, 25.375378540951999, 0.0 ], [ -101.038720566009005, 25.375404626612902, 0.0 ], [ -101.038727732320993, 25.375430788856999, 0.0 ], [ -101.038734738303006, 25.375457028957399, 0.0 ], [ -101.038741574148005, 25.375483348044799, 0.0 ], [ -101.038748229972001, 25.375509747099802, 0.0 ], [ -101.038754695815996, 25.3755362269419, 0.0 ], [ -101.038760961644002, 25.3755627882217, 0.0 ], [ -101.038767017346999, 25.375589431411601, 0.0 ], [ -101.038772852741005, 25.375616156796202, 0.0 ], [ -101.038778457573002, 25.375642964462401, 0.0 ], [ -101.038783821514997, 25.375669854290201, 0.0 ], [ -101.038788934172999, 25.375696825943301, 0.0 ], [ -101.038793785085005, 25.375723878859301, 0.0 ], [ -101.038798309727994, 25.375750692236899, 0.0 ], [ -101.038811716671006, 25.375843121250501, 0.0 ], [ -101.038821775497993, 25.375935900379901, 0.0 ], [ -101.038828475350996, 25.3760289295532, 0.0 ], [ -101.038831808997003, 25.3761221084285, 0.0 ], [ -101.038832149217995, 25.3761492332968, 0.0 ], [ -101.038832210438997, 25.376176642759699, 0.0 ], [ -101.038831998841999, 25.3762040107529, 0.0 ], [ -101.038831524648003, 25.376231335174399, 0.0 ], [ -101.038830798050995, 25.3762586141548, 0.0 ], [ -101.038829829218002, 25.376285846048901, 0.0 ], [ -101.038828628283994, 25.376313029425798, 0.0 ], [ -101.038827205345996, 25.376340163060199, 0.0 ], [ -101.038825570463004, 25.3763672459229, 0.0 ], [ -101.038823733653004, 25.376394277171801, 0.0 ], [ -101.038821704887994, 25.376421256143299, 0.0 ], [ -101.038819494097993, 25.376448182342401, 0.0 ], [ -101.038817111160995, 25.376475055434302, 0.0 ], [ -101.038814565908993, 25.3765018752357, 0.0 ], [ -101.038811868124, 25.3765286417052, 0.0 ], [ -101.038809027534995, 25.376555354935199, 0.0 ], [ -101.038806053821006, 25.376582015143399, 0.0 ], [ -101.038802956609999, 25.376608622662701, 0.0 ], [ -101.038799745475004, 25.376635177934698, 0.0 ], [ -101.038796429941002, 25.376661681499399, 0.0 ], [ -101.038793019476998, 25.376688133988001, 0.0 ], [ -101.038789523502999, 25.3767145361136, 0.0 ], [ -101.038785951386004, 25.3767408886631, 0.0 ], [ -101.038782312444994, 25.376767192490998, 0.0 ], [ -101.038778615946001, 25.376793448506501, 0.0 ], [ -101.038774871108998, 25.376819657670399, 0.0 ], [ -101.038771087103001, 25.3768458209857, 0.0 ], [ -101.038767281923, 25.376871878735098, 0.0 ], [ -101.038763443988003, 25.37689797374, 0.0 ], [ -101.038759594067997, 25.376924026066, 0.0 ], [ -101.038755741171002, 25.376950036805201, 0.0 ], [ -101.038616630969997, 25.377888786897199, 0.0 ], [ -101.038626505308002, 25.377889803140199, 0.0 ], [ -101.038567429197002, 25.378288460251699, 0.0 ] ] ] ] } },
{ "type": "Feature", "properties": { "CLAVE": "SNL-SAL-004-2", "PROPIETARIO": null, "SEGMENTO": null, "TIPO DE PROPIEDAD": null, "ESTRUCTURA": null, "ESTADO": null, "MUNICIPIO": null, "EJIDO": null, "KM INICIO": null, "KM FIN": null, "KM LINEALES": null, "KM EFECTIVOS": null, "M2": null, "IDENTIFICACIÓN O ACERCAMIENTO": null, "ANUENCIA ": null, "LEVANTAMIENTO": null, "NEGOCIACIÓN O ASAMBLEA": null, "C.O.P": "NO", "OBSERVACIONES": null, "fid": null, "PROYECTO": null, "ESTATUS": "NO LIBERADO", "NUEVO": null }, "geometry": { "type": "MultiPolygon", "coordinates": [ [ [ [ -101.046428736419003, 25.345078357483899, 0.0 ], [ -101.046289648865994, 25.345085004916399, 0.0 ], [ -101.046199576785, 25.345111559598699, 0.0 ], [ -101.046194262846996, 25.344970389733302, 0.0 ], [ -101.046193398243005, 25.344926749894, 0.0 ], [ -101.046193185617994, 25.344921553298001, 0.0 ], [ -101.046179670155993, 25.344704014445401, 0.0 ], [ -101.046179584071993, 25.344668856384899, 0.0 ], [ -101.046179729382004, 25.3446401577797, 0.0 ], [ -101.046179632209999, 25.344600415719899, 0.0 ], [ -101.046179579202004, 25.3445789204467, 0.0 ], [ -101.046437892290001, 25.3442367787001, 0.0 ], [ -101.046429818739995, 25.344313404491398, 0.0 ], [ -101.046424354262001, 25.344390220374802, 0.0 ], [ -101.046421504079007, 25.344467153006999, 0.0 ], [ -101.046421270915999, 25.344544128932998, 0.0 ], [ -101.046428736419003, 25.345078357483899, 0.0 ] ] ] ] } },
{ "type": "Feature", "properties": { "CLAVE": "N/D", "PROPIETARIO": null, "SEGMENTO": null, "TIPO DE PROPIEDAD": null, "ESTRUCTURA": null, "ESTADO": null, "MUNICIPIO": null, "EJIDO": null, "KM INICIO": null, "KM FIN": null, "KM LINEALES": null, "KM EFECTIVOS": null, "M2": null, "IDENTIFICACIÓN O ACERCAMIENTO": null, "ANUENCIA ": null, "LEVANTAMIENTO": null, "NEGOCIACIÓN O ASAMBLEA": null, "C.O.P": "NO", "OBSERVACIONES": null, "fid": null, "PROYECTO": null, "ESTATUS": "NO LIBERADO", "NUEVO": null }, "geometry": { "type": "MultiPolygon", "coordinates": [ [ [ [ -101.082760209054996, 25.2965412418806, 0.0 ], [ -101.082826479033002, 25.2965171050927, 0.0 ], [ -101.083155657095006, 25.296397211604202, 0.0 ], [ -101.083392046108003, 25.2963455325668, 0.0 ], [ -101.083380616808995, 25.296355686780402, 0.0 ], [ -101.08334846468, 25.2963841895427, 0.0 ], [ -101.083316242840993, 25.296412698710299, 0.0 ], [ -101.083284005576999, 25.2964411730329, 0.0 ], [ -101.083251756728004, 25.2964696160678, 0.0 ], [ -101.083219500124002, 25.296498031376199, 0.0 ], [ -101.083187239582998, 25.2965264225219, 0.0 ], [ -101.083154978910997, 25.296554793069799, 0.0 ], [ -101.083122721909007, 25.296583146585299, 0.0 ], [ -101.083090472370003, 25.296611486632099, 0.0 ], [ -101.083067443803003, 25.296631723089199, 0.0 ], [ -101.083044422864006, 25.2966519551745, 0.0 ], [ -101.083021409854993, 25.296672184961398, 0.0 ], [ -101.082998406060995, 25.296692413657698, 0.0 ], [ -101.082975412769002, 25.296712642469998, 0.0 ], [ -101.082952431264005, 25.296732872602799, 0.0 ], [ -101.082929462831004, 25.296753105259199, 0.0 ], [ -101.082906508758001, 25.296773341640002, 0.0 ], [ -101.082900345458995, 25.2967787802529, 0.0 ], [ -101.082719988731, 25.296868857911001, 0.0 ], [ -101.082545061909002, 25.2969661143072, 0.0 ], [ -101.082426303515007, 25.297045073079101, 0.0 ], [ -101.082376385451994, 25.297079023631099, 0.0 ], [ -101.082263678440995, 25.2971692800926, 0.0 ], [ -101.082165223510003, 25.297269181151901, 0.0 ], [ -101.081996291761996, 25.297458597761999, 0.0 ], [ -101.081942778173001, 25.297518799973101, 0.0 ], [ -101.081884649809993, 25.297563949352998, 0.0 ], [ -101.081861869570005, 25.297575122347201, 0.0 ], [ -101.081883399572007, 25.297550271819301, 0.0 ], [ -101.081914268942995, 25.297514642641701, 0.0 ], [ -101.081945140249999, 25.2974790116257, 0.0 ], [ -101.081976008577001, 25.297443381548799, 0.0 ], [ -101.082006876902, 25.297407752368802, 0.0 ], [ -101.082037746170002, 25.2973721213644, 0.0 ], [ -101.082099484715997, 25.297300862949101, 0.0 ], [ -101.082129040309994, 25.297266747143802, 0.0 ], [ -101.082157121215999, 25.2972361690484, 0.0 ], [ -101.082159791777002, 25.297233175015201, 0.0 ], [ -101.082190661965996, 25.297197544872098, 0.0 ], [ -101.082221531144995, 25.297161914737501, 0.0 ], [ -101.082252399313006, 25.297126284611501, 0.0 ], [ -101.082283267478999, 25.297090655382501, 0.0 ], [ -101.082314139567998, 25.297055024286902, 0.0 ], [ -101.082345006690005, 25.297019394158401, 0.0 ], [ -101.082375164940004, 25.296984584654101, 0.0 ], [ -101.082405573586996, 25.296950576852598, 0.0 ], [ -101.082437143353005, 25.296914136953198, 0.0 ], [ -101.082498881440998, 25.2968428783959, 0.0 ], [ -101.082529751419997, 25.296807247290101, 0.0 ], [ -101.082560619410998, 25.2967716171094, 0.0 ], [ -101.082591486406997, 25.296735987839501, 0.0 ], [ -101.082622357324993, 25.296700356703202, 0.0 ], [ -101.082653226255999, 25.296664726492001, 0.0 ], [ -101.082684094192004, 25.296629097191701, 0.0 ], [ -101.082714963087, 25.2965934669696, 0.0 ], [ -101.082745830971007, 25.296557836755799, 0.0 ], [ -101.082760209054996, 25.2965412418806, 0.0 ] ] ] ] } },
{ "type": "Feature", "properties": { "CLAVE": "SNL-SAL-004-5-GS, SNL-SAL-004-6-GS y SNL-SAL-004-7-GS", "PROPIETARIO": null, "SEGMENTO": null, "TIPO DE PROPIEDAD": null, "ESTRUCTURA": null, "ESTADO": null, "MUNICIPIO": null, "EJIDO": null, "KM INICIO": null, "KM FIN": null, "KM LINEALES": null, "KM EFECTIVOS": null, "M2": null, "IDENTIFICACIÓN O ACERCAMIENTO": null, "ANUENCIA ": null, "LEVANTAMIENTO": null, "NEGOCIACIÓN O ASAMBLEA": null, "C.O.P": "NO", "OBSERVACIONES": null, "fid": null, "PROYECTO": null, "ESTATUS": "NO LIBERADO", "NUEVO": null }, "geometry": { "type": "MultiPolygon", "coordinates": [ [ [ [ -101.040731749436006, 25.3619919909648, 0.0 ], [ -101.040768050430998, 25.362007943975801, 0.0 ], [ -101.040819066577995, 25.362030363756499, 0.0 ], [ -101.040660473808003, 25.3623992857034, 0.0 ], [ -101.040653818899997, 25.362415499244701, 0.0 ], [ -101.040647184509993, 25.362431724569699, 0.0 ], [ -101.040640569597997, 25.362447962267701, 0.0 ], [ -101.040633973441999, 25.362464212070101, 0.0 ], [ -101.040627395320001, 25.362480473710502, 0.0 ], [ -101.040620834506996, 25.3624967469244, 0.0 ], [ -101.040614265599999, 25.3625130928543, 0.0 ], [ -101.040607738318002, 25.362529385892699, 0.0 ], [ -101.040601226153001, 25.362545689720001, 0.0 ], [ -101.040594728376007, 25.362562004079098, 0.0 ], [ -101.040588244253996, 25.362578328714601, 0.0 ], [ -101.040581773054996, 25.3625946633727, 0.0 ], [ -101.040575314042002, 25.362611007801, 0.0 ], [ -101.040568866482005, 25.362627361748299, 0.0 ], [ -101.040562429635003, 25.362643724964901, 0.0 ], [ -101.040556002765001, 25.362660097202301, 0.0 ], [ -101.040549585129995, 25.362676478213, 0.0 ], [ -101.040543175989995, 25.362692867750699, 0.0 ], [ -101.040536774602003, 25.362709265569801, 0.0 ], [ -101.040530380223998, 25.362725671425899, 0.0 ], [ -101.040523992111005, 25.362742085075102, 0.0 ], [ -101.040517609516996, 25.3627585062744, 0.0 ], [ -101.040511231695007, 25.362774934781399, 0.0 ], [ -101.040504857898995, 25.362791370354099, 0.0 ], [ -101.040498487378997, 25.3628078127511, 0.0 ], [ -101.040492119386002, 25.362824261731301, 0.0 ], [ -101.040485753170003, 25.362840717053999, 0.0 ], [ -101.04047938798, 25.3628571784784, 0.0 ], [ -101.040473023063001, 25.3628736457642, 0.0 ], [ -101.040466657666002, 25.362890118670901, 0.0 ], [ -101.040460291035998, 25.362906596957998, 0.0 ], [ -101.039136860336001, 25.3663319195282, 0.0 ], [ -101.039128367402, 25.366353899317598, 0.0 ], [ -101.039119868200004, 25.366375888429001, 0.0 ], [ -101.039111359581, 25.3663978881204, 0.0 ], [ -101.039102839167001, 25.366419897631701, 0.0 ], [ -101.039094304578995, 25.366441916199499, 0.0 ], [ -101.039085753435003, 25.3664639430568, 0.0 ], [ -101.039077183350997, 25.366485977431999, 0.0 ], [ -101.039068591938005, 25.3665080185486, 0.0 ], [ -101.039059976808005, 25.366530065624101, 0.0 ], [ -101.039051335568999, 25.3665521178701, 0.0 ], [ -101.039042639730994, 25.366574240881299, 0.0 ], [ -101.039033936634993, 25.366596307081, 0.0 ], [ -101.039025200224003, 25.366618376033301, 0.0 ], [ -101.039016428099998, 25.366640446916801, 0.0 ], [ -101.039007617864002, 25.366662518900799, 0.0 ], [ -101.038998767116993, 25.366684591144502, 0.0 ], [ -101.038989873459997, 25.366706662795998, 0.0 ], [ -101.038980934492997, 25.366728732991898, 0.0 ], [ -101.038971947820002, 25.366750800856799, 0.0 ], [ -101.038962911043001, 25.366772865502501, 0.0 ], [ -101.038953821765006, 25.366794926027101, 0.0 ], [ -101.038944677591999, 25.366816981514798, 0.0 ], [ -101.038935476131996, 25.366839031035202, 0.0 ], [ -101.038926214995001, 25.366861073642202, 0.0 ], [ -101.038916891791999, 25.366883108374001, 0.0 ], [ -101.038907504139999, 25.366905134251802, 0.0 ], [ -101.038898049655998, 25.366927150279899, 0.0 ], [ -101.038888525963003, 25.366949155444299, 0.0 ], [ -101.038878930688, 25.3669711487128, 0.0 ], [ -101.038869261459993, 25.366993129033599, 0.0 ], [ -101.038859557403001, 25.367015001825699, 0.0 ], [ -101.038783250961004, 25.3671807471883, 0.0 ], [ -101.038702764465995, 25.367344852418199, 0.0 ], [ -101.038691892155995, 25.367366266821101, 0.0 ], [ -101.038680909807994, 25.367387731911101, 0.0 ], [ -101.038669866381994, 25.367409156967099, 0.0 ], [ -101.038658764347005, 25.367430542835098, 0.0 ], [ -101.038647606154996, 25.3674518903773, 0.0 ], [ -101.038636394250005, 25.367473200471299, 0.0 ], [ -101.038625131062005, 25.367494474009199, 0.0 ], [ -101.038613819009996, 25.367515711897301, 0.0 ], [ -101.038602460503, 25.3675369150554, 0.0 ], [ -101.038591057936003, 25.367558084415901, 0.0 ], [ -101.038579613695006, 25.367579220923002, 0.0 ], [ -101.038568130157003, 25.367600325532699, 0.0 ], [ -101.038556609685003, 25.367621399211199, 0.0 ], [ -101.038545054636003, 25.3676424429352, 0.0 ], [ -101.038533467354995, 25.3676634576906, 0.0 ], [ -101.038521850178, 25.367684444471902, 0.0 ], [ -101.038510205432999, 25.367705404281999, 0.0 ], [ -101.038498535439004, 25.367726338131, 0.0 ], [ -101.038486842504994, 25.367747247036, 0.0 ], [ -101.038475128933001, 25.367768132020299, 0.0 ], [ -101.038463429114003, 25.367788937042, 0.0 ], [ -101.038451677989997, 25.367809783009001, 0.0 ], [ -101.038439913074001, 25.367830608148001, 0.0 ], [ -101.038428136639993, 25.3678514135017, 0.0 ], [ -101.038416350958002, 25.367872200115801, 0.0 ], [ -101.038404558289002, 25.3678929690385, 0.0 ], [ -101.038392760891, 25.367913721319901, 0.0 ], [ -101.038380961016003, 25.367934458011501, 0.0 ], [ -101.038369160909994, 25.3679551801653, 0.0 ], [ -101.038357362815006, 25.367975888833499, 0.0 ], [ -101.038345568969007, 25.367996585067601, 0.0 ], [ -101.037931124650996, 25.3687238318707, 0.0 ], [ -101.037904615032005, 25.368770362058601, 0.0 ], [ -101.037878220793004, 25.3688167657631, 0.0 ], [ -101.037851916928005, 25.368863162572801, 0.0 ], [ -101.037825759537, 25.368909529328, 0.0 ], [ -101.037799782503996, 25.368955881478499, 0.0 ], [ -101.037774019682004, 25.369002234145899, 0.0 ], [ -101.037748504917005, 25.369048602063401, 0.0 ], [ -101.037731590023995, 25.3690797047209, 0.0 ], [ -101.037663274533003, 25.3690654289355, 0.0 ], [ -101.037690004113003, 25.368998387751201, 0.0 ], [ -101.037704923042995, 25.3689645955541, 0.0 ], [ -101.037715606432002, 25.368940439364401, 0.0 ], [ -101.037729369467996, 25.368917216967802, 0.0 ], [ -101.037752674963997, 25.368877270112101, 0.0 ], [ -101.037775733350003, 25.368837747378599, 0.0 ], [ -101.037798788773003, 25.368798226488501, 0.0 ], [ -101.037798940366002, 25.368797964411101, 0.0 ], [ -101.037821052786001, 25.368759859375199, 0.0 ], [ -101.037844288320002, 25.368720032605101, 0.0 ], [ -101.037866533205005, 25.368681206348501, 0.0 ], [ -101.037888516950005, 25.368642836789601, 0.0 ], [ -101.037932488283005, 25.368566092194001, 0.0 ], [ -101.037954471972995, 25.368527721724899, 0.0 ], [ -101.037976351398001, 25.368489533237099, 0.0 ], [ -101.038041735026994, 25.368376256613701, 0.0 ], [ -101.038065450272001, 25.368334864591802, 0.0 ], [ -101.038086513237999, 25.368293372486299, 0.0 ], [ -101.038106850979005, 25.368257872816798, 0.0 ], [ -101.038130208934007, 25.368217105306201, 0.0 ], [ -101.038151592546001, 25.368175828575399, 0.0 ], [ -101.038214422074006, 25.368058330249401, 0.0 ], [ -101.038236384688005, 25.3680188325636, 0.0 ], [ -101.038258869066993, 25.367978396963299, 0.0 ], [ -101.038326325005997, 25.367857084689501, 0.0 ], [ -101.038348809313007, 25.367816648175701, 0.0 ], [ -101.038371293634995, 25.3677762134642, 0.0 ], [ -101.038393779854999, 25.367735774210001, 0.0 ], [ -101.038416264117998, 25.367695337688001, 0.0 ], [ -101.038438749361006, 25.367654901149599, 0.0 ], [ -101.038462312570999, 25.367612523177002, 0.0 ], [ -101.038483175177007, 25.3675718285083, 0.0 ], [ -101.038503042797998, 25.367533076558001, 0.0 ], [ -101.038522909413999, 25.3674943246194, 0.0 ], [ -101.038542450891001, 25.367456209976101, 0.0 ], [ -101.038625780513001, 25.367297976377099, 0.0 ], [ -101.038686358860005, 25.367173709170501, 0.0 ], [ -101.038703710807994, 25.367133444886399, 0.0 ], [ -101.038721955816996, 25.3670963504422, 0.0 ], [ -101.038741138144999, 25.367056879135301, 0.0 ], [ -101.038900446746993, 25.3666929056815, 0.0 ], [ -101.039049816906996, 25.366316941220301, 0.0 ], [ -101.039115913078007, 25.3661467734468, 0.0 ], [ -101.039130811985004, 25.3661050994492, 0.0 ], [ -101.039147894543007, 25.366062963363301, 0.0 ], [ -101.039162874721001, 25.366019282247098, 0.0 ], [ -101.039178246233007, 25.365980005775398, 0.0 ], [ -101.039194979304995, 25.365937253748299, 0.0 ], [ -101.039258261594995, 25.3657674944204, 0.0 ], [ -101.039274245627993, 25.3657266531965, 0.0 ], [ -101.039290895489003, 25.3656841126448, 0.0 ], [ -101.039306865347996, 25.365641829343801, 0.0 ], [ -101.039322950401001, 25.365600733959699, 0.0 ], [ -101.039339310676993, 25.365558929750701, 0.0 ], [ -101.039372441821996, 25.365474279105801, 0.0 ], [ -101.039387935115997, 25.365432553038001, 0.0 ], [ -101.039403888555995, 25.3653917880535, 0.0 ], [ -101.039420249805005, 25.365349985629301, 0.0 ], [ -101.039436610034002, 25.365308182314799, 0.0 ], [ -101.039452972239999, 25.365266378971501, 0.0 ], [ -101.039469333442, 25.3652245756406, 0.0 ], [ -101.039485695582002, 25.3651827695872, 0.0 ], [ -101.039502054791996, 25.365140967183699, 0.0 ], [ -101.039518415014996, 25.365099166570001, 0.0 ], [ -101.039520947870997, 25.365092084986401, 0.0 ], [ -101.039533248189002, 25.365054172606001, 0.0 ], [ -101.039548439037006, 25.365015357317301, 0.0 ], [ -101.039564969417995, 25.3649721297414, 0.0 ], [ -101.039581346218995, 25.364929307035801, 0.0 ], [ -101.039597524046002, 25.364887001625799, 0.0 ], [ -101.039613772658001, 25.3648455955381, 0.0 ], [ -101.039630337766994, 25.364802277030499, 0.0 ], [ -101.039646714526, 25.364759454319501, 0.0 ], [ -101.039663090312004, 25.364716633425999, 0.0 ], [ -101.039679467035, 25.364673809809901, 0.0 ], [ -101.039695841805994, 25.364630988927399, 0.0 ], [ -101.039712219500998, 25.364588165294698, 0.0 ], [ -101.039728594221003, 25.3645453426046, 0.0 ], [ -101.039743563241004, 25.3645061980421, 0.0 ], [ -101.039761226977006, 25.364467364566099, 0.0 ], [ -101.039764270209005, 25.364460089045298, 0.0 ], [ -101.039780644927006, 25.364417268155801, 0.0 ], [ -101.039797021590005, 25.364374445432599, 0.0 ], [ -101.039813397279005, 25.364331624526699, 0.0 ], [ -101.039829773906007, 25.364288800898098, 0.0 ], [ -101.039846148582001, 25.3642459800033, 0.0 ], [ -101.039863320330994, 25.364201079105499, 0.0 ], [ -101.039879976307006, 25.364152435467201, 0.0 ], [ -101.039895551555006, 25.364111709081801, 0.0 ], [ -101.039911738691004, 25.364069378238899, 0.0 ], [ -101.039927673682996, 25.364028717274302, 0.0 ], [ -101.039943274340999, 25.363990549487099, 0.0 ], [ -101.039961241860993, 25.363942205646001, 0.0 ], [ -101.040090911381, 25.3636093671042, 0.0 ], [ -101.040108452170003, 25.363568508103299, 0.0 ], [ -101.040125661066, 25.363524595719301, 0.0 ], [ -101.040142125661006, 25.363482585078199, 0.0 ], [ -101.040158589252997, 25.363440574449498, 0.0 ], [ -101.040175782348001, 25.363396704927499, 0.0 ], [ -101.040191115252, 25.363353668304601, 0.0 ], [ -101.040206854798001, 25.363313507412599, 0.0 ], [ -101.040223318347998, 25.363271496778601, 0.0 ], [ -101.040239782881002, 25.363229486129502, 0.0 ], [ -101.040256246411005, 25.363187475492801, 0.0 ], [ -101.040272710907999, 25.363145463938501, 0.0 ], [ -101.040289174416003, 25.3631034532991, 0.0 ], [ -101.040306615431007, 25.363058950953501, 0.0 ], [ -101.040319788076005, 25.363020650238798, 0.0 ], [ -101.040335272210001, 25.3629811401129, 0.0 ], [ -101.040351735662995, 25.362939128565799, 0.0 ], [ -101.040368200114003, 25.362897117906002, 0.0 ], [ -101.040384663560999, 25.362855107258699, 0.0 ], [ -101.040401127991004, 25.362813096596302, 0.0 ], [ -101.040417591418006, 25.362771085946299, 0.0 ], [ -101.040434055827006, 25.362729075280999, 0.0 ], [ -101.040450509723996, 25.362687090035799, 0.0 ], [ -101.040473904612995, 25.3626274700765, 0.0 ], [ -101.040555350841004, 25.362413463203001, 0.0 ], [ -101.040620730802004, 25.362255114081002, 0.0 ], [ -101.040629224748997, 25.362233510180101, 0.0 ], [ -101.040704886548994, 25.362049919627101, 0.0 ], [ -101.040731749436006, 25.3619919909648, 0.0 ] ] ] ] } },
{ "type": "Feature", "properties": { "CLAVE": "SNL-SAL-004-3 y SNL-SAL-004-4", "PROPIETARIO": null, "SEGMENTO": null, "TIPO DE PROPIEDAD": null, "ESTRUCTURA": null, "ESTADO": null, "MUNICIPIO": null, "EJIDO": null, "KM INICIO": null, "KM FIN": null, "KM LINEALES": null, "KM EFECTIVOS": null, "M2": null, "IDENTIFICACIÓN O ACERCAMIENTO": null, "ANUENCIA ": null, "LEVANTAMIENTO": null, "NEGOCIACIÓN O ASAMBLEA": null, "C.O.P": "NO", "OBSERVACIONES": null, "fid": null, "PROYECTO": null, "ESTATUS": "NO LIBERADO", "NUEVO": null }, "geometry": { "type": "MultiPolygon", "coordinates": [ [ [ [ -101.046412173449397, 25.351571399214595, 0.0 ], [ -101.046412173457995, 25.351571399002601, 0.0 ], [ -101.046276513397004, 25.351501428674698, 0.0 ], [ -101.046277190051995, 25.351480407412598, 0.0 ], [ -101.046278642622994, 25.351435278443301, 0.0 ], [ -101.046278646996996, 25.351427513364701, 0.0 ], [ -101.046277390048004, 25.351386901253601, 0.0 ], [ -101.046276232173994, 25.351349518525101, 0.0 ], [ -101.046279903037004, 25.351179234689599, 0.0 ], [ -101.04627987277, 25.351172775395401, 0.0 ], [ -101.046278615844997, 25.351132164185302, 0.0 ], [ -101.046277357913993, 25.351091552086199, 0.0 ], [ -101.046276135192002, 25.351052028152701, 0.0 ], [ -101.046275557797003, 25.351008526982699, 0.0 ], [ -101.046274968008007, 25.350963935524099, 0.0 ], [ -101.046274376281005, 25.350919346800399, 0.0 ], [ -101.046273786480995, 25.350874754438799, 0.0 ], [ -101.046273194755997, 25.350830165714498, 0.0 ], [ -101.046272604959, 25.3507855733524, 0.0 ], [ -101.046272014216996, 25.350740983711201, 0.0 ], [ -101.046271423459999, 25.350696393167301, 0.0 ], [ -101.046270837739002, 25.3506522196001, 0.0 ], [ -101.046270553859003, 25.3506083316034, 0.0 ], [ -101.046270266031001, 25.350564032030402, 0.0 ], [ -101.046269979168002, 25.3505197306383, 0.0 ], [ -101.046269692246, 25.350475425636098, 0.0 ], [ -101.046269404423001, 25.350431126062201, 0.0 ], [ -101.046269117563995, 25.3503868246694, 0.0 ], [ -101.046268830692, 25.350342522373801, 0.0 ], [ -101.046268543775, 25.350298217370501, 0.0 ], [ -101.046268255957997, 25.350253917795602, 0.0 ], [ -101.046267969105003, 25.350209616401699, 0.0 ], [ -101.046267683186002, 25.350165311383801, 0.0 ], [ -101.046267395372993, 25.350121011808199, 0.0 ], [ -101.046267111225006, 25.3500772249145, 0.0 ], [ -101.046267195254003, 25.350032530203499, 0.0 ], [ -101.046267279638002, 25.349987325462202, 0.0 ], [ -101.046267364957004, 25.349942117097001, 0.0 ], [ -101.046267449344001, 25.349896912355302, 0.0 ], [ -101.046267534679004, 25.349851704891901, 0.0 ], [ -101.046267618033994, 25.349807087821201, 0.0 ], [ -101.046267858405002, 25.3497860190894, 0.0 ], [ -101.046269170798993, 25.349743095343701, 0.0 ], [ -101.046269258498, 25.349696109734801, 0.0 ], [ -101.046269343838006, 25.349650902270302, 0.0 ], [ -101.046269428233003, 25.349605697526901, 0.0 ], [ -101.046269513575993, 25.349560490062, 0.0 ], [ -101.046269595482002, 25.349516553645199, 0.0 ], [ -101.046273489021004, 25.349343659781301, 0.0 ], [ -101.046273025702007, 25.3492997461912, 0.0 ], [ -101.046272582655007, 25.3492578490463, 0.0 ], [ -101.046272293613001, 25.349230514444599, 0.0 ], [ -101.046369518543997, 25.350718960023201, 0.0 ], [ -101.046413313309998, 25.350726810714001, 0.0 ], [ -101.046415084502001, 25.350853517425801, 0.0 ], [ -101.046415571430003, 25.3508884588665, 0.0 ], [ -101.046416049653999, 25.3509234261039, 0.0 ], [ -101.046416510163994, 25.350958424374301, 0.0 ], [ -101.046416943853004, 25.350993453763699, 0.0 ], [ -101.046417342465006, 25.3510285914242, 0.0 ], [ -101.046417695151007, 25.351063698652901, 0.0 ], [ -101.046417993483999, 25.351098837132501, 0.0 ], [ -101.046418228247006, 25.3511340068445, 0.0 ], [ -101.046418390200998, 25.3511692077291, 0.0 ], [ -101.046418470082997, 25.35120443968, 0.0 ], [ -101.046418458605004, 25.3512397025372, 0.0 ], [ -101.046418346457003, 25.351274996081798, 0.0 ], [ -101.046418124303003, 25.351310320029601, 0.0 ], [ -101.046417782787998, 25.351345674024898, 0.0 ], [ -101.046417312532, 25.351381057634601, 0.0 ], [ -101.046416704134998, 25.351416470341899, 0.0 ], [ -101.046415948174001, 25.35145191154, 0.0 ], [ -101.046415035208, 25.351487380526301, 0.0 ], [ -101.046413955776998, 25.3515228764957, 0.0 ], [ -101.046412700401007, 25.3515583985346, 0.0 ], [ -101.046412173449994, 25.351571399214901, 0.0 ], [ -101.046412173449397, 25.351571399214595, 0.0 ] ] ] ] } },
{ "type": "Feature", "properties": { "CLAVE": "N/D", "PROPIETARIO": null, "SEGMENTO": null, "TIPO DE PROPIEDAD": null, "ESTRUCTURA": null, "ESTADO": null, "MUNICIPIO": null, "EJIDO": null, "KM INICIO": null, "KM FIN": null, "KM LINEALES": null, "KM EFECTIVOS": null, "M2": null, "IDENTIFICACIÓN O ACERCAMIENTO": null, "ANUENCIA ": null, "LEVANTAMIENTO": null, "NEGOCIACIÓN O ASAMBLEA": null, "C.O.P": "NO", "OBSERVACIONES": null, "fid": null, "PROYECTO": null, "ESTATUS": "NO LIBERADO", "NUEVO": null }, "geometry": { "type": "MultiPolygon", "coordinates": [ [ [ [ -101.047161153907993, 25.3404162407844, 0.0 ], [ -101.047085956729006, 25.338432844480302, 0.0 ], [ -101.047277014098995, 25.3385764988458, 0.0 ], [ -101.047277015444962, 25.338576498881498, 0.0 ], [ -101.047884675798997, 25.339033390281902, 0.0 ], [ -101.048283279746002, 25.339752461358501, 0.0 ], [ -101.048341056056998, 25.340135440399699, 0.0 ], [ -101.048082734310995, 25.340791541021702, 0.0 ], [ -101.047161153907993, 25.3404162407844, 0.0 ] ] ] ] } },
{ "type": "Feature", "properties": { "CLAVE": "N/D", "PROPIETARIO": null, "SEGMENTO": null, "TIPO DE PROPIEDAD": null, "ESTRUCTURA": null, "ESTADO": null, "MUNICIPIO": null, "EJIDO": null, "KM INICIO": null, "KM FIN": null, "KM LINEALES": null, "KM EFECTIVOS": null, "M2": null, "IDENTIFICACIÓN O ACERCAMIENTO": null, "ANUENCIA ": null, "LEVANTAMIENTO": null, "NEGOCIACIÓN O ASAMBLEA": null, "C.O.P": "NO", "OBSERVACIONES": null, "fid": null, "PROYECTO": null, "ESTATUS": "NO LIBERADO", "NUEVO": null }, "geometry": { "type": "MultiPolygon", "coordinates": [ [ [ [ -101.047085956729006, 25.338432844480302, 0.0 ], [ -101.047161153907993, 25.3404162407844, 0.0 ], [ -101.047238584110005, 25.340619476301701, 0.0 ], [ -101.047266809289994, 25.341441011137601, 0.0 ], [ -101.047268307886, 25.341538930950499, 0.0 ], [ -101.047266077019998, 25.341636839245499, 0.0 ], [ -101.047230408320004, 25.341624534692201, 0.0 ], [ -101.047207502410998, 25.3418015747114, 0.0 ], [ -101.047206702606999, 25.341948771033199, 0.0 ], [ -101.047172702352995, 25.342184306784802, 0.0 ], [ -101.047125934028998, 25.342349428926401, 0.0 ], [ -101.047134148062995, 25.342351013715302, 0.0 ], [ -101.047105510657005, 25.342432333488699, 0.0 ], [ -101.047074186383995, 25.342512831073201, 0.0 ], [ -101.047061492149993, 25.3425085500898, 0.0 ], [ -101.046986717829, 25.342688829728701, 0.0 ], [ -101.046901075882005, 25.342853761063498, 0.0 ], [ -101.046811600983006, 25.343011117826698, 0.0 ], [ -101.046664745822994, 25.3432131072767, 0.0 ], [ -101.046536154565004, 25.343402493801602, 0.0 ], [ -101.046574147588998, 25.3434377990868, 0.0 ], [ -101.046537294573, 25.343514340359, 0.0 ], [ -101.046475306399373, 25.343450951542923, 0.0 ], [ -101.046487578181996, 25.343430307823802, 0.0 ], [ -101.046509508482004, 25.343393414771501, 0.0 ], [ -101.046531439776999, 25.343356522605202, 0.0 ], [ -101.046553371044993, 25.343319629533902, 0.0 ], [ -101.046575301306007, 25.3432827364737, 0.0 ], [ -101.046597232533003, 25.343245842494699, 0.0 ], [ -101.046617182475003, 25.343212281740101, 0.0 ], [ -101.046639418072004, 25.343179414617701, 0.0 ], [ -101.046738118362995, 25.343015171301602, 0.0 ], [ -101.046760811056998, 25.342973927691698, 0.0 ], [ -101.046782294682998, 25.342934880653299, 0.0 ], [ -101.046825263852995, 25.342856784736401, 0.0 ], [ -101.046829765466001, 25.342847798969299, 0.0 ], [ -101.046846937509002, 25.342809909543401, 0.0 ], [ -101.046864110518996, 25.342772019199799, 0.0 ], [ -101.046879490557998, 25.342738085037901, 0.0 ], [ -101.046935446752997, 25.342633851416601, 0.0 ], [ -101.046939304741997, 25.342626050812299, 0.0 ], [ -101.046958090451, 25.342584602093002, 0.0 ], [ -101.046975702758999, 25.342538459539998, 0.0 ], [ -101.046991455854993, 25.342497185745898, 0.0 ], [ -101.047008798191996, 25.342454436644299, 0.0 ], [ -101.047089625005, 25.3422352178072, 0.0 ], [ -101.047093642453007, 25.342222198280499, 0.0 ], [ -101.047103891920003, 25.3421811959773, 0.0 ], [ -101.047114142389006, 25.342140194562301, 0.0 ], [ -101.047116181321002, 25.342130375532498, 0.0 ], [ -101.047129578325993, 25.342049583594601, 0.0 ], [ -101.047130858377997, 25.3420391179503, 0.0 ], [ -101.047134005881006, 25.341999325608999, 0.0 ], [ -101.047137153443998, 25.341959536877599, 0.0 ], [ -101.047140301938995, 25.3419197445224, 0.0 ], [ -101.047143448521993, 25.3418799567071, 0.0 ], [ -101.047146588800004, 25.341840266470701, 0.0 ], [ -101.047163505561997, 25.341630737316901, 0.0 ], [ -101.047165686251006, 25.341584349995401, 0.0 ], [ -101.047167261173001, 25.341542178381498, 0.0 ], [ -101.047167291544, 25.341533892980099, 0.0 ], [ -101.047166024907995, 25.341491758118401, 0.0 ], [ -101.047164164457001, 25.3413644329055, 0.0 ], [ -101.047162841461997, 25.341320368842801, 0.0 ], [ -101.047161547911998, 25.341277283810999, 0.0 ], [ -101.047160269483996, 25.341234742896798, 0.0 ], [ -101.047159360400997, 25.341191896248201, 0.0 ], [ -101.047158438276995, 25.341148510868699, 0.0 ], [ -101.047157518155004, 25.341105126363999, 0.0 ], [ -101.047156568313, 25.341060388114801, 0.0 ], [ -101.047148942811006, 25.340884048904201, 0.0 ], [ -101.047148051419995, 25.3408420162427, 0.0 ], [ -101.047147074714005, 25.340796012254199, 0.0 ], [ -101.047144197462003, 25.3407509251143, 0.0 ], [ -101.047139661041996, 25.340644607702998, 0.0 ], [ -101.047138317521998, 25.340601857483499, 0.0 ], [ -101.047136709727994, 25.340556624656301, 0.0 ], [ -101.047135357190996, 25.340513573839601, 0.0 ], [ -101.047133996414999, 25.340470269478502, 0.0 ], [ -101.047132635625005, 25.340426964214501, 0.0 ], [ -101.047131275845999, 25.340383659838899, 0.0 ], [ -101.047129915061006, 25.340340354574298, 0.0 ], [ -101.047128554292996, 25.340297050211898, 0.0 ], [ -101.047127193511997, 25.340253744946601, 0.0 ], [ -101.047125832763996, 25.340210441486199, 0.0 ], [ -101.047124354580006, 25.3401633659361, 0.0 ], [ -101.047123231, 25.3401513038663, 0.0 ], [ -101.047112861119004, 25.339864538872099, 0.0 ], [ -101.047110584007001, 25.339822641414699, 0.0 ], [ -101.047109696516998, 25.3397806464688, 0.0 ], [ -101.047105086768994, 25.339650005701898, 0.0 ], [ -101.047102804814998, 25.339608004439299, 0.0 ], [ -101.047101885222006, 25.3395658828397, 0.0 ], [ -101.047099449765, 25.3395210506532, 0.0 ], [ -101.047097122802995, 25.339478234537701, 0.0 ], [ -101.047094796761002, 25.339435413895501, 0.0 ], [ -101.047092583931004, 25.339394715732499, 0.0 ], [ -101.047091756358995, 25.339353048219898, 0.0 ], [ -101.047090147220999, 25.339307495517801, 0.0 ], [ -101.047088572264002, 25.339262852713802, 0.0 ], [ -101.047086995369, 25.3392182126445, 0.0 ], [ -101.047085420417005, 25.339173569839801, 0.0 ], [ -101.047083843527005, 25.3391289297697, 0.0 ], [ -101.047082268579999, 25.339084286964301, 0.0 ], [ -101.047080691695001, 25.3390396468936, 0.0 ], [ -101.047079116752002, 25.338995004087401, 0.0 ], [ -101.047077540849997, 25.338950363099801, 0.0 ], [ -101.047075964903996, 25.338905719404298, 0.0 ], [ -101.047074389021006, 25.338861079318502, 0.0 ], [ -101.047072813094999, 25.338816436524699, 0.0 ], [ -101.047071237218006, 25.338771796438198, 0.0 ], [ -101.047069661297002, 25.338727153643902, 0.0 ], [ -101.047066456213997, 25.338636362535599, 0.0 ], [ -101.047063332063999, 25.338583886520599, 0.0 ], [ -101.047061612123002, 25.3384296845976, 0.0 ], [ -101.047085956729006, 25.338432844480302, 0.0 ] ] ] ] } },
{ "type": "Feature", "properties": { "CLAVE": "", "PROPIETARIO": null, "SEGMENTO": null, "TIPO DE PROPIEDAD": null, "ESTRUCTURA": null, "ESTADO": null, "MUNICIPIO": null, "EJIDO": null, "KM INICIO": null, "KM FIN": null, "KM LINEALES": null, "KM EFECTIVOS": null, "M2": null, "IDENTIFICACIÓN O ACERCAMIENTO": null, "ANUENCIA ": null, "LEVANTAMIENTO": null, "NEGOCIACIÓN O ASAMBLEA": null, "C.O.P": "NO", "OBSERVACIONES": null, "fid": null, "PROYECTO": null, "ESTATUS": "NO LIBERADO", "NUEVO": null }, "geometry": { "type": "MultiPolygon", "coordinates": [ [ [ [ -101.047277015444962, 25.338576498881498, 0.0 ], [ -101.047085956729006, 25.338432844480302, 0.0 ], [ -101.047061612123002, 25.3384296845976, 0.0 ], [ -101.047061447382006, 25.3384149146036, 0.0 ], [ -101.047066946580998, 25.338241193839199, 0.0 ], [ -101.047071182444, 25.338205040486201, 0.0 ], [ -101.047076027019003, 25.338163682728499, 0.0 ], [ -101.047080655499997, 25.338124181218198, 0.0 ], [ -101.047086801185998, 25.3380826256737, 0.0 ], [ -101.047091013387003, 25.338045198098001, 0.0 ], [ -101.047126818891996, 25.337862524604802, 0.0 ], [ -101.047133895586001, 25.337826369671198, 0.0 ], [ -101.047144560133006, 25.3377902663889, 0.0 ], [ -101.047188903793, 25.337625407708099, 0.0 ], [ -101.047268919822997, 25.337384740845302, 0.0 ], [ -101.047282128546996, 25.3373419555654, 0.0 ], [ -101.047296180410001, 25.337300545213299, 0.0 ], [ -101.047310036259006, 25.3372556666219, 0.0 ], [ -101.047323368638999, 25.337212483848401, 0.0 ], [ -101.047350031448005, 25.3371261219364, 0.0 ], [ -101.047362756235998, 25.3370849064667, 0.0 ], [ -101.047377440524002, 25.337042324662299, 0.0 ], [ -101.047391823774007, 25.336996786801901, 0.0 ], [ -101.047404288728004, 25.336954521647201, 0.0 ], [ -101.047416412420006, 25.336913417438801, 0.0 ], [ -101.047428534149006, 25.336872315062301, 0.0 ], [ -101.047439658000997, 25.336834599949601, 0.0 ], [ -101.047454107980997, 25.336794114278199, 0.0 ], [ -101.047466783681003, 25.336751137377199, 0.0 ], [ -101.047516692453996, 25.3365962936779, 0.0 ], [ -101.047528642301003, 25.336557698857501, 0.0 ], [ -101.047539303801997, 25.336523263358298, 0.0 ], [ -101.047582549729995, 25.336407634032401, 0.0 ], [ -101.047594443698003, 25.336375266282101, 0.0 ], [ -101.047610332149006, 25.3363401361417, 0.0 ], [ -101.047627847662994, 25.3363014095865, 0.0 ], [ -101.047652995446001, 25.3362473871696, 0.0 ], [ -101.047681735127995, 25.3361929013682, 0.0 ], [ -101.047701658208993, 25.3361591215263, 0.0 ], [ -101.047723164077993, 25.336122655804999, 0.0 ], [ -101.047742906522998, 25.336089180874598, 0.0 ], [ -101.047834497260993, 25.335950986607401, 0.0 ], [ -101.047859057056002, 25.335916975270901, 0.0 ], [ -101.047883074265997, 25.335883717106501, 0.0 ], [ -101.047904148333004, 25.335857597797901, 0.0 ], [ -101.047930282359999, 25.335827552339399, 0.0 ], [ -101.048037779889995, 25.335699044241299, 0.0 ], [ -101.048063340232005, 25.335669657936698, 0.0 ], [ -101.048095191794999, 25.335633861398801, 0.0 ], [ -101.048123959959, 25.335599865741699, 0.0 ], [ -101.048154056849, 25.3355669151087, 0.0 ], [ -101.048185912243, 25.335531112956101, 0.0 ], [ -101.048217130707002, 25.3354960277243, 0.0 ], [ -101.048248349122005, 25.335460940681699, 0.0 ], [ -101.048279567535005, 25.335425854536101, 0.0 ], [ -101.048310784951994, 25.335390769301, 0.0 ], [ -101.048342006262004, 25.3353556803951, 0.0 ], [ -101.048373222650994, 25.3353205951625, 0.0 ], [ -101.048404442963999, 25.3352855080641, 0.0 ], [ -101.048433231003003, 25.335253152961801, 0.0 ], [ -101.048467463853001, 25.335218516018799, 0.0 ], [ -101.048499660101001, 25.335182359069801, 0.0 ], [ -101.048529439945, 25.335148915941801, 0.0 ], [ -101.048559218779999, 25.335115472822402, 0.0 ], [ -101.048588998591995, 25.335082029684099, 0.0 ], [ -101.048618776416006, 25.335048587470801, 0.0 ], [ -101.048648556196, 25.335015144322199, 0.0 ], [ -101.048678336907003, 25.334981698447201, 0.0 ], [ -101.048707985039002, 25.3349484024539, 0.0 ], [ -101.048840300577993, 25.3348006446532, 0.0 ], [ -101.048870114295994, 25.334767161414, 0.0 ], [ -101.048964246813, 25.334661939297, 0.0 ], [ -101.049008192640002, 25.334614434216999, 0.0 ], [ -101.049038093289994, 25.334579301475799, 0.0 ], [ -101.049073076667, 25.334542417191699, 0.0 ], [ -101.049104357537004, 25.334505662517898, 0.0 ], [ -101.049134281242004, 25.334472932815199, 0.0 ], [ -101.049166317152995, 25.334435287110399, 0.0 ], [ -101.049196775265003, 25.3343994982372, 0.0 ], [ -101.049225981735006, 25.334365178315799, 0.0 ], [ -101.049254998896998, 25.3343329471628, 0.0 ], [ -101.049285308929001, 25.334299278970398, 0.0 ], [ -101.049315619937005, 25.334265610758901, 0.0 ], [ -101.049345932869002, 25.334231939806902, 0.0 ], [ -101.049376240881003, 25.334198272528699, 0.0 ], [ -101.049406549883997, 25.3341646061338, 0.0 ], [ -101.049435364136997, 25.334132599836799, 0.0 ], [ -101.049476551588995, 25.334089700867199, 0.0 ], [ -101.049599318771996, 25.333955306595801, 0.0 ], [ -101.049629965083, 25.3339212633222, 0.0 ], [ -101.049660273948007, 25.333887596882398, 0.0 ], [ -101.049691982634002, 25.333852375881801, 0.0 ], [ -101.049718952294995, 25.3338205319988, 0.0 ], [ -101.049747045846999, 25.333789326442801, 0.0 ], [ -101.049776995925001, 25.3337572064056, 0.0 ], [ -101.049808235309001, 25.333721153268598, 0.0 ], [ -101.049833852784005, 25.333691964488398, 0.0 ], [ -101.049861493511997, 25.333663539211798, 0.0 ], [ -101.049921748486, 25.333601573327101, 0.0 ], [ -101.049950876165994, 25.333571618927401, 0.0 ], [ -101.049980561080005, 25.333542313932099, 0.0 ], [ -101.050156011997998, 25.333371595828702, 0.0 ], [ -101.050187075685002, 25.3333456521149, 0.0 ], [ -101.050218745151, 25.333317011014699, 0.0 ], [ -101.050320996514003, 25.333230886353, 0.0 ], [ -101.050357518835, 25.333200869781901, 0.0 ], [ -101.050391335832003, 25.333172518887199, 0.0 ], [ -101.051062054526994, 25.332643209490001, 0.0 ], [ -101.051101572350007, 25.332615209980499, 0.0 ], [ -101.051139939890007, 25.3325847167483, 0.0 ], [ -101.051175136544998, 25.3325567438863, 0.0 ], [ -101.051206383229996, 25.332531909649699, 0.0 ], [ -101.051244050776006, 25.332505987384302, 0.0 ], [ -101.051283205304003, 25.332474868744001, 0.0 ], [ -101.051318400900001, 25.332446895865299, 0.0 ], [ -101.051353600406003, 25.332418920216298, 0.0 ], [ -101.051388795969004, 25.332390947322601, 0.0 ], [ -101.051423994464997, 25.332362972574799, 0.0 ], [ -101.051459189002003, 25.33233499968, 0.0 ], [ -101.051494047372003, 25.332307295950802, 0.0 ], [ -101.051530638558006, 25.332278566080699, 0.0 ], [ -101.051567572859, 25.332249568737598, 0.0 ], [ -101.051604504178002, 25.332220572330002, 0.0 ], [ -101.051641089444004, 25.3321918479337, 0.0 ], [ -101.051682160748996, 25.332159999604599, 0.0 ], [ -101.051719371879997, 25.332130783906901, 0.0 ], [ -101.051756302133001, 25.3321017874792, 0.0 ], [ -101.051830166559, 25.332043794543601, 0.0 ], [ -101.051867100685001, 25.332014795328401, 0.0 ], [ -101.051904030866993, 25.331985798867599, 0.0 ], [ -101.051940962040007, 25.331956803287198, 0.0 ], [ -101.051977896112007, 25.331927804047101, 0.0 ], [ -101.052014826255999, 25.331898808464, 0.0 ], [ -101.052051760308998, 25.331869810109801, 0.0 ], [ -101.052088691394999, 25.3318408135938, 0.0 ], [ -101.052125624433998, 25.331811816139499, 0.0 ], [ -101.052162554492, 25.331782819620699, 0.0 ], [ -101.052199488488, 25.331753822135799, 0.0 ], [ -101.052236583969005, 25.331724696306601, 0.0 ], [ -101.052272851256006, 25.331696027358198, 0.0 ], [ -101.052308908556, 25.3316675250082, 0.0 ], [ -101.052344274814004, 25.331639569385299, 0.0 ], [ -101.052484544123004, 25.331531408990799, 0.0 ], [ -101.052521233411994, 25.3315024063041, 0.0 ], [ -101.052557290595999, 25.331473903899798, 0.0 ], [ -101.052593346785002, 25.331445402403801, 0.0 ], [ -101.052629401963003, 25.331416900913801, 0.0 ], [ -101.052665459110997, 25.331388399388199, 0.0 ], [ -101.052701515248003, 25.331359897868602, 0.0 ], [ -101.052737572362005, 25.3313313963274, 0.0 ], [ -101.052773062876, 25.331303340483501, 0.0 ], [ -101.052806312680005, 25.331277586150399, 0.0 ], [ -101.052840134079005, 25.331251389644901, 0.0 ], [ -101.052873952484006, 25.331225193173999, 0.0 ], [ -101.052907769927003, 25.331198999417602, 0.0 ], [ -101.052941590288995, 25.331172802905101, 0.0 ], [ -101.052975411614, 25.331146605469399, 0.0 ], [ -101.053009229975004, 25.3311204098734, 0.0 ], [ -101.053043048337003, 25.331094215172801, 0.0 ], [ -101.053079200013002, 25.331066211988901, 0.0 ], [ -101.053115664459995, 25.3310355430634, 0.0 ], [ -101.053149915499006, 25.331006738925499, 0.0 ], [ -101.053183023580999, 25.330978894033301, 0.0 ], [ -101.053220146130997, 25.3309489547411, 0.0 ], [ -101.053255517140002, 25.3309192062279, 0.0 ], [ -101.053289768097997, 25.330890401158602, 0.0 ], [ -101.053324014118999, 25.330861598858899, 0.0 ], [ -101.053358265043997, 25.330832793775599, 0.0 ], [ -101.053396917132005, 25.330800286461599, 0.0 ], [ -101.053433586305005, 25.330764048507501, 0.0 ], [ -101.053568724979002, 25.330633189456002, 0.0 ], [ -101.053602350442006, 25.330599959942099, 0.0 ], [ -101.053635463351995, 25.3305672358035, 0.0 ], [ -101.053701691105999, 25.330501787479101, 0.0 ], [ -101.053734806912004, 25.330469061474499, 0.0 ], [ -101.053769711637003, 25.330434566508799, 0.0 ], [ -101.053856432402, 25.330342487980499, 0.0 ], [ -101.053888440861996, 25.3303076091325, 0.0 ], [ -101.053919867239003, 25.330273364839599, 0.0 ], [ -101.053951292636, 25.3302391223597, 0.0 ], [ -101.053982717023004, 25.330204879887901, 0.0 ], [ -101.054014145319002, 25.330170634647502, 0.0 ], [ -101.054046551634997, 25.3301353213424, 0.0 ], [ -101.054141824458, 25.330027094281601, 0.0 ], [ -101.054172278333994, 25.329993910633501, 0.0 ], [ -101.054203702582001, 25.329959667218802, 0.0 ], [ -101.054235128783006, 25.3299254228682, 0.0 ], [ -101.054266554004002, 25.329891180330701, 0.0 ], [ -101.054297979192, 25.329856936884902, 0.0 ], [ -101.054329406332997, 25.3298226925032, 0.0 ], [ -101.054364858026005, 25.329784060355198, 0.0 ], [ -101.054400885568, 25.329737302257801, 0.0 ], [ -101.054428108330001, 25.329706121582401, 0.0 ], [ -101.05445810322, 25.329671764456499, 0.0 ], [ -101.054488098109999, 25.329637408227899, 0.0 ], [ -101.054527362996083, 25.329592432344942, 0.0 ], [ -101.054652160822002, 25.329649211549, 0.0 ], [ -101.054652164399826, 25.329649207510123, 0.0 ], [ -101.054652164399997, 25.329649207510201, 0.0 ], [ -101.054636829128995, 25.329666518866901, 0.0 ], [ -101.054610707527004, 25.329696004941699, 0.0 ], [ -101.054584564653993, 25.329725505933499, 0.0 ], [ -101.054558392352007, 25.329755021960199, 0.0 ], [ -101.054532185726998, 25.329784549431501, 0.0 ], [ -101.054505939883001, 25.329814084742999, 0.0 ], [ -101.054473104389004, 25.329850978856999, 0.0 ], [ -101.054442233407997, 25.329828243109102, 0.0 ], [ -101.054422391288995, 25.3298504967204, 0.0 ], [ -101.054396016587006, 25.329880013191001, 0.0 ], [ -101.054369586831001, 25.329909518681301, 0.0 ], [ -101.054343097119002, 25.329939009513499, 0.0 ], [ -101.054316542579002, 25.329968481962499, 0.0 ], [ -101.054289918332998, 25.329997932290102, 0.0 ], [ -101.054263219527002, 25.330027356710101, 0.0 ], [ -101.054236441314998, 25.330056751422202, 0.0 ], [ -101.054209578867003, 25.330086112585501, 0.0 ], [ -101.054199250153999, 25.330097340224601, 0.0 ], [ -101.054168754992006, 25.330074202568401, 0.0 ], [ -101.054152169877995, 25.330092257653799, 0.0 ], [ -101.054125187874007, 25.330121471477401, 0.0 ], [ -101.054098111296, 25.3301506360208, 0.0 ], [ -101.054070935431994, 25.3301797473225, 0.0 ], [ -101.054043655591997, 25.330208801382199, 0.0 ], [ -101.054016267121995, 25.330237794157199, 0.0 ], [ -101.053988765396994, 25.330266721556601, 0.0 ], [ -101.053961145822001, 25.3302955794517, 0.0 ], [ -101.053933403843999, 25.3303243636561, 0.0 ], [ -101.053905534945997, 25.330353069942301, 0.0 ], [ -101.053877534650994, 25.330381694025402, 0.0 ], [ -101.053849398523994, 25.3304102315706, 0.0 ], [ -101.053821122179002, 25.330438678188202, 0.0 ], [ -101.053792701274006, 25.330467029431802, 0.0 ], [ -101.053764131519003, 25.330495280795201, 0.0 ], [ -101.053735512409006, 25.330523326065101, 0.0 ], [ -101.053510370731999, 25.330735219846499, 0.0 ], [ -101.053480530789003, 25.3307621937536, 0.0 ], [ -101.053450462482999, 25.330789130037999, 0.0 ], [ -101.053420279137995, 25.330815934622301, 0.0 ], [ -101.053389985856001, 25.330842611245, 0.0 ], [ -101.053359587678997, 25.330869163692402, 0.0 ], [ -101.053329089586995, 25.330895595797799, 0.0 ], [ -101.053298496503999, 25.330921911435599, 0.0 ], [ -101.053267813294994, 25.330948114523402, 0.0 ], [ -101.053237044770995, 25.330974209013998, 0.0 ], [ -101.053206195686997, 25.3310001989007, 0.0 ], [ -101.053175270748994, 25.331026088209398, 0.0 ], [ -101.053144274619996, 25.3310518809961, 0.0 ], [ -101.053113211899998, 25.331077581352201, 0.0 ], [ -101.053082087158003, 25.331103193394199, 0.0 ], [ -101.053050904911004, 25.331128721264601, 0.0 ], [ -101.053019669641998, 25.331154169129, 0.0 ], [ -101.052988385782996, 25.331179541181601, 0.0 ], [ -101.052957057742006, 25.331204841626398, 0.0 ], [ -101.052925689879999, 25.331230074697601, 0.0 ], [ -101.052894286533999, 25.331255244633599, 0.0 ], [ -101.052862852003003, 25.3312803557012, 0.0 ], [ -101.052831390554999, 25.331305412174999, 0.0 ], [ -101.052799906442004, 25.331330418328999, 0.0 ], [ -101.052768403876996, 25.331355378467599, 0.0 ], [ -101.052736930988004, 25.3313802621566, 0.0 ], [ -101.052705396806999, 25.331405148981698, 0.0 ], [ -101.052673856693005, 25.331430002691, 0.0 ], [ -101.052642314791996, 25.3314548276016, 0.0 ], [ -101.052610775231003, 25.331479628031001, 0.0 ], [ -101.052579242131003, 25.331504408295999, 0.0 ], [ -101.052547719597001, 25.331529172710699, 0.0 ], [ -101.051315150009003, 25.332497429781998, 0.0 ], [ -101.051290913989007, 25.332516468931299, 0.0 ], [ -101.051266686836996, 25.332535504441701, 0.0 ], [ -101.051242471779005, 25.332554537112099, 0.0 ], [ -101.051218270630997, 25.332573568847099, 0.0 ], [ -101.051194085206006, 25.3325926015481, 0.0 ], [ -101.051169917319001, 25.332611637113001, 0.0 ], [ -101.051145768786, 25.332630677435201, 0.0 ], [ -101.051121641422995, 25.332649724403801, 0.0 ], [ -101.051097537049998, 25.3326687799028, 0.0 ], [ -101.051073457487007, 25.332687845810899, 0.0 ], [ -101.051049404558, 25.332706924000501, 0.0 ], [ -101.051025430660005, 25.3327259761524, 0.0 ], [ -101.051001440651007, 25.332745081097599, 0.0 ], [ -101.050977482763003, 25.332764203888001, 0.0 ], [ -101.050953558830003, 25.332783346373901, 0.0 ], [ -101.050929670702004, 25.332802510385299, 0.0 ], [ -101.050905820229005, 25.332821697751299, 0.0 ], [ -101.050882009269003, 25.332840910293399, 0.0 ], [ -101.050858239692005, 25.332860149812401, 0.0 ], [ -101.050834513363, 25.3328794181201, 0.0 ], [ -101.050806543140993, 25.332902212318601, 0.0 ], [ -101.050846325722006, 25.332942531685099, 0.0 ], [ -101.050827103554994, 25.332958267128198, 0.0 ], [ -101.050803604577993, 25.3329775616414, 0.0 ], [ -101.050780160100999, 25.332996888716998, 0.0 ], [ -101.050756772027, 25.333016250072301, 0.0 ], [ -101.050733442256998, 25.333035647420701, 0.0 ], [ -101.050710172706999, 25.333055082457101, 0.0 ], [ -101.050686965305999, 25.3330745568603, 0.0 ], [ -101.05066382199, 25.333094072299101, 0.0 ], [ -101.050640744708005, 25.3331136304217, 0.0 ], [ -101.050617642272002, 25.333133312220198, 0.0 ], [ -101.050364102569006, 25.333356517090198, 0.0 ], [ -101.050118067233996, 25.333586554166299, 0.0 ], [ -101.049879759109999, 25.333823215142001, 0.0 ], [ -101.049835425161007, 25.333787023157701, 0.0 ], [ -101.049812920205, 25.333810128449699, 0.0 ], [ -101.049791965932997, 25.3338317547766, 0.0 ], [ -101.049771064181002, 25.3338534365801, 0.0 ], [ -101.049750213053002, 25.333875172107199, 0.0 ], [ -101.049729410633006, 25.3338969596245, 0.0 ], [ -101.049708654992003, 25.333918797405499, 0.0 ], [ -101.049687944181002, 25.333940683744899, 0.0 ], [ -101.049667276247007, 25.333962616931601, 0.0 ], [ -101.049646649213997, 25.333984595276601, 0.0 ], [ -101.049626061099005, 25.334006617095401, 0.0 ], [ -101.049605509903003, 25.334028680716202, 0.0 ], [ -101.049584993614005, 25.334050784468801, 0.0 ], [ -101.049564510215006, 25.3340729266964, 0.0 ], [ -101.049544057671, 25.3340951057498, 0.0 ], [ -101.049523633937, 25.334117319988501, 0.0 ], [ -101.049503236966999, 25.334139567767501, 0.0 ], [ -101.049482864690006, 25.334161847466699, 0.0 ], [ -101.049462515037007, 25.334184157458701, 0.0 ], [ -101.049442185927006, 25.334206496124501, 0.0 ], [ -101.049421836077997, 25.334228905003101, 0.0 ], [ -101.049401545386999, 25.334251292279099, 0.0 ], [ -101.049381268938006, 25.334273703388298, 0.0 ], [ -101.049361004622995, 25.3342961367287, 0.0 ], [ -101.049340750325001, 25.3343185907014, 0.0 ], [ -101.049320503922004, 25.334341063709399, 0.0 ], [ -101.049300263288004, 25.3343635541579, 0.0 ], [ -101.049280026288997, 25.334386060453198, 0.0 ], [ -101.049259790788994, 25.334408581002702, 0.0 ], [ -101.049239554647002, 25.334431114214102, 0.0 ], [ -101.049219315718005, 25.334453658494699, 0.0 ], [ -101.049200514703003, 25.334474605377899, 0.0 ], [ -101.049246690822002, 25.3345088361745, 0.0 ], [ -101.048895901216994, 25.3348996619189, 0.0 ], [ -101.048879703617004, 25.334917708892402, 0.0 ], [ -101.048874140699994, 25.334923908580102, 0.0 ], [ -101.048826551938006, 25.334891246082599, 0.0 ], [ -101.048801167570005, 25.334919550904701, 0.0 ], [ -101.048785014006995, 25.334937577061702, 0.0 ], [ -101.048768881043998, 25.334955599082299, 0.0 ], [ -101.048752771211994, 25.3349736188284, 0.0 ], [ -101.048736687043998, 25.334991638154001, 0.0 ], [ -101.048720672691999, 25.335009612190301, 0.0 ], [ -101.048704652585997, 25.335027630314201, 0.0 ], [ -101.048688665716995, 25.3350456535075, 0.0 ], [ -101.048672714617993, 25.335063683581801, 0.0 ], [ -101.048656801822005, 25.3350817223333, 0.0 ], [ -101.048640929868, 25.335099771547799, 0.0 ], [ -101.048625101301994, 25.335117832995699, 0.0 ], [ -101.048609318665996, 25.3351359084343, 0.0 ], [ -101.048593584520006, 25.3351539996026, 0.0 ], [ -101.048576449047999, 25.335173785216501, 0.0 ], [ -101.048646691433007, 25.3352240277116, 0.0 ], [ -101.048632695175996, 25.335240264446501, 0.0 ], [ -101.048617252124998, 25.335258261300002, 0.0 ], [ -101.048601874457006, 25.335276272158801, 0.0 ], [ -101.048586564697004, 25.3352942986205, 0.0 ], [ -101.048571325376003, 25.335312342261702, 0.0 ], [ -101.048556159027996, 25.335330404633101, 0.0 ], [ -101.048541068196002, 25.3353484872619, 0.0 ], [ -101.048526055433996, 25.335366591646899, 0.0 ], [ -101.048511123297004, 25.335384719263399, 0.0 ], [ -101.048496274355998, 25.3354028715545, 0.0 ], [ -101.048481511185997, 25.335421049937199, 0.0 ], [ -101.048466836374004, 25.335439255797102, 0.0 ], [ -101.048452252516, 25.335457490490199, 0.0 ], [ -101.048437635100996, 25.3354759155716, 0.0 ], [ -101.048324470744006, 25.3356240801482, 0.0 ], [ -101.048216550340001, 25.335775441595601, 0.0 ], [ -101.048113983164995, 25.335929846679399, 0.0 ], [ -101.048016873079007, 25.336087139082899, 0.0 ], [ -101.047925318416006, 25.336247159566099, 0.0 ], [ -101.047839411888006, 25.336409746126002, 0.0 ], [ -101.047884514095003, 25.336428631390401, 0.0 ], [ -101.047802251820997, 25.336598182623199, 0.0 ], [ -101.047726181214998, 25.336770104970999, 0.0 ], [ -101.047656384904002, 25.336944211749401, 0.0 ], [ -101.047592938706998, 25.337120313901298, 0.0 ], [ -101.047535911547001, 25.337298220201902, 0.0 ], [ -101.047485365377995, 25.337477737466202, 0.0 ], [ -101.047441355114998, 25.337658670759499, 0.0 ], [ -101.047403928579001, 25.337840823608101, 0.0 ], [ -101.047373126441997, 25.338023998213298, 0.0 ], [ -101.047348982181006, 25.338207995665801, 0.0 ], [ -101.047331522044999, 25.338392616162199, 0.0 ], [ -101.047320765026001, 25.338577659221201, 0.0 ], [ -101.047277015444962, 25.338576498881498, 0.0 ] ] ] ] } },
{ "type": "Feature", "properties": { "CLAVE": "SNL-SAL-S003-MZ19", "PROPIETARIO": "HECTOR FRANCISCO SALAS RODRIGUEZ   MZ-19 S-3", "SEGMENTO": "S13", "TIPO DE PROPIEDAD": "Dominio Pleno", "ESTRUCTURA": "DDV Troncal", "ESTADO": "Coahuila", "MUNICIPIO": "Saltillo", "EJIDO": "Angostura", "KM INICIO": 10.05049, "KM FIN": 10.07457, "KM LINEALES": 0.02408, "KM EFECTIVOS": 0.02408, "M2": null, "IDENTIFICACIÓN O ACERCAMIENTO": true, "ANUENCIA ": true, "LEVANTAMIENTO": "CONCLUIDO", "NEGOCIACIÓN O ASAMBLEA": false, "C.O.P": "NO", "OBSERVACIONES": "Levantamiento completo", "fid": null, "PROYECTO": null, "ESTATUS": "NO LIBERADO", "NUEVO": null }, "geometry": { "type": "MultiPolygon", "coordinates": [ [ [ [ -101.046464280554005, 25.343690697562, 0.0 ], [ -101.046348368851, 25.343631446839598, 0.0 ], [ -101.046460262218005, 25.343435567433499, 0.0 ], [ -101.046475306399373, 25.343450951542923, 0.0 ], [ -101.046475306394996, 25.343450951550299, 0.0 ], [ -101.046537294573, 25.343514340359, 0.0 ], [ -101.046499019376, 25.343601914432401, 0.0 ], [ -101.046464280554005, 25.343690697562, 0.0 ] ] ] ] } },
{ "type": "Feature", "properties": { "CLAVE": "SNL-SAL-S002-MZ19", "PROPIETARIO": "MARIA GUADALUPE SALAS RODRIGUIEZ   MZ-19 S-2", "SEGMENTO": "S13", "TIPO DE PROPIEDAD": "Dominio Pleno", "ESTRUCTURA": "DDV Troncal", "ESTADO": "Coahuila", "MUNICIPIO": "Saltillo", "EJIDO": "Angostura", "KM INICIO": 10.07457, "KM FIN": 10.10933, "KM LINEALES": 0.03476, "KM EFECTIVOS": 0.03476, "M2": null, "IDENTIFICACIÓN O ACERCAMIENTO": true, "ANUENCIA ": false, "LEVANTAMIENTO": "CONCLUIDO", "NEGOCIACIÓN O ASAMBLEA": false, "C.O.P": "NO", "OBSERVACIONES": "Levantamiento completo", "fid": null, "PROYECTO": null, "ESTATUS": "NO LIBERADO", "NUEVO": null }, "geometry": { "type": "MultiPolygon", "coordinates": [ [ [ [ -101.046348368851, 25.343631446839598, 0.0 ], [ -101.046464280554005, 25.343690697562, 0.0 ], [ -101.046440654215004, 25.3437577718874, 0.0 ], [ -101.046419046639997, 25.343825406006601, 0.0 ], [ -101.046399473858003, 25.3438935497547, 0.0 ], [ -101.046381950389005, 25.343962152588499, 0.0 ], [ -101.046248191039993, 25.3439373559312, 0.0 ], [ -101.046348368851, 25.343631446839598, 0.0 ] ] ] ] } },
{ "type": "Feature", "properties": { "CLAVE": "SNL-SAL-S001-MZ19", "PROPIETARIO": "RUBEN MARTIN SALAS RODRIGUEZ   MZ-19 S-1", "SEGMENTO": "S13", "TIPO DE PROPIEDAD": "Dominio Pleno", "ESTRUCTURA": "DDV Troncal", "ESTADO": "Coahuila", "MUNICIPIO": "Saltillo", "EJIDO": "Angostura", "KM INICIO": 10.10933, "KM FIN": 10.12719, "KM LINEALES": 0.017860000000000653, "KM EFECTIVOS": 0.017860000000000653, "M2": null, "IDENTIFICACIÓN O ACERCAMIENTO": true, "ANUENCIA ": false, "LEVANTAMIENTO": "CONCLUIDO", "NEGOCIACIÓN O ASAMBLEA": false, "C.O.P": "NO", "OBSERVACIONES": "Levantamiento completo", "fid": null, "PROYECTO": null, "ESTATUS": "NO LIBERADO", "NUEVO": null }, "geometry": { "type": "MultiPolygon", "coordinates": [ [ [ [ -101.046248191039993, 25.3439373559312, 0.0 ], [ -101.046381950389005, 25.343962152588499, 0.0 ], [ -101.046361322395001, 25.3440566450343, 0.0 ], [ -101.046373075754005, 25.344058883926401, 0.0 ], [ -101.046241738163005, 25.3440993177616, 0.0 ], [ -101.046244921428993, 25.344019420451399, 0.0 ], [ -101.046244921428467, 25.344019420453648, 0.0 ], [ -101.046248191039993, 25.3439373559312, 0.0 ] ] ] ] } },
{ "type": "Feature", "properties": { "CLAVE": "N/D", "PROPIETARIO": null, "SEGMENTO": null, "TIPO DE PROPIEDAD": null, "ESTRUCTURA": null, "ESTADO": null, "MUNICIPIO": null, "EJIDO": null, "KM INICIO": null, "KM FIN": null, "KM LINEALES": null, "KM EFECTIVOS": null, "M2": null, "IDENTIFICACIÓN O ACERCAMIENTO": null, "ANUENCIA ": null, "LEVANTAMIENTO": null, "NEGOCIACIÓN O ASAMBLEA": null, "C.O.P": "NO", "OBSERVACIONES": null, "fid": null, "PROYECTO": null, "ESTATUS": "NO LIBERADO", "NUEVO": null }, "geometry": { "type": "MultiPolygon", "coordinates": [ [ [ [ -101.046241738163005, 25.3440993177616, 0.0 ], [ -101.046373075754005, 25.344058883926401, 0.0 ], [ -101.046434876589998, 25.3440706563239, 0.0 ], [ -101.046463441002999, 25.344076097528902, 0.0 ], [ -101.046449225843006, 25.344156248933601, 0.0 ], [ -101.046437892290001, 25.3442367787001, 0.0 ], [ -101.046179579202004, 25.3445789204467, 0.0 ], [ -101.046179545062003, 25.344565076231, 0.0 ], [ -101.046181677487994, 25.344530586027101, 0.0 ], [ -101.046184054392, 25.344492147626902, 0.0 ], [ -101.046186430315998, 25.344453710142901, 0.0 ], [ -101.046188805278007, 25.344415274477502, 0.0 ], [ -101.046191182179001, 25.344376836077, 0.0 ], [ -101.046193348944996, 25.344341789332098, 0.0 ], [ -101.046198162978996, 25.3443007777656, 0.0 ], [ -101.046203374113006, 25.3442563872905, 0.0 ], [ -101.046208158583994, 25.344215626182301, 0.0 ], [ -101.046237341905993, 25.344051433820901, 0.0 ], [ -101.046244921428467, 25.344019420453648, 0.0 ], [ -101.046241738163005, 25.3440993177616, 0.0 ] ] ] ] } },
{ "type": "Feature", "properties": { "CLAVE": "SNL-SAL-S001-MZ21", "PROPIETARIO": "MAXIMINO SALAS SANTANA    MZ-21 S-1", "SEGMENTO": "S13", "TIPO DE PROPIEDAD": "Dominio Pleno", "ESTRUCTURA": "DDV Troncal", "ESTADO": "Coahuila", "MUNICIPIO": "Saltillo", "EJIDO": "Angostura", "KM INICIO": 10.01792, "KM FIN": 10.04291, "KM LINEALES": 0.024989999999998957, "KM EFECTIVOS": 0.024989999999998957, "M2": null, "IDENTIFICACIÓN O ACERCAMIENTO": true, "ANUENCIA ": true, "LEVANTAMIENTO": "CONCLUIDO", "NEGOCIACIÓN O ASAMBLEA": false, "C.O.P": "NO", "OBSERVACIONES": "Levantamiento completo", "fid": null, "PROYECTO": null, "ESTATUS": "NO LIBERADO", "NUEVO": null }, "geometry": { "type": "MultiPolygon", "coordinates": [ [ [ [ -101.046574147588998, 25.3434377990868, 0.0 ], [ -101.046536154565004, 25.343402493801602, 0.0 ], [ -101.046664745822994, 25.3432131072767, 0.0 ], [ -101.046689472292002, 25.343229654733602, 0.0 ], [ -101.046641816600996, 25.343312304236601, 0.0 ], [ -101.046607049036993, 25.343374636181402, 0.0 ], [ -101.046574147588998, 25.3434377990868, 0.0 ] ] ] ] } },
{ "type": "Feature", "properties": { "CLAVE": "SNL-SAL-S002-MZ21", "PROPIETARIO": "BRAULIA GARCIA SALAS    MZ-21 S-2", "SEGMENTO": "S13", "TIPO DE PROPIEDAD": "Dominio Pleno", "ESTRUCTURA": "DDV Troncal", "ESTADO": "Coahuila", "MUNICIPIO": "Saltillo", "EJIDO": "Angostura", "KM INICIO": 9.99123, "KM FIN": 10.01792, "KM LINEALES": 0.02669, "KM EFECTIVOS": 0.02669, "M2": null, "IDENTIFICACIÓN O ACERCAMIENTO": true, "ANUENCIA ": true, "LEVANTAMIENTO": "CONCLUIDO", "NEGOCIACIÓN O ASAMBLEA": false, "C.O.P": "NO", "OBSERVACIONES": "Levantamiento completo", "fid": null, "PROYECTO": null, "ESTATUS": "NO LIBERADO", "NUEVO": null }, "geometry": { "type": "MultiPolygon", "coordinates": [ [ [ [ -101.046689472292002, 25.343229654733602, 0.0 ], [ -101.046664745822994, 25.3432131072767, 0.0 ], [ -101.046811600983006, 25.343011117826698, 0.0 ], [ -101.046813383279996, 25.343014754732302, 0.0 ], [ -101.046689472292002, 25.343229654733602, 0.0 ] ] ] ] } },
{ "type": "Feature", "properties": { "CLAVE": "SNL-SAL-S001-MZ23", "PROPIETARIO": "JOSE SALAS GARCIA  MZ-23 S-1", "SEGMENTO": "S13", "TIPO DE PROPIEDAD": "Dominio Pleno", "ESTRUCTURA": "DDV Troncal", "ESTADO": "Coahuila", "MUNICIPIO": "Saltillo", "EJIDO": "Angostura", "KM INICIO": 9.97161, "KM FIN": 9.99123, "KM LINEALES": 0.01962, "KM EFECTIVOS": 0.01962, "M2": null, "IDENTIFICACIÓN O ACERCAMIENTO": true, "ANUENCIA ": true, "LEVANTAMIENTO": "CONCLUIDO", "NEGOCIACIÓN O ASAMBLEA": false, "C.O.P": "NO", "OBSERVACIONES": "Levantamiento completo", "fid": null, "PROYECTO": null, "ESTATUS": "NO LIBERADO", "NUEVO": null }, "geometry": { "type": "MultiPolygon", "coordinates": [ [ [ [ -101.046814698812994, 25.3430124731861, 0.0 ], [ -101.046811600983006, 25.343011117826698, 0.0 ], [ -101.046901075882005, 25.342853761063498, 0.0 ], [ -101.046905120930006, 25.342855652735199, 0.0 ], [ -101.046814698812994, 25.3430124731861, 0.0 ] ] ] ] } },
{ "type": "Feature", "properties": { "CLAVE": "SNL-SAL-S002-MZ23", "PROPIETARIO": null, "SEGMENTO": null, "TIPO DE PROPIEDAD": null, "ESTRUCTURA": null, "ESTADO": null, "MUNICIPIO": null, "EJIDO": null, "KM INICIO": null, "KM FIN": null, "KM LINEALES": null, "KM EFECTIVOS": null, "M2": null, "IDENTIFICACIÓN O ACERCAMIENTO": null, "ANUENCIA ": null, "LEVANTAMIENTO": null, "NEGOCIACIÓN O ASAMBLEA": null, "C.O.P": "NO", "OBSERVACIONES": null, "fid": null, "PROYECTO": null, "ESTATUS": "NO LIBERADO", "NUEVO": null }, "geometry": { "type": "MultiPolygon", "coordinates": [ [ [ [ -101.046905120930006, 25.342855652735199, 0.0 ], [ -101.046901075882005, 25.342853761063498, 0.0 ], [ -101.046986717829, 25.342688829728701, 0.0 ], [ -101.046993039502993, 25.3426925733446, 0.0 ], [ -101.046953477578995, 25.342769213853799, 0.0 ], [ -101.046911410497003, 25.342844744626898, 0.0 ], [ -101.046905120930006, 25.342855652735199, 0.0 ] ] ] ] } },
{ "type": "Feature", "properties": { "CLAVE": "SNL-SAL-S003-MZ23", "PROPIETARIO": "MARIA DE JESUS MARTINEZ CERDA  MZ-23 S-3", "SEGMENTO": "S13", "TIPO DE PROPIEDAD": "Dominio Pleno", "ESTRUCTURA": "DDV Troncal", "ESTADO": "Coahuila", "MUNICIPIO": "Saltillo", "EJIDO": "Angostura", "KM INICIO": 9.93168, "KM FIN": 9.95217, "KM LINEALES": 0.020490000000000563, "KM EFECTIVOS": 0.020490000000000563, "M2": null, "IDENTIFICACIÓN O ACERCAMIENTO": true, "ANUENCIA ": true, "LEVANTAMIENTO": "CONCLUIDO", "NEGOCIACIÓN O ASAMBLEA": false, "C.O.P": "NO", "OBSERVACIONES": "Levantamiento completo", "fid": null, "PROYECTO": null, "ESTATUS": "NO LIBERADO", "NUEVO": null }, "geometry": { "type": "MultiPolygon", "coordinates": [ [ [ [ -101.046993039502993, 25.3426925733446, 0.0 ], [ -101.046986717829, 25.342688829728701, 0.0 ], [ -101.047061492149993, 25.3425085500898, 0.0 ], [ -101.047074186383995, 25.342512831073201, 0.0 ], [ -101.047035311005999, 25.342603335276301, 0.0 ], [ -101.046993039502993, 25.3426925733446, 0.0 ] ] ] ] } },
{ "type": "Feature", "properties": { "CLAVE": "SNL-SAL-S001-MZ26", "PROPIETARIO": "MARIA AURORA AGUIRRE BETANCOURT MZ-26 S-1", "SEGMENTO": "S13", "TIPO DE PROPIEDAD": "Dominio Pleno", "ESTRUCTURA": "DDV Troncal", "ESTADO": "Coahuila", "MUNICIPIO": "Saltillo", "EJIDO": "Angostura", "KM INICIO": 9.89551, "KM FIN": 9.91364, "KM LINEALES": 0.018129999999999313, "KM EFECTIVOS": 0.018129999999999313, "M2": null, "IDENTIFICACIÓN O ACERCAMIENTO": true, "ANUENCIA ": true, "LEVANTAMIENTO": "CONCLUIDO", "NEGOCIACIÓN O ASAMBLEA": false, "C.O.P": "NO", "OBSERVACIONES": "Levantamiento completo", "fid": null, "PROYECTO": null, "ESTATUS": "NO LIBERADO", "NUEVO": null }, "geometry": { "type": "MultiPolygon", "coordinates": [ [ [ [ -101.047134148062995, 25.342351013715302, 0.0 ], [ -101.047125934028998, 25.342349428926401, 0.0 ], [ -101.047172702352995, 25.342184306784802, 0.0 ], [ -101.047183917187994, 25.342183698861799, 0.0 ], [ -101.047160442648007, 25.342267702650599, 0.0 ], [ -101.047134148062995, 25.342351013715302, 0.0 ] ] ] ] } },
{ "type": "Feature", "properties": { "CLAVE": "SNL-SAL-S002-MZ26", "PROPIETARIO": "LUCIO SALAS SANTANA MZ-26 S-2", "SEGMENTO": "S13", "TIPO DE PROPIEDAD": "Dominio Pleno", "ESTRUCTURA": "DDV Troncal", "ESTADO": "Coahuila", "MUNICIPIO": "Saltillo", "EJIDO": "Angostura", "KM INICIO": 9.87021, "KM FIN": 9.89551, "KM LINEALES": 0.0253, "KM EFECTIVOS": 0.0253, "M2": null, "IDENTIFICACIÓN O ACERCAMIENTO": true, "ANUENCIA ": false, "LEVANTAMIENTO": "CONCLUIDO", "NEGOCIACIÓN O ASAMBLEA": false, "C.O.P": "NO", "OBSERVACIONES": "Levantamiento completo", "fid": null, "PROYECTO": null, "ESTATUS": "NO LIBERADO", "NUEVO": null }, "geometry": { "type": "MultiPolygon", "coordinates": [ [ [ [ -101.047183917187994, 25.342183698861799, 0.0 ], [ -101.047172702352995, 25.342184306784802, 0.0 ], [ -101.047206702606999, 25.341948771033199, 0.0 ], [ -101.047233690894004, 25.341950186343801, 0.0 ], [ -101.047219502819999, 25.342028436287698, 0.0 ], [ -101.047202907241001, 25.342106294179199, 0.0 ], [ -101.047183917187994, 25.342183698861799, 0.0 ] ] ] ] } },
{ "type": "Feature", "properties": { "CLAVE": "SNL-SAL-S003-MZ26", "PROPIETARIO": "FRANCISCO I SALAS RODRIGUEZ MZ-26 S-3", "SEGMENTO": "S13", "TIPO DE PROPIEDAD": "Dominio Pleno", "ESTRUCTURA": "DDV Troncal", "ESTADO": "Coahuila", "MUNICIPIO": "Saltillo", "EJIDO": "Angostura", "KM INICIO": 9.85453, "KM FIN": 9.87021, "KM LINEALES": 0.01568, "KM EFECTIVOS": 0.01568, "M2": null, "IDENTIFICACIÓN O ACERCAMIENTO": true, "ANUENCIA ": false, "LEVANTAMIENTO": "CONCLUIDO", "NEGOCIACIÓN O ASAMBLEA": false, "C.O.P": "NO", "OBSERVACIONES": "Levantamiento completo", "fid": null, "PROYECTO": null, "ESTATUS": "NO LIBERADO", "NUEVO": null }, "geometry": { "type": "MultiPolygon", "coordinates": [ [ [ [ -101.047233690894004, 25.341950186343801, 0.0 ], [ -101.047206702606999, 25.341948771033199, 0.0 ], [ -101.047207502410998, 25.3418015747114, 0.0 ], [ -101.047253405118994, 25.341805995082801, 0.0 ], [ -101.047244566629004, 25.341878205723798, 0.0 ], [ -101.047233690894004, 25.341950186343801, 0.0 ] ] ] ] } },
{ "type": "Feature", "properties": { "CLAVE": "SNL-SAL-S004-MZ26", "PROPIETARIO": "CATARINO SALAS SANTANA MZ-26 S-4", "SEGMENTO": "S13", "TIPO DE PROPIEDAD": "Dominio Pleno", "ESTRUCTURA": "DDV Troncal", "ESTADO": "Coahuila", "MUNICIPIO": "Saltillo", "EJIDO": "Angostura", "KM INICIO": 9.8354, "KM FIN": 9.85453, "KM LINEALES": 0.019130000000000535, "KM EFECTIVOS": 0.019130000000000535, "M2": null, "IDENTIFICACIÓN O ACERCAMIENTO": true, "ANUENCIA ": false, "LEVANTAMIENTO": "CONCLUIDO", "NEGOCIACIÓN O ASAMBLEA": false, "C.O.P": "NO", "OBSERVACIONES": "Levantamiento completo", "fid": null, "PROYECTO": null, "ESTATUS": "NO LIBERADO", "NUEVO": null }, "geometry": { "type": "MultiPolygon", "coordinates": [ [ [ [ -101.047253405118994, 25.341805995082801, 0.0 ], [ -101.047207502410998, 25.3418015747114, 0.0 ], [ -101.047230408320004, 25.341624534692201, 0.0 ], [ -101.047266077019998, 25.341636839245499, 0.0 ], [ -101.047261135545995, 25.341721503432598, 0.0 ], [ -101.047253405118994, 25.341805995082801, 0.0 ] ] ] ] } },
{ "type": "Feature", "properties": { "CLAVE": "SNL-SAL-004-4", "PROPIETARIO": "UNIVERSIDAD AUTONOMA ANTONIO NARRO", "SEGMENTO": "S13", "TIPO DE PROPIEDAD": "Federal", "ESTRUCTURA": "DDV Troncal", "ESTADO": "Coahuila", "MUNICIPIO": "Saltillo", "EJIDO": "N/A", "KM INICIO": 10.94788, "KM FIN": 12.19142, "KM LINEALES": 1.24354, "KM EFECTIVOS": 1.24354, "M2": null, "IDENTIFICACIÓN O ACERCAMIENTO": true, "ANUENCIA ": true, "LEVANTAMIENTO": "CONCLUIDO", "NEGOCIACIÓN O ASAMBLEA": false, "C.O.P": "NO", "OBSERVACIONES": "Levantamiento completo", "fid": null, "PROYECTO": null, "ESTATUS": "NO LIBERADO", "NUEVO": null }, "geometry": { "type": "MultiPolygon", "coordinates": [ [ [ [ -101.046377277245995, 25.348859398079298, 0.0 ], [ -101.046254085884001, 25.348852031297699, 0.0 ], [ -101.046265526555004, 25.3479819769355, 0.0 ], [ -101.046364979537998, 25.3479795182168, 0.0 ], [ -101.046377277245995, 25.348859398079298, 0.0 ] ] ] ] } },
{ "type": "Feature", "properties": { "CLAVE": "SNL-SAL-004, SNL-SAL-004 y SNL-SAL-004-1-GS", "PROPIETARIO": null, "SEGMENTO": null, "TIPO DE PROPIEDAD": null, "ESTRUCTURA": null, "ESTADO": null, "MUNICIPIO": null, "EJIDO": null, "KM INICIO": null, "KM FIN": null, "KM LINEALES": null, "KM EFECTIVOS": null, "M2": null, "IDENTIFICACIÓN O ACERCAMIENTO": null, "ANUENCIA ": null, "LEVANTAMIENTO": null, "NEGOCIACIÓN O ASAMBLEA": null, "C.O.P": "NO", "OBSERVACIONES": null, "fid": null, "PROYECTO": null, "ESTATUS": "NO LIBERADO", "NUEVO": null }, "geometry": { "type": "MultiPolygon", "coordinates": [ [ [ [ -101.054652164399826, 25.329649207510123, 0.0 ], [ -101.054527366502001, 25.3295924283291, 0.0 ], [ -101.054527362996083, 25.329592432344942, 0.0 ], [ -101.054527362995998, 25.329592432344899, 0.0 ], [ -101.054548083897004, 25.3295686976154, 0.0 ], [ -101.054578079728998, 25.329534341357402, 0.0 ], [ -101.054608072579995, 25.329499986038201, 0.0 ], [ -101.054638066408998, 25.3294656307, 0.0 ], [ -101.054668059226998, 25.3294312753704, 0.0 ], [ -101.054698536862006, 25.329396365823602, 0.0 ], [ -101.054728892878998, 25.329360849473201, 0.0 ], [ -101.054758408186999, 25.329327040602099, 0.0 ], [ -101.054788403901995, 25.3292926843075, 0.0 ], [ -101.054818397614994, 25.3292583280355, 0.0 ], [ -101.054848390333007, 25.329223972674701, 0.0 ], [ -101.054877253737999, 25.3291909121867, 0.0 ], [ -101.054907557763002, 25.3291578889433, 0.0 ], [ -101.054938665351003, 25.3291222582708, 0.0 ], [ -101.054968425124997, 25.3290881697259, 0.0 ], [ -101.054998147822005, 25.329054474366799, 0.0 ], [ -101.055028105380003, 25.329020513040401, 0.0 ], [ -101.055058061929003, 25.3289865517227, 0.0 ], [ -101.055088020447997, 25.328952590372001, 0.0 ], [ -101.055117977956996, 25.3289186290299, 0.0 ], [ -101.055149040491997, 25.328883413995499, 0.0 ], [ -101.055178705082, 25.328848100643398, 0.0 ], [ -101.055207557360006, 25.328815391402902, 0.0 ], [ -101.055237513825006, 25.3287814309565, 0.0 ], [ -101.055267472229005, 25.328747468672201, 0.0 ], [ -101.055327387033003, 25.328679545920799, 0.0 ], [ -101.055357344393997, 25.3286455836347, 0.0 ], [ -101.055387301755005, 25.3286116222461, 0.0 ], [ -101.055417258106004, 25.328577660865999, 0.0 ], [ -101.055448325409003, 25.328542441887901, 0.0 ], [ -101.055476174915995, 25.328509289805599, 0.0 ], [ -101.055505028992002, 25.328476578682402, 0.0 ], [ -101.055534759202004, 25.328442874998, 0.0 ], [ -101.055563946163005, 25.328410115889699, 0.0 ], [ -101.055593366119993, 25.3283770980612, 0.0 ], [ -101.055622782089998, 25.328344080283198, 0.0 ], [ -101.055652199066998, 25.328311064291299, 0.0 ], [ -101.055683440234006, 25.328276000121299, 0.0 ], [ -101.055709316280002, 25.3282445390047, 0.0 ], [ -101.055736916281006, 25.328213562275199, 0.0 ], [ -101.055767122107994, 25.328179660072902, 0.0 ], [ -101.055858290836994, 25.3280737536674, 0.0 ], [ -101.055886922994006, 25.328041616983199, 0.0 ], [ -101.055916338835999, 25.328008600960199, 0.0 ], [ -101.055945758587995, 25.327975582169199, 0.0 ], [ -101.05597562426, 25.3279420615834, 0.0 ], [ -101.056006030640006, 25.327907214571599, 0.0 ], [ -101.056035933740006, 25.3278729432947, 0.0 ], [ -101.056065839772003, 25.3278386701659, 0.0 ], [ -101.056095742839005, 25.327804398878602, 0.0 ], [ -101.056125649799995, 25.3277701239208, 0.0 ], [ -101.056155235202993, 25.327736217233401, 0.0 ], [ -101.056183650492002, 25.327704108249399, 0.0 ], [ -101.056213917578006, 25.327669419877498, 0.0 ], [ -101.056243823510997, 25.327635146718102, 0.0 ], [ -101.056273726463999, 25.327600874497598, 0.0 ], [ -101.056303634334995, 25.327566600397599, 0.0 ], [ -101.056333536262002, 25.327532328180499, 0.0 ], [ -101.056363442128998, 25.327498055000401, 0.0 ], [ -101.056392027718999, 25.327465294211599, 0.0 ], [ -101.056422798062002, 25.327432021114799, 0.0 ], [ -101.056454015913999, 25.3273962417178, 0.0 ], [ -101.056483722943, 25.327362196064701, 0.0 ], [ -101.056513674582007, 25.3273281677513, 0.0 ], [ -101.056543825022004, 25.3272939145942, 0.0 ], [ -101.056573973474002, 25.327259662362, 0.0 ], [ -101.056604123895994, 25.327225410096901, 0.0 ], [ -101.056724721381997, 25.3270883974292, 0.0 ], [ -101.056754099887996, 25.327055020699099, 0.0 ], [ -101.056787033830005, 25.327018849572202, 0.0 ], [ -101.056817947867003, 25.326983728685899, 0.0 ], [ -101.056908395652002, 25.326880969081, 0.0 ], [ -101.056938544895999, 25.326846716771399, 0.0 ], [ -101.056968694107994, 25.326812463553999, 0.0 ], [ -101.056998843317999, 25.326778211233901, 0.0 ], [ -101.057059530602999, 25.326709262881199, 0.0 ], [ -101.057089082784998, 25.3266751908515, 0.0 ], [ -101.057118975625002, 25.326641229147501, 0.0 ], [ -101.057148744705998, 25.326607350409201, 0.0 ], [ -101.057178511830003, 25.326573474401101, 0.0 ], [ -101.057207023824006, 25.326541026832899, 0.0 ], [ -101.057237598089998, 25.326508095950999, 0.0 ], [ -101.057416897484998, 25.3263037554565, 0.0 ], [ -101.057445863767995, 25.326268929991699, 0.0 ], [ -101.057474397069001, 25.326236458609699, 0.0 ], [ -101.057504164, 25.3262025816429, 0.0 ], [ -101.057563697841999, 25.326134829499001, 0.0 ], [ -101.057593465717005, 25.326100952503101, 0.0 ], [ -101.057623235530002, 25.326067073669201, 0.0 ], [ -101.057653001400993, 25.326033197593201, 0.0 ], [ -101.057681672941996, 25.3260005671751, 0.0 ], [ -101.057717908984998, 25.325961265372701, 0.0 ], [ -101.057749833233999, 25.325924392353599, 0.0 ], [ -101.057780347641, 25.3258891490437, 0.0 ], [ -101.057810860044995, 25.325853905756301, 0.0 ], [ -101.057841058782003, 25.325819027021002, 0.0 ], [ -101.057869190643999, 25.325786986537999, 0.0 ], [ -101.057900040402998, 25.325751355589201, 0.0 ], [ -101.057930552754001, 25.325716113183098, 0.0 ], [ -101.057961067058002, 25.325680869841399, 0.0 ], [ -101.057991580351995, 25.325645626508098, 0.0 ], [ -101.058024327900995, 25.325607802318601, 0.0 ], [ -101.058053197692004, 25.325570902433, 0.0 ], [ -101.058083872538006, 25.325535472661102, 0.0 ], [ -101.058114835652006, 25.325495608590199, 0.0 ], [ -101.058224959358995, 25.325352647823301, 0.0 ], [ -101.058251408241006, 25.325317389902299, 0.0 ], [ -101.058279299923001, 25.325281479041902, 0.0 ], [ -101.058307893418004, 25.325244665602799, 0.0 ], [ -101.058337400767996, 25.3252066768746, 0.0 ], [ -101.058366130194003, 25.3251679277889, 0.0 ], [ -101.058393935317, 25.325130426663002, 0.0 ], [ -101.058421739416005, 25.325092924644299, 0.0 ], [ -101.058448887072998, 25.325056308313101, 0.0 ], [ -101.058478381398999, 25.325017850798801, 0.0 ], [ -101.058593459050002, 25.324864974930801, 0.0 ], [ -101.058649384630002, 25.324789544252301, 0.0 ], [ -101.058677189584998, 25.3247520430821, 0.0 ], [ -101.058705042257003, 25.324714475275801, 0.0 ], [ -101.058731963617006, 25.324677889210101, 0.0 ], [ -101.058757502622001, 25.324643181947899, 0.0 ], [ -101.058786936583004, 25.324605472084901, 0.0 ], [ -101.058814758284996, 25.324567660985899, 0.0 ], [ -101.058841874042002, 25.324530810631799, 0.0 ], [ -101.058866818235003, 25.324496119494199, 0.0 ], [ -101.058893059108996, 25.324460458180901, 0.0 ], [ -101.058919740757005, 25.324424198533499, 0.0 ], [ -101.058946420403004, 25.324387938909702, 0.0 ], [ -101.058973100065003, 25.324351681086998, 0.0 ], [ -101.058999780673005, 25.324315421441302, 0.0 ], [ -101.059026460289004, 25.324279162708098, 0.0 ], [ -101.059052399101006, 25.324243910000298, 0.0 ], [ -101.059160752910003, 25.3241022080093, 0.0 ], [ -101.059188168372003, 25.324064949075101, 0.0 ], [ -101.059214848872998, 25.324028690299698, 0.0 ], [ -101.059241529342003, 25.3239924306177, 0.0 ], [ -101.059268208803999, 25.3239561709456, 0.0 ], [ -101.059294888279993, 25.323919913074398, 0.0 ], [ -101.059321568702998, 25.323883653380499, 0.0 ], [ -101.059348173385999, 25.3238474967462, 0.0 ], [ -101.059374423060007, 25.323811960709399, 0.0 ], [ -101.059404141235007, 25.323774000457, 0.0 ], [ -101.059430975804005, 25.323737673421402, 0.0 ], [ -101.059459946103999, 25.3237018218604, 0.0 ], [ -101.059489150643003, 25.323662287422501, 0.0 ], [ -101.059516603250998, 25.323625123232201, 0.0 ], [ -101.059544056834994, 25.323587959023701, 0.0 ], [ -101.059570456917001, 25.323552220455099, 0.0 ], [ -101.059600189536994, 25.323514093153399, 0.0 ], [ -101.059709511246993, 25.323362701272799, 0.0 ], [ -101.059736529725001, 25.3233261253562, 0.0 ], [ -101.059763982199996, 25.323288962030102, 0.0 ], [ -101.059791435652997, 25.323251798686002, 0.0 ], [ -101.059818889043001, 25.323214632630101, 0.0 ], [ -101.059846339499003, 25.323177470221498, 0.0 ], [ -101.059873791925, 25.323140307780999, 0.0 ], [ -101.059901055962996, 25.323103399822401, 0.0 ], [ -101.059927555808002, 25.3230678755478, 0.0 ], [ -101.059955405712003, 25.323030544463599, 0.0 ], [ -101.059980270734002, 25.322995144729099, 0.0 ], [ -101.060005807154994, 25.322960912132899, 0.0 ], [ -101.060033104198993, 25.322924318816799, 0.0 ], [ -101.060058740029007, 25.322888857973101, 0.0 ], [ -101.060084826088996, 25.322853889202399, 0.0 ], [ -101.060111516185003, 25.322818110385601, 0.0 ], [ -101.060138209198996, 25.322782328815901, 0.0 ], [ -101.060164900242, 25.3227465490749, 0.0 ], [ -101.060191589298995, 25.322710770259999, 0.0 ], [ -101.060218282266007, 25.322674988678202, 0.0 ], [ -101.060244973248004, 25.3226392080227, 0.0 ], [ -101.060271664230001, 25.322603428265499, 0.0 ], [ -101.060298354219, 25.322567649420801, 0.0 ], [ -101.060325047126, 25.322531867822899, 0.0 ], [ -101.060351809919993, 25.3224959913628, 0.0 ], [ -101.060379068789999, 25.322459381289502, 0.0 ], [ -101.060406326651005, 25.322422771225799, 0.0 ], [ -101.060460844310001, 25.322349551058299, 0.0 ], [ -101.060488102137995, 25.322312941884601, 0.0 ], [ -101.060515361935998, 25.3222763326789, 0.0 ], [ -101.060542619716003, 25.322239722594301, 0.0 ], [ -101.060569878473999, 25.3222031124917, 0.0 ], [ -101.060597137230999, 25.322166503287299, 0.0 ], [ -101.060678913361002, 25.322056672941802, 0.0 ], [ -101.060706171045993, 25.322020062832099, 0.0 ], [ -101.060733429723996, 25.321983453606901, 0.0 ], [ -101.060760687376998, 25.321946843488799, 0.0 ], [ -101.060787947015001, 25.321910234241201, 0.0 ], [ -101.060815205628998, 25.321873624100899, 0.0 ], [ -101.060842463235005, 25.3218370139702, 0.0 ], [ -101.060869721832006, 25.321800404724002, 0.0 ], [ -101.060924372198997, 25.321727005450299, 0.0 ], [ -101.060951206582999, 25.321690697478299, 0.0 ], [ -101.060977888709999, 25.321654594567601, 0.0 ], [ -101.061004569844002, 25.3216184925692, 0.0 ], [ -101.061031250978004, 25.321582391469398, 0.0 ], [ -101.061057933075006, 25.321546289449198, 0.0 ], [ -101.061084615170998, 25.321510188327501, 0.0 ], [ -101.061111271971001, 25.321474119149801, 0.0 ], [ -101.061139128655, 25.321436475126301, 0.0 ], [ -101.061165810689999, 25.321400373089901, 0.0 ], [ -101.061192492724004, 25.321364271952, 0.0 ], [ -101.061219174711994, 25.321328169005, 0.0 ], [ -101.061245855707, 25.3212920669705, 0.0 ], [ -101.061272536702006, 25.3212559658344, 0.0 ], [ -101.061299259430001, 25.321219808142999, 0.0 ], [ -101.061325716452004, 25.321183971914401, 0.0 ], [ -101.061352173442003, 25.3211481347792, 0.0 ], [ -101.061378630448999, 25.321112299445101, 0.0 ], [ -101.061405088401997, 25.3210764622883, 0.0 ], [ -101.061458002308001, 25.321004789795499, 0.0 ], [ -101.061485676830003, 25.320967303333699, 0.0 ], [ -101.061511670013005, 25.320929777592301, 0.0 ], [ -101.061536918146999, 25.320895578586899, 0.0 ], [ -101.061563375031994, 25.320859742322799, 0.0 ], [ -101.061589830909, 25.320823906068799, 0.0 ], [ -101.061616289734005, 25.320788068866499, 0.0 ], [ -101.061669203397003, 25.3207163963108, 0.0 ], [ -101.061695121357999, 25.320681289725101, 0.0 ], [ -101.061720910573996, 25.320647319626801, 0.0 ], [ -101.061747250630006, 25.320612625074901, 0.0 ], [ -101.061773589679007, 25.320577930532899, 0.0 ], [ -101.061799930698996, 25.320543235959299, 0.0 ], [ -101.061826269717997, 25.320508541409499, 0.0 ], [ -101.061852609715999, 25.3204738468419, 0.0 ], [ -101.061878948705996, 25.320439152284301, 0.0 ], [ -101.061905289666996, 25.320404457694799, 0.0 ], [ -101.061932152251998, 25.3203690733942, 0.0 ], [ -101.061959586495007, 25.3203320236737, 0.0 ], [ -101.061986164321993, 25.320296129683701, 0.0 ], [ -101.062116601284004, 25.320123634559099, 0.0 ], [ -101.062143964314004, 25.320086679081999, 0.0 ], [ -101.062170946926997, 25.3200502386815, 0.0 ], [ -101.062197931496002, 25.3200137973468, 0.0 ], [ -101.062251898599996, 25.319940914692801, 0.0 ], [ -101.062278883120996, 25.319904473345801, 0.0 ], [ -101.062305866648998, 25.319868032911, 0.0 ], [ -101.062333152810993, 25.319831182819499, 0.0 ], [ -101.062434467502001, 25.319692157633899, 0.0 ], [ -101.062460602667997, 25.319656941371601, 0.0 ], [ -101.062487084417, 25.3196212553649, 0.0 ], [ -101.062513568122, 25.3195855684239, 0.0 ], [ -101.062540049825998, 25.319549881506799, 0.0 ], [ -101.062566528627997, 25.319514200042299, 0.0 ], [ -101.062592943411005, 25.319478609739601, 0.0 ], [ -101.062619358147998, 25.319443017627801, 0.0 ], [ -101.062645773878998, 25.319407426400801, 0.0 ], [ -101.062672191504006, 25.319371830629699, 0.0 ], [ -101.062698605218998, 25.3193362394227, 0.0 ], [ -101.062725018934003, 25.319300649114101, 0.0 ], [ -101.062751435566994, 25.3192650560526, 0.0 ], [ -101.062777851207002, 25.319229463903401, 0.0 ], [ -101.062804547588996, 25.319193493056201, 0.0 ], [ -101.062830558460007, 25.3191580547524, 0.0 ], [ -101.062856425817998, 25.3191228132921, 0.0 ], [ -101.062882292167998, 25.319087571841902, 0.0 ], [ -101.062908159496999, 25.319052330374099, 0.0 ], [ -101.062934025819004, 25.3190170889164, 0.0 ], [ -101.062958379757006, 25.3189839105301, 0.0 ], [ -101.062985987138006, 25.3189491288312, 0.0 ], [ -101.063013366559005, 25.3189118257819, 0.0 ], [ -101.063039233815005, 25.318876584295001, 0.0 ], [ -101.063062738290995, 25.3188445624072, 0.0 ], [ -101.063096958708996, 25.318803261132, 0.0 ], [ -101.063124510836005, 25.318765660225299, 0.0 ], [ -101.063151638156995, 25.318730383303802, 0.0 ], [ -101.063178646455, 25.318693525055799, 0.0 ], [ -101.063204734939006, 25.318657922977799, 0.0 ], [ -101.063230824369995, 25.3186223190771, 0.0 ], [ -101.063256910853994, 25.3185867179218, 0.0 ], [ -101.063282997338007, 25.318551117665098, 0.0 ], [ -101.063309085762995, 25.318515515571701, 0.0 ], [ -101.063335175120002, 25.3184799107533, 0.0 ], [ -101.063361261544003, 25.318444309582599, 0.0 ], [ -101.063386919899997, 25.318409293934099, 0.0 ], [ -101.063549614251002, 25.318192186174102, 0.0 ], [ -101.063577471171001, 25.318154675478802, 0.0 ], [ -101.063605165517998, 25.318117384470401, 0.0 ], [ -101.063632857876996, 25.318080094387799, 0.0 ], [ -101.063660551197998, 25.3180428033846, 0.0 ], [ -101.063688243539005, 25.318005514195999, 0.0 ], [ -101.063743630128997, 25.317930933972999, 0.0 ], [ -101.063771322405998, 25.317893643868899, 0.0 ], [ -101.063799014680995, 25.317856354663, 0.0 ], [ -101.063826709889, 25.317819063606098, 0.0 ], [ -101.063854402115993, 25.317781773489202, 0.0 ], [ -101.063882095319997, 25.317744483353898, 0.0 ], [ -101.063909631176003, 25.3177074030387, 0.0 ], [ -101.063935082091007, 25.317673408453299, 0.0 ], [ -101.063960941809, 25.3176388694629, 0.0 ], [ -101.064469452628003, 25.316952016745599, 0.0 ], [ -101.064899117685002, 25.3163737484347, 0.0 ], [ -101.065228971793005, 25.315925543356801, 0.0 ], [ -101.065253354451002, 25.315891702298899, 0.0 ], [ -101.065276213318, 25.315859976209001, 0.0 ], [ -101.065302491039006, 25.315825587988702, 0.0 ], [ -101.065329928794995, 25.3157896823211, 0.0 ], [ -101.065357365557006, 25.3157537775656, 0.0 ], [ -101.065385346236994, 25.3157171600532, 0.0 ], [ -101.065410736927006, 25.315683050667399, 0.0 ], [ -101.065437657779, 25.3156478229307, 0.0 ], [ -101.065466051723007, 25.3156106654707, 0.0 ], [ -101.065574876856999, 25.315461039947898, 0.0 ], [ -101.065602129658004, 25.315424837133602, 0.0 ], [ -101.065630048665, 25.315387746652501, 0.0 ], [ -101.065657969640995, 25.315350656139199, 0.0 ], [ -101.06568588863, 25.315313566551801, 0.0 ], [ -101.065713811513007, 25.315276473294499, 0.0 ], [ -101.065741729474993, 25.3152393837122, 0.0 ], [ -101.065769898856004, 25.3152019636543, 0.0 ], [ -101.065796410413, 25.315166320209801, 0.0 ], [ -101.065822705263002, 25.315130968491498, 0.0 ], [ -101.065848999120007, 25.315095617685699, 0.0 ], [ -101.065875292976997, 25.3150602677783, 0.0 ], [ -101.065901586788996, 25.315024916062299, 0.0 ], [ -101.065927693218001, 25.314989817918899, 0.0 ], [ -101.066059632668996, 25.314814145652299, 0.0 ], [ -101.066087503464004, 25.314775832792101, 0.0 ], [ -101.066114795226, 25.314738315023298, 0.0 ], [ -101.066141921048001, 25.314701027056401, 0.0 ], [ -101.066306736678996, 25.314476455828, 0.0 ], [ -101.066333418148005, 25.3144397772685, 0.0 ], [ -101.066360140415995, 25.314404524185399, 0.0 ], [ -101.066387667919003, 25.3143682081657, 0.0 ], [ -101.066415196399007, 25.314331892127701, 0.0 ], [ -101.066442722893001, 25.314295577016001, 0.0 ], [ -101.066470251357003, 25.314259261871999, 0.0 ], [ -101.066497779773997, 25.314222944918701, 0.0 ], [ -101.066580361996003, 25.314113996782499, 0.0 ], [ -101.066608884711002, 25.314076368561501, 0.0 ], [ -101.066634350011995, 25.314041006817401, 0.0 ], [ -101.066658843789, 25.314006995455699, 0.0 ], [ -101.066683336560999, 25.313972984104701, 0.0 ], [ -101.066707827363004, 25.313938974583099, 0.0 ], [ -101.066732320122995, 25.313904964127701, 0.0 ], [ -101.066756038587997, 25.313872027001398, 0.0 ], [ -101.066782855601005, 25.313836285067101, 0.0 ], [ -101.066810468921005, 25.313799481221601, 0.0 ], [ -101.066838079293007, 25.313762680121101, 0.0 ], [ -101.066865692597005, 25.313725877169599, 0.0 ], [ -101.066893303929007, 25.313689076046501, 0.0 ], [ -101.066920917199994, 25.313652273086401, 0.0 ], [ -101.066948528500006, 25.313615471954801, 0.0 ], [ -101.066976141723003, 25.313578668083601, 0.0 ], [ -101.067003752990004, 25.3135418669434, 0.0 ], [ -101.067031366196005, 25.313505063966002, 0.0 ], [ -101.067058552052998, 25.313468828455299, 0.0 ], [ -101.067259545114993, 25.313206683440701, 0.0 ], [ -101.067285611087996, 25.313174218817601, 0.0 ], [ -101.067312633040004, 25.313140562761301, 0.0 ], [ -101.067339654991997, 25.313106907603199, 0.0 ], [ -101.067366676914006, 25.313073251538601, 0.0 ], [ -101.067393699784006, 25.313039593650899, 0.0 ], [ -101.067420721676996, 25.313005937577898, 0.0 ], [ -101.067447742577997, 25.312972282417199, 0.0 ], [ -101.067474764441997, 25.3129386263359, 0.0 ], [ -101.067500804047, 25.312906194546098, 0.0 ], [ -101.067529332538996, 25.312872282489, 0.0 ], [ -101.067558300127004, 25.312835864958402, 0.0 ], [ -101.067586106267996, 25.312800909708798, 0.0 ], [ -101.067613911384996, 25.312765953566199, 0.0 ], [ -101.067641717480001, 25.312730997405399, 0.0 ], [ -101.067669522580999, 25.312696042156599, 0.0 ], [ -101.067697696297003, 25.312660624729101, 0.0 ], [ -101.067777721165996, 25.3125581122369, 0.0 ], [ -101.067804875682995, 25.312523974006801, 0.0 ], [ -101.067832815387007, 25.312489289456401, 0.0 ], [ -101.067861023570998, 25.312454275260599, 0.0 ], [ -101.067889226820995, 25.312419263837299, 0.0 ], [ -101.067917434974007, 25.312384249632501, 0.0 ], [ -101.067945639154999, 25.312349236381301, 0.0 ], [ -101.067973845321006, 25.3123142240002, 0.0 ], [ -101.068002049469001, 25.312279210739899, 0.0 ], [ -101.068031418621999, 25.312242753730299, 0.0 ], [ -101.068114165471997, 25.3121341701614, 0.0 ], [ -101.068141218031002, 25.312100588465501, 0.0 ], [ -101.068169422099999, 25.312065576080901, 0.0 ], [ -101.068197629100993, 25.312030561844999, 0.0 ], [ -101.068225833138001, 25.311995549451201, 0.0 ], [ -101.068254040107007, 25.3119605352062, 0.0 ], [ -101.068282451677007, 25.311925265433, 0.0 ], [ -101.068311597752995, 25.311888735810001, 0.0 ], [ -101.068340553653002, 25.311852446362799, 0.0 ], [ -101.068369507534996, 25.311816156036301, 0.0 ], [ -101.068398460452997, 25.311779868426399, 0.0 ], [ -101.068427416286994, 25.311743578062401, 0.0 ], [ -101.068456369155996, 25.311707289540301, 0.0 ], [ -101.068485322022994, 25.3116710019161, 0.0 ], [ -101.068514275851001, 25.311634713370701, 0.0 ], [ -101.068543230640003, 25.311598423904002, 0.0 ], [ -101.068572185395993, 25.311562133530199, 0.0 ], [ -101.068601137203004, 25.3115258459007, 0.0 ], [ -101.068630092934001, 25.3114895564058, 0.0 ], [ -101.068659045670003, 25.311453266948, 0.0 ], [ -101.068687998418994, 25.3114169792903, 0.0 ], [ -101.068716953106005, 25.311380689795001, 0.0 ], [ -101.068745800816998, 25.311344534491798, 0.0 ], [ -101.068773047929, 25.3113105581937, 0.0 ], [ -101.068800401054006, 25.311276451316601, 0.0 ], [ -101.068827754134006, 25.311242342630301, 0.0 ], [ -101.068855110146998, 25.311208232093001, 0.0 ], [ -101.068882461241003, 25.311174125230899, 0.0 ], [ -101.068909816246006, 25.311140015601499, 0.0 ], [ -101.068937168288002, 25.3111059078146, 0.0 ], [ -101.068964521308004, 25.311071800009302, 0.0 ], [ -101.068991877260999, 25.311037690353199, 0.0 ], [ -101.069019228266001, 25.311003582567398, 0.0 ], [ -101.069046582233995, 25.3109694747356, 0.0 ], [ -101.069073936170994, 25.310935365996901, 0.0 ], [ -101.069101288122994, 25.310901258184401, 0.0 ], [ -101.069128862910006, 25.310866874013101, 0.0 ], [ -101.069156408712004, 25.3108322612804, 0.0 ], [ -101.069183862322006, 25.310797768381601, 0.0 ], [ -101.069211312967994, 25.3107632773253, 0.0 ], [ -101.069238765538998, 25.310728783529498, 0.0 ], [ -101.069266216155, 25.3106942924646, 0.0 ], [ -101.069293667748994, 25.310659801381501, 0.0 ], [ -101.069321121266995, 25.310625307558901, 0.0 ], [ -101.069348573777006, 25.310590813745801, 0.0 ], [ -101.069376023339998, 25.310556322677801, 0.0 ], [ -101.069403475835003, 25.310521829758599, 0.0 ], [ -101.069430925367001, 25.310487338682002, 0.0 ], [ -101.069458376868994, 25.310452847573298, 0.0 ], [ -101.069458464370001, 25.310452737118698, 0.0 ], [ -101.069486827614995, 25.3104170253958, 0.0 ], [ -101.069515194738997, 25.310381309100599, 0.0 ], [ -101.069543557922003, 25.310345595563799, 0.0 ], [ -101.069571921119007, 25.3103098838275, 0.0 ], [ -101.069628651344004, 25.3102384548706, 0.0 ], [ -101.069657014477002, 25.310202742218099, 0.0 ], [ -101.069685379564007, 25.310167028630602, 0.0 ], [ -101.069713394605003, 25.310131755053799, 0.0 ], [ -101.069828668517999, 25.309989033768598, 0.0 ], [ -101.069857066424007, 25.3099532793413, 0.0 ], [ -101.069971660735007, 25.309811326038101, 0.0 ], [ -101.070001126923003, 25.309775084200801, 0.0 ], [ -101.070030747779001, 25.309738653328001, 0.0 ], [ -101.070060363715001, 25.309702226129598, 0.0 ], [ -101.070089980625994, 25.309665798911801, 0.0 ], [ -101.070090139190995, 25.309665604411698, 0.0 ], [ -101.070119598198005, 25.309629236276699, 0.0 ], [ -101.070149137258994, 25.309592904925498, 0.0 ], [ -101.070178758028007, 25.309556474027598, 0.0 ], [ -101.070208374855, 25.309520045887901, 0.0 ], [ -101.070238874159003, 25.309482534188898, 0.0 ], [ -101.070353347164996, 25.309335728196402, 0.0 ], [ -101.070382211481999, 25.309300227448599, 0.0 ], [ -101.070412235852004, 25.3092628850248, 0.0 ], [ -101.070525914067005, 25.309116458516499, 0.0 ], [ -101.070554136135001, 25.309081357013, 0.0 ], [ -101.070583088551004, 25.309045347964901, 0.0 ], [ -101.070612041927006, 25.3090093379958, 0.0 ], [ -101.070640992324002, 25.308973328966101, 0.0 ], [ -101.070669943712005, 25.3089373208201, 0.0 ], [ -101.070698896045002, 25.308901310850601, 0.0 ], [ -101.070727846390994, 25.308865301806598, 0.0 ], [ -101.070757263508995, 25.3088287152693, 0.0 ], [ -101.070784046311005, 25.308794592135399, 0.0 ], [ -101.070914495750998, 25.308632530278398, 0.0 ], [ -101.070941537645993, 25.308598077748801, 0.0 ], [ -101.070968748053005, 25.308563823578599, 0.0 ], [ -101.070996204411998, 25.308529259031101, 0.0 ], [ -101.071023286436002, 25.3084951655301, 0.0 ], [ -101.071167781498005, 25.308316525741599, 0.0 ], [ -101.071195593005996, 25.308281512677102, 0.0 ], [ -101.071222808160996, 25.308247253884701, 0.0 ], [ -101.071249732328994, 25.3082137538306, 0.0 ], [ -101.071276900585005, 25.308179950646899, 0.0 ], [ -101.071304069819007, 25.308146147444901, 0.0 ], [ -101.071331238030993, 25.308112343350398, 0.0 ], [ -101.071358407236005, 25.308078540139999, 0.0 ], [ -101.071385108640001, 25.308045317613999, 0.0 ], [ -101.071413786541996, 25.308010420789099, 0.0 ], [ -101.071506063068995, 25.307900807377798, 0.0 ], [ -101.071627150457999, 25.307960084763199, 0.0 ], [ -101.070515214395002, 25.309270295000701, 0.0 ], [ -101.070515069766003, 25.309270471982199, 0.0 ], [ -101.070503643118997, 25.3092844656131, 0.0 ], [ -101.070492221121995, 25.309298464134802, 0.0 ], [ -101.070480803584005, 25.3093124674166, 0.0 ], [ -101.070469390314997, 25.309326475327801, 0.0 ], [ -101.070457981125003, 25.309340487737899, 0.0 ], [ -101.070446575822999, 25.309354504516399, 0.0 ], [ -101.070435174219, 25.309368525533301, 0.0 ], [ -101.070423776121004, 25.309382550658199, 0.0 ], [ -101.070412381338997, 25.309396579761302, 0.0 ], [ -101.070400989681005, 25.3094106127127, 0.0 ], [ -101.070389600956005, 25.3094246493825, 0.0 ], [ -101.070378214973005, 25.309438689641102, 0.0 ], [ -101.070366831539999, 25.309452733358899, 0.0 ], [ -101.070355450464007, 25.3094667804064, 0.0 ], [ -101.070344071554999, 25.309480830654099, 0.0 ], [ -101.070332694618997, 25.3094948839728, 0.0 ], [ -101.070321319464995, 25.309508940233101, 0.0 ], [ -101.070309945901002, 25.309522999305798, 0.0 ], [ -101.070298573732998, 25.3095370610618, 0.0 ], [ -101.070287202770004, 25.3095511253719, 0.0 ], [ -101.070275832818993, 25.309565192107002, 0.0 ], [ -101.070264463686996, 25.309579261138101, 0.0 ], [ -101.070253095179993, 25.309593332336199, 0.0 ], [ -101.070241727107003, 25.309607405572301, 0.0 ], [ -101.070230359274007, 25.3096214807174, 0.0 ], [ -101.070218991488005, 25.309635557642501, 0.0 ], [ -101.070207623556001, 25.309649636218701, 0.0 ], [ -101.070202569510997, 25.309655895808, 0.0 ], [ -101.070214576846993, 25.3096639062096, 0.0 ], [ -101.070196894228999, 25.309685808045899, 0.0 ], [ -101.070185524809006, 25.3096998906659, 0.0 ], [ -101.069157120629995, 25.3109737027204, 0.0 ], [ -101.069177133880999, 25.310987052981901, 0.0 ], [ -101.067789914106996, 25.312705254217299, 0.0 ], [ -101.067781196585997, 25.312716051541301, 0.0 ], [ -101.067772480173005, 25.312726847762399, 0.0 ], [ -101.067763765202002, 25.312737642735801, 0.0 ], [ -101.067755051815993, 25.312748436556401, 0.0 ], [ -101.067746340157001, 25.3127592293189, 0.0 ], [ -101.067737630365997, 25.3127700211177, 0.0 ], [ -101.067728922586994, 25.312780812047599, 0.0 ], [ -101.067720216959003, 25.3127916022029, 0.0 ], [ -101.067711513627003, 25.312802391678201, 0.0 ], [ -101.067702812730005, 25.312813180567801, 0.0 ], [ -101.067694114412006, 25.312823968966001, 0.0 ], [ -101.067685418813994, 25.3128347569669, 0.0 ], [ -101.067676726076996, 25.3128455446647, 0.0 ], [ -101.067668036344003, 25.312856332153402, 0.0 ], [ -101.067659349755004, 25.3128671195268, 0.0 ], [ -101.067649895019002, 25.3128788699645, 0.0 ], [ -101.067726215275002, 25.3129296026958, 0.0 ], [ -101.067709643851998, 25.312950206627601, 0.0 ], [ -101.067700983286002, 25.312960979532601, 0.0 ], [ -101.067692327238007, 25.312971751957399, 0.0 ], [ -101.067683675848997, 25.312982523994599, 0.0 ], [ -101.067675029260997, 25.312993295737002, 0.0 ], [ -101.067666387613002, 25.313004067276999, 0.0 ], [ -101.067657751048998, 25.313014838707101, 0.0 ], [ -101.067649119706999, 25.313025610119301, 0.0 ], [ -101.067640493731005, 25.313036381605599, 0.0 ], [ -101.067631873259998, 25.313047153258101, 0.0 ], [ -101.067623258436996, 25.313057925168099, 0.0 ], [ -101.067614649400994, 25.313068697427401, 0.0 ], [ -101.067606046294998, 25.3130794701271, 0.0 ], [ -101.067597449260006, 25.3130902433569, 0.0 ], [ -101.067494287702004, 25.3132201778803, 0.0 ], [ -101.067425553798003, 25.313175302208698, 0.0 ], [ -101.066877993074002, 25.313886174945399, 0.0 ], [ -101.066877876324, 25.313886330417098, 0.0 ], [ -101.066869608965007, 25.313897348261801, 0.0 ], [ -101.066858880398001, 25.313911656798201, 0.0 ], [ -101.066838361479995, 25.313898952895102, 0.0 ], [ -101.066824301707001, 25.313917730740201, 0.0 ], [ -101.066816041280006, 25.3139287705195, 0.0 ], [ -101.066807783482005, 25.313939813883898, 0.0 ], [ -101.066799528169994, 25.313950860743201, 0.0 ], [ -101.066791275200998, 25.313961911006999, 0.0 ], [ -101.066783024429995, 25.313972964585599, 0.0 ], [ -101.066774775713, 25.313984021388698, 0.0 ], [ -101.066766528905006, 25.3139950813265, 0.0 ], [ -101.066758283864004, 25.314006144309101, 0.0 ], [ -101.066750040442003, 25.314017210246799, 0.0 ], [ -101.066741798497006, 25.314028279049602, 0.0 ], [ -101.066733557882998, 25.314039350628001, 0.0 ], [ -101.066725318454999, 25.314050424892301, 0.0 ], [ -101.066717080068997, 25.3140615017528, 0.0 ], [ -101.066708842577995, 25.314072581119898, 0.0 ], [ -101.066700605839003, 25.314083662904, 0.0 ], [ -101.066692369704995, 25.314094747015801, 0.0 ], [ -101.066684134030993, 25.314105833365499, 0.0 ], [ -101.066675898672997, 25.3141169218637, 0.0 ], [ -101.066667663483003, 25.314128012420898, 0.0 ], [ -101.066659428316996, 25.3141391049476, 0.0 ], [ -101.066651193027994, 25.314150199354302, 0.0 ], [ -101.066642957471998, 25.3141612955516, 0.0 ], [ -101.066634721501003, 25.314172393449802, 0.0 ], [ -101.066626484970996, 25.3141834929596, 0.0 ], [ -101.066618247733999, 25.3141945939912, 0.0 ], [ -101.066610009645999, 25.314205696455399, 0.0 ], [ -101.063728791174, 25.318088584411399, 0.0 ], [ -101.063745256594004, 25.318098678493399, 0.0 ], [ -101.063523145869993, 25.3183979951969, 0.0 ], [ -101.063506680423998, 25.318387901091501, 0.0 ], [ -101.058986568489004, 25.3244788372591, 0.0 ], [ -101.058975819777004, 25.3244933203991, 0.0 ], [ -101.058965069286998, 25.324507805281701, 0.0 ], [ -101.058954316395997, 25.324522292092801, 0.0 ], [ -101.058943560775006, 25.3245367806289, 0.0 ], [ -101.058932802089004, 25.3245512706862, 0.0 ], [ -101.058922040008994, 25.3245657620608, 0.0 ], [ -101.0589112742, 25.3245802545487, 0.0 ], [ -101.058900504331007, 25.3245947479455, 0.0 ], [ -101.058889730070007, 25.324609242046701, 0.0 ], [ -101.058878951083997, 25.324623736647599, 0.0 ], [ -101.058868167040004, 25.324638231543101, 0.0 ], [ -101.058857377606998, 25.324652726527798, 0.0 ], [ -101.058846582452006, 25.324667221396201, 0.0 ], [ -101.058835781241996, 25.324681715942098, 0.0 ], [ -101.058824973643993, 25.324696209959502, 0.0 ], [ -101.058814159327, 25.3247107032415, 0.0 ], [ -101.058803337959006, 25.324725195581099, 0.0 ], [ -101.058792509206, 25.324739686770901, 0.0 ], [ -101.058781672736004, 25.324754176602902, 0.0 ], [ -101.058770828218996, 25.324768664869001, 0.0 ], [ -101.058759975320001, 25.324783151360201, 0.0 ], [ -101.058749113709993, 25.324797635867501, 0.0 ], [ -101.058738243055004, 25.324812118180901, 0.0 ], [ -101.058727363024005, 25.324826598090301, 0.0 ], [ -101.058716473287006, 25.324841075384899, 0.0 ], [ -101.058705573511006, 25.3248555498534, 0.0 ], [ -101.058694663365998, 25.324870021283701, 0.0 ], [ -101.058683742520003, 25.324884489463599, 0.0 ], [ -101.058672810643998, 25.324898954179702, 0.0 ], [ -101.058661867406997, 25.3249134152185, 0.0 ], [ -101.058661775578003, 25.324913536404502, 0.0 ], [ -101.058091124431002, 25.325641251980599, 0.0 ], [ -101.057494485557996, 25.3263515445433, 0.0 ], [ -101.057482600808996, 25.32636521329, 0.0 ], [ -101.057470618435005, 25.326378977224799, 0.0 ], [ -101.057458629158006, 25.326392732600802, 0.0 ], [ -101.057446633302007, 25.326406479642099, 0.0 ], [ -101.057434631185998, 25.3264202185734, 0.0 ], [ -101.057422623131998, 25.326433949619901, 0.0 ], [ -101.057410609460007, 25.3264476730069, 0.0 ], [ -101.057398590489001, 25.326461388960201, 0.0 ], [ -101.057386566538995, 25.3264750977056, 0.0 ], [ -101.057374537927004, 25.326488799469502, 0.0 ], [ -101.057362504972005, 25.3265024944785, 0.0 ], [ -101.057350467991, 25.326516182959399, 0.0 ], [ -101.057338427302, 25.326529865139101, 0.0 ], [ -101.057326383222005, 25.326543541245002, 0.0 ], [ -101.057314336066, 25.3265572115046, 0.0 ], [ -101.057302286150005, 25.326570876145301, 0.0 ], [ -101.057290233790994, 25.326584535395, 0.0 ], [ -101.057278179302998, 25.326598189481601, 0.0 ], [ -101.057266123001, 25.326611838633202, 0.0 ], [ -101.057254065199004, 25.326625483077901, 0.0 ], [ -101.057242006210998, 25.326639123043801, 0.0 ], [ -101.057229946353004, 25.326652758759401, 0.0 ], [ -101.057217885935998, 25.3266663904529, 0.0 ], [ -101.057205825273996, 25.3266800183527, 0.0 ], [ -101.057193764679994, 25.3266936426873, 0.0 ], [ -101.057181704466998, 25.326707263684899, 0.0 ], [ -101.057169644946995, 25.326720881574001, 0.0 ], [ -101.057157586434002, 25.326734496582901, 0.0 ], [ -101.057145529237005, 25.3267481089398, 0.0 ], [ -101.057133473671001, 25.326761718873001, 0.0 ], [ -101.056555256701998, 25.327414478250599, 0.0 ], [ -101.056570728093007, 25.327425798578801, 0.0 ], [ -101.054943889057, 25.329262318842201, 0.0 ], [ -101.054974832065994, 25.329284959819699, 0.0 ], [ -101.054652164399826, 25.329649207510123, 0.0 ] ] ] ] } },
{ "type": "Feature", "properties": { "CLAVE": "SNL-SAL-003", "PROPIETARIO": "ROBERTO CABELLO ELIZONDO", "SEGMENTO": "S13", "TIPO DE PROPIEDAD": "Privada", "ESTRUCTURA": "DDV Troncal", "ESTADO": "Coahuila", "MUNICIPIO": "Saltillo", "EJIDO": "N/A", "KM INICIO": 3.716, "KM FIN": 5.26535, "KM LINEALES": 1.54935, "KM EFECTIVOS": 1.54935, "M2": null, "IDENTIFICACIÓN O ACERCAMIENTO": true, "ANUENCIA ": true, "LEVANTAMIENTO": "CONCLUIDO", "NEGOCIACIÓN O ASAMBLEA": false, "C.O.P": "NO", "OBSERVACIONES": "Levantamiento completo", "fid": null, "PROYECTO": null, "ESTATUS": "NO LIBERADO", "NUEVO": null }, "geometry": { "type": "MultiPolygon", "coordinates": [ [ [ [ -101.071627150457999, 25.307960084763199, 0.0 ], [ -101.071506063068995, 25.307900807377798, 0.0 ], [ -101.071654503293999, 25.3077244777419, 0.0 ], [ -101.071845770097994, 25.307509059637301, 0.0 ], [ -101.071872811459002, 25.307477342059499, 0.0 ], [ -101.071996227701007, 25.307342230349299, 0.0 ], [ -101.072209681233005, 25.307113757074401, 0.0 ], [ -101.072627849743, 25.306682523965598, 0.0 ], [ -101.072808075392004, 25.3065039848249, 0.0 ], [ -101.073137330704, 25.306210891305899, 0.0 ], [ -101.073470892559001, 25.305881571800999, 0.0 ], [ -101.073502722265005, 25.3058503484725, 0.0 ], [ -101.073534718012993, 25.305818963025501, 0.0 ], [ -101.073566706855004, 25.3057875812802, 0.0 ], [ -101.073630690418, 25.305724815882598, 0.0 ], [ -101.073662780080994, 25.305693337088599, 0.0 ], [ -101.073695014010994, 25.305661512327099, 0.0 ], [ -101.073849890329001, 25.3055036626243, 0.0 ], [ -101.073880304257003, 25.3054736344505, 0.0 ], [ -101.073911515096, 25.305442819644199, 0.0 ], [ -101.073942726881, 25.3054120030131, 0.0 ], [ -101.073973935718001, 25.305381189125601, 0.0 ], [ -101.074005148465005, 25.3053503724691, 0.0 ], [ -101.074036357254997, 25.305319557667801, 0.0 ], [ -101.074067159787006, 25.3052891457626, 0.0 ], [ -101.074098729528998, 25.305258477522599, 0.0 ], [ -101.074130711484997, 25.305227408095899, 0.0 ], [ -101.074162690476996, 25.305196340510001, 0.0 ], [ -101.074194669468, 25.305165273820698, 0.0 ], [ -101.074226650396994, 25.305134205292401, 0.0 ], [ -101.074258632287993, 25.305103135841701, 0.0 ], [ -101.074290611215005, 25.305072068231802, 0.0 ], [ -101.074322591102998, 25.305040999699401, 0.0 ], [ -101.074354571005003, 25.305009932965898, 0.0 ], [ -101.074386550861007, 25.3049788644214, 0.0 ], [ -101.074418533663007, 25.304947794926498, 0.0 ], [ -101.074450511530998, 25.304916728202802, 0.0 ], [ -101.074482491352995, 25.304885660542599, 0.0 ], [ -101.074514267, 25.304854791635201, 0.0 ], [ -101.074548120157999, 25.304822168155301, 0.0 ], [ -101.074738179883994, 25.304636214843601, 0.0 ], [ -101.074771462179996, 25.3046041421495, 0.0 ], [ -101.074805132324997, 25.304571695689599, 0.0 ], [ -101.074838800481999, 25.3045392501534, 0.0 ], [ -101.074872467643999, 25.3045068055272, 0.0 ], [ -101.074906136758003, 25.304474359963599, 0.0 ], [ -101.074940033852002, 25.304441693732699, 0.0 ], [ -101.074973131747001, 25.304409609051898, 0.0 ], [ -101.075004322755007, 25.3043793728691, 0.0 ], [ -101.074987076710002, 25.304416419451002, 0.0 ], [ -101.074969635388001, 25.304453889031599, 0.0 ], [ -101.074953302642996, 25.304493330424499, 0.0 ], [ -101.074938629399, 25.3045312913167, 0.0 ], [ -101.074914199223002, 25.304588905392901, 0.0 ], [ -101.074887171257998, 25.304614306793201, 0.0 ], [ -101.074873810686, 25.3046268633625, 0.0 ], [ -101.074860451180996, 25.304639419238502, 0.0 ], [ -101.074847093095997, 25.304651974404099, 0.0 ], [ -101.074833736602997, 25.3046645290108, 0.0 ], [ -101.074820381874005, 25.304677083210098, 0.0 ], [ -101.074807029083004, 25.304689637153601, 0.0 ], [ -101.074793678400994, 25.304702190992501, 0.0 ], [ -101.07478033, 25.304714744878201, 0.0 ], [ -101.074766984052999, 25.304727298962, 0.0 ], [ -101.074753640732993, 25.304739853394999, 0.0 ], [ -101.074740300211005, 25.304752408328099, 0.0 ], [ -101.074726962661003, 25.3047649639126, 0.0 ], [ -101.074713628254003, 25.304777520299101, 0.0 ], [ -101.074700297163005, 25.304790077638401, 0.0 ], [ -101.074686969561, 25.304802636081298, 0.0 ], [ -101.074673645621004, 25.3048151957782, 0.0 ], [ -101.074660325512994, 25.304827756879501, 0.0 ], [ -101.074647009412999, 25.304840319535501, 0.0 ], [ -101.074633697490995, 25.304852883896299, 0.0 ], [ -101.074620389922003, 25.304865450112001, 0.0 ], [ -101.074607086876995, 25.3048780183323, 0.0 ], [ -101.074593788531004, 25.304890588707099, 0.0 ], [ -101.074580495055002, 25.304903161385699, 0.0 ], [ -101.074567206623001, 25.3049157365176, 0.0 ], [ -101.074553923408004, 25.304928314251899, 0.0 ], [ -101.074540645583994, 25.304940894737701, 0.0 ], [ -101.074527373324003, 25.304953478123799, 0.0 ], [ -101.074514106801999, 25.304966064558901, 0.0 ], [ -101.074500846191, 25.304978654191402, 0.0 ], [ -101.074487591665999, 25.3049912471695, 0.0 ], [ -101.074474343396005, 25.3050038436443, 0.0 ], [ -101.073493874741004, 25.305964012398199, 0.0 ], [ -101.072544542331002, 25.3069497041799, 0.0 ], [ -101.071627150457999, 25.307960084763199, 0.0 ] ] ] ] } },
{ "type": "Feature", "properties": { "CLAVE": "SNL-SAL-003", "PROPIETARIO": "ROBERTO CABELLO ELIZONDO", "SEGMENTO": "S13", "TIPO DE PROPIEDAD": "Privada", "ESTRUCTURA": "DDV Troncal", "ESTADO": "Coahuila", "MUNICIPIO": "Saltillo", "EJIDO": "N/A", "KM INICIO": 3.716, "KM FIN": 5.26535, "KM LINEALES": 1.54935, "KM EFECTIVOS": 1.54935, "M2": null, "IDENTIFICACIÓN O ACERCAMIENTO": true, "ANUENCIA ": true, "LEVANTAMIENTO": "CONCLUIDO", "NEGOCIACIÓN O ASAMBLEA": false, "C.O.P": "NO", "OBSERVACIONES": "Levantamiento completo", "fid": null, "PROYECTO": null, "ESTATUS": "NO LIBERADO", "NUEVO": null }, "geometry": { "type": "MultiPolygon", "coordinates": [ [ [ [ -101.082719988731, 25.296868857911001, 0.0 ], [ -101.082898073213002, 25.296779915109401, 0.0 ], [ -101.082899892821999, 25.296779179668299, 0.0 ], [ -101.082883570331006, 25.2967935829437, 0.0 ], [ -101.082860648836999, 25.296813830366499, 0.0 ], [ -101.082837745567005, 25.2968340851018, 0.0 ], [ -101.082814861809993, 25.296854348340201, 0.0 ], [ -101.082791998858994, 25.296874621269101, 0.0 ], [ -101.082769158008006, 25.296894905072801, 0.0 ], [ -101.082746340552006, 25.296915200931998, 0.0 ], [ -101.082723547789996, 25.296935510023701, 0.0 ], [ -101.082700781022993, 25.296955833521, 0.0 ], [ -101.082678089422998, 25.2969761297771, 0.0 ], [ -101.082655381166006, 25.2969964831622, 0.0 ], [ -101.082632702813996, 25.297016854439001, 0.0 ], [ -101.082610055681002, 25.297037244762802, 0.0 ], [ -101.082587441081998, 25.297057655283499, 0.0 ], [ -101.082564860336007, 25.297078087146399, 0.0 ], [ -101.082542314769, 25.2970985414909, 0.0 ], [ -101.082519805706994, 25.297119019451099, 0.0 ], [ -101.082497334482994, 25.297139522155302, 0.0 ], [ -101.082474902434996, 25.2971600507258, 0.0 ], [ -101.082452510904005, 25.297180606278602, 0.0 ], [ -101.082430161236999, 25.297201189923399, 0.0 ], [ -101.082407854786993, 25.2972218027632, 0.0 ], [ -101.082385511945006, 25.297242520972301, 0.0 ], [ -101.081975505423998, 25.297636425504201, 0.0 ], [ -101.081580295913, 25.2980426378627, 0.0 ], [ -101.081559652183003, 25.298064628485498, 0.0 ], [ -101.081539046363005, 25.298086655896402, 0.0 ], [ -101.081518476362007, 25.298108719853399, 0.0 ], [ -101.081497940852998, 25.2981308192299, 0.0 ], [ -101.081477438498993, 25.2981529529048, 0.0 ], [ -101.081456967958005, 25.298175119762, 0.0 ], [ -101.081449978810994, 25.298182710321001, 0.0 ], [ -101.081518499520001, 25.298234850545299, 0.0 ], [ -101.081505088384006, 25.298249415708401, 0.0 ], [ -101.081484755215996, 25.298271560888399, 0.0 ], [ -101.081464446368997, 25.2982937394465, 0.0 ], [ -101.081444160493007, 25.298315950297098, 0.0 ], [ -101.081423896231996, 25.2983381923579, 0.0 ], [ -101.081403652220999, 25.298360464550001, 0.0 ], [ -101.081383427093996, 25.298382765797701, 0.0 ], [ -101.081363151283, 25.298405170379102, 0.0 ], [ -101.081342963986003, 25.298427522029701, 0.0 ], [ -101.081322791302, 25.298449899645998, 0.0 ], [ -101.08130263196, 25.298472302031399, 0.0 ], [ -101.081282484566998, 25.2984947281236, 0.0 ], [ -101.081262347725001, 25.298517176861701, 0.0 ], [ -101.081242220031001, 25.298539647186601, 0.0 ], [ -101.081222100079998, 25.298562138040701, 0.0 ], [ -101.081201986460002, 25.298584648367498, 0.0 ], [ -101.081181877757999, 25.298607177111499, 0.0 ], [ -101.081161772556001, 25.298629723217999, 0.0 ], [ -101.081141669432995, 25.298652285632901, 0.0 ], [ -101.081121566966004, 25.2986748633021, 0.0 ], [ -101.081101463726995, 25.2986974551721, 0.0 ], [ -101.081081358285999, 25.298720060189002, 0.0 ], [ -101.081061249211999, 25.298742677298399, 0.0 ], [ -101.081041135069, 25.298765305445698, 0.0 ], [ -101.081021014423001, 25.2987879435751, 0.0 ], [ -101.081010951139007, 25.298799266123101, 0.0 ], [ -101.081000884331004, 25.2988105922316, 0.0 ], [ -101.080990814708002, 25.2988219207007, 0.0 ], [ -101.080980742053995, 25.2988332513712, 0.0 ], [ -101.080970666151998, 25.2988445840842, 0.0 ], [ -101.080960586787, 25.298855918680498, 0.0 ], [ -101.080950503740993, 25.298867255000602, 0.0 ], [ -101.080940416797006, 25.298878592885, 0.0 ], [ -101.080930325739999, 25.298889932173999, 0.0 ], [ -101.080920230350998, 25.2989012727075, 0.0 ], [ -101.080910130413002, 25.298912614325499, 0.0 ], [ -101.080879780120995, 25.298946651159099, 0.0 ], [ -101.080810385731994, 25.2988954907463, 0.0 ], [ -101.080810384215994, 25.298895492445698, 0.0 ], [ -101.080800277574994, 25.298906821472301, 0.0 ], [ -101.080790166279002, 25.298918149688301, 0.0 ], [ -101.080780050114001, 25.298929476932798, 0.0 ], [ -101.080769928863006, 25.2989408030448, 0.0 ], [ -101.080759802309998, 25.298952127862702, 0.0 ], [ -101.080749670239001, 25.298963451224999, 0.0 ], [ -101.080739532433, 25.2989747729698, 0.0 ], [ -101.080729388677, 25.2989860929349, 0.0 ], [ -101.080719238754995, 25.298997410957998, 0.0 ], [ -101.080709082450994, 25.299008726876099, 0.0 ], [ -101.080698919550002, 25.2990200405265, 0.0 ], [ -101.080688749836, 25.299031351745601, 0.0 ], [ -101.080678573094005, 25.2990426603698, 0.0 ], [ -101.080668389107998, 25.299053966235199, 0.0 ], [ -101.080658197665002, 25.299065269177401, 0.0 ], [ -101.080647998548002, 25.299076569031602, 0.0 ], [ -101.080637791544007, 25.299087865632799, 0.0 ], [ -101.079934623572996, 25.299837560652598, 0.0 ], [ -101.079202036934007, 25.300563606823498, 0.0 ], [ -101.079190973256004, 25.3005741749481, 0.0 ], [ -101.079179880891999, 25.300584759455301, 0.0 ], [ -101.079168784215994, 25.300595337415501, 0.0 ], [ -101.079157683432996, 25.3006059090024, 0.0 ], [ -101.079146578749999, 25.3006164743902, 0.0 ], [ -101.079135470371, 25.3006270337528, 0.0 ], [ -101.079124358502995, 25.300637587264799, 0.0 ], [ -101.079113243348999, 25.300648135100399, 0.0 ], [ -101.079102125115, 25.300658677434502, 0.0 ], [ -101.079091004003004, 25.3006692144418, 0.0 ], [ -101.079079880218998, 25.300679746297298, 0.0 ], [ -101.079068753965004, 25.300690273175999, 0.0 ], [ -101.079057625445998, 25.3007007952531, 0.0 ], [ -101.079046494861998, 25.300711312703999, 0.0 ], [ -101.079035362419006, 25.300721825703899, 0.0 ], [ -101.079024228316996, 25.3007323344284, 0.0 ], [ -101.079013092758998, 25.300742839053001, 0.0 ], [ -101.079001955948002, 25.300753339753498, 0.0 ], [ -101.078990818083994, 25.3007638367054, 0.0 ], [ -101.078979679368999, 25.300774330084501, 0.0 ], [ -101.078968540004993, 25.3007848200666, 0.0 ], [ -101.078957400191996, 25.3007953068274, 0.0 ], [ -101.078946260132, 25.300805790542899, 0.0 ], [ -101.078935120026003, 25.3008162713889, 0.0 ], [ -101.078923980073, 25.300826749541301, 0.0 ], [ -101.078912840474999, 25.300837225175702, 0.0 ], [ -101.078901701432002, 25.3008476984682, 0.0 ], [ -101.078890563143005, 25.300858169594399, 0.0 ], [ -101.078879425809006, 25.300868638730101, 0.0 ], [ -101.078868289629995, 25.300879106051202, 0.0 ], [ -101.078857154806002, 25.300889571733101, 0.0 ], [ -101.077524753381994, 25.302141877565202, 0.0 ], [ -101.077567572125005, 25.302179382882802, 0.0 ], [ -101.077400026253997, 25.302337001175399, 0.0 ], [ -101.077364341904996, 25.302305626358802, 0.0 ], [ -101.077353636604002, 25.3022962139123, 0.0 ], [ -101.075562013780001, 25.3039800723705, 0.0 ], [ -101.075571153713994, 25.303966861850299, 0.0 ], [ -101.075592613666004, 25.303935840100198, 0.0 ], [ -101.075614433301993, 25.303905588696399, 0.0 ], [ -101.075636123772, 25.303875858157301, 0.0 ], [ -101.075724315621002, 25.303758982101701, 0.0 ], [ -101.075748505899995, 25.3037304340018, 0.0 ], [ -101.075773541442004, 25.303699990227599, 0.0 ], [ -101.075872441822995, 25.303583057170201, 0.0 ], [ -101.075983691936997, 25.303468983130099, 0.0 ], [ -101.076011067807002, 25.303439260976301, 0.0 ], [ -101.076035885158007, 25.303413960095099, 0.0 ], [ -101.076454765552995, 25.303001892128702, 0.0 ], [ -101.076488020686995, 25.302969734613399, 0.0 ], [ -101.076521709489995, 25.302937153937901, 0.0 ], [ -101.076557337476999, 25.302902698777601, 0.0 ], [ -101.076591120654996, 25.302867444132101, 0.0 ], [ -101.076622881014003, 25.3028367302921, 0.0 ], [ -101.076656567805003, 25.302804152325098, 0.0 ], [ -101.076690255554993, 25.302771573434999, 0.0 ], [ -101.076723945257996, 25.302738993607701, 0.0 ], [ -101.076758883519005, 25.3027052043672, 0.0 ], [ -101.076792891444995, 25.302670680414899, 0.0 ], [ -101.076825348241996, 25.3026392932438, 0.0 ], [ -101.076859037857005, 25.302606712487201, 0.0 ], [ -101.076926413123999, 25.3025415546198, 0.0 ], [ -101.076960102699999, 25.302508974745599, 0.0 ], [ -101.076994539294006, 25.302475670500598, 0.0 ], [ -101.077090893274004, 25.302379676067499, 0.0 ], [ -101.077123824664994, 25.302347828095101, 0.0 ], [ -101.077157513174001, 25.3023152500006, 0.0 ], [ -101.077191201618007, 25.3022826691919, 0.0 ], [ -101.077227075143995, 25.3022479760644, 0.0 ], [ -101.077257354482001, 25.3022160759805, 0.0 ], [ -101.077288870252005, 25.302185596547101, 0.0 ], [ -101.077322560610995, 25.302153015684599, 0.0 ], [ -101.077356248005003, 25.302120436662101, 0.0 ], [ -101.077389934387995, 25.302087857646999, 0.0 ], [ -101.077423624708999, 25.3020552776667, 0.0 ], [ -101.077457310062996, 25.302022698652198, 0.0 ], [ -101.077490997400005, 25.301990120505401, 0.0 ], [ -101.077524688644999, 25.3019575395885, 0.0 ], [ -101.077558376908001, 25.301924959609501, 0.0 ], [ -101.077592063183999, 25.3018923805542, 0.0 ], [ -101.077625982330005, 25.301859577181201, 0.0 ], [ -101.077659688458994, 25.301826789178801, 0.0 ], [ -101.077693329482003, 25.301794063601498, 0.0 ], [ -101.077762184871006, 25.3017270797544, 0.0 ], [ -101.077788451337, 25.301699906145501, 0.0 ], [ -101.077820534302006, 25.3016686964604, 0.0 ], [ -101.077854175238997, 25.301635970851201, 0.0 ], [ -101.077887813209998, 25.301603247082198, 0.0 ], [ -101.077955091083993, 25.301537799496199, 0.0 ], [ -101.077988730987002, 25.301505075679302, 0.0 ], [ -101.078022369848, 25.301472350064699, 0.0 ], [ -101.078056009714999, 25.301439626234401, 0.0 ], [ -101.078089646600006, 25.301406903341899, 0.0 ], [ -101.078123287424006, 25.301374179484199, 0.0 ], [ -101.078156925250994, 25.301341455661799, 0.0 ], [ -101.078190565029999, 25.301308730902399, 0.0 ], [ -101.078224205785006, 25.301276006122301, 0.0 ], [ -101.078257843542005, 25.301243281377399, 0.0 ], [ -101.078291481313002, 25.301210558430899, 0.0 ], [ -101.078325121036002, 25.3011778345473, 0.0 ], [ -101.078358758755002, 25.3011451106848, 0.0 ], [ -101.078392399403995, 25.3011123849688, 0.0 ], [ -101.078426038079002, 25.3010796610791, 0.0 ], [ -101.078459675760001, 25.301046938099301, 0.0 ], [ -101.078493315377003, 25.3010142132797, 0.0 ], [ -101.078526384550997, 25.300982044431201, 0.0 ], [ -101.078569664541007, 25.300940874432602, 0.0 ], [ -101.078603810554995, 25.300907654940801, 0.0 ], [ -101.078671087678003, 25.3008422079733, 0.0 ], [ -101.078738366669, 25.3007767582437, 0.0 ], [ -101.078772005144998, 25.300744033382902, 0.0 ], [ -101.078805642641001, 25.3007113103344, 0.0 ], [ -101.078872919532998, 25.300645862384499, 0.0 ], [ -101.078906559906997, 25.300613136566501, 0.0 ], [ -101.078940197315006, 25.3005804125889, 0.0 ], [ -101.078973836691006, 25.300547688576401, 0.0 ], [ -101.079007474063005, 25.3005149645854, 0.0 ], [ -101.079074752725006, 25.300449516527401, 0.0 ], [ -101.079108391004993, 25.300416790697401, 0.0 ], [ -101.079142030290996, 25.300384066651699, 0.0 ], [ -101.079176455828005, 25.300350575773301, 0.0 ], [ -101.079306282039994, 25.300220432452399, 0.0 ], [ -101.079339160293998, 25.3001884475736, 0.0 ], [ -101.079372799455001, 25.300155723482099, 0.0 ], [ -101.079406436612999, 25.300122999412, 0.0 ], [ -101.079440076699996, 25.300090273488301, 0.0 ], [ -101.079541224658996, 25.2999918738562, 0.0 ], [ -101.079574780382003, 25.2999589930849, 0.0 ], [ -101.079608201526995, 25.299926244037099, 0.0 ], [ -101.079641625600999, 25.299893493135801, 0.0 ], [ -101.079675046709994, 25.299860744074799, 0.0 ], [ -101.079708469756, 25.299827993174301, 0.0 ], [ -101.079741890829993, 25.299795244100199, 0.0 ], [ -101.079775314832006, 25.299762493172601, 0.0 ], [ -101.079808735870003, 25.299729744085301, 0.0 ], [ -101.079842159837, 25.299696993144401, 0.0 ], [ -101.079876222194997, 25.2996636146467, 0.0 ], [ -101.080011230688996, 25.2995280076907, 0.0 ], [ -101.080044027510993, 25.2994958694586, 0.0 ], [ -101.080077452344, 25.299463118457499, 0.0 ], [ -101.080110872226001, 25.299430369324899, 0.0 ], [ -101.080144295037996, 25.299397618338599, 0.0 ], [ -101.080177715862007, 25.299364868276299, 0.0 ], [ -101.080211139645996, 25.299332118165399, 0.0 ], [ -101.080244560433997, 25.299299368089901, 0.0 ], [ -101.080277982211996, 25.2992666188964, 0.0 ], [ -101.080311407897, 25.299233866932699, 0.0 ], [ -101.080344827654002, 25.299201117753999, 0.0 ], [ -101.080378250340999, 25.299168366721801, 0.0 ], [ -101.080411671055003, 25.299135617515802, 0.0 ], [ -101.080444389571994, 25.299103557940199, 0.0 ], [ -101.080545132905002, 25.299007551643399, 0.0 ], [ -101.081075772922006, 25.2984764486968, 0.0 ], [ -101.081385523644997, 25.298124608439601, 0.0 ], [ -101.081415901181998, 25.298088997234299, 0.0 ], [ -101.08144642613, 25.298053767482799, 0.0 ], [ -101.081477294744005, 25.298018137494399, 0.0 ], [ -101.081539031947997, 25.2979468793061, 0.0 ], [ -101.081539136150994, 25.297946759582199, 0.0 ], [ -101.081580393032993, 25.2978990303533, 0.0 ], [ -101.081697920159996, 25.297764356972401, 0.0 ], [ -101.081729054516003, 25.297728422109, 0.0 ], [ -101.081759923944006, 25.297692791153899, 0.0 ], [ -101.081790793370004, 25.297657161095799, 0.0 ], [ -101.081821661801996, 25.2976215319487, 0.0 ], [ -101.081852531177006, 25.2975859009773, 0.0 ], [ -101.081861869570005, 25.297575122347201, 0.0 ], [ -101.081884649809993, 25.297563949352998, 0.0 ], [ -101.081942778173001, 25.297518799973101, 0.0 ], [ -101.081996291761996, 25.297458597761999, 0.0 ], [ -101.082165223510003, 25.297269181151901, 0.0 ], [ -101.082263678440995, 25.2971692800926, 0.0 ], [ -101.082376385451994, 25.297079023631099, 0.0 ], [ -101.082426303515007, 25.297045073079101, 0.0 ], [ -101.082545061909002, 25.2969661143072, 0.0 ], [ -101.082719988731, 25.296868857911001, 0.0 ] ] ] ] } },
{ "type": "Feature", "properties": { "CLAVE": "SNL-SAL-001 y SNL-SAL-002", "PROPIETARIO": null, "SEGMENTO": null, "TIPO DE PROPIEDAD": null, "ESTRUCTURA": null, "ESTADO": null, "MUNICIPIO": null, "EJIDO": null, "KM INICIO": null, "KM FIN": null, "KM LINEALES": null, "KM EFECTIVOS": null, "M2": null, "IDENTIFICACIÓN O ACERCAMIENTO": null, "ANUENCIA ": null, "LEVANTAMIENTO": null, "NEGOCIACIÓN O ASAMBLEA": null, "C.O.P": "NO", "OBSERVACIONES": null, "fid": null, "PROYECTO": null, "ESTATUS": "NO LIBERADO", "NUEVO": null }, "geometry": { "type": "MultiPolygon", "coordinates": [ [ [ [ -101.092156831316331, 25.274400815545082, 0.0 ], [ -101.092157412955999, 25.274397413164799, 0.0 ], [ -101.092213959608998, 25.274662179118302, 0.0 ], [ -101.091269305460997, 25.280205996217202, 0.0 ], [ -101.091199757626995, 25.279999304309701, 0.0 ], [ -101.091301480813996, 25.2794042846343, 0.0 ], [ -101.091203388840995, 25.2793904215957, 0.0 ], [ -101.091308722728996, 25.2787742795886, 0.0 ], [ -101.091406814207005, 25.278788142589001, 0.0 ], [ -101.091790598119303, 25.276543146419588, 0.0 ], [ -101.091790586285001, 25.2765432468074, 0.0 ], [ -101.092156201265993, 25.274404501314098, 0.0 ], [ -101.092156831316331, 25.274400815545082, 0.0 ] ] ] ] } },
{ "type": "Feature", "properties": { "CLAVE": "SNL-RAM-028-GS, SNL-RAM-030-GS, SNL-RAM-031-GS, SNL-RAM-032-GS, SNL-RAM-033-GS, SNL-RAM-034-GS, SNL-RAM-035-GS, OTRAS.", "PROPIETARIO": "Desconocido", "SEGMENTO": "13", "TIPO DE PROPIEDAD": null, "ESTRUCTURA": null, "ESTADO": null, "MUNICIPIO": null, "EJIDO": null, "KM INICIO": null, "KM FIN": null, "KM LINEALES": null, "KM EFECTIVOS": null, "M2": null, "IDENTIFICACIÓN O ACERCAMIENTO": null, "ANUENCIA ": null, "LEVANTAMIENTO": null, "NEGOCIACIÓN O ASAMBLEA": null, "C.O.P": "NO", "OBSERVACIONES": null, "fid": 491, "PROYECTO": "TSN", "ESTATUS": "NO LIBERADO", "NUEVO": null }, "geometry": { "type": "MultiPolygon", "coordinates": [ [ [ [ -100.9321915, 25.5941493, 0.0 ], [ -100.9228782, 25.604525699999989, 0.0 ], [ -100.9127642, 25.612097699999982, 0.0 ], [ -100.9077153, 25.61266070000001, 0.0 ], [ -100.9059793, 25.611488700000027, 0.0 ], [ -100.9030689, 25.609403400000012, 0.0 ], [ -100.904056, 25.608552, 0.0 ], [ -100.913626, 25.60684920000001, 0.0 ], [ -100.916158, 25.605301200000021, 0.0 ], [ -100.9297454, 25.5897175, 0.0 ], [ -100.9321915, 25.5941493, 0.0 ] ] ] ] } },
{ "type": "Feature", "properties": { "CLAVE": "SNL-RAM-D017", "PROPIETARIO": "Desconocido", "SEGMENTO": "13", "TIPO DE PROPIEDAD": null, "ESTRUCTURA": null, "ESTADO": null, "MUNICIPIO": null, "EJIDO": null, "KM INICIO": null, "KM FIN": null, "KM LINEALES": null, "KM EFECTIVOS": null, "M2": null, "IDENTIFICACIÓN O ACERCAMIENTO": null, "ANUENCIA ": null, "LEVANTAMIENTO": null, "NEGOCIACIÓN O ASAMBLEA": null, "C.O.P": "NO", "OBSERVACIONES": null, "fid": 529, "PROYECTO": "TSN", "ESTATUS": "NO LIBERADO", "NUEVO": null }, "geometry": { "type": "MultiPolygon", "coordinates": [ [ [ [ -100.884793, 25.607529, 0.0 ], [ -100.878756, 25.617379, 0.0 ], [ -100.8622384, 25.617103800000013, 0.0 ], [ -100.8624101, 25.615014099999982, 0.0 ], [ -100.8582296, 25.61581659999997, 0.0 ], [ -100.8584618, 25.6138919, 0.0 ], [ -100.8630109, 25.6131179, 0.0 ], [ -100.8648992, 25.6114152, 0.0 ], [ -100.860436, 25.611531299999989, 0.0 ], [ -100.8591056, 25.609789799999987, 0.0 ], [ -100.8621526, 25.6080097, 0.0 ], [ -100.8700919, 25.6025528, 0.0 ], [ -100.871036, 25.6083193, 0.0 ], [ -100.8757567, 25.607584, 0.0 ], [ -100.880592, 25.607433, 0.0 ], [ -100.884793, 25.607529, 0.0 ] ] ] ] } },
{ "type": "Feature", "properties": { "CLAVE": "SNL-RAM-015", "PROPIETARIO": "FRANCISCO JAVIER FLORES CAMERO", "SEGMENTO": "13", "TIPO DE PROPIEDAD": "Privada", "ESTRUCTURA": "DDV Troncal", "ESTADO": "Coahuila", "MUNICIPIO": "Ramos Arizpe", "EJIDO": "N/A", "KM INICIO": 38.5076, "KM FIN": 39.84889, "KM LINEALES": 1.34129, "KM EFECTIVOS": 1.34129, "M2": 8492.17, "IDENTIFICACIÓN O ACERCAMIENTO": true, "ANUENCIA ": true, "LEVANTAMIENTO": "CONCLUIDO", "NEGOCIACIÓN O ASAMBLEA": true, "C.O.P": "C.O.P", "OBSERVACIONES": "Firmado COP/AOT", "fid": 1, "PROYECTO": "TSN", "ESTATUS": "LIBERADO", "NUEVO": null }, "geometry": { "type": "MultiPolygon", "coordinates": [ [ [ [ -100.933931003386405, 25.579948135582917, 0.0 ], [ -100.934602252597699, 25.578859584902961, 0.0 ], [ -100.940212638342004, 25.581782381911662, 0.0 ], [ -100.939968652466206, 25.584400525878895, 0.0 ], [ -100.938038238824703, 25.583769784777598, 0.0 ], [ -100.937071822089493, 25.583559255887636, 0.0 ], [ -100.9333617312613, 25.581334965947235, 0.0 ], [ -100.933470846137297, 25.580948961228522, 0.0 ], [ -100.933646949108805, 25.580511601302717, 0.0 ], [ -100.933931003386405, 25.579948135582917, 0.0 ] ] ] ] } },
{ "type": "Feature", "properties": { "CLAVE": "SNL-SAL-004-8-GS, SNL-SAL-004-9-GS, SNL-SAL-004-10-GS", "PROPIETARIO": "Desconocido", "SEGMENTO": "13", "TIPO DE PROPIEDAD": null, "ESTRUCTURA": null, "ESTADO": null, "MUNICIPIO": null, "EJIDO": null, "KM INICIO": null, "KM FIN": null, "KM LINEALES": null, "KM EFECTIVOS": null, "M2": null, "IDENTIFICACIÓN O ACERCAMIENTO": null, "ANUENCIA ": null, "LEVANTAMIENTO": null, "NEGOCIACIÓN O ASAMBLEA": null, "C.O.P": "NO", "OBSERVACIONES": null, "fid": 5, "PROYECTO": "TSN", "ESTATUS": "NO LIBERADO", "NUEVO": null }, "geometry": { "type": "MultiPolygon", "coordinates": [ [ [ [ -101.0399452, 25.3742998, 0.0 ], [ -101.0403596, 25.3779095, 0.0 ], [ -101.0394278, 25.378004199999975, 0.0 ], [ -101.0383632, 25.378005600000023, 0.0 ], [ -101.0384003, 25.377821, 0.0 ], [ -101.0384856, 25.377262100000024, 0.0 ], [ -101.0386161, 25.376155, 0.0 ], [ -101.0385518, 25.3756867, 0.0 ], [ -101.0384499, 25.3752317, 0.0 ], [ -101.038124, 25.3743507, 0.0 ], [ -101.0399452, 25.3742998, 0.0 ] ] ] ] } },
{ "type": "Feature", "properties": { "CLAVE": "SNL-SAL-004-10-GS", "PROPIETARIO": "Desconocido", "SEGMENTO": "13", "TIPO DE PROPIEDAD": null, "ESTRUCTURA": null, "ESTADO": null, "MUNICIPIO": null, "EJIDO": null, "KM INICIO": null, "KM FIN": null, "KM LINEALES": null, "KM EFECTIVOS": null, "M2": null, "IDENTIFICACIÓN O ACERCAMIENTO": null, "ANUENCIA ": null, "LEVANTAMIENTO": null, "NEGOCIACIÓN O ASAMBLEA": null, "C.O.P": "NO", "OBSERVACIONES": null, "fid": 6, "PROYECTO": "TSN", "ESTATUS": "NO LIBERADO", "NUEVO": null }, "geometry": { "type": "MultiPolygon", "coordinates": [ [ [ [ -101.0403596, 25.3779095, 0.0 ], [ -101.0404965, 25.378796900000019, 0.0 ], [ -101.0382726, 25.3787435, 0.0 ], [ -101.038288900000012, 25.3786166, 0.0 ], [ -101.0383266, 25.3784121, 0.0 ], [ -101.0383449, 25.3782064, 0.0 ], [ -101.0383632, 25.378005600000023, 0.0 ], [ -101.0394573, 25.37800420000001, 0.0 ], [ -101.0403596, 25.3779095, 0.0 ] ] ] ] } },
{ "type": "Feature", "properties": { "CLAVE": "SNL-SAL-004-3, SNL-SAL-004-4", "PROPIETARIO": "Desconocido", "SEGMENTO": "13", "TIPO DE PROPIEDAD": null, "ESTRUCTURA": null, "ESTADO": null, "MUNICIPIO": null, "EJIDO": null, "KM INICIO": null, "KM FIN": null, "KM LINEALES": null, "KM EFECTIVOS": null, "M2": null, "IDENTIFICACIÓN O ACERCAMIENTO": null, "ANUENCIA ": null, "LEVANTAMIENTO": null, "NEGOCIACIÓN O ASAMBLEA": null, "C.O.P": "NO", "OBSERVACIONES": null, "fid": 7, "PROYECTO": "TSN", "ESTATUS": "NO LIBERADO", "NUEVO": null }, "geometry": { "type": "MultiPolygon", "coordinates": [ [ [ [ -101.0489904, 25.35257150000001, 0.0 ], [ -101.048446, 25.353059, 0.0 ], [ -101.04799, 25.353637, 0.0 ], [ -101.047429, 25.354344, 0.0 ], [ -101.046753, 25.355203, 0.0 ], [ -101.046094, 25.356036, 0.0 ], [ -101.045432, 25.356866, 0.0 ], [ -101.044757, 25.357736, 0.0 ], [ -101.044337, 25.358348, 0.0 ], [ -101.043993, 25.358931, 0.0 ], [ -101.043721, 25.35948, 0.0 ], [ -101.043377, 25.360326, 0.0 ], [ -101.043142, 25.361021, 0.0 ], [ -101.0425973, 25.362731, 0.0 ], [ -101.041248, 25.362196, 0.0 ], [ -101.041405, 25.36169, 0.0 ], [ -101.040965, 25.36154, 0.0 ], [ -101.041232, 25.361024, 0.0 ], [ -101.041703, 25.36024, 0.0 ], [ -101.042344, 25.35918, 0.0 ], [ -101.042874, 25.358289, 0.0 ], [ -101.043446, 25.357399, 0.0 ], [ -101.04405, 25.356432, 0.0 ], [ -101.044376, 25.355885, 0.0 ], [ -101.044894, 25.355016, 0.0 ], [ -101.045321, 25.354388, 0.0 ], [ -101.045617, 25.353889, 0.0 ], [ -101.045923, 25.353258, 0.0 ], [ -101.046039, 25.352924, 0.0 ], [ -101.04622, 25.352219, 0.0 ], [ -101.046257, 25.351912, 0.0 ], [ -101.046248, 25.351082, 0.0 ], [ -101.0476587, 25.3518202, 0.0 ], [ -101.0489904, 25.35257150000001, 0.0 ] ] ] ] } },
{ "type": "Feature", "properties": { "CLAVE": "SNL-SAL-004-12-GS", "PROPIETARIO": "Desconocido", "SEGMENTO": "13", "TIPO DE PROPIEDAD": null, "ESTRUCTURA": null, "ESTADO": null, "MUNICIPIO": null, "EJIDO": null, "KM INICIO": null, "KM FIN": null, "KM LINEALES": null, "KM EFECTIVOS": null, "M2": null, "IDENTIFICACIÓN O ACERCAMIENTO": null, "ANUENCIA ": null, "LEVANTAMIENTO": null, "NEGOCIACIÓN O ASAMBLEA": null, "C.O.P": "NO", "OBSERVACIONES": null, "fid": 8, "PROYECTO": "TSN", "ESTATUS": "NO LIBERADO", "NUEVO": null }, "geometry": { "type": "MultiPolygon", "coordinates": [ [ [ [ -101.037572, 25.382956, 0.0 ], [ -101.038083, 25.383103, 0.0 ], [ -101.037878, 25.383521, 0.0 ], [ -101.037507, 25.383427, 0.0 ], [ -101.037437, 25.383399, 0.0 ], [ -101.037572, 25.382956, 0.0 ] ] ] ] } },
{ "type": "Feature", "properties": { "CLAVE": "", "PROPIETARIO": "Desconocido", "SEGMENTO": "13", "TIPO DE PROPIEDAD": null, "ESTRUCTURA": null, "ESTADO": null, "MUNICIPIO": null, "EJIDO": null, "KM INICIO": null, "KM FIN": null, "KM LINEALES": null, "KM EFECTIVOS": null, "M2": null, "IDENTIFICACIÓN O ACERCAMIENTO": null, "ANUENCIA ": null, "LEVANTAMIENTO": null, "NEGOCIACIÓN O ASAMBLEA": null, "C.O.P": "NO", "OBSERVACIONES": null, "fid": 13, "PROYECTO": "TSN", "ESTATUS": "NO LIBERADO", "NUEVO": null }, "geometry": { "type": "MultiPolygon", "coordinates": [ [ [ [ -101.04847, 25.345007, 0.0 ], [ -101.047875, 25.346825, 0.0 ], [ -101.04703, 25.346952, 0.0 ], [ -101.046245, 25.346642, 0.0 ], [ -101.04629, 25.345085, 0.0 ], [ -101.047017, 25.34505, 0.0 ], [ -101.04768, 25.344991, 0.0 ], [ -101.04803, 25.344997, 0.0 ], [ -101.04847, 25.345007, 0.0 ] ] ] ] } },
{ "type": "Feature", "properties": { "CLAVE": "N/D", "PROPIETARIO": "Desconocido", "SEGMENTO": "13", "TIPO DE PROPIEDAD": null, "ESTRUCTURA": null, "ESTADO": null, "MUNICIPIO": null, "EJIDO": null, "KM INICIO": null, "KM FIN": null, "KM LINEALES": null, "KM EFECTIVOS": null, "M2": null, "IDENTIFICACIÓN O ACERCAMIENTO": null, "ANUENCIA ": null, "LEVANTAMIENTO": null, "NEGOCIACIÓN O ASAMBLEA": null, "C.O.P": "NO", "OBSERVACIONES": null, "fid": 14, "PROYECTO": "TSN", "ESTATUS": "NO LIBERADO", "NUEVO": null }, "geometry": { "type": "MultiPolygon", "coordinates": [ [ [ [ -101.046573, 25.343997, 0.0 ], [ -101.046242, 25.344099, 0.0 ], [ -101.046248, 25.343937, 0.0 ], [ -101.046573, 25.343997, 0.0 ] ] ] ] } },
{ "type": "Feature", "properties": { "CLAVE": "N/D", "PROPIETARIO": "Desconocido", "SEGMENTO": "13", "TIPO DE PROPIEDAD": null, "ESTRUCTURA": null, "ESTADO": null, "MUNICIPIO": null, "EJIDO": null, "KM INICIO": null, "KM FIN": null, "KM LINEALES": null, "KM EFECTIVOS": null, "M2": null, "IDENTIFICACIÓN O ACERCAMIENTO": null, "ANUENCIA ": null, "LEVANTAMIENTO": null, "NEGOCIACIÓN O ASAMBLEA": null, "C.O.P": "NO", "OBSERVACIONES": null, "fid": 15, "PROYECTO": "TSN", "ESTATUS": "NO LIBERADO", "NUEVO": null }, "geometry": { "type": "MultiPolygon", "coordinates": [ [ [ [ -101.046348, 25.343631, 0.0 ], [ -101.046636, 25.343779, 0.0 ], [ -101.046573, 25.343997, 0.0 ], [ -101.046248, 25.343937, 0.0 ], [ -101.046348, 25.343631, 0.0 ] ] ] ] } },
{ "type": "Feature", "properties": { "CLAVE": "N/D", "PROPIETARIO": "Desconocido", "SEGMENTO": "13", "TIPO DE PROPIEDAD": null, "ESTRUCTURA": null, "ESTADO": null, "MUNICIPIO": null, "EJIDO": null, "KM INICIO": null, "KM FIN": null, "KM LINEALES": null, "KM EFECTIVOS": null, "M2": null, "IDENTIFICACIÓN O ACERCAMIENTO": null, "ANUENCIA ": null, "LEVANTAMIENTO": null, "NEGOCIACIÓN O ASAMBLEA": null, "C.O.P": "NO", "OBSERVACIONES": null, "fid": 16, "PROYECTO": "TSN", "ESTATUS": "NO LIBERADO", "NUEVO": null }, "geometry": { "type": "MultiPolygon", "coordinates": [ [ [ [ -101.04646, 25.343436, 0.0 ], [ -101.046606, 25.343584, 0.0 ], [ -101.046636, 25.343779, 0.0 ], [ -101.046348, 25.343631, 0.0 ], [ -101.04646, 25.343436, 0.0 ] ] ] ] } },
{ "type": "Feature", "properties": { "CLAVE": "SNL-SAL-002-MZ21", "PROPIETARIO": "Desconocido", "SEGMENTO": "13", "TIPO DE PROPIEDAD": null, "ESTRUCTURA": null, "ESTADO": null, "MUNICIPIO": null, "EJIDO": null, "KM INICIO": null, "KM FIN": null, "KM LINEALES": null, "KM EFECTIVOS": null, "M2": null, "IDENTIFICACIÓN O ACERCAMIENTO": null, "ANUENCIA ": null, "LEVANTAMIENTO": null, "NEGOCIACIÓN O ASAMBLEA": null, "C.O.P": "NO", "OBSERVACIONES": null, "fid": 17, "PROYECTO": "TSN", "ESTATUS": "NO LIBERADO", "NUEVO": null }, "geometry": { "type": "MultiPolygon", "coordinates": [ [ [ [ -101.046665, 25.343213, 0.0 ], [ -101.047031, 25.343458, 0.0 ], [ -101.04692, 25.343759, 0.0 ], [ -101.046536, 25.343402, 0.0 ], [ -101.046665, 25.343213, 0.0 ] ] ] ] } },
{ "type": "Feature", "properties": { "CLAVE": "SNL-SAL-002-MZ21", "PROPIETARIO": "Desconocido", "SEGMENTO": "13", "TIPO DE PROPIEDAD": null, "ESTRUCTURA": null, "ESTADO": null, "MUNICIPIO": null, "EJIDO": null, "KM INICIO": null, "KM FIN": null, "KM LINEALES": null, "KM EFECTIVOS": null, "M2": null, "IDENTIFICACIÓN O ACERCAMIENTO": null, "ANUENCIA ": null, "LEVANTAMIENTO": null, "NEGOCIACIÓN O ASAMBLEA": null, "C.O.P": "NO", "OBSERVACIONES": null, "fid": 18, "PROYECTO": "TSN", "ESTATUS": "NO LIBERADO", "NUEVO": null }, "geometry": { "type": "MultiPolygon", "coordinates": [ [ [ [ -101.046812, 25.343011, 0.0 ], [ -101.047031, 25.343458, 0.0 ], [ -101.046665, 25.343213, 0.0 ], [ -101.046812, 25.343011, 0.0 ] ] ] ] } },
{ "type": "Feature", "properties": { "CLAVE": "SNL-SAL-001-MZ23", "PROPIETARIO": "Desconocido", "SEGMENTO": "13", "TIPO DE PROPIEDAD": null, "ESTRUCTURA": null, "ESTADO": null, "MUNICIPIO": null, "EJIDO": null, "KM INICIO": null, "KM FIN": null, "KM LINEALES": null, "KM EFECTIVOS": null, "M2": null, "IDENTIFICACIÓN O ACERCAMIENTO": null, "ANUENCIA ": null, "LEVANTAMIENTO": null, "NEGOCIACIÓN O ASAMBLEA": null, "C.O.P": "NO", "OBSERVACIONES": null, "fid": 19, "PROYECTO": "TSN", "ESTATUS": "NO LIBERADO", "NUEVO": null }, "geometry": { "type": "MultiPolygon", "coordinates": [ [ [ [ -101.047144, 25.342967, 0.0 ], [ -101.047072, 25.343125, 0.0 ], [ -101.046812, 25.343011, 0.0 ], [ -101.046901, 25.342854, 0.0 ], [ -101.047144, 25.342967, 0.0 ] ] ] ] } },
{ "type": "Feature", "properties": { "CLAVE": "SNL-SAL-002-MZ23", "PROPIETARIO": "Desconocido", "SEGMENTO": "13", "TIPO DE PROPIEDAD": null, "ESTRUCTURA": null, "ESTADO": null, "MUNICIPIO": null, "EJIDO": null, "KM INICIO": null, "KM FIN": null, "KM LINEALES": null, "KM EFECTIVOS": null, "M2": null, "IDENTIFICACIÓN O ACERCAMIENTO": null, "ANUENCIA ": null, "LEVANTAMIENTO": null, "NEGOCIACIÓN O ASAMBLEA": null, "C.O.P": "NO", "OBSERVACIONES": null, "fid": 20, "PROYECTO": "TSN", "ESTATUS": "NO LIBERADO", "NUEVO": null }, "geometry": { "type": "MultiPolygon", "coordinates": [ [ [ [ -101.047215, 25.342824, 0.0 ], [ -101.047144, 25.342967, 0.0 ], [ -101.046901, 25.342854, 0.0 ], [ -101.046987, 25.342689, 0.0 ], [ -101.047215, 25.342824, 0.0 ] ] ] ] } },
{ "type": "Feature", "properties": { "CLAVE": "SNL-SAL-003-MZ23", "PROPIETARIO": "Desconocido", "SEGMENTO": "13", "TIPO DE PROPIEDAD": null, "ESTRUCTURA": null, "ESTADO": null, "MUNICIPIO": null, "EJIDO": null, "KM INICIO": null, "KM FIN": null, "KM LINEALES": null, "KM EFECTIVOS": null, "M2": null, "IDENTIFICACIÓN O ACERCAMIENTO": null, "ANUENCIA ": null, "LEVANTAMIENTO": null, "NEGOCIACIÓN O ASAMBLEA": null, "C.O.P": "NO", "OBSERVACIONES": null, "fid": 21, "PROYECTO": "TSN", "ESTATUS": "NO LIBERADO", "NUEVO": null }, "geometry": { "type": "MultiPolygon", "coordinates": [ [ [ [ -101.047279, 25.342582, 0.0 ], [ -101.047215, 25.342824, 0.0 ], [ -101.046987, 25.342689, 0.0 ], [ -101.047061, 25.342509, 0.0 ], [ -101.047279, 25.342582, 0.0 ] ] ] ] } },
{ "type": "Feature", "properties": { "CLAVE": "SNL-SAL-001-MZ26", "PROPIETARIO": "Desconocido", "SEGMENTO": "13", "TIPO DE PROPIEDAD": null, "ESTRUCTURA": null, "ESTADO": null, "MUNICIPIO": null, "EJIDO": null, "KM INICIO": null, "KM FIN": null, "KM LINEALES": null, "KM EFECTIVOS": null, "M2": null, "IDENTIFICACIÓN O ACERCAMIENTO": null, "ANUENCIA ": null, "LEVANTAMIENTO": null, "NEGOCIACIÓN O ASAMBLEA": null, "C.O.P": "NO", "OBSERVACIONES": null, "fid": 22, "PROYECTO": "TSN", "ESTATUS": "NO LIBERADO", "NUEVO": null }, "geometry": { "type": "MultiPolygon", "coordinates": [ [ [ [ -101.047357, 25.342174, 0.0 ], [ -101.047318, 25.342386, 0.0 ], [ -101.047126, 25.342349, 0.0 ], [ -101.047173, 25.342184, 0.0 ], [ -101.047357, 25.342174, 0.0 ] ] ] ] } },
{ "type": "Feature", "properties": { "CLAVE": "SNL-SAL-002-MZ26", "PROPIETARIO": "Desconocido", "SEGMENTO": "13", "TIPO DE PROPIEDAD": null, "ESTRUCTURA": null, "ESTADO": null, "MUNICIPIO": null, "EJIDO": null, "KM INICIO": null, "KM FIN": null, "KM LINEALES": null, "KM EFECTIVOS": null, "M2": null, "IDENTIFICACIÓN O ACERCAMIENTO": null, "ANUENCIA ": null, "LEVANTAMIENTO": null, "NEGOCIACIÓN O ASAMBLEA": null, "C.O.P": "NO", "OBSERVACIONES": null, "fid": 23, "PROYECTO": "TSN", "ESTATUS": "NO LIBERADO", "NUEVO": null }, "geometry": { "type": "MultiPolygon", "coordinates": [ [ [ [ -101.047426, 25.34196, 0.0 ], [ -101.047357, 25.342174, 0.0 ], [ -101.047173, 25.342184, 0.0 ], [ -101.047207, 25.341949, 0.0 ], [ -101.047426, 25.34196, 0.0 ] ] ] ] } },
{ "type": "Feature", "properties": { "CLAVE": "SNL-SAL-003-MZ26", "PROPIETARIO": "Desconocido", "SEGMENTO": "13", "TIPO DE PROPIEDAD": null, "ESTRUCTURA": null, "ESTADO": null, "MUNICIPIO": null, "EJIDO": null, "KM INICIO": null, "KM FIN": null, "KM LINEALES": null, "KM EFECTIVOS": null, "M2": null, "IDENTIFICACIÓN O ACERCAMIENTO": null, "ANUENCIA ": null, "LEVANTAMIENTO": null, "NEGOCIACIÓN O ASAMBLEA": null, "C.O.P": "NO", "OBSERVACIONES": null, "fid": 24, "PROYECTO": "TSN", "ESTATUS": "NO LIBERADO", "NUEVO": null }, "geometry": { "type": "MultiPolygon", "coordinates": [ [ [ [ -101.047478, 25.341828, 0.0 ], [ -101.047426, 25.34196, 0.0 ], [ -101.047207, 25.341949, 0.0 ], [ -101.047208, 25.341802, 0.0 ], [ -101.047478, 25.341828, 0.0 ] ] ] ] } },
{ "type": "Feature", "properties": { "CLAVE": "SNL-SAL-004-MZ26", "PROPIETARIO": "Desconocido", "SEGMENTO": "13", "TIPO DE PROPIEDAD": null, "ESTRUCTURA": null, "ESTADO": null, "MUNICIPIO": null, "EJIDO": null, "KM INICIO": null, "KM FIN": null, "KM LINEALES": null, "KM EFECTIVOS": null, "M2": null, "IDENTIFICACIÓN O ACERCAMIENTO": null, "ANUENCIA ": null, "LEVANTAMIENTO": null, "NEGOCIACIÓN O ASAMBLEA": null, "C.O.P": "NO", "OBSERVACIONES": null, "fid": 25, "PROYECTO": "TSN", "ESTATUS": "NO LIBERADO", "NUEVO": null }, "geometry": { "type": "MultiPolygon", "coordinates": [ [ [ [ -101.047478, 25.341828, 0.0 ], [ -101.047208, 25.341802, 0.0 ], [ -101.04723, 25.341625, 0.0 ], [ -101.047502, 25.341718, 0.0 ], [ -101.047478, 25.341828, 0.0 ] ] ] ] } },
{ "type": "Feature", "properties": { "CLAVE": "SNL-SAL-004-5-GS, SNL-SAL-004-6-GS, SNL-SAL-004-7-GS", "PROPIETARIO": "Desconocido", "SEGMENTO": "13", "TIPO DE PROPIEDAD": null, "ESTRUCTURA": null, "ESTADO": null, "MUNICIPIO": null, "EJIDO": null, "KM INICIO": null, "KM FIN": null, "KM LINEALES": null, "KM EFECTIVOS": null, "M2": null, "IDENTIFICACIÓN O ACERCAMIENTO": null, "ANUENCIA ": null, "LEVANTAMIENTO": null, "NEGOCIACIÓN O ASAMBLEA": null, "C.O.P": "NO", "OBSERVACIONES": null, "fid": 34, "PROYECTO": "TSN", "ESTATUS": "NO LIBERADO", "NUEVO": null }, "geometry": { "type": "MultiPolygon", "coordinates": [ [ [ [ -101.0407643, 25.362005, 0.0 ], [ -101.0425973, 25.362731, 0.0 ], [ -101.0420853, 25.364284, 0.0 ], [ -101.0416783, 25.365543, 0.0 ], [ -101.04097130000001, 25.367719, 0.0 ], [ -101.0406183, 25.368817, 0.0 ], [ -101.0404511, 25.369638300000016, 0.0 ], [ -101.0376615, 25.369082599999974, 0.0 ], [ -101.0377513, 25.368969, 0.0 ], [ -101.0380063, 25.368529, 0.0 ], [ -101.0384403, 25.367774, 0.0 ], [ -101.0386263, 25.367437, 0.0 ], [ -101.0389103, 25.366834, 0.0 ], [ -101.0393213, 25.365799, 0.0 ], [ -101.0398523, 25.364372, 0.0 ], [ -101.0401523, 25.363551, 0.0 ], [ -101.0405323, 25.362591, 0.0 ], [ -101.0407643, 25.362005, 0.0 ] ] ] ] } },
{ "type": "Feature", "properties": { "CLAVE": "SNL-SAL-004-12-GS", "PROPIETARIO": "Desconocido", "SEGMENTO": "13", "TIPO DE PROPIEDAD": null, "ESTRUCTURA": null, "ESTADO": null, "MUNICIPIO": null, "EJIDO": null, "KM INICIO": null, "KM FIN": null, "KM LINEALES": null, "KM EFECTIVOS": null, "M2": null, "IDENTIFICACIÓN O ACERCAMIENTO": null, "ANUENCIA ": null, "LEVANTAMIENTO": null, "NEGOCIACIÓN O ASAMBLEA": null, "C.O.P": "NO", "OBSERVACIONES": null, "fid": 35, "PROYECTO": "TSN", "ESTATUS": "NO LIBERADO", "NUEVO": null }, "geometry": { "type": "MultiPolygon", "coordinates": [ [ [ [ -101.037878, 25.383521, 0.0 ], [ -101.037557, 25.384887, 0.0 ], [ -101.0373214, 25.384857199999988, 0.0 ], [ -101.0369696, 25.384812499999978, 0.0 ], [ -101.037437, 25.383399, 0.0 ], [ -101.037878, 25.383521, 0.0 ] ] ] ] } },
{ "type": "Feature", "properties": { "CLAVE": "SNL-SAL-004-12-GS", "PROPIETARIO": "Desconocido", "SEGMENTO": "13", "TIPO DE PROPIEDAD": null, "ESTRUCTURA": null, "ESTADO": null, "MUNICIPIO": null, "EJIDO": null, "KM INICIO": null, "KM FIN": null, "KM LINEALES": null, "KM EFECTIVOS": null, "M2": null, "IDENTIFICACIÓN O ACERCAMIENTO": null, "ANUENCIA ": null, "LEVANTAMIENTO": null, "NEGOCIACIÓN O ASAMBLEA": null, "C.O.P": "NO", "OBSERVACIONES": null, "fid": 36, "PROYECTO": "TSN", "ESTATUS": "NO LIBERADO", "NUEVO": null }, "geometry": { "type": "MultiPolygon", "coordinates": [ [ [ [ -101.0377675, 25.3858276, 0.0 ], [ -101.03688240000001, 25.385779199999977, 0.0 ], [ -101.0368502, 25.385449599999962, 0.0 ], [ -101.0368877, 25.3851055, 0.0 ], [ -101.0369696, 25.384812499999978, 0.0 ], [ -101.0376816, 25.3848874, 0.0 ], [ -101.0376977, 25.385391500000022, 0.0 ], [ -101.0377192, 25.385619200000022, 0.0 ], [ -101.0378104, 25.3857695, 0.0 ], [ -101.0377675, 25.3858276, 0.0 ] ] ] ] } },
{ "type": "Feature", "properties": { "CLAVE": "SNL-SAL-003, SNL-SAL-004, SNL-SAL-004-1-GS", "PROPIETARIO": "Desconocido", "SEGMENTO": "13", "TIPO DE PROPIEDAD": null, "ESTRUCTURA": null, "ESTADO": null, "MUNICIPIO": null, "EJIDO": null, "KM INICIO": null, "KM FIN": null, "KM LINEALES": null, "KM EFECTIVOS": null, "M2": null, "IDENTIFICACIÓN O ACERCAMIENTO": null, "ANUENCIA ": null, "LEVANTAMIENTO": null, "NEGOCIACIÓN O ASAMBLEA": null, "C.O.P": "NO", "OBSERVACIONES": null, "fid": 38, "PROYECTO": "TSN", "ESTATUS": "NO LIBERADO", "NUEVO": null }, "geometry": { "type": "MultiPolygon", "coordinates": [ [ [ [ -101.059144800000013, 25.3319918, 0.0 ], [ -101.0565966, 25.330916100000021, 0.0 ], [ -101.0533749, 25.329417500000016, 0.0 ], [ -101.0554603, 25.326828900000013, 0.0 ], [ -101.0576314, 25.324085200000031, 0.0 ], [ -101.0618016, 25.3185975, 0.0 ], [ -101.0712996, 25.3084365, 0.0 ], [ -101.0728969, 25.309237, 0.0 ], [ -101.0676947, 25.3149154, 0.0 ], [ -101.066536, 25.3168939, 0.0 ], [ -101.0652915, 25.319842200000043, 0.0 ], [ -101.0633174, 25.3257386, 0.0 ], [ -101.0623732, 25.32826, 0.0 ], [ -101.0622874, 25.330044300000036, 0.0 ], [ -101.061236, 25.330694, 0.0 ], [ -101.0602275, 25.331305, 0.0 ], [ -101.059144800000013, 25.3319918, 0.0 ] ] ] ] } },
{ "type": "Feature", "properties": { "CLAVE": "SNL-SAL-002-1", "PROPIETARIO": "SILVIA MONICA RAMIREZ SANCHÉZ", "SEGMENTO": "13", "TIPO DE PROPIEDAD": "Privada", "ESTRUCTURA": "Viaducto", "ESTADO": "Coahuila", "MUNICIPIO": "Saltillo", "EJIDO": "N/A", "KM INICIO": 3.01866, "KM FIN": 3.53347, "KM LINEALES": 0.51481, "KM EFECTIVOS": 0.51481, "M2": 13105.119, "IDENTIFICACIÓN O ACERCAMIENTO": true, "ANUENCIA ": true, "LEVANTAMIENTO": "CONCLUIDO", "NEGOCIACIÓN O ASAMBLEA": true, "C.O.P": "C.O.P", "OBSERVACIONES": "Firmado COP/AOT", "fid": 39, "PROYECTO": "TSN", "ESTATUS": "LIBERADO", "NUEVO": null }, "geometry": { "type": "MultiPolygon", "coordinates": [ [ [ [ -101.088837100000021, 25.294977600000024, 0.0 ], [ -101.0877427, 25.2956372, 0.0 ], [ -101.0865625, 25.29592820000002, 0.0 ], [ -101.0851034, 25.2960834, 0.0 ], [ -101.0836228, 25.296335600000027, 0.0 ], [ -101.082507, 25.296626600000025, 0.0 ], [ -101.0833653, 25.2957924, 0.0 ], [ -101.08396620000002, 25.29507460000001, 0.0 ], [ -101.086026100000012, 25.2926689, 0.0 ], [ -101.088837100000021, 25.294977600000024, 0.0 ] ] ] ] } },
{ "type": "Feature", "properties": { "CLAVE": "SNL-SAL-004-8-GS", "PROPIETARIO": "Desconocido", "SEGMENTO": "13", "TIPO DE PROPIEDAD": "Privada", "ESTRUCTURA": "DDV Troncal", "ESTADO": "Coahuila", "MUNICIPIO": "Saltillo", "EJIDO": "N/A", "KM INICIO": 13.48, "KM FIN": 13.701, "KM LINEALES": 0.221, "KM EFECTIVOS": 0.221, "M2": null, "IDENTIFICACIÓN O ACERCAMIENTO": false, "ANUENCIA ": false, "LEVANTAMIENTO": "SIN LEVANTAMIENTO", "NEGOCIACIÓN O ASAMBLEA": false, "C.O.P": "NO", "OBSERVACIONES": "Sin información de propietario", "fid": 40, "PROYECTO": "TSN", "ESTATUS": "NO LIBERADO", "NUEVO": null }, "geometry": { "type": "MultiPolygon", "coordinates": [ [ [ [ -101.0398806, 25.3724148, 0.0 ], [ -101.037513, 25.372406099999971, 0.0 ], [ -101.0373166, 25.3718248, 0.0 ], [ -101.0371309, 25.371243400000019, 0.0 ], [ -101.0400523, 25.371296800000014, 0.0 ], [ -101.0398806, 25.3724148, 0.0 ] ] ] ] } },
{ "type": "Feature", "properties": { "CLAVE": "SNL-SAL-003", "PROPIETARIO": "ROBERTO CABELLO ELIZONDO", "SEGMENTO": "13", "TIPO DE PROPIEDAD": "Privada", "ESTRUCTURA": "DDV Troncal", "ESTADO": "Coahuila", "MUNICIPIO": "Saltillo", "EJIDO": "N/A", "KM INICIO": 3.716, "KM FIN": 5.26535, "KM LINEALES": 1.54935, "KM EFECTIVOS": 1.54935, "M2": null, "IDENTIFICACIÓN O ACERCAMIENTO": true, "ANUENCIA ": true, "LEVANTAMIENTO": "CONCLUIDO", "NEGOCIACIÓN O ASAMBLEA": false, "C.O.P": "NO", "OBSERVACIONES": "Levantamiento completo", "fid": 44, "PROYECTO": "TSN", "ESTATUS": "NO LIBERADO", "NUEVO": null }, "geometry": { "type": "MultiPolygon", "coordinates": [ [ [ [ -101.0855419, 25.2961763, 0.0 ], [ -101.083675, 25.298834, 0.0 ], [ -101.084941, 25.299532400000015, 0.0 ], [ -101.0860568, 25.299008600000018, 0.0 ], [ -101.082409, 25.3042076, 0.0 ], [ -101.0820657, 25.306477300000022, 0.0 ], [ -101.0785467, 25.311094, 0.0 ], [ -101.071208100000021, 25.307486, 0.0 ], [ -101.058591, 25.2930528, 0.0 ], [ -101.0651142, 25.2879309, 0.0 ], [ -101.0695773, 25.290259100000029, 0.0 ], [ -101.066702, 25.2931304, 0.0 ], [ -101.0765725, 25.303179499999981, 0.0 ], [ -101.0822803, 25.29712689999997, 0.0 ], [ -101.0855419, 25.2961763, 0.0 ] ] ] ] } },
{ "type": "Feature", "properties": { "CLAVE": "", "PROPIETARIO": "Desconocido", "SEGMENTO": "13", "TIPO DE PROPIEDAD": "Privada", "ESTRUCTURA": "DDV Troncal", "ESTADO": "Coahuila", "MUNICIPIO": "Saltillo", "EJIDO": "N/A", "KM INICIO": 13.48, "KM FIN": 13.701, "KM LINEALES": 0.221, "KM EFECTIVOS": 0.221, "M2": null, "IDENTIFICACIÓN O ACERCAMIENTO": false, "ANUENCIA ": false, "LEVANTAMIENTO": "SIN LEVANTAMIENTO", "NEGOCIACIÓN O ASAMBLEA": false, "C.O.P": "NO", "OBSERVACIONES": "Sin información de propietario", "fid": 42, "PROYECTO": "TSN", "ESTATUS": "NO LIBERADO", "NUEVO": null }, "geometry": { "type": "MultiPolygon", "coordinates": [ [ [ [ -101.0399452, 25.3742998, 0.0 ], [ -101.038134, 25.3743486, 0.0 ], [ -101.0375136, 25.3724318, 0.0 ], [ -101.0398752, 25.372419599999979, 0.0 ], [ -101.0398287, 25.3733597, 0.0 ], [ -101.0399452, 25.3742998, 0.0 ] ] ] ] } },
{ "type": "Feature", "properties": { "CLAVE": "|", "PROPIETARIO": "Desconocido", "SEGMENTO": "13", "TIPO DE PROPIEDAD": "Privada", "ESTRUCTURA": "DDV Troncal", "ESTADO": "Coahuila", "MUNICIPIO": "Saltillo", "EJIDO": "N/A", "KM INICIO": 13.48, "KM FIN": 13.701, "KM LINEALES": 0.221, "KM EFECTIVOS": 0.221, "M2": null, "IDENTIFICACIÓN O ACERCAMIENTO": false, "ANUENCIA ": false, "LEVANTAMIENTO": "SIN LEVANTAMIENTO", "NEGOCIACIÓN O ASAMBLEA": false, "C.O.P": "NO", "OBSERVACIONES": "Sin información de propietario", "fid": 43, "PROYECTO": "TSN", "ESTATUS": "NO LIBERADO", "NUEVO": null }, "geometry": { "type": "MultiPolygon", "coordinates": [ [ [ [ -101.0400523, 25.371296800000014, 0.0 ], [ -101.0371309, 25.371243400000019, 0.0 ], [ -101.0370306, 25.370751499999983, 0.0 ], [ -101.037069700000018, 25.370240200000023, 0.0 ], [ -101.0371125, 25.369945899999983, 0.0 ], [ -101.0372198, 25.369651499999975, 0.0 ], [ -101.0375629, 25.369058, 0.0 ], [ -101.0404914, 25.369633499999978, 0.0 ], [ -101.0401994, 25.3704676, 0.0 ], [ -101.0400523, 25.371296800000014, 0.0 ] ] ] ] } },
{ "type": "Feature", "properties": { "CLAVE": "SNL-SAL-004-11-GS, SNL-SAL-004-12-GS", "PROPIETARIO": "Desconocido", "SEGMENTO": "13", "TIPO DE PROPIEDAD": null, "ESTRUCTURA": null, "ESTADO": null, "MUNICIPIO": null, "EJIDO": null, "KM INICIO": null, "KM FIN": null, "KM LINEALES": null, "KM EFECTIVOS": null, "M2": null, "IDENTIFICACIÓN O ACERCAMIENTO": null, "ANUENCIA ": null, "LEVANTAMIENTO": null, "NEGOCIACIÓN O ASAMBLEA": null, "C.O.P": "NO", "OBSERVACIONES": null, "fid": 44, "PROYECTO": "TSN", "ESTATUS": "NO LIBERADO", "NUEVO": null }, "geometry": { "type": "MultiPolygon", "coordinates": [ [ [ [ -101.0380871, 25.383077400000023, 0.0 ], [ -101.0375975, 25.382926, 0.0 ], [ -101.0379585, 25.380829300000016, 0.0 ], [ -101.0382766, 25.378718100000039, 0.0 ], [ -101.0399847, 25.3787676, 0.0 ], [ -101.039754, 25.3812467, 0.0 ], [ -101.0380871, 25.383077400000023, 0.0 ] ] ] ] } },
{ "type": "Feature", "properties": { "CLAVE": "SNL-RAM-016-GS", "PROPIETARIO": "PLANTA TRATADORA MUNICIPAL", "SEGMENTO": "13", "TIPO DE PROPIEDAD": "Municipal", "ESTRUCTURA": "DDV Troncal", "ESTADO": "Coahuila", "MUNICIPIO": "Ramos Arizpe", "EJIDO": "N/A", "KM INICIO": 39.84889, "KM FIN": 39.93307, "KM LINEALES": 0.084180000000003474, "KM EFECTIVOS": 0.084180000000003474, "M2": 2453.007, "IDENTIFICACIÓN O ACERCAMIENTO": true, "ANUENCIA ": true, "LEVANTAMIENTO": "CONCLUIDO", "NEGOCIACIÓN O ASAMBLEA": true, "C.O.P": "C.O.P", "OBSERVACIONES": "Firmado COP/AOT", "fid": 45, "PROYECTO": "TSN", "ESTATUS": "LIBERADO", "NUEVO": null }, "geometry": { "type": "MultiPolygon", "coordinates": [ [ [ [ -100.9365486, 25.5833687, 0.0 ], [ -100.9363126, 25.5843271, 0.0 ], [ -100.9355327, 25.583835300000011, 0.0 ], [ -100.9346321, 25.583365300000015, 0.0 ], [ -100.9331689, 25.5824048, 0.0 ], [ -100.9331172, 25.5822059, 0.0 ], [ -100.9331621, 25.582007, 0.0 ], [ -100.933328, 25.581459, 0.0 ], [ -100.9365486, 25.5833687, 0.0 ] ] ] ] } },
{ "type": "Feature", "properties": { "CLAVE": "SNL-RAM-015", "PROPIETARIO": "FRANCISCO JAVIER FLORES CAMERO", "SEGMENTO": "13", "TIPO DE PROPIEDAD": "Privada", "ESTRUCTURA": "DDV Troncal", "ESTADO": "Coahuila", "MUNICIPIO": "Ramos Arizpe", "EJIDO": "N/A", "KM INICIO": 38.5076, "KM FIN": 39.84889, "KM LINEALES": 1.34129, "KM EFECTIVOS": 1.34129, "M2": 8492.17, "IDENTIFICACIÓN O ACERCAMIENTO": true, "ANUENCIA ": true, "LEVANTAMIENTO": "CONCLUIDO", "NEGOCIACIÓN O ASAMBLEA": true, "C.O.P": "C.O.P", "OBSERVACIONES": "Firmado COP/AOT", "fid": 46, "PROYECTO": "TSN", "ESTATUS": "LIBERADO", "NUEVO": null }, "geometry": { "type": "MultiPolygon", "coordinates": [ [ [ [ -100.9390951, 25.571350800000012, 0.0 ], [ -100.9423996, 25.573170300000015, 0.0 ], [ -100.9413291, 25.5749439, 0.0 ], [ -100.9405996, 25.577798800000014, 0.0 ], [ -100.9404708, 25.5797633, 0.0 ], [ -100.940248101167754, 25.581794204941964, 0.0 ], [ -100.939238091792674, 25.581274183851963, 0.0 ], [ -100.937410252416214, 25.580311175867212, 0.0 ], [ -100.936818767010465, 25.580010715790145, 0.0 ], [ -100.934598027581117, 25.578858945174158, 0.0 ], [ -100.9390951, 25.571350800000012, 0.0 ] ] ] ] } },
{ "type": "Feature", "properties": { "CLAVE": "N/D", "PROPIETARIO": "Desconocido", "SEGMENTO": "13", "TIPO DE PROPIEDAD": null, "ESTRUCTURA": null, "ESTADO": null, "MUNICIPIO": null, "EJIDO": null, "KM INICIO": null, "KM FIN": null, "KM LINEALES": null, "KM EFECTIVOS": null, "M2": null, "IDENTIFICACIÓN O ACERCAMIENTO": null, "ANUENCIA ": null, "LEVANTAMIENTO": null, "NEGOCIACIÓN O ASAMBLEA": null, "C.O.P": "NO", "OBSERVACIONES": null, "fid": 47, "PROYECTO": "TSN", "ESTATUS": "NO LIBERADO", "NUEVO": null }, "geometry": { "type": "MultiPolygon", "coordinates": [ [ [ [ -100.9425691, 25.5654544, 0.0 ], [ -100.9426951, 25.565277799999979, 0.0 ], [ -100.9428011, 25.565133800000023, 0.0 ], [ -100.9428909, 25.5650528, 0.0 ], [ -100.9441408, 25.566122200000013, 0.0 ], [ -100.9440657, 25.5665674, 0.0 ], [ -100.9425691, 25.5654544, 0.0 ] ] ] ] } },
{ "type": "Feature", "properties": { "CLAVE": "N/D", "PROPIETARIO": "Desconocido", "SEGMENTO": "13", "TIPO DE PROPIEDAD": null, "ESTRUCTURA": null, "ESTADO": null, "MUNICIPIO": null, "EJIDO": null, "KM INICIO": null, "KM FIN": null, "KM LINEALES": null, "KM EFECTIVOS": null, "M2": null, "IDENTIFICACIÓN O ACERCAMIENTO": null, "ANUENCIA ": null, "LEVANTAMIENTO": null, "NEGOCIACIÓN O ASAMBLEA": null, "C.O.P": "NO", "OBSERVACIONES": null, "fid": 48, "PROYECTO": "TSN", "ESTATUS": "NO LIBERADO", "NUEVO": null }, "geometry": { "type": "MultiPolygon", "coordinates": [ [ [ [ -100.9440657, 25.5665674, 0.0 ], [ -100.9436225, 25.569249300000024, 0.0 ], [ -100.9433864, 25.5703332, 0.0 ], [ -100.9429787, 25.5717849, 0.0 ], [ -100.942335, 25.5730818, 0.0 ], [ -100.9390305, 25.5712623, 0.0 ], [ -100.9425691, 25.5654544, 0.0 ], [ -100.9440657, 25.5665674, 0.0 ] ] ] ] } },
{ "type": "Feature", "properties": { "CLAVE": "N/D", "PROPIETARIO": "Desconocido", "SEGMENTO": "13", "TIPO DE PROPIEDAD": null, "ESTRUCTURA": null, "ESTADO": null, "MUNICIPIO": null, "EJIDO": null, "KM INICIO": null, "KM FIN": null, "KM LINEALES": null, "KM EFECTIVOS": null, "M2": null, "IDENTIFICACIÓN O ACERCAMIENTO": null, "ANUENCIA ": null, "LEVANTAMIENTO": null, "NEGOCIACIÓN O ASAMBLEA": null, "C.O.P": "NO", "OBSERVACIONES": null, "fid": 49, "PROYECTO": "TSN", "ESTATUS": "NO LIBERADO", "NUEVO": null }, "geometry": { "type": "MultiPolygon", "coordinates": [ [ [ [ -100.9423276, 25.5653573, 0.0 ], [ -100.9387871, 25.57121260000001, 0.0 ], [ -100.935268, 25.5692673, 0.0 ], [ -100.9353216, 25.568793099999986, 0.0 ], [ -100.935665, 25.568425300000015, 0.0 ], [ -100.9365447, 25.567467199999989, 0.0 ], [ -100.9374781, 25.566528400000042, 0.0 ], [ -100.9377464, 25.566944500000016, 0.0 ], [ -100.9381648, 25.5667316, 0.0 ], [ -100.9388085, 25.56648, 0.0 ], [ -100.9398385, 25.5663542, 0.0 ], [ -100.9405359, 25.566296099999967, 0.0 ], [ -100.9410079, 25.566199300000047, 0.0 ], [ -100.9414371, 25.5660348, 0.0 ], [ -100.9419199, 25.5654347, 0.0 ], [ -100.9422525, 25.565183100000024, 0.0 ], [ -100.9423276, 25.5653573, 0.0 ] ] ] ] } },
{ "type": "Feature", "properties": { "CLAVE": "SNL-RAM-023-GS, SNL-RAM-024-GS, SNL-RAM-026-GS, SNL-RAM-027-GS, SNL-RAM-028-GS, SNL-RAM-029-GS", "PROPIETARIO": "Desconocido", "SEGMENTO": "13", "TIPO DE PROPIEDAD": null, "ESTRUCTURA": null, "ESTADO": null, "MUNICIPIO": null, "EJIDO": null, "KM INICIO": null, "KM FIN": null, "KM LINEALES": null, "KM EFECTIVOS": null, "M2": null, "IDENTIFICACIÓN O ACERCAMIENTO": null, "ANUENCIA ": null, "LEVANTAMIENTO": null, "NEGOCIACIÓN O ASAMBLEA": null, "C.O.P": "NO", "OBSERVACIONES": null, "fid": 55, "PROYECTO": "TSN", "ESTATUS": "NO LIBERADO", "NUEVO": null }, "geometry": { "type": "MultiPolygon", "coordinates": [ [ [ [ -100.9370901, 25.5900476, 0.0 ], [ -100.9358241, 25.5931441, 0.0 ], [ -100.9336139, 25.594730900000044, 0.0 ], [ -100.9329058, 25.595505, 0.0 ], [ -100.9324981, 25.59438259999996, 0.0 ], [ -100.9298232, 25.5897538, 0.0 ], [ -100.9316184, 25.586080200000012, 0.0 ], [ -100.9365751, 25.5891961, 0.0 ], [ -100.9370901, 25.5900476, 0.0 ] ] ] ] } },
{ "type": "Feature", "properties": { "CLAVE": "N/D", "PROPIETARIO": "Desconocido", "SEGMENTO": "13", "TIPO DE PROPIEDAD": null, "ESTRUCTURA": null, "ESTADO": null, "MUNICIPIO": null, "EJIDO": null, "KM INICIO": null, "KM FIN": null, "KM LINEALES": null, "KM EFECTIVOS": null, "M2": null, "IDENTIFICACIÓN O ACERCAMIENTO": null, "ANUENCIA ": null, "LEVANTAMIENTO": null, "NEGOCIACIÓN O ASAMBLEA": null, "C.O.P": "NO", "OBSERVACIONES": null, "fid": 56, "PROYECTO": "TSN", "ESTATUS": "NO LIBERADO", "NUEVO": null }, "geometry": { "type": "MultiPolygon", "coordinates": [ [ [ [ -100.8944588, 25.6111251, 0.0 ], [ -100.8915352, 25.611807100000011, 0.0 ], [ -100.8926242, 25.610921900000044, 0.0 ], [ -100.8927604, 25.610572600000015, 0.0 ], [ -100.8941584, 25.610317199999972, 0.0 ], [ -100.8944588, 25.6111251, 0.0 ] ] ] ] } },
{ "type": "Feature", "properties": { "CLAVE": "N/D", "PROPIETARIO": "Desconocido", "SEGMENTO": "13", "TIPO DE PROPIEDAD": null, "ESTRUCTURA": null, "ESTADO": null, "MUNICIPIO": null, "EJIDO": null, "KM INICIO": null, "KM FIN": null, "KM LINEALES": null, "KM EFECTIVOS": null, "M2": null, "IDENTIFICACIÓN O ACERCAMIENTO": null, "ANUENCIA ": null, "LEVANTAMIENTO": null, "NEGOCIACIÓN O ASAMBLEA": null, "C.O.P": "NO", "OBSERVACIONES": null, "fid": 57, "PROYECTO": "TSN", "ESTATUS": "NO LIBERADO", "NUEVO": null }, "geometry": { "type": "MultiPolygon", "coordinates": [ [ [ [ -100.901472, 25.611949200000016, 0.0 ], [ -100.8990259, 25.611987899999971, 0.0 ], [ -100.8990044, 25.609588500000026, 0.0 ], [ -100.901987, 25.6090274, 0.0 ], [ -100.9030735, 25.610005100000013, 0.0 ], [ -100.901472, 25.611949200000016, 0.0 ] ] ] ] } },
{ "type": "Feature", "properties": { "CLAVE": "N/D", "PROPIETARIO": "Desconocido", "SEGMENTO": "13", "TIPO DE PROPIEDAD": null, "ESTRUCTURA": null, "ESTADO": null, "MUNICIPIO": null, "EJIDO": null, "KM INICIO": null, "KM FIN": null, "KM LINEALES": null, "KM EFECTIVOS": null, "M2": null, "IDENTIFICACIÓN O ACERCAMIENTO": null, "ANUENCIA ": null, "LEVANTAMIENTO": null, "NEGOCIACIÓN O ASAMBLEA": null, "C.O.P": "NO", "OBSERVACIONES": null, "fid": 58, "PROYECTO": "TSN", "ESTATUS": "NO LIBERADO", "NUEVO": null }, "geometry": { "type": "MultiPolygon", "coordinates": [ [ [ [ -100.9031252, 25.609984, 0.0 ], [ -100.9051434, 25.611666, 0.0 ], [ -100.9027294, 25.6117821, 0.0 ], [ -100.9032014, 25.6112113, 0.0 ], [ -100.9025255, 25.610708199999987, 0.0 ], [ -100.9031252, 25.609984, 0.0 ] ] ] ] } },
{ "type": "Feature", "properties": { "CLAVE": "N/D", "PROPIETARIO": "Desconocido", "SEGMENTO": "13", "TIPO DE PROPIEDAD": null, "ESTRUCTURA": null, "ESTADO": null, "MUNICIPIO": null, "EJIDO": null, "KM INICIO": null, "KM FIN": null, "KM LINEALES": null, "KM EFECTIVOS": null, "M2": null, "IDENTIFICACIÓN O ACERCAMIENTO": null, "ANUENCIA ": null, "LEVANTAMIENTO": null, "NEGOCIACIÓN O ASAMBLEA": null, "C.O.P": "NO", "OBSERVACIONES": null, "fid": 59, "PROYECTO": "TSN", "ESTATUS": "NO LIBERADO", "NUEVO": null }, "geometry": { "type": "MultiPolygon", "coordinates": [ [ [ [ -100.8990561, 25.6095674, 0.0 ], [ -100.8990783, 25.6107333, 0.0 ], [ -100.897748, 25.610583300000023, 0.0 ], [ -100.8976836, 25.60979, 0.0 ], [ -100.8990561, 25.6095674, 0.0 ] ] ] ] } },
{ "type": "Feature", "properties": { "CLAVE": "N/D", "PROPIETARIO": "Desconocido", "SEGMENTO": "13", "TIPO DE PROPIEDAD": null, "ESTRUCTURA": null, "ESTADO": null, "MUNICIPIO": null, "EJIDO": null, "KM INICIO": null, "KM FIN": null, "KM LINEALES": null, "KM EFECTIVOS": null, "M2": null, "IDENTIFICACIÓN O ACERCAMIENTO": null, "ANUENCIA ": null, "LEVANTAMIENTO": null, "NEGOCIACIÓN O ASAMBLEA": null, "C.O.P": "NO", "OBSERVACIONES": null, "fid": 60, "PROYECTO": "TSN", "ESTATUS": "NO LIBERADO", "NUEVO": null }, "geometry": { "type": "MultiPolygon", "coordinates": [ [ [ [ -100.8976514, 25.609746400000027, 0.0 ], [ -100.897807, 25.6119039, 0.0 ], [ -100.8974851, 25.6118072, 0.0 ], [ -100.8970989, 25.612063500000016, 0.0 ], [ -100.8958865, 25.612111899999984, 0.0 ], [ -100.8956987, 25.610080200000013, 0.0 ], [ -100.8976514, 25.609746400000027, 0.0 ] ] ] ] } },
{ "type": "Feature", "properties": { "CLAVE": "N/D", "PROPIETARIO": "Desconocido", "SEGMENTO": "13", "TIPO DE PROPIEDAD": null, "ESTRUCTURA": null, "ESTADO": null, "MUNICIPIO": null, "EJIDO": null, "KM INICIO": null, "KM FIN": null, "KM LINEALES": null, "KM EFECTIVOS": null, "M2": null, "IDENTIFICACIÓN O ACERCAMIENTO": null, "ANUENCIA ": null, "LEVANTAMIENTO": null, "NEGOCIACIÓN O ASAMBLEA": null, "C.O.P": "NO", "OBSERVACIONES": null, "fid": 61, "PROYECTO": "TSN", "ESTATUS": "NO LIBERADO", "NUEVO": null }, "geometry": { "type": "MultiPolygon", "coordinates": [ [ [ [ -100.8958865, 25.612111899999984, 0.0 ], [ -100.8946741, 25.6121167, 0.0 ], [ -100.8944588, 25.6111251, 0.0 ], [ -100.8941584, 25.610317199999972, 0.0 ], [ -100.8956987, 25.610080200000013, 0.0 ], [ -100.8958865, 25.612111899999984, 0.0 ] ] ] ] } },
{ "type": "Feature", "properties": { "CLAVE": "SNL-RAM-010-7-GS", "PROPIETARIO": "Desconocido", "SEGMENTO": "13", "TIPO DE PROPIEDAD": null, "ESTRUCTURA": null, "ESTADO": null, "MUNICIPIO": null, "EJIDO": null, "KM INICIO": null, "KM FIN": null, "KM LINEALES": null, "KM EFECTIVOS": null, "M2": null, "IDENTIFICACIÓN O ACERCAMIENTO": null, "ANUENCIA ": null, "LEVANTAMIENTO": null, "NEGOCIACIÓN O ASAMBLEA": null, "C.O.P": "NO", "OBSERVACIONES": null, "fid": 63, "PROYECTO": "TSN", "ESTATUS": "NO LIBERADO", "NUEVO": null }, "geometry": { "type": "MultiPolygon", "coordinates": [ [ [ [ -100.9526014, 25.5446548, 0.0 ], [ -100.953803, 25.546000299999967, 0.0 ], [ -100.9535079, 25.5462351, 0.0 ], [ -100.9524297, 25.545005699999983, 0.0 ], [ -100.9524512, 25.5449186, 0.0 ], [ -100.9525236, 25.544725, 0.0 ], [ -100.9526014, 25.5446548, 0.0 ] ] ] ] } },
{ "type": "Feature", "properties": { "CLAVE": "SNL-RAM-010-7-GS", "PROPIETARIO": "Desconocido", "SEGMENTO": "13", "TIPO DE PROPIEDAD": null, "ESTRUCTURA": null, "ESTADO": null, "MUNICIPIO": null, "EJIDO": null, "KM INICIO": null, "KM FIN": null, "KM LINEALES": null, "KM EFECTIVOS": null, "M2": null, "IDENTIFICACIÓN O ACERCAMIENTO": null, "ANUENCIA ": null, "LEVANTAMIENTO": null, "NEGOCIACIÓN O ASAMBLEA": null, "C.O.P": "NO", "OBSERVACIONES": null, "fid": 64, "PROYECTO": "TSN", "ESTATUS": "NO LIBERADO", "NUEVO": null }, "geometry": { "type": "MultiPolygon", "coordinates": [ [ [ [ -100.9526496, 25.544601600000025, 0.0 ], [ -100.9538593, 25.545956799999985, 0.0 ], [ -100.953803, 25.546000299999967, 0.0 ], [ -100.9526014, 25.5446548, 0.0 ], [ -100.9526496, 25.544601600000025, 0.0 ] ] ] ] } },
{ "type": "Feature", "properties": { "CLAVE": "SNL-RAM-010-1-GS", "PROPIETARIO": "Desconocido", "SEGMENTO": "13", "TIPO DE PROPIEDAD": null, "ESTRUCTURA": null, "ESTADO": null, "MUNICIPIO": null, "EJIDO": null, "KM INICIO": null, "KM FIN": null, "KM LINEALES": null, "KM EFECTIVOS": null, "M2": null, "IDENTIFICACIÓN O ACERCAMIENTO": null, "ANUENCIA ": null, "LEVANTAMIENTO": null, "NEGOCIACIÓN O ASAMBLEA": null, "C.O.P": "NO", "OBSERVACIONES": null, "fid": 65, "PROYECTO": "TSN", "ESTATUS": "NO LIBERADO", "NUEVO": null }, "geometry": { "type": "MultiPolygon", "coordinates": [ [ [ [ -100.9522926, 25.543263899999989, 0.0 ], [ -100.9522202, 25.543544600000015, 0.0 ], [ -100.9516382, 25.543382399999981, 0.0 ], [ -100.9517106, 25.543138, 0.0 ], [ -100.9519171, 25.543186399999978, 0.0 ], [ -100.9518715, 25.543392100000016, 0.0 ], [ -100.9519949, 25.543416300000015, 0.0 ], [ -100.95204320000002, 25.543208199999984, 0.0 ], [ -100.9522926, 25.543263899999989, 0.0 ] ] ] ] } },
{ "type": "Feature", "properties": { "CLAVE": "SNL-RAM-D018-1", "PROPIETARIO": "Desconocido", "SEGMENTO": "13", "TIPO DE PROPIEDAD": null, "ESTRUCTURA": null, "ESTADO": null, "MUNICIPIO": null, "EJIDO": null, "KM INICIO": null, "KM FIN": null, "KM LINEALES": null, "KM EFECTIVOS": null, "M2": null, "IDENTIFICACIÓN O ACERCAMIENTO": null, "ANUENCIA ": null, "LEVANTAMIENTO": null, "NEGOCIACIÓN O ASAMBLEA": null, "C.O.P": "NO", "OBSERVACIONES": null, "fid": 93, "PROYECTO": "TSN", "ESTATUS": "NO LIBERADO", "NUEVO": null }, "geometry": { "type": "MultiPolygon", "coordinates": [ [ [ [ -100.8354599, 25.6193713, 0.0 ], [ -100.8356879, 25.619270299999982, 0.0 ], [ -100.8363109, 25.619042300000018, 0.0 ], [ -100.8363429, 25.619037299999984, 0.0 ], [ -100.8372709, 25.6187673, 0.0 ], [ -100.8376459, 25.6191143, 0.0 ], [ -100.8378309, 25.6192753, 0.0 ], [ -100.8388429, 25.6182473, 0.0 ], [ -100.8362049, 25.6148573, 0.0 ], [ -100.8374949, 25.614129299999977, 0.0 ], [ -100.8379829, 25.613972300000015, 0.0 ], [ -100.8385109, 25.6138763, 0.0 ], [ -100.8390769, 25.6138203, 0.0 ], [ -100.8396579, 25.613762299999983, 0.0 ], [ -100.8397149, 25.6137523, 0.0 ], [ -100.8399289, 25.6137403, 0.0 ], [ -100.8406039, 25.614380300000015, 0.0 ], [ -100.8412969, 25.6150113, 0.0 ], [ -100.8423569, 25.615936299999969, 0.0 ], [ -100.8427189, 25.616244300000048, 0.0 ], [ -100.8432499, 25.616738300000044, 0.0 ], [ -100.8433199, 25.616801299999985, 0.0 ], [ -100.8440319, 25.6174403, 0.0 ], [ -100.8441369, 25.617529300000022, 0.0 ], [ -100.8447179, 25.618058299999987, 0.0 ], [ -100.8426509, 25.618366300000019, 0.0 ], [ -100.8419739, 25.618709300000017, 0.0 ], [ -100.8413189, 25.6192753, 0.0 ], [ -100.8398539, 25.6205633, 0.0 ], [ -100.8398189, 25.6205953, 0.0 ], [ -100.8396709, 25.620722299999986, 0.0 ], [ -100.8394619, 25.620917300000016, 0.0 ], [ -100.8392419, 25.621098300000011, 0.0 ], [ -100.838601900000015, 25.6216593, 0.0 ], [ -100.8385869, 25.621670300000012, 0.0 ], [ -100.8381489, 25.622060300000019, 0.0 ], [ -100.8377149, 25.6224353, 0.0 ], [ -100.8376549, 25.62249030000001, 0.0 ], [ -100.8373709, 25.622734300000019, 0.0 ], [ -100.837172900000013, 25.622914299999973, 0.0 ], [ -100.8365409, 25.6220803, 0.0 ], [ -100.8363359, 25.621773299999955, 0.0 ], [ -100.8362809, 25.621692299999982, 0.0 ], [ -100.8357549, 25.620954299999973, 0.0 ], [ -100.8361599, 25.6201473, 0.0 ], [ -100.8354599, 25.6193713, 0.0 ] ] ] ] } },
{ "type": "Feature", "properties": { "CLAVE": "SNL-RAM-D018-2", "PROPIETARIO": "Desconocido", "SEGMENTO": "13", "TIPO DE PROPIEDAD": null, "ESTRUCTURA": null, "ESTADO": null, "MUNICIPIO": null, "EJIDO": null, "KM INICIO": null, "KM FIN": null, "KM LINEALES": null, "KM EFECTIVOS": null, "M2": null, "IDENTIFICACIÓN O ACERCAMIENTO": null, "ANUENCIA ": null, "LEVANTAMIENTO": null, "NEGOCIACIÓN O ASAMBLEA": null, "C.O.P": "NO", "OBSERVACIONES": null, "fid": 94, "PROYECTO": "TSN", "ESTATUS": "NO LIBERADO", "NUEVO": null }, "geometry": { "type": "MultiPolygon", "coordinates": [ [ [ [ -100.8208129, 25.629358, 0.0 ], [ -100.8190529, 25.625528, 0.0 ], [ -100.8188979, 25.625192, 0.0 ], [ -100.8188369, 25.625059, 0.0 ], [ -100.8187179, 25.6248, 0.0 ], [ -100.8151269, 25.616986, 0.0 ], [ -100.8158359, 25.615241, 0.0 ], [ -100.8071002, 25.6098174, 0.0 ], [ -100.8295329, 25.616969, 0.0 ], [ -100.8301049, 25.617635, 0.0 ], [ -100.8302909, 25.617852, 0.0 ], [ -100.8303179, 25.617882, 0.0 ], [ -100.8315169, 25.619242, 0.0 ], [ -100.8316579, 25.619144, 0.0 ], [ -100.8308009, 25.618186, 0.0 ], [ -100.8305769, 25.617872, 0.0 ], [ -100.830494900000019, 25.617767, 0.0 ], [ -100.8302949, 25.61751, 0.0 ], [ -100.8297629, 25.616828, 0.0 ], [ -100.8305359, 25.616274, 0.0 ], [ -100.8314639, 25.615641, 0.0 ], [ -100.8311729, 25.615105, 0.0 ], [ -100.8318319, 25.614702, 0.0 ], [ -100.8320639, 25.615255, 0.0 ], [ -100.8330629, 25.614585, 0.0 ], [ -100.8335499, 25.614274, 0.0 ], [ -100.8331619, 25.613815, 0.0 ], [ -100.8336799, 25.613476, 0.0 ], [ -100.8341189, 25.614016, 0.0 ], [ -100.8344459, 25.614461, 0.0 ], [ -100.8339609, 25.614776, 0.0 ], [ -100.8340509, 25.614881, 0.0 ], [ -100.8341429, 25.614996, 0.0 ], [ -100.834357900000015, 25.615258, 0.0 ], [ -100.834441900000016, 25.615372, 0.0 ], [ -100.8345219, 25.615472, 0.0 ], [ -100.8339519, 25.616219, 0.0 ], [ -100.8327269, 25.617824, 0.0 ], [ -100.8324129, 25.61824, 0.0 ], [ -100.8320379, 25.618701, 0.0 ], [ -100.8323419, 25.618985, 0.0 ], [ -100.8330009, 25.6196, 0.0 ], [ -100.8338509, 25.620389, 0.0 ], [ -100.8331989, 25.620737, 0.0 ], [ -100.8329899, 25.62095, 0.0 ], [ -100.833229900000021, 25.621402, 0.0 ], [ -100.8336879, 25.622022, 0.0 ], [ -100.833407900000012, 25.622265, 0.0 ], [ -100.8332919, 25.622352, 0.0 ], [ -100.8324669, 25.622797, 0.0 ], [ -100.8332259, 25.624102, 0.0 ], [ -100.8327969, 25.624482, 0.0 ], [ -100.8319169, 25.625254, 0.0 ], [ -100.8315019, 25.624932, 0.0 ], [ -100.831284900000014, 25.625202, 0.0 ], [ -100.8313329, 25.625249, 0.0 ], [ -100.8311989, 25.625494, 0.0 ], [ -100.8311459, 25.625619, 0.0 ], [ -100.8310579, 25.625887, 0.0 ], [ -100.8310589, 25.625987, 0.0 ], [ -100.8300889, 25.626563, 0.0 ], [ -100.8296769, 25.626795, 0.0 ], [ -100.8294689, 25.62689, 0.0 ], [ -100.829374900000019, 25.626895, 0.0 ], [ -100.8292709, 25.627006, 0.0 ], [ -100.8289009, 25.627323, 0.0 ], [ -100.8287849, 25.627317, 0.0 ], [ -100.8286349, 25.627374, 0.0 ], [ -100.8284389, 25.627415, 0.0 ], [ -100.8282329, 25.627477, 0.0 ], [ -100.8279899, 25.627601, 0.0 ], [ -100.8277809, 25.627669, 0.0 ], [ -100.8277069, 25.62831, 0.0 ], [ -100.8283259, 25.628393, 0.0 ], [ -100.8284619, 25.628547, 0.0 ], [ -100.8286559, 25.628407, 0.0 ], [ -100.8288909, 25.628212, 0.0 ], [ -100.8289379, 25.62811, 0.0 ], [ -100.8289159, 25.628044, 0.0 ], [ -100.8296359, 25.62719, 0.0 ], [ -100.8297709, 25.62725, 0.0 ], [ -100.8300169, 25.627438, 0.0 ], [ -100.8301279, 25.627554, 0.0 ], [ -100.8302799, 25.627699, 0.0 ], [ -100.8320309, 25.625972, 0.0 ], [ -100.8339069, 25.624621, 0.0 ], [ -100.8344649, 25.625179, 0.0 ], [ -100.8327899, 25.626792, 0.0 ], [ -100.8305429, 25.628643, 0.0 ], [ -100.8296169, 25.62937, 0.0 ], [ -100.82829790000001, 25.629854, 0.0 ], [ -100.8231749, 25.630633, 0.0 ], [ -100.8215249, 25.630908, 0.0 ], [ -100.8208129, 25.629358, 0.0 ] ] ] ] } },
{ "type": "Feature", "properties": { "CLAVE": "SNL-RAM-D018", "PROPIETARIO": "Desconocido", "SEGMENTO": "13", "TIPO DE PROPIEDAD": null, "ESTRUCTURA": null, "ESTADO": null, "MUNICIPIO": null, "EJIDO": null, "KM INICIO": null, "KM FIN": null, "KM LINEALES": null, "KM EFECTIVOS": null, "M2": null, "IDENTIFICACIÓN O ACERCAMIENTO": null, "ANUENCIA ": null, "LEVANTAMIENTO": null, "NEGOCIACIÓN O ASAMBLEA": null, "C.O.P": "NO", "OBSERVACIONES": null, "fid": 95, "PROYECTO": "TSN", "ESTATUS": "NO LIBERADO", "NUEVO": null }, "geometry": { "type": "MultiPolygon", "coordinates": [ [ [ [ -100.862935, 25.636018, 0.0 ], [ -100.858784, 25.631587, 0.0 ], [ -100.855057, 25.627608, 0.0 ], [ -100.858701, 25.626629, 0.0 ], [ -100.856159, 25.626302, 0.0 ], [ -100.853616, 25.623125, 0.0 ], [ -100.853319, 25.622511, 0.0 ], [ -100.853303, 25.622477, 0.0 ], [ -100.85295, 25.621065, 0.0 ], [ -100.852991, 25.620918, 0.0 ], [ -100.852651, 25.620527, 0.0 ], [ -100.85217, 25.619974, 0.0 ], [ -100.850886, 25.618497, 0.0 ], [ -100.849627, 25.618825, 0.0 ], [ -100.848458, 25.616501, 0.0 ], [ -100.852148, 25.615551, 0.0 ], [ -100.852984, 25.615336, 0.0 ], [ -100.853186, 25.615284, 0.0 ], [ -100.855865, 25.616657, 0.0 ], [ -100.856809, 25.616951, 0.0 ], [ -100.85807, 25.617503, 0.0 ], [ -100.860326, 25.617993, 0.0 ], [ -100.860838, 25.618335, 0.0 ], [ -100.861518, 25.618865, 0.0 ], [ -100.862264, 25.619225, 0.0 ], [ -100.863992, 25.620059, 0.0 ], [ -100.866529, 25.621283, 0.0 ], [ -100.866652, 25.621342, 0.0 ], [ -100.867189, 25.621601, 0.0 ], [ -100.869296, 25.624554, 0.0 ], [ -100.869453, 25.624773, 0.0 ], [ -100.870515, 25.629018, 0.0 ], [ -100.871547, 25.633137, 0.0 ], [ -100.876433, 25.63036, 0.0 ], [ -100.876719, 25.633814, 0.0 ], [ -100.877047, 25.63777, 0.0 ], [ -100.877476, 25.642939, 0.0 ], [ -100.877478, 25.642967, 0.0 ], [ -100.874867, 25.646159, 0.0 ], [ -100.871423, 25.650371, 0.0 ], [ -100.869645, 25.650937, 0.0 ], [ -100.86957, 25.649535, 0.0 ], [ -100.858473, 25.648156, 0.0 ], [ -100.858123, 25.64408, 0.0 ], [ -100.857889, 25.641355, 0.0 ], [ -100.862054, 25.641025, 0.0 ], [ -100.86724, 25.640613, 0.0 ], [ -100.862935, 25.636018, 0.0 ] ] ] ] } },
{ "type": "Feature", "properties": { "CLAVE": "SNL-RAM-D023", "PROPIETARIO": "Desconocido", "SEGMENTO": "13", "TIPO DE PROPIEDAD": null, "ESTRUCTURA": null, "ESTADO": null, "MUNICIPIO": null, "EJIDO": null, "KM INICIO": null, "KM FIN": null, "KM LINEALES": null, "KM EFECTIVOS": null, "M2": null, "IDENTIFICACIÓN O ACERCAMIENTO": null, "ANUENCIA ": null, "LEVANTAMIENTO": null, "NEGOCIACIÓN O ASAMBLEA": null, "C.O.P": "NO", "OBSERVACIONES": null, "fid": 96, "PROYECTO": "TSN", "ESTATUS": "NO LIBERADO", "NUEVO": null }, "geometry": { "type": "MultiPolygon", "coordinates": [ [ [ [ -100.800023, 25.633365, 0.0 ], [ -100.801711, 25.599317, 0.0 ], [ -100.809238, 25.598939, 0.0 ], [ -100.808233, 25.602074, 0.0 ], [ -100.821582, 25.631124, 0.0 ], [ -100.82169, 25.63136, 0.0 ], [ -100.822318, 25.632929, 0.0 ], [ -100.824756, 25.639026, 0.0 ], [ -100.816101, 25.639776, 0.0 ], [ -100.802085, 25.643754, 0.0 ], [ -100.801024, 25.643568, 0.0 ], [ -100.798535, 25.638425, 0.0 ], [ -100.798283, 25.637905, 0.0 ], [ -100.797717, 25.636736, 0.0 ], [ -100.797525, 25.636339, 0.0 ], [ -100.797343, 25.635963, 0.0 ], [ -100.797066, 25.63539, 0.0 ], [ -100.796984, 25.63522, 0.0 ], [ -100.79671, 25.634655, 0.0 ], [ -100.797752, 25.634249, 0.0 ], [ -100.798067, 25.634126, 0.0 ], [ -100.798337, 25.634021, 0.0 ], [ -100.798613, 25.633914, 0.0 ], [ -100.798891, 25.633805, 0.0 ], [ -100.800023, 25.633365, 0.0 ] ] ] ] } },
{ "type": "Feature", "properties": { "CLAVE": "N/D", "PROPIETARIO": "Desconocido", "SEGMENTO": "13", "TIPO DE PROPIEDAD": null, "ESTRUCTURA": null, "ESTADO": null, "MUNICIPIO": null, "EJIDO": null, "KM INICIO": null, "KM FIN": null, "KM LINEALES": null, "KM EFECTIVOS": null, "M2": null, "IDENTIFICACIÓN O ACERCAMIENTO": null, "ANUENCIA ": null, "LEVANTAMIENTO": null, "NEGOCIACIÓN O ASAMBLEA": null, "C.O.P": "NO", "OBSERVACIONES": null, "fid": 124, "PROYECTO": "TSN", "ESTATUS": "NO LIBERADO", "NUEVO": null }, "geometry": { "type": "MultiPolygon", "coordinates": [ [ [ [ -100.952474, 25.543542, 0.0 ], [ -100.952233, 25.544585, 0.0 ], [ -100.952155, 25.54457, 0.0 ], [ -100.952396, 25.543527, 0.0 ], [ -100.952474, 25.543542, 0.0 ] ] ] ] } },
{ "type": "Feature", "properties": { "CLAVE": "SNL-SAL-001", "PROPIETARIO": "JOSÉ DE NIGRIS AMBROSI/AUTOPISTA NORPONIENTE SALTILLO", "SEGMENTO": "13", "TIPO DE PROPIEDAD": "Privada", "ESTRUCTURA": "DDV Troncal", "ESTADO": "Coahuila", "MUNICIPIO": "Saltillo", "EJIDO": "N/A", "KM INICIO": 1.52074, "KM FIN": 1.55507, "KM LINEALES": 0.03433, "KM EFECTIVOS": 0.03433, "M2": null, "IDENTIFICACIÓN O ACERCAMIENTO": true, "ANUENCIA ": true, "LEVANTAMIENTO": "CONCLUIDO", "NEGOCIACIÓN O ASAMBLEA": true, "C.O.P": "A.O.P", "OBSERVACIONES": "Firmado COP/AOT", "fid": 132, "PROYECTO": "TSN", "ESTATUS": "LIBERADO", "NUEVO": null }, "geometry": { "type": "MultiPolygon", "coordinates": [ [ [ [ -101.092318, 25.265861, 0.0 ], [ -101.092312, 25.266493, 0.0 ], [ -101.091582, 25.266487, 0.0 ], [ -101.091588, 25.265855, 0.0 ], [ -101.091591, 25.265584, 0.0 ], [ -101.092318, 25.265861, 0.0 ] ] ] ] } },
{ "type": "Feature", "properties": { "CLAVE": "SNL-SAL-001, SNL-SAL-002", "PROPIETARIO": "AERONAVES TSM", "SEGMENTO": "13", "TIPO DE PROPIEDAD": "Privada", "ESTRUCTURA": "Viaducto", "ESTADO": "Coahuila", "MUNICIPIO": "Saltillo", "EJIDO": null, "KM INICIO": 1.555, "KM FIN": 3.01, "KM LINEALES": 1.449, "KM EFECTIVOS": 26237.5, "M2": 26237.5, "IDENTIFICACIÓN O ACERCAMIENTO": true, "ANUENCIA ": true, "LEVANTAMIENTO": "CONCLUIDO", "NEGOCIACIÓN O ASAMBLEA": true, "C.O.P": "A.O.P", "OBSERVACIONES": null, "fid": 133, "PROYECTO": "TSN", "ESTATUS": "EN NEGOCIACION", "NUEVO": "SI" }, "geometry": { "type": "MultiPolygon", "coordinates": [ [ [ [ -101.086223800000013, 25.2915303, 0.0 ], [ -101.088634, 25.285371, 0.0 ], [ -101.088835, 25.284586, 0.0 ], [ -101.088987, 25.28397, 0.0 ], [ -101.08904, 25.283521, 0.0 ], [ -101.089058, 25.28307, 0.0 ], [ -101.0890679, 25.277579099999976, 0.0 ], [ -101.0900937, 25.278920799999963, 0.0 ], [ -101.091377, 25.279564, 0.0 ], [ -101.090485, 25.284805, 0.0 ], [ -101.09041, 25.285233, 0.0 ], [ -101.09032, 25.285662, 0.0 ], [ -101.090206, 25.286101, 0.0 ], [ -101.090069, 25.286537, 0.0 ], [ -101.089887, 25.287026, 0.0 ], [ -101.089712, 25.287433, 0.0 ], [ -101.089526, 25.287817, 0.0 ], [ -101.089348, 25.288148, 0.0 ], [ -101.089115, 25.288543, 0.0 ], [ -101.088875, 25.288911, 0.0 ], [ -101.088605, 25.289286, 0.0 ], [ -101.088318, 25.289649, 0.0 ], [ -101.087958, 25.290071, 0.0 ], [ -101.087454, 25.290653, 0.0 ], [ -101.0860354, 25.29229880000003, 0.0 ], [ -101.0859431, 25.2922362, 0.0 ], [ -101.0860869, 25.2918583, 0.0 ], [ -101.0861557, 25.291675299999969, 0.0 ], [ -101.086223800000013, 25.2915303, 0.0 ] ] ] ] } },
{ "type": "Feature", "properties": { "CLAVE": "SNL-SAL-004-70-GS", "PROPIETARIO": "Desconocido", "SEGMENTO": "13", "TIPO DE PROPIEDAD": null, "ESTRUCTURA": null, "ESTADO": null, "MUNICIPIO": null, "EJIDO": null, "KM INICIO": null, "KM FIN": null, "KM LINEALES": null, "KM EFECTIVOS": null, "M2": null, "IDENTIFICACIÓN O ACERCAMIENTO": null, "ANUENCIA ": null, "LEVANTAMIENTO": null, "NEGOCIACIÓN O ASAMBLEA": null, "C.O.P": "NO", "OBSERVACIONES": null, "fid": 193, "PROYECTO": "TSN", "ESTATUS": "NO LIBERADO", "NUEVO": null }, "geometry": { "type": "MultiPolygon", "coordinates": [ [ [ [ -101.015284, 25.418237, 0.0 ], [ -101.015527, 25.422024, 0.0 ], [ -101.015479, 25.422028, 0.0 ], [ -101.015375, 25.421946, 0.0 ], [ -101.01535, 25.421971, 0.0 ], [ -101.015193, 25.422105, 0.0 ], [ -101.015034, 25.422113, 0.0 ], [ -101.014982, 25.421283, 0.0 ], [ -101.013546, 25.421362, 0.0 ], [ -101.013498, 25.421331, 0.0 ], [ -101.013377, 25.421272, 0.0 ], [ -101.013606, 25.420906, 0.0 ], [ -101.014126, 25.420044, 0.0 ], [ -101.014914, 25.41885, 0.0 ], [ -101.015078, 25.418537, 0.0 ], [ -101.015171, 25.418382, 0.0 ], [ -101.015227, 25.418285, 0.0 ], [ -101.015258, 25.418237, 0.0 ], [ -101.015284, 25.418237, 0.0 ] ] ] ] } },
{ "type": "Feature", "properties": { "CLAVE": "N/D", "PROPIETARIO": "Desconocido", "SEGMENTO": "13", "TIPO DE PROPIEDAD": null, "ESTRUCTURA": null, "ESTADO": null, "MUNICIPIO": null, "EJIDO": null, "KM INICIO": null, "KM FIN": null, "KM LINEALES": null, "KM EFECTIVOS": null, "M2": null, "IDENTIFICACIÓN O ACERCAMIENTO": null, "ANUENCIA ": null, "LEVANTAMIENTO": null, "NEGOCIACIÓN O ASAMBLEA": null, "C.O.P": "NO", "OBSERVACIONES": null, "fid": 199, "PROYECTO": "TSN", "ESTATUS": "NO LIBERADO", "NUEVO": null }, "geometry": { "type": "MultiPolygon", "coordinates": [ [ [ [ -101.015086, 25.422884, 0.0 ], [ -101.015078, 25.422825, 0.0 ], [ -101.015106, 25.422824, 0.0 ], [ -101.015112, 25.422759, 0.0 ], [ -101.015102, 25.422609, 0.0 ], [ -101.015094, 25.422501, 0.0 ], [ -101.015085, 25.422479, 0.0 ], [ -101.015078, 25.422353, 0.0 ], [ -101.01507, 25.422243, 0.0 ], [ -101.01506, 25.422132, 0.0 ], [ -101.015035, 25.422136, 0.0 ], [ -101.015034, 25.422113, 0.0 ], [ -101.015201, 25.422107, 0.0 ], [ -101.015196, 25.422131, 0.0 ], [ -101.015206, 25.422363, 0.0 ], [ -101.015218, 25.422496, 0.0 ], [ -101.015223, 25.422565, 0.0 ], [ -101.015227, 25.422643, 0.0 ], [ -101.015228, 25.422726, 0.0 ], [ -101.015233, 25.422804, 0.0 ], [ -101.01524, 25.422883, 0.0 ], [ -101.015243, 25.42296, 0.0 ], [ -101.015251, 25.423041, 0.0 ], [ -101.015255, 25.423126, 0.0 ], [ -101.015263, 25.423278, 0.0 ], [ -101.01527, 25.423359, 0.0 ], [ -101.015275, 25.423435, 0.0 ], [ -101.015201, 25.423526, 0.0 ], [ -101.015154, 25.423599, 0.0 ], [ -101.015098, 25.423692, 0.0 ], [ -101.014966, 25.423655, 0.0 ], [ -101.015047, 25.423516, 0.0 ], [ -101.015059, 25.423497, 0.0 ], [ -101.015083, 25.423448, 0.0 ], [ -101.015092, 25.423435, 0.0 ], [ -101.0151, 25.423424, 0.0 ], [ -101.015135, 25.423383, 0.0 ], [ -101.015143, 25.423304, 0.0 ], [ -101.015135, 25.423247, 0.0 ], [ -101.015132, 25.423181, 0.0 ], [ -101.015125, 25.42312, 0.0 ], [ -101.015129, 25.423077, 0.0 ], [ -101.015119, 25.423012, 0.0 ], [ -101.015093, 25.423011, 0.0 ], [ -101.015087, 25.422949, 0.0 ], [ -101.015086, 25.422884, 0.0 ] ] ] ] } },
{ "type": "Feature", "properties": { "CLAVE": "N/D", "PROPIETARIO": "Desconocido", "SEGMENTO": "13", "TIPO DE PROPIEDAD": null, "ESTRUCTURA": null, "ESTADO": null, "MUNICIPIO": null, "EJIDO": null, "KM INICIO": null, "KM FIN": null, "KM LINEALES": null, "KM EFECTIVOS": null, "M2": null, "IDENTIFICACIÓN O ACERCAMIENTO": null, "ANUENCIA ": null, "LEVANTAMIENTO": null, "NEGOCIACIÓN O ASAMBLEA": null, "C.O.P": "NO", "OBSERVACIONES": null, "fid": 202, "PROYECTO": "TSN", "ESTATUS": "NO LIBERADO", "NUEVO": null }, "geometry": { "type": "MultiPolygon", "coordinates": [ [ [ [ -101.013267, 25.421486, 0.0 ], [ -101.013092, 25.421397, 0.0 ], [ -101.013214, 25.421198, 0.0 ], [ -101.013115, 25.421147, 0.0 ], [ -101.01347, 25.420775, 0.0 ], [ -101.013697, 25.420755, 0.0 ], [ -101.01365, 25.420827, 0.0 ], [ -101.013612, 25.420879, 0.0 ], [ -101.013463, 25.421115, 0.0 ], [ -101.01345, 25.421143, 0.0 ], [ -101.01339, 25.421232, 0.0 ], [ -101.013373, 25.421258, 0.0 ], [ -101.0134, 25.421271, 0.0 ], [ -101.013267, 25.421486, 0.0 ] ] ] ] } },
{ "type": "Feature", "properties": { "CLAVE": "SNL-SAL-004-74-GS", "PROPIETARIO": "Desconocido", "SEGMENTO": "13", "TIPO DE PROPIEDAD": null, "ESTRUCTURA": null, "ESTADO": null, "MUNICIPIO": null, "EJIDO": null, "KM INICIO": null, "KM FIN": null, "KM LINEALES": null, "KM EFECTIVOS": null, "M2": null, "IDENTIFICACIÓN O ACERCAMIENTO": null, "ANUENCIA ": null, "LEVANTAMIENTO": null, "NEGOCIACIÓN O ASAMBLEA": null, "C.O.P": "NO", "OBSERVACIONES": null, "fid": 204, "PROYECTO": "TSN", "ESTATUS": "NO LIBERADO", "NUEVO": null }, "geometry": { "type": "MultiPolygon", "coordinates": [ [ [ [ -101.015424, 25.422344, 0.0 ], [ -101.015206, 25.422363, 0.0 ], [ -101.015196, 25.422131, 0.0 ], [ -101.015201, 25.422107, 0.0 ], [ -101.015347, 25.421956, 0.0 ], [ -101.015424, 25.422344, 0.0 ] ] ] ] } },
{ "type": "Feature", "properties": { "CLAVE": "N/D", "PROPIETARIO": "Desconocido", "SEGMENTO": "13", "TIPO DE PROPIEDAD": null, "ESTRUCTURA": null, "ESTADO": null, "MUNICIPIO": null, "EJIDO": null, "KM INICIO": null, "KM FIN": null, "KM LINEALES": null, "KM EFECTIVOS": null, "M2": null, "IDENTIFICACIÓN O ACERCAMIENTO": null, "ANUENCIA ": null, "LEVANTAMIENTO": null, "NEGOCIACIÓN O ASAMBLEA": null, "C.O.P": "NO", "OBSERVACIONES": null, "fid": 492, "PROYECTO": "TSN", "ESTATUS": "NO LIBERADO", "NUEVO": null }, "geometry": { "type": "MultiPolygon", "coordinates": [ [ [ [ -100.9343063, 25.587714, 0.0 ], [ -100.9324824, 25.5864754, 0.0 ], [ -100.9329974, 25.5862819, 0.0 ], [ -100.9343063, 25.587714, 0.0 ] ] ] ] } },
{ "type": "Feature", "properties": { "CLAVE": "SNL-RAM-017", "PROPIETARIO": "FAMILIA GUTIERREZ", "SEGMENTO": "13", "TIPO DE PROPIEDAD": "PRIVADA", "ESTRUCTURA": "DDV TRINCAL", "ESTADO": "Coahuila", "MUNICIPIO": "Ramos Arizpe", "EJIDO": null, "KM INICIO": 39.951, "KM FIN": 40.46, "KM LINEALES": 0.5045, "KM EFECTIVOS": 0.5045, "M2": 16234.805, "IDENTIFICACIÓN O ACERCAMIENTO": true, "ANUENCIA ": true, "LEVANTAMIENTO": "CONCLUIDO", "NEGOCIACIÓN O ASAMBLEA": true, "C.O.P": "C.O.P", "OBSERVACIONES": null, "fid": 497, "PROYECTO": "TSN", "ESTATUS": "LIBERADO", "NUEVO": "SI" }, "geometry": { "type": "MultiPolygon", "coordinates": [ [ [ [ -100.9315597, 25.585914200000012, 0.0 ], [ -100.9325467, 25.5832434, 0.0 ], [ -100.9329115, 25.5824498, 0.0 ], [ -100.9333835, 25.58273040000002, 0.0 ], [ -100.9340058, 25.583049800000019, 0.0 ], [ -100.9343169, 25.583291700000022, 0.0 ], [ -100.9346281, 25.583475600000014, 0.0 ], [ -100.9352933, 25.583794899999969, 0.0 ], [ -100.9357117, 25.5840659, 0.0 ], [ -100.9358458, 25.5840998, 0.0 ], [ -100.93598, 25.584182, 0.0 ], [ -100.9363126, 25.5843271, 0.0 ], [ -100.9365379, 25.584182, 0.0 ], [ -100.937052800000018, 25.584385200000025, 0.0 ], [ -100.9377609, 25.5847723, 0.0 ], [ -100.9387909, 25.585933499999975, 0.0 ], [ -100.9381043, 25.586978599999981, 0.0 ], [ -100.9364306, 25.5890107, 0.0 ], [ -100.9361516, 25.5888946, 0.0 ], [ -100.9356152, 25.588333299999981, 0.0 ], [ -100.9351431, 25.5880237, 0.0 ], [ -100.9344565, 25.587733400000012, 0.0 ], [ -100.932933, 25.5862819, 0.0 ], [ -100.932418, 25.58647539999998, 0.0 ], [ -100.9315597, 25.585914200000012, 0.0 ] ] ] ] } },
{ "type": "Feature", "properties": { "CLAVE": "SNL-RAM-010-4, SNL-RAM-010-3-GS", "PROPIETARIO": "Desconocido", "SEGMENTO": "13", "TIPO DE PROPIEDAD": null, "ESTRUCTURA": null, "ESTADO": null, "MUNICIPIO": null, "EJIDO": null, "KM INICIO": null, "KM FIN": null, "KM LINEALES": null, "KM EFECTIVOS": null, "M2": null, "IDENTIFICACIÓN O ACERCAMIENTO": null, "ANUENCIA ": null, "LEVANTAMIENTO": null, "NEGOCIACIÓN O ASAMBLEA": null, "C.O.P": "NO", "OBSERVACIONES": null, "fid": 501, "PROYECTO": "TSN", "ESTATUS": "NO LIBERADO", "NUEVO": null }, "geometry": { "type": "MultiPolygon", "coordinates": [ [ [ [ -100.95276130000002, 25.5441276, 0.0 ], [ -100.9527332, 25.544101, 0.0 ], [ -100.9526889, 25.544057399999989, 0.0 ], [ -100.9526621, 25.544033800000012, 0.0 ], [ -100.9526339, 25.544006299999985, 0.0 ], [ -100.9526133, 25.543984099999978, 0.0 ], [ -100.9525833, 25.5439522, 0.0 ], [ -100.9525622, 25.543924800000017, 0.0 ], [ -100.9525236, 25.54389730000003, 0.0 ], [ -100.9524914, 25.5438691, 0.0 ], [ -100.9524977, 25.5438462, 0.0 ], [ -100.9525054, 25.543820900000021, 0.0 ], [ -100.9525113, 25.5437731, 0.0 ], [ -100.9525178, 25.543715100000039, 0.0 ], [ -100.952542300000019, 25.5436353, 0.0 ], [ -100.9525587, 25.543548199999989, 0.0 ], [ -100.952841, 25.543595, 0.0 ], [ -100.9529423, 25.543779100000013, 0.0 ], [ -100.9529853, 25.543917, 0.0 ], [ -100.952945, 25.544006599999982, 0.0 ], [ -100.9527868, 25.5441542, 0.0 ], [ -100.95276130000002, 25.5441276, 0.0 ] ] ] ] } },
{ "type": "Feature", "properties": { "CLAVE": "N/D", "PROPIETARIO": "Desconocido", "SEGMENTO": "13", "TIPO DE PROPIEDAD": null, "ESTRUCTURA": null, "ESTADO": null, "MUNICIPIO": null, "EJIDO": null, "KM INICIO": null, "KM FIN": null, "KM LINEALES": null, "KM EFECTIVOS": null, "M2": null, "IDENTIFICACIÓN O ACERCAMIENTO": null, "ANUENCIA ": null, "LEVANTAMIENTO": null, "NEGOCIACIÓN O ASAMBLEA": null, "C.O.P": "NO", "OBSERVACIONES": null, "fid": 502, "PROYECTO": "TSN", "ESTATUS": "NO LIBERADO", "NUEVO": null }, "geometry": { "type": "MultiPolygon", "coordinates": [ [ [ [ -100.9455636, 25.561930299999968, 0.0 ], [ -100.9449145, 25.561569800000015, 0.0 ], [ -100.9452069, 25.561064, 0.0 ], [ -100.9459204, 25.5612576, 0.0 ], [ -100.9455636, 25.561930299999968, 0.0 ] ] ] ] } },
{ "type": "Feature", "properties": { "CLAVE": "N/D", "PROPIETARIO": "Desconocido", "SEGMENTO": "13", "TIPO DE PROPIEDAD": null, "ESTRUCTURA": null, "ESTADO": null, "MUNICIPIO": null, "EJIDO": null, "KM INICIO": null, "KM FIN": null, "KM LINEALES": null, "KM EFECTIVOS": null, "M2": null, "IDENTIFICACIÓN O ACERCAMIENTO": null, "ANUENCIA ": null, "LEVANTAMIENTO": null, "NEGOCIACIÓN O ASAMBLEA": null, "C.O.P": "NO", "OBSERVACIONES": null, "fid": 504, "PROYECTO": "TSN", "ESTATUS": "NO LIBERADO", "NUEVO": null }, "geometry": { "type": "MultiPolygon", "coordinates": [ [ [ [ -100.9440535, 25.566032199999974, 0.0 ], [ -100.9428519, 25.564967599999989, 0.0 ], [ -100.9449145, 25.561569800000015, 0.0 ], [ -100.9454698, 25.561918799999965, 0.0 ], [ -100.9444612, 25.563902899999981, 0.0 ], [ -100.9442145, 25.5648998, 0.0 ], [ -100.9440535, 25.566032199999974, 0.0 ] ] ] ] } },
{ "type": "Feature", "properties": { "CLAVE": "SNL-RAM-010-2-GS", "PROPIETARIO": "Desconocido", "SEGMENTO": "13", "TIPO DE PROPIEDAD": null, "ESTRUCTURA": null, "ESTADO": null, "MUNICIPIO": null, "EJIDO": null, "KM INICIO": null, "KM FIN": null, "KM LINEALES": null, "KM EFECTIVOS": null, "M2": null, "IDENTIFICACIÓN O ACERCAMIENTO": null, "ANUENCIA ": null, "LEVANTAMIENTO": null, "NEGOCIACIÓN O ASAMBLEA": null, "C.O.P": "NO", "OBSERVACIONES": null, "fid": 514, "PROYECTO": "TSN", "ESTATUS": "NO LIBERADO", "NUEVO": null }, "geometry": { "type": "MultiPolygon", "coordinates": [ [ [ [ -100.9528334, 25.5435831, 0.0 ], [ -100.9527193, 25.543552900000012, 0.0 ], [ -100.9527394, 25.5434016, 0.0 ], [ -100.9527971, 25.54341130000002, 0.0 ], [ -100.9528334, 25.5435831, 0.0 ] ] ] ] } },
{ "type": "Feature", "properties": { "CLAVE": "SNL-RAM-010-2-GS", "PROPIETARIO": "Desconocido", "SEGMENTO": "13", "TIPO DE PROPIEDAD": null, "ESTRUCTURA": null, "ESTADO": null, "MUNICIPIO": null, "EJIDO": null, "KM INICIO": null, "KM FIN": null, "KM LINEALES": null, "KM EFECTIVOS": null, "M2": null, "IDENTIFICACIÓN O ACERCAMIENTO": null, "ANUENCIA ": null, "LEVANTAMIENTO": null, "NEGOCIACIÓN O ASAMBLEA": null, "C.O.P": "NO", "OBSERVACIONES": null, "fid": 515, "PROYECTO": "TSN", "ESTATUS": "NO LIBERADO", "NUEVO": null }, "geometry": { "type": "MultiPolygon", "coordinates": [ [ [ [ -100.9526375, 25.543542, 0.0 ], [ -100.9526684, 25.543387100000036, 0.0 ], [ -100.9527394, 25.5434016, 0.0 ], [ -100.9527193, 25.543552900000012, 0.0 ], [ -100.9526375, 25.543542, 0.0 ] ] ] ] } },
{ "type": "Feature", "properties": { "CLAVE": "SNL-RAM-010-2-GS", "PROPIETARIO": "Desconocido", "SEGMENTO": "13", "TIPO DE PROPIEDAD": null, "ESTRUCTURA": null, "ESTADO": null, "MUNICIPIO": null, "EJIDO": null, "KM INICIO": null, "KM FIN": null, "KM LINEALES": null, "KM EFECTIVOS": null, "M2": null, "IDENTIFICACIÓN O ACERCAMIENTO": null, "ANUENCIA ": null, "LEVANTAMIENTO": null, "NEGOCIACIÓN O ASAMBLEA": null, "C.O.P": "NO", "OBSERVACIONES": null, "fid": 516, "PROYECTO": "TSN", "ESTATUS": "NO LIBERADO", "NUEVO": null }, "geometry": { "type": "MultiPolygon", "coordinates": [ [ [ [ -100.9526684, 25.543387100000036, 0.0 ], [ -100.9526375, 25.543542, 0.0 ], [ -100.9526033, 25.5435348, 0.0 ], [ -100.9525664, 25.543529900000024, 0.0 ], [ -100.9526067, 25.5433702, 0.0 ], [ -100.9526684, 25.543387100000036, 0.0 ] ] ] ] } },
{ "type": "Feature", "properties": { "CLAVE": "N/D", "PROPIETARIO": "Desconocido", "SEGMENTO": "13", "TIPO DE PROPIEDAD": null, "ESTRUCTURA": null, "ESTADO": null, "MUNICIPIO": null, "EJIDO": null, "KM INICIO": null, "KM FIN": null, "KM LINEALES": null, "KM EFECTIVOS": null, "M2": null, "IDENTIFICACIÓN O ACERCAMIENTO": null, "ANUENCIA ": null, "LEVANTAMIENTO": null, "NEGOCIACIÓN O ASAMBLEA": null, "C.O.P": "NO", "OBSERVACIONES": null, "fid": 517, "PROYECTO": "TSN", "ESTATUS": "NO LIBERADO", "NUEVO": null }, "geometry": { "type": "MultiPolygon", "coordinates": [ [ [ [ -100.9529742, 25.5424572, 0.0 ], [ -100.952824, 25.542261200000013, 0.0 ], [ -100.9529688, 25.5416731, 0.0 ], [ -100.9532263, 25.54175540000001, 0.0 ], [ -100.9529742, 25.5424572, 0.0 ] ] ] ] } },
{ "type": "Feature", "properties": { "CLAVE": "N/D", "PROPIETARIO": "Desconocido", "SEGMENTO": "13", "TIPO DE PROPIEDAD": null, "ESTRUCTURA": null, "ESTADO": null, "MUNICIPIO": null, "EJIDO": null, "KM INICIO": null, "KM FIN": null, "KM LINEALES": null, "KM EFECTIVOS": null, "M2": null, "IDENTIFICACIÓN O ACERCAMIENTO": null, "ANUENCIA ": null, "LEVANTAMIENTO": null, "NEGOCIACIÓN O ASAMBLEA": null, "C.O.P": "NO", "OBSERVACIONES": null, "fid": 518, "PROYECTO": "TSN", "ESTATUS": "NO LIBERADO", "NUEVO": null }, "geometry": { "type": "MultiPolygon", "coordinates": [ [ [ [ -100.9527861, 25.543311499999973, 0.0 ], [ -100.952593, 25.543253400000019, 0.0 ], [ -100.952821, 25.542331300000047, 0.0 ], [ -100.9529742, 25.5424572, 0.0 ], [ -100.9527807, 25.543142100000015, 0.0 ], [ -100.9527861, 25.543311499999973, 0.0 ] ] ] ] } },
{ "type": "Feature", "properties": { "CLAVE": "SNL-RAM-010-GS", "PROPIETARIO": "Desconocido", "SEGMENTO": "13", "TIPO DE PROPIEDAD": null, "ESTRUCTURA": null, "ESTADO": null, "MUNICIPIO": null, "EJIDO": null, "KM INICIO": null, "KM FIN": null, "KM LINEALES": null, "KM EFECTIVOS": null, "M2": null, "IDENTIFICACIÓN O ACERCAMIENTO": null, "ANUENCIA ": null, "LEVANTAMIENTO": null, "NEGOCIACIÓN O ASAMBLEA": null, "C.O.P": "NO", "OBSERVACIONES": null, "fid": 519, "PROYECTO": "TSN", "ESTATUS": "NO LIBERADO", "NUEVO": null }, "geometry": { "type": "MultiPolygon", "coordinates": [ [ [ [ -100.952319, 25.543229, 0.0 ], [ -100.952111, 25.543173, 0.0 ], [ -100.952143, 25.543059, 0.0 ], [ -100.952211, 25.543074, 0.0 ], [ -100.952236, 25.543006, 0.0 ], [ -100.952202, 25.542995, 0.0 ], [ -100.9522282, 25.5428964, 0.0 ], [ -100.952383, 25.542951, 0.0 ], [ -100.952319, 25.543229, 0.0 ] ] ] ] } },
{ "type": "Feature", "properties": { "CLAVE": "N/D", "PROPIETARIO": "Desconocido", "SEGMENTO": "13", "TIPO DE PROPIEDAD": null, "ESTRUCTURA": null, "ESTADO": null, "MUNICIPIO": null, "EJIDO": null, "KM INICIO": null, "KM FIN": null, "KM LINEALES": null, "KM EFECTIVOS": null, "M2": null, "IDENTIFICACIÓN O ACERCAMIENTO": null, "ANUENCIA ": null, "LEVANTAMIENTO": null, "NEGOCIACIÓN O ASAMBLEA": null, "C.O.P": "NO", "OBSERVACIONES": null, "fid": 520, "PROYECTO": "TSN", "ESTATUS": "NO LIBERADO", "NUEVO": null }, "geometry": { "type": "MultiPolygon", "coordinates": [ [ [ [ -100.8562341, 25.61517809999998, 0.0 ], [ -100.8575001, 25.615603700000012, 0.0 ], [ -100.8582296, 25.61581659999997, 0.0 ], [ -100.8620706, 25.615584399999989, 0.0 ], [ -100.8624997, 25.616900099999988, 0.0 ], [ -100.8616414, 25.6172871, 0.0 ], [ -100.8601394, 25.617867500000013, 0.0 ], [ -100.85807, 25.617503, 0.0 ], [ -100.8550754, 25.616184199999964, 0.0 ], [ -100.8562341, 25.61517809999998, 0.0 ] ] ] ] } },
{ "type": "Feature", "properties": { "CLAVE": "N/D", "PROPIETARIO": "Desconocido", "SEGMENTO": "13", "TIPO DE PROPIEDAD": null, "ESTRUCTURA": null, "ESTADO": null, "MUNICIPIO": null, "EJIDO": null, "KM INICIO": null, "KM FIN": null, "KM LINEALES": null, "KM EFECTIVOS": null, "M2": null, "IDENTIFICACIÓN O ACERCAMIENTO": null, "ANUENCIA ": null, "LEVANTAMIENTO": null, "NEGOCIACIÓN O ASAMBLEA": null, "C.O.P": "NO", "OBSERVACIONES": null, "fid": 521, "PROYECTO": "TSN", "ESTATUS": "NO LIBERADO", "NUEVO": null }, "geometry": { "type": "MultiPolygon", "coordinates": [ [ [ [ -100.848862, 25.6177, 0.0 ], [ -100.849627, 25.618825, 0.0 ], [ -100.850886, 25.618497, 0.0 ], [ -100.852991, 25.620918, 0.0 ], [ -100.8506551, 25.620847100000031, 0.0 ], [ -100.848917, 25.6204408, 0.0 ], [ -100.8463206, 25.619550799999978, 0.0 ], [ -100.84421780000001, 25.618854300000024, 0.0 ], [ -100.843546, 25.618668, 0.0 ], [ -100.848862, 25.6177, 0.0 ] ] ] ] } },
{ "type": "Feature", "properties": { "CLAVE": "N/D", "PROPIETARIO": "Desconocido", "SEGMENTO": "13", "TIPO DE PROPIEDAD": null, "ESTRUCTURA": null, "ESTADO": null, "MUNICIPIO": null, "EJIDO": null, "KM INICIO": null, "KM FIN": null, "KM LINEALES": null, "KM EFECTIVOS": null, "M2": null, "IDENTIFICACIÓN O ACERCAMIENTO": null, "ANUENCIA ": null, "LEVANTAMIENTO": null, "NEGOCIACIÓN O ASAMBLEA": null, "C.O.P": "NO", "OBSERVACIONES": null, "fid": 522, "PROYECTO": "TSN", "ESTATUS": "NO LIBERADO", "NUEVO": null }, "geometry": { "type": "MultiPolygon", "coordinates": [ [ [ [ -100.7977418, 25.6383683, 0.0 ], [ -100.796854, 25.636975, 0.0 ], [ -100.798397, 25.636376, 0.0 ], [ -100.798906, 25.636997, 0.0 ], [ -100.799511, 25.637903, 0.0 ], [ -100.7977418, 25.6383683, 0.0 ] ] ] ] } },
{ "type": "Feature", "properties": { "CLAVE": "N/D", "PROPIETARIO": "Desconocido", "SEGMENTO": "13", "TIPO DE PROPIEDAD": null, "ESTRUCTURA": null, "ESTADO": null, "MUNICIPIO": null, "EJIDO": null, "KM INICIO": null, "KM FIN": null, "KM LINEALES": null, "KM EFECTIVOS": null, "M2": null, "IDENTIFICACIÓN O ACERCAMIENTO": null, "ANUENCIA ": null, "LEVANTAMIENTO": null, "NEGOCIACIÓN O ASAMBLEA": null, "C.O.P": "NO", "OBSERVACIONES": null, "fid": 523, "PROYECTO": "TSN", "ESTATUS": "NO LIBERADO", "NUEVO": null }, "geometry": { "type": "MultiPolygon", "coordinates": [ [ [ [ -100.797613, 25.6383683, 0.0 ], [ -100.7953385, 25.638803599999989, 0.0 ], [ -100.794355, 25.637012, 0.0 ], [ -100.796798, 25.636985, 0.0 ], [ -100.797613, 25.6383683, 0.0 ] ] ] ] } },
{ "type": "Feature", "properties": { "CLAVE": "N/D", "PROPIETARIO": "Desconocido", "SEGMENTO": "13", "TIPO DE PROPIEDAD": null, "ESTRUCTURA": null, "ESTADO": null, "MUNICIPIO": null, "EJIDO": null, "KM INICIO": null, "KM FIN": null, "KM LINEALES": null, "KM EFECTIVOS": null, "M2": null, "IDENTIFICACIÓN O ACERCAMIENTO": null, "ANUENCIA ": null, "LEVANTAMIENTO": null, "NEGOCIACIÓN O ASAMBLEA": null, "C.O.P": "NO", "OBSERVACIONES": null, "fid": 524, "PROYECTO": "TSN", "ESTATUS": "NO LIBERADO", "NUEVO": null }, "geometry": { "type": "MultiPolygon", "coordinates": [ [ [ [ -100.7953385, 25.638803599999989, 0.0 ], [ -100.7920458, 25.639471, 0.0 ], [ -100.7910802, 25.6379331, 0.0 ], [ -100.79275, 25.637172, 0.0 ], [ -100.794265, 25.637016, 0.0 ], [ -100.7953385, 25.638803599999989, 0.0 ] ] ] ] } },
{ "type": "Feature", "properties": { "CLAVE": "N/D", "PROPIETARIO": "Desconocido", "SEGMENTO": "13", "TIPO DE PROPIEDAD": null, "ESTRUCTURA": null, "ESTADO": null, "MUNICIPIO": null, "EJIDO": null, "KM INICIO": null, "KM FIN": null, "KM LINEALES": null, "KM EFECTIVOS": null, "M2": null, "IDENTIFICACIÓN O ACERCAMIENTO": null, "ANUENCIA ": null, "LEVANTAMIENTO": null, "NEGOCIACIÓN O ASAMBLEA": null, "C.O.P": "NO", "OBSERVACIONES": null, "fid": 525, "PROYECTO": "TSN", "ESTATUS": "NO LIBERADO", "NUEVO": null }, "geometry": { "type": "MultiPolygon", "coordinates": [ [ [ [ -100.7919531, 25.6394233, 0.0 ], [ -100.7906978, 25.6398682, 0.0 ], [ -100.7903223, 25.6396845, 0.0 ], [ -100.7898503, 25.6396264, 0.0 ], [ -100.789191, 25.638653, 0.0 ], [ -100.790989, 25.637926, 0.0 ], [ -100.7919531, 25.6394233, 0.0 ] ] ] ] } },
{ "type": "Feature", "properties": { "CLAVE": "N/D", "PROPIETARIO": "Desconocido", "SEGMENTO": "13", "TIPO DE PROPIEDAD": null, "ESTRUCTURA": null, "ESTADO": null, "MUNICIPIO": null, "EJIDO": null, "KM INICIO": null, "KM FIN": null, "KM LINEALES": null, "KM EFECTIVOS": null, "M2": null, "IDENTIFICACIÓN O ACERCAMIENTO": null, "ANUENCIA ": null, "LEVANTAMIENTO": null, "NEGOCIACIÓN O ASAMBLEA": null, "C.O.P": "NO", "OBSERVACIONES": null, "fid": 526, "PROYECTO": "TSN", "ESTATUS": "NO LIBERADO", "NUEVO": null }, "geometry": { "type": "MultiPolygon", "coordinates": [ [ [ [ -100.7898503, 25.6396264, 0.0 ], [ -100.7881873, 25.639916600000031, 0.0 ], [ -100.788066, 25.639099, 0.0 ], [ -100.789191, 25.638653, 0.0 ], [ -100.7898503, 25.6396264, 0.0 ] ] ] ] } },
{ "type": "Feature", "properties": { "CLAVE": "N/D", "PROPIETARIO": "Desconocido", "SEGMENTO": "13", "TIPO DE PROPIEDAD": null, "ESTRUCTURA": null, "ESTADO": null, "MUNICIPIO": null, "EJIDO": null, "KM INICIO": null, "KM FIN": null, "KM LINEALES": null, "KM EFECTIVOS": null, "M2": null, "IDENTIFICACIÓN O ACERCAMIENTO": null, "ANUENCIA ": null, "LEVANTAMIENTO": null, "NEGOCIACIÓN O ASAMBLEA": null, "C.O.P": "NO", "OBSERVACIONES": null, "fid": 527, "PROYECTO": "TSN", "ESTATUS": "NO LIBERADO", "NUEVO": null }, "geometry": { "type": "MultiPolygon", "coordinates": [ [ [ [ -100.7880585, 25.639945600000019, 0.0 ], [ -100.786814, 25.64004229999998, 0.0 ], [ -100.7861488, 25.6404679, 0.0 ], [ -100.785784, 25.64068070000004, 0.0 ], [ -100.785419200000021, 25.6407581, 0.0 ], [ -100.7855587, 25.6402068, 0.0 ], [ -100.785269, 25.640023, 0.0 ], [ -100.7850974, 25.639800499999982, 0.0 ], [ -100.7850223, 25.6390171, 0.0 ], [ -100.788066, 25.639099, 0.0 ], [ -100.7880585, 25.639945600000019, 0.0 ] ] ] ] } },
{ "type": "Feature", "properties": { "CLAVE": "SNL-SAL-001", "PROPIETARIO": "JOSÉ DE NIGRIS AMBROSI/AUTOPISTA NORPONIENTE SALTILLO", "SEGMENTO": "13", "TIPO DE PROPIEDAD": "Privada", "ESTRUCTURA": "DDV Troncal", "ESTADO": "Coahuila", "MUNICIPIO": "Saltillo", "EJIDO": "N/A", "KM INICIO": 0.0, "KM FIN": 0.9, "KM LINEALES": 0.9, "KM EFECTIVOS": 0.03433, "M2": 8724.56, "IDENTIFICACIÓN O ACERCAMIENTO": true, "ANUENCIA ": true, "LEVANTAMIENTO": "CONCLUIDO", "NEGOCIACIÓN O ASAMBLEA": true, "C.O.P": "C.O.P", "OBSERVACIONES": "Firmado COP/AOT", "fid": 528, "PROYECTO": "TSN", "ESTATUS": "LIBERADO", "NUEVO": null }, "geometry": { "type": "MultiPolygon", "coordinates": [ [ [ [ -101.09219, 25.274558, 0.0 ], [ -101.092099, 25.274146, 0.0 ], [ -101.092059, 25.273984, 0.0 ], [ -101.09203, 25.273872, 0.0 ], [ -101.091989, 25.273738, 0.0 ], [ -101.09187, 25.273311, 0.0 ], [ -101.09177, 25.272946, 0.0 ], [ -101.091655, 25.272531, 0.0 ], [ -101.091569, 25.272224, 0.0 ], [ -101.09152, 25.272044, 0.0 ], [ -101.091462, 25.271759, 0.0 ], [ -101.091431, 25.271542, 0.0 ], [ -101.091409, 25.271109, 0.0 ], [ -101.09142, 25.27082, 0.0 ], [ -101.091402, 25.27075, 0.0 ], [ -101.091457, 25.269994, 0.0 ], [ -101.09152, 25.269421, 0.0 ], [ -101.091531, 25.269064, 0.0 ], [ -101.091551, 25.268337, 0.0 ], [ -101.091572, 25.267448, 0.0 ], [ -101.091582, 25.266487, 0.0 ], [ -101.092312, 25.266493, 0.0 ], [ -101.092318, 25.265857, 0.0 ], [ -101.092333, 25.265863, 0.0 ], [ -101.092934, 25.266088, 0.0 ], [ -101.093345, 25.266242, 0.0 ], [ -101.093556, 25.266318, 0.0 ], [ -101.093636, 25.266342, 0.0 ], [ -101.093627, 25.266421, 0.0 ], [ -101.093612, 25.266518, 0.0 ], [ -101.093597, 25.266616, 0.0 ], [ -101.093526, 25.267034, 0.0 ], [ -101.093437, 25.267544, 0.0 ], [ -101.093334, 25.268132, 0.0 ], [ -101.093251, 25.26864, 0.0 ], [ -101.09316, 25.269162, 0.0 ], [ -101.093086, 25.269585, 0.0 ], [ -101.092983, 25.270181, 0.0 ], [ -101.092962, 25.270291, 0.0 ], [ -101.092853, 25.270919, 0.0 ], [ -101.092749, 25.271545, 0.0 ], [ -101.092648, 25.27214, 0.0 ], [ -101.092372, 25.27373, 0.0 ], [ -101.092283, 25.274252, 0.0 ], [ -101.092213, 25.274671, 0.0 ], [ -101.09219, 25.274558, 0.0 ] ] ] ] } },
{ "type": "Feature", "properties": { "CLAVE": "SNL-RAM-010-6-GS", "PROPIETARIO": "Desconocido", "SEGMENTO": "13", "TIPO DE PROPIEDAD": null, "ESTRUCTURA": null, "ESTADO": null, "MUNICIPIO": null, "EJIDO": null, "KM INICIO": null, "KM FIN": null, "KM LINEALES": null, "KM EFECTIVOS": null, "M2": null, "IDENTIFICACIÓN O ACERCAMIENTO": null, "ANUENCIA ": null, "LEVANTAMIENTO": null, "NEGOCIACIÓN O ASAMBLEA": null, "C.O.P": "NO", "OBSERVACIONES": null, "fid": 530, "PROYECTO": "TSN", "ESTATUS": "NO LIBERADO", "NUEVO": null }, "geometry": { "type": "MultiPolygon", "coordinates": [ [ [ [ -100.9525184, 25.5444272, 0.0 ], [ -100.9523428, 25.54460030000001, 0.0 ], [ -100.9521886, 25.544954799999978, 0.0 ], [ -100.9521762, 25.5448802, 0.0 ], [ -100.9521827, 25.5448396, 0.0 ], [ -100.9521903, 25.54478, 0.0 ], [ -100.9522108, 25.5446803, 0.0 ], [ -100.952233, 25.544585, 0.0 ], [ -100.9522737, 25.544451400000021, 0.0 ], [ -100.9522985, 25.544332799999989, 0.0 ], [ -100.9525184, 25.5444272, 0.0 ] ] ] ] } },
{ "type": "Feature", "properties": { "CLAVE": "SNL-RAM-010-5-GS", "PROPIETARIO": "Desconocido", "SEGMENTO": "13", "TIPO DE PROPIEDAD": null, "ESTRUCTURA": null, "ESTADO": null, "MUNICIPIO": null, "EJIDO": null, "KM INICIO": null, "KM FIN": null, "KM LINEALES": null, "KM EFECTIVOS": null, "M2": null, "IDENTIFICACIÓN O ACERCAMIENTO": null, "ANUENCIA ": null, "LEVANTAMIENTO": null, "NEGOCIACIÓN O ASAMBLEA": null, "C.O.P": "NO", "OBSERVACIONES": null, "fid": 531, "PROYECTO": "TSN", "ESTATUS": "NO LIBERADO", "NUEVO": null }, "geometry": { "type": "MultiPolygon", "coordinates": [ [ [ [ -100.95278540000001, 25.544167499999972, 0.0 ], [ -100.9525184, 25.5444272, 0.0 ], [ -100.9523361, 25.544348599999971, 0.0 ], [ -100.9523733, 25.544262600000017, 0.0 ], [ -100.9524078, 25.5441235, 0.0 ], [ -100.9524596, 25.5438723, 0.0 ], [ -100.9525915, 25.543976099999959, 0.0 ], [ -100.9526884, 25.544073, 0.0 ], [ -100.952745, 25.544119699999989, 0.0 ], [ -100.95278540000001, 25.544167499999972, 0.0 ] ] ] ] } },
{ "type": "Feature", "properties": { "CLAVE": "N/D", "PROPIETARIO": null, "SEGMENTO": null, "TIPO DE PROPIEDAD": null, "ESTRUCTURA": null, "ESTADO": null, "MUNICIPIO": null, "EJIDO": null, "KM INICIO": null, "KM FIN": null, "KM LINEALES": null, "KM EFECTIVOS": null, "M2": null, "IDENTIFICACIÓN O ACERCAMIENTO": null, "ANUENCIA ": null, "LEVANTAMIENTO": null, "NEGOCIACIÓN O ASAMBLEA": null, "C.O.P": "NO", "OBSERVACIONES": null, "fid": null, "PROYECTO": null, "ESTATUS": "NO LIBERADO", "NUEVO": null }, "geometry": { "type": "MultiPolygon", "coordinates": [ [ [ [ -101.047161153907993, 25.3404162407844, 0.0 ], [ -101.047085956729006, 25.338432844480302, 0.0 ], [ -101.047277014098995, 25.3385764988458, 0.0 ], [ -101.047277015444962, 25.338576498881498, 0.0 ], [ -101.047884675798997, 25.339033390281902, 0.0 ], [ -101.048283279746002, 25.339752461358501, 0.0 ], [ -101.048341056056998, 25.340135440399699, 0.0 ], [ -101.048082734310995, 25.340791541021702, 0.0 ], [ -101.047161153907993, 25.3404162407844, 0.0 ] ] ] ] } },
{ "type": "Feature", "properties": { "CLAVE": "N/D", "PROPIETARIO": null, "SEGMENTO": null, "TIPO DE PROPIEDAD": null, "ESTRUCTURA": null, "ESTADO": null, "MUNICIPIO": null, "EJIDO": null, "KM INICIO": null, "KM FIN": null, "KM LINEALES": null, "KM EFECTIVOS": null, "M2": null, "IDENTIFICACIÓN O ACERCAMIENTO": null, "ANUENCIA ": null, "LEVANTAMIENTO": null, "NEGOCIACIÓN O ASAMBLEA": null, "C.O.P": "NO", "OBSERVACIONES": null, "fid": null, "PROYECTO": null, "ESTATUS": "NO LIBERADO", "NUEVO": null }, "geometry": { "type": "MultiPolygon", "coordinates": [ [ [ [ -101.047085956729006, 25.338432844480302, 0.0 ], [ -101.047161153907993, 25.3404162407844, 0.0 ], [ -101.047238584110005, 25.340619476301701, 0.0 ], [ -101.047266809289994, 25.341441011137601, 0.0 ], [ -101.047268307886, 25.341538930950499, 0.0 ], [ -101.047266077019998, 25.341636839245499, 0.0 ], [ -101.047230408320004, 25.341624534692201, 0.0 ], [ -101.047207502410998, 25.3418015747114, 0.0 ], [ -101.047206702606999, 25.341948771033199, 0.0 ], [ -101.047172702352995, 25.342184306784802, 0.0 ], [ -101.047125934028998, 25.342349428926401, 0.0 ], [ -101.047134148062995, 25.342351013715302, 0.0 ], [ -101.047105510657005, 25.342432333488699, 0.0 ], [ -101.047074186383995, 25.342512831073201, 0.0 ], [ -101.047061492149993, 25.3425085500898, 0.0 ], [ -101.046986717829, 25.342688829728701, 0.0 ], [ -101.046901075882005, 25.342853761063498, 0.0 ], [ -101.046811600983006, 25.343011117826698, 0.0 ], [ -101.046664745822994, 25.3432131072767, 0.0 ], [ -101.046536154565004, 25.343402493801602, 0.0 ], [ -101.046574147588998, 25.3434377990868, 0.0 ], [ -101.046537294573, 25.343514340359, 0.0 ], [ -101.046475306399373, 25.343450951542923, 0.0 ], [ -101.046487578181996, 25.343430307823802, 0.0 ], [ -101.046509508482004, 25.343393414771501, 0.0 ], [ -101.046531439776999, 25.343356522605202, 0.0 ], [ -101.046553371044993, 25.343319629533902, 0.0 ], [ -101.046575301306007, 25.3432827364737, 0.0 ], [ -101.046597232533003, 25.343245842494699, 0.0 ], [ -101.046617182475003, 25.343212281740101, 0.0 ], [ -101.046639418072004, 25.343179414617701, 0.0 ], [ -101.046738118362995, 25.343015171301602, 0.0 ], [ -101.046760811056998, 25.342973927691698, 0.0 ], [ -101.046782294682998, 25.342934880653299, 0.0 ], [ -101.046825263852995, 25.342856784736401, 0.0 ], [ -101.046829765466001, 25.342847798969299, 0.0 ], [ -101.046846937509002, 25.342809909543401, 0.0 ], [ -101.046864110518996, 25.342772019199799, 0.0 ], [ -101.046879490557998, 25.342738085037901, 0.0 ], [ -101.046935446752997, 25.342633851416601, 0.0 ], [ -101.046939304741997, 25.342626050812299, 0.0 ], [ -101.046958090451, 25.342584602093002, 0.0 ], [ -101.046975702758999, 25.342538459539998, 0.0 ], [ -101.046991455854993, 25.342497185745898, 0.0 ], [ -101.047008798191996, 25.342454436644299, 0.0 ], [ -101.047089625005, 25.3422352178072, 0.0 ], [ -101.047093642453007, 25.342222198280499, 0.0 ], [ -101.047103891920003, 25.3421811959773, 0.0 ], [ -101.047114142389006, 25.342140194562301, 0.0 ], [ -101.047116181321002, 25.342130375532498, 0.0 ], [ -101.047129578325993, 25.342049583594601, 0.0 ], [ -101.047130858377997, 25.3420391179503, 0.0 ], [ -101.047134005881006, 25.341999325608999, 0.0 ], [ -101.047137153443998, 25.341959536877599, 0.0 ], [ -101.047140301938995, 25.3419197445224, 0.0 ], [ -101.047143448521993, 25.3418799567071, 0.0 ], [ -101.047146588800004, 25.341840266470701, 0.0 ], [ -101.047163505561997, 25.341630737316901, 0.0 ], [ -101.047165686251006, 25.341584349995401, 0.0 ], [ -101.047167261173001, 25.341542178381498, 0.0 ], [ -101.047167291544, 25.341533892980099, 0.0 ], [ -101.047166024907995, 25.341491758118401, 0.0 ], [ -101.047164164457001, 25.3413644329055, 0.0 ], [ -101.047162841461997, 25.341320368842801, 0.0 ], [ -101.047161547911998, 25.341277283810999, 0.0 ], [ -101.047160269483996, 25.341234742896798, 0.0 ], [ -101.047159360400997, 25.341191896248201, 0.0 ], [ -101.047158438276995, 25.341148510868699, 0.0 ], [ -101.047157518155004, 25.341105126363999, 0.0 ], [ -101.047156568313, 25.341060388114801, 0.0 ], [ -101.047148942811006, 25.340884048904201, 0.0 ], [ -101.047148051419995, 25.3408420162427, 0.0 ], [ -101.047147074714005, 25.340796012254199, 0.0 ], [ -101.047144197462003, 25.3407509251143, 0.0 ], [ -101.047139661041996, 25.340644607702998, 0.0 ], [ -101.047138317521998, 25.340601857483499, 0.0 ], [ -101.047136709727994, 25.340556624656301, 0.0 ], [ -101.047135357190996, 25.340513573839601, 0.0 ], [ -101.047133996414999, 25.340470269478502, 0.0 ], [ -101.047132635625005, 25.340426964214501, 0.0 ], [ -101.047131275845999, 25.340383659838899, 0.0 ], [ -101.047129915061006, 25.340340354574298, 0.0 ], [ -101.047128554292996, 25.340297050211898, 0.0 ], [ -101.047127193511997, 25.340253744946601, 0.0 ], [ -101.047125832763996, 25.340210441486199, 0.0 ], [ -101.047124354580006, 25.3401633659361, 0.0 ], [ -101.047123231, 25.3401513038663, 0.0 ], [ -101.047112861119004, 25.339864538872099, 0.0 ], [ -101.047110584007001, 25.339822641414699, 0.0 ], [ -101.047109696516998, 25.3397806464688, 0.0 ], [ -101.047105086768994, 25.339650005701898, 0.0 ], [ -101.047102804814998, 25.339608004439299, 0.0 ], [ -101.047101885222006, 25.3395658828397, 0.0 ], [ -101.047099449765, 25.3395210506532, 0.0 ], [ -101.047097122802995, 25.339478234537701, 0.0 ], [ -101.047094796761002, 25.339435413895501, 0.0 ], [ -101.047092583931004, 25.339394715732499, 0.0 ], [ -101.047091756358995, 25.339353048219898, 0.0 ], [ -101.047090147220999, 25.339307495517801, 0.0 ], [ -101.047088572264002, 25.339262852713802, 0.0 ], [ -101.047086995369, 25.3392182126445, 0.0 ], [ -101.047085420417005, 25.339173569839801, 0.0 ], [ -101.047083843527005, 25.3391289297697, 0.0 ], [ -101.047082268579999, 25.339084286964301, 0.0 ], [ -101.047080691695001, 25.3390396468936, 0.0 ], [ -101.047079116752002, 25.338995004087401, 0.0 ], [ -101.047077540849997, 25.338950363099801, 0.0 ], [ -101.047075964903996, 25.338905719404298, 0.0 ], [ -101.047074389021006, 25.338861079318502, 0.0 ], [ -101.047072813094999, 25.338816436524699, 0.0 ], [ -101.047071237218006, 25.338771796438198, 0.0 ], [ -101.047069661297002, 25.338727153643902, 0.0 ], [ -101.047066456213997, 25.338636362535599, 0.0 ], [ -101.047063332063999, 25.338583886520599, 0.0 ], [ -101.047061612123002, 25.3384296845976, 0.0 ], [ -101.047085956729006, 25.338432844480302, 0.0 ] ] ] ] } },
{ "type": "Feature", "properties": { "CLAVE": "", "PROPIETARIO": null, "SEGMENTO": null, "TIPO DE PROPIEDAD": null, "ESTRUCTURA": null, "ESTADO": null, "MUNICIPIO": null, "EJIDO": null, "KM INICIO": null, "KM FIN": null, "KM LINEALES": null, "KM EFECTIVOS": null, "M2": null, "IDENTIFICACIÓN O ACERCAMIENTO": null, "ANUENCIA ": null, "LEVANTAMIENTO": null, "NEGOCIACIÓN O ASAMBLEA": null, "C.O.P": "NO", "OBSERVACIONES": null, "fid": null, "PROYECTO": null, "ESTATUS": "NO LIBERADO", "NUEVO": null }, "geometry": { "type": "MultiPolygon", "coordinates": [ [ [ [ -101.047277015444962, 25.338576498881498, 0.0 ], [ -101.047085956729006, 25.338432844480302, 0.0 ], [ -101.047061612123002, 25.3384296845976, 0.0 ], [ -101.047061447382006, 25.3384149146036, 0.0 ], [ -101.047066946580998, 25.338241193839199, 0.0 ], [ -101.047071182444, 25.338205040486201, 0.0 ], [ -101.047076027019003, 25.338163682728499, 0.0 ], [ -101.047080655499997, 25.338124181218198, 0.0 ], [ -101.047086801185998, 25.3380826256737, 0.0 ], [ -101.047091013387003, 25.338045198098001, 0.0 ], [ -101.047126818891996, 25.337862524604802, 0.0 ], [ -101.047133895586001, 25.337826369671198, 0.0 ], [ -101.047144560133006, 25.3377902663889, 0.0 ], [ -101.047188903793, 25.337625407708099, 0.0 ], [ -101.047268919822997, 25.337384740845302, 0.0 ], [ -101.047282128546996, 25.3373419555654, 0.0 ], [ -101.047296180410001, 25.337300545213299, 0.0 ], [ -101.047310036259006, 25.3372556666219, 0.0 ], [ -101.047323368638999, 25.337212483848401, 0.0 ], [ -101.047350031448005, 25.3371261219364, 0.0 ], [ -101.047362756235998, 25.3370849064667, 0.0 ], [ -101.047377440524002, 25.337042324662299, 0.0 ], [ -101.047391823774007, 25.336996786801901, 0.0 ], [ -101.047404288728004, 25.336954521647201, 0.0 ], [ -101.047416412420006, 25.336913417438801, 0.0 ], [ -101.047428534149006, 25.336872315062301, 0.0 ], [ -101.047439658000997, 25.336834599949601, 0.0 ], [ -101.047454107980997, 25.336794114278199, 0.0 ], [ -101.047466783681003, 25.336751137377199, 0.0 ], [ -101.047516692453996, 25.3365962936779, 0.0 ], [ -101.047528642301003, 25.336557698857501, 0.0 ], [ -101.047539303801997, 25.336523263358298, 0.0 ], [ -101.047582549729995, 25.336407634032401, 0.0 ], [ -101.047594443698003, 25.336375266282101, 0.0 ], [ -101.047610332149006, 25.3363401361417, 0.0 ], [ -101.047627847662994, 25.3363014095865, 0.0 ], [ -101.047652995446001, 25.3362473871696, 0.0 ], [ -101.047681735127995, 25.3361929013682, 0.0 ], [ -101.047701658208993, 25.3361591215263, 0.0 ], [ -101.047723164077993, 25.336122655804999, 0.0 ], [ -101.047742906522998, 25.336089180874598, 0.0 ], [ -101.047834497260993, 25.335950986607401, 0.0 ], [ -101.047859057056002, 25.335916975270901, 0.0 ], [ -101.047883074265997, 25.335883717106501, 0.0 ], [ -101.047904148333004, 25.335857597797901, 0.0 ], [ -101.047930282359999, 25.335827552339399, 0.0 ], [ -101.048037779889995, 25.335699044241299, 0.0 ], [ -101.048063340232005, 25.335669657936698, 0.0 ], [ -101.048095191794999, 25.335633861398801, 0.0 ], [ -101.048123959959, 25.335599865741699, 0.0 ], [ -101.048154056849, 25.3355669151087, 0.0 ], [ -101.048185912243, 25.335531112956101, 0.0 ], [ -101.048217130707002, 25.3354960277243, 0.0 ], [ -101.048248349122005, 25.335460940681699, 0.0 ], [ -101.048279567535005, 25.335425854536101, 0.0 ], [ -101.048310784951994, 25.335390769301, 0.0 ], [ -101.048342006262004, 25.3353556803951, 0.0 ], [ -101.048373222650994, 25.3353205951625, 0.0 ], [ -101.048404442963999, 25.3352855080641, 0.0 ], [ -101.048433231003003, 25.335253152961801, 0.0 ], [ -101.048467463853001, 25.335218516018799, 0.0 ], [ -101.048499660101001, 25.335182359069801, 0.0 ], [ -101.048529439945, 25.335148915941801, 0.0 ], [ -101.048559218779999, 25.335115472822402, 0.0 ], [ -101.048588998591995, 25.335082029684099, 0.0 ], [ -101.048618776416006, 25.335048587470801, 0.0 ], [ -101.048648556196, 25.335015144322199, 0.0 ], [ -101.048678336907003, 25.334981698447201, 0.0 ], [ -101.048707985039002, 25.3349484024539, 0.0 ], [ -101.048840300577993, 25.3348006446532, 0.0 ], [ -101.048870114295994, 25.334767161414, 0.0 ], [ -101.048964246813, 25.334661939297, 0.0 ], [ -101.049008192640002, 25.334614434216999, 0.0 ], [ -101.049038093289994, 25.334579301475799, 0.0 ], [ -101.049073076667, 25.334542417191699, 0.0 ], [ -101.049104357537004, 25.334505662517898, 0.0 ], [ -101.049134281242004, 25.334472932815199, 0.0 ], [ -101.049166317152995, 25.334435287110399, 0.0 ], [ -101.049196775265003, 25.3343994982372, 0.0 ], [ -101.049225981735006, 25.334365178315799, 0.0 ], [ -101.049254998896998, 25.3343329471628, 0.0 ], [ -101.049285308929001, 25.334299278970398, 0.0 ], [ -101.049315619937005, 25.334265610758901, 0.0 ], [ -101.049345932869002, 25.334231939806902, 0.0 ], [ -101.049376240881003, 25.334198272528699, 0.0 ], [ -101.049406549883997, 25.3341646061338, 0.0 ], [ -101.049435364136997, 25.334132599836799, 0.0 ], [ -101.049476551588995, 25.334089700867199, 0.0 ], [ -101.049599318771996, 25.333955306595801, 0.0 ], [ -101.049629965083, 25.3339212633222, 0.0 ], [ -101.049660273948007, 25.333887596882398, 0.0 ], [ -101.049691982634002, 25.333852375881801, 0.0 ], [ -101.049718952294995, 25.3338205319988, 0.0 ], [ -101.049747045846999, 25.333789326442801, 0.0 ], [ -101.049776995925001, 25.3337572064056, 0.0 ], [ -101.049808235309001, 25.333721153268598, 0.0 ], [ -101.049833852784005, 25.333691964488398, 0.0 ], [ -101.049861493511997, 25.333663539211798, 0.0 ], [ -101.049921748486, 25.333601573327101, 0.0 ], [ -101.049950876165994, 25.333571618927401, 0.0 ], [ -101.049980561080005, 25.333542313932099, 0.0 ], [ -101.050156011997998, 25.333371595828702, 0.0 ], [ -101.050187075685002, 25.3333456521149, 0.0 ], [ -101.050218745151, 25.333317011014699, 0.0 ], [ -101.050320996514003, 25.333230886353, 0.0 ], [ -101.050357518835, 25.333200869781901, 0.0 ], [ -101.050391335832003, 25.333172518887199, 0.0 ], [ -101.051062054526994, 25.332643209490001, 0.0 ], [ -101.051101572350007, 25.332615209980499, 0.0 ], [ -101.051139939890007, 25.3325847167483, 0.0 ], [ -101.051175136544998, 25.3325567438863, 0.0 ], [ -101.051206383229996, 25.332531909649699, 0.0 ], [ -101.051244050776006, 25.332505987384302, 0.0 ], [ -101.051283205304003, 25.332474868744001, 0.0 ], [ -101.051318400900001, 25.332446895865299, 0.0 ], [ -101.051353600406003, 25.332418920216298, 0.0 ], [ -101.051388795969004, 25.332390947322601, 0.0 ], [ -101.051423994464997, 25.332362972574799, 0.0 ], [ -101.051459189002003, 25.33233499968, 0.0 ], [ -101.051494047372003, 25.332307295950802, 0.0 ], [ -101.051530638558006, 25.332278566080699, 0.0 ], [ -101.051567572859, 25.332249568737598, 0.0 ], [ -101.051604504178002, 25.332220572330002, 0.0 ], [ -101.051641089444004, 25.3321918479337, 0.0 ], [ -101.051682160748996, 25.332159999604599, 0.0 ], [ -101.051719371879997, 25.332130783906901, 0.0 ], [ -101.051756302133001, 25.3321017874792, 0.0 ], [ -101.051830166559, 25.332043794543601, 0.0 ], [ -101.051867100685001, 25.332014795328401, 0.0 ], [ -101.051904030866993, 25.331985798867599, 0.0 ], [ -101.051940962040007, 25.331956803287198, 0.0 ], [ -101.051977896112007, 25.331927804047101, 0.0 ], [ -101.052014826255999, 25.331898808464, 0.0 ], [ -101.052051760308998, 25.331869810109801, 0.0 ], [ -101.052088691394999, 25.3318408135938, 0.0 ], [ -101.052125624433998, 25.331811816139499, 0.0 ], [ -101.052162554492, 25.331782819620699, 0.0 ], [ -101.052199488488, 25.331753822135799, 0.0 ], [ -101.052236583969005, 25.331724696306601, 0.0 ], [ -101.052272851256006, 25.331696027358198, 0.0 ], [ -101.052308908556, 25.3316675250082, 0.0 ], [ -101.052344274814004, 25.331639569385299, 0.0 ], [ -101.052484544123004, 25.331531408990799, 0.0 ], [ -101.052521233411994, 25.3315024063041, 0.0 ], [ -101.052557290595999, 25.331473903899798, 0.0 ], [ -101.052593346785002, 25.331445402403801, 0.0 ], [ -101.052629401963003, 25.331416900913801, 0.0 ], [ -101.052665459110997, 25.331388399388199, 0.0 ], [ -101.052701515248003, 25.331359897868602, 0.0 ], [ -101.052737572362005, 25.3313313963274, 0.0 ], [ -101.052773062876, 25.331303340483501, 0.0 ], [ -101.052806312680005, 25.331277586150399, 0.0 ], [ -101.052840134079005, 25.331251389644901, 0.0 ], [ -101.052873952484006, 25.331225193173999, 0.0 ], [ -101.052907769927003, 25.331198999417602, 0.0 ], [ -101.052941590288995, 25.331172802905101, 0.0 ], [ -101.052975411614, 25.331146605469399, 0.0 ], [ -101.053009229975004, 25.3311204098734, 0.0 ], [ -101.053043048337003, 25.331094215172801, 0.0 ], [ -101.053079200013002, 25.331066211988901, 0.0 ], [ -101.053115664459995, 25.3310355430634, 0.0 ], [ -101.053149915499006, 25.331006738925499, 0.0 ], [ -101.053183023580999, 25.330978894033301, 0.0 ], [ -101.053220146130997, 25.3309489547411, 0.0 ], [ -101.053255517140002, 25.3309192062279, 0.0 ], [ -101.053289768097997, 25.330890401158602, 0.0 ], [ -101.053324014118999, 25.330861598858899, 0.0 ], [ -101.053358265043997, 25.330832793775599, 0.0 ], [ -101.053396917132005, 25.330800286461599, 0.0 ], [ -101.053433586305005, 25.330764048507501, 0.0 ], [ -101.053568724979002, 25.330633189456002, 0.0 ], [ -101.053602350442006, 25.330599959942099, 0.0 ], [ -101.053635463351995, 25.3305672358035, 0.0 ], [ -101.053701691105999, 25.330501787479101, 0.0 ], [ -101.053734806912004, 25.330469061474499, 0.0 ], [ -101.053769711637003, 25.330434566508799, 0.0 ], [ -101.053856432402, 25.330342487980499, 0.0 ], [ -101.053888440861996, 25.3303076091325, 0.0 ], [ -101.053919867239003, 25.330273364839599, 0.0 ], [ -101.053951292636, 25.3302391223597, 0.0 ], [ -101.053982717023004, 25.330204879887901, 0.0 ], [ -101.054014145319002, 25.330170634647502, 0.0 ], [ -101.054046551634997, 25.3301353213424, 0.0 ], [ -101.054141824458, 25.330027094281601, 0.0 ], [ -101.054172278333994, 25.329993910633501, 0.0 ], [ -101.054203702582001, 25.329959667218802, 0.0 ], [ -101.054235128783006, 25.3299254228682, 0.0 ], [ -101.054266554004002, 25.329891180330701, 0.0 ], [ -101.054297979192, 25.329856936884902, 0.0 ], [ -101.054329406332997, 25.3298226925032, 0.0 ], [ -101.054364858026005, 25.329784060355198, 0.0 ], [ -101.054400885568, 25.329737302257801, 0.0 ], [ -101.054428108330001, 25.329706121582401, 0.0 ], [ -101.05445810322, 25.329671764456499, 0.0 ], [ -101.054488098109999, 25.329637408227899, 0.0 ], [ -101.054527362996083, 25.329592432344942, 0.0 ], [ -101.054652160822002, 25.329649211549, 0.0 ], [ -101.054652164399826, 25.329649207510123, 0.0 ], [ -101.054652164399997, 25.329649207510201, 0.0 ], [ -101.054636829128995, 25.329666518866901, 0.0 ], [ -101.054610707527004, 25.329696004941699, 0.0 ], [ -101.054584564653993, 25.329725505933499, 0.0 ], [ -101.054558392352007, 25.329755021960199, 0.0 ], [ -101.054532185726998, 25.329784549431501, 0.0 ], [ -101.054505939883001, 25.329814084742999, 0.0 ], [ -101.054473104389004, 25.329850978856999, 0.0 ], [ -101.054442233407997, 25.329828243109102, 0.0 ], [ -101.054422391288995, 25.3298504967204, 0.0 ], [ -101.054396016587006, 25.329880013191001, 0.0 ], [ -101.054369586831001, 25.329909518681301, 0.0 ], [ -101.054343097119002, 25.329939009513499, 0.0 ], [ -101.054316542579002, 25.329968481962499, 0.0 ], [ -101.054289918332998, 25.329997932290102, 0.0 ], [ -101.054263219527002, 25.330027356710101, 0.0 ], [ -101.054236441314998, 25.330056751422202, 0.0 ], [ -101.054209578867003, 25.330086112585501, 0.0 ], [ -101.054199250153999, 25.330097340224601, 0.0 ], [ -101.054168754992006, 25.330074202568401, 0.0 ], [ -101.054152169877995, 25.330092257653799, 0.0 ], [ -101.054125187874007, 25.330121471477401, 0.0 ], [ -101.054098111296, 25.3301506360208, 0.0 ], [ -101.054070935431994, 25.3301797473225, 0.0 ], [ -101.054043655591997, 25.330208801382199, 0.0 ], [ -101.054016267121995, 25.330237794157199, 0.0 ], [ -101.053988765396994, 25.330266721556601, 0.0 ], [ -101.053961145822001, 25.3302955794517, 0.0 ], [ -101.053933403843999, 25.3303243636561, 0.0 ], [ -101.053905534945997, 25.330353069942301, 0.0 ], [ -101.053877534650994, 25.330381694025402, 0.0 ], [ -101.053849398523994, 25.3304102315706, 0.0 ], [ -101.053821122179002, 25.330438678188202, 0.0 ], [ -101.053792701274006, 25.330467029431802, 0.0 ], [ -101.053764131519003, 25.330495280795201, 0.0 ], [ -101.053735512409006, 25.330523326065101, 0.0 ], [ -101.053510370731999, 25.330735219846499, 0.0 ], [ -101.053480530789003, 25.3307621937536, 0.0 ], [ -101.053450462482999, 25.330789130037999, 0.0 ], [ -101.053420279137995, 25.330815934622301, 0.0 ], [ -101.053389985856001, 25.330842611245, 0.0 ], [ -101.053359587678997, 25.330869163692402, 0.0 ], [ -101.053329089586995, 25.330895595797799, 0.0 ], [ -101.053298496503999, 25.330921911435599, 0.0 ], [ -101.053267813294994, 25.330948114523402, 0.0 ], [ -101.053237044770995, 25.330974209013998, 0.0 ], [ -101.053206195686997, 25.3310001989007, 0.0 ], [ -101.053175270748994, 25.331026088209398, 0.0 ], [ -101.053144274619996, 25.3310518809961, 0.0 ], [ -101.053113211899998, 25.331077581352201, 0.0 ], [ -101.053082087158003, 25.331103193394199, 0.0 ], [ -101.053050904911004, 25.331128721264601, 0.0 ], [ -101.053019669641998, 25.331154169129, 0.0 ], [ -101.052988385782996, 25.331179541181601, 0.0 ], [ -101.052957057742006, 25.331204841626398, 0.0 ], [ -101.052925689879999, 25.331230074697601, 0.0 ], [ -101.052894286533999, 25.331255244633599, 0.0 ], [ -101.052862852003003, 25.3312803557012, 0.0 ], [ -101.052831390554999, 25.331305412174999, 0.0 ], [ -101.052799906442004, 25.331330418328999, 0.0 ], [ -101.052768403876996, 25.331355378467599, 0.0 ], [ -101.052736930988004, 25.3313802621566, 0.0 ], [ -101.052705396806999, 25.331405148981698, 0.0 ], [ -101.052673856693005, 25.331430002691, 0.0 ], [ -101.052642314791996, 25.3314548276016, 0.0 ], [ -101.052610775231003, 25.331479628031001, 0.0 ], [ -101.052579242131003, 25.331504408295999, 0.0 ], [ -101.052547719597001, 25.331529172710699, 0.0 ], [ -101.051315150009003, 25.332497429781998, 0.0 ], [ -101.051290913989007, 25.332516468931299, 0.0 ], [ -101.051266686836996, 25.332535504441701, 0.0 ], [ -101.051242471779005, 25.332554537112099, 0.0 ], [ -101.051218270630997, 25.332573568847099, 0.0 ], [ -101.051194085206006, 25.3325926015481, 0.0 ], [ -101.051169917319001, 25.332611637113001, 0.0 ], [ -101.051145768786, 25.332630677435201, 0.0 ], [ -101.051121641422995, 25.332649724403801, 0.0 ], [ -101.051097537049998, 25.3326687799028, 0.0 ], [ -101.051073457487007, 25.332687845810899, 0.0 ], [ -101.051049404558, 25.332706924000501, 0.0 ], [ -101.051025430660005, 25.3327259761524, 0.0 ], [ -101.051001440651007, 25.332745081097599, 0.0 ], [ -101.050977482763003, 25.332764203888001, 0.0 ], [ -101.050953558830003, 25.332783346373901, 0.0 ], [ -101.050929670702004, 25.332802510385299, 0.0 ], [ -101.050905820229005, 25.332821697751299, 0.0 ], [ -101.050882009269003, 25.332840910293399, 0.0 ], [ -101.050858239692005, 25.332860149812401, 0.0 ], [ -101.050834513363, 25.3328794181201, 0.0 ], [ -101.050806543140993, 25.332902212318601, 0.0 ], [ -101.050846325722006, 25.332942531685099, 0.0 ], [ -101.050827103554994, 25.332958267128198, 0.0 ], [ -101.050803604577993, 25.3329775616414, 0.0 ], [ -101.050780160100999, 25.332996888716998, 0.0 ], [ -101.050756772027, 25.333016250072301, 0.0 ], [ -101.050733442256998, 25.333035647420701, 0.0 ], [ -101.050710172706999, 25.333055082457101, 0.0 ], [ -101.050686965305999, 25.3330745568603, 0.0 ], [ -101.05066382199, 25.333094072299101, 0.0 ], [ -101.050640744708005, 25.3331136304217, 0.0 ], [ -101.050617642272002, 25.333133312220198, 0.0 ], [ -101.050364102569006, 25.333356517090198, 0.0 ], [ -101.050118067233996, 25.333586554166299, 0.0 ], [ -101.049879759109999, 25.333823215142001, 0.0 ], [ -101.049835425161007, 25.333787023157701, 0.0 ], [ -101.049812920205, 25.333810128449699, 0.0 ], [ -101.049791965932997, 25.3338317547766, 0.0 ], [ -101.049771064181002, 25.3338534365801, 0.0 ], [ -101.049750213053002, 25.333875172107199, 0.0 ], [ -101.049729410633006, 25.3338969596245, 0.0 ], [ -101.049708654992003, 25.333918797405499, 0.0 ], [ -101.049687944181002, 25.333940683744899, 0.0 ], [ -101.049667276247007, 25.333962616931601, 0.0 ], [ -101.049646649213997, 25.333984595276601, 0.0 ], [ -101.049626061099005, 25.334006617095401, 0.0 ], [ -101.049605509903003, 25.334028680716202, 0.0 ], [ -101.049584993614005, 25.334050784468801, 0.0 ], [ -101.049564510215006, 25.3340729266964, 0.0 ], [ -101.049544057671, 25.3340951057498, 0.0 ], [ -101.049523633937, 25.334117319988501, 0.0 ], [ -101.049503236966999, 25.334139567767501, 0.0 ], [ -101.049482864690006, 25.334161847466699, 0.0 ], [ -101.049462515037007, 25.334184157458701, 0.0 ], [ -101.049442185927006, 25.334206496124501, 0.0 ], [ -101.049421836077997, 25.334228905003101, 0.0 ], [ -101.049401545386999, 25.334251292279099, 0.0 ], [ -101.049381268938006, 25.334273703388298, 0.0 ], [ -101.049361004622995, 25.3342961367287, 0.0 ], [ -101.049340750325001, 25.3343185907014, 0.0 ], [ -101.049320503922004, 25.334341063709399, 0.0 ], [ -101.049300263288004, 25.3343635541579, 0.0 ], [ -101.049280026288997, 25.334386060453198, 0.0 ], [ -101.049259790788994, 25.334408581002702, 0.0 ], [ -101.049239554647002, 25.334431114214102, 0.0 ], [ -101.049219315718005, 25.334453658494699, 0.0 ], [ -101.049200514703003, 25.334474605377899, 0.0 ], [ -101.049246690822002, 25.3345088361745, 0.0 ], [ -101.048895901216994, 25.3348996619189, 0.0 ], [ -101.048879703617004, 25.334917708892402, 0.0 ], [ -101.048874140699994, 25.334923908580102, 0.0 ], [ -101.048826551938006, 25.334891246082599, 0.0 ], [ -101.048801167570005, 25.334919550904701, 0.0 ], [ -101.048785014006995, 25.334937577061702, 0.0 ], [ -101.048768881043998, 25.334955599082299, 0.0 ], [ -101.048752771211994, 25.3349736188284, 0.0 ], [ -101.048736687043998, 25.334991638154001, 0.0 ], [ -101.048720672691999, 25.335009612190301, 0.0 ], [ -101.048704652585997, 25.335027630314201, 0.0 ], [ -101.048688665716995, 25.3350456535075, 0.0 ], [ -101.048672714617993, 25.335063683581801, 0.0 ], [ -101.048656801822005, 25.3350817223333, 0.0 ], [ -101.048640929868, 25.335099771547799, 0.0 ], [ -101.048625101301994, 25.335117832995699, 0.0 ], [ -101.048609318665996, 25.3351359084343, 0.0 ], [ -101.048593584520006, 25.3351539996026, 0.0 ], [ -101.048576449047999, 25.335173785216501, 0.0 ], [ -101.048646691433007, 25.3352240277116, 0.0 ], [ -101.048632695175996, 25.335240264446501, 0.0 ], [ -101.048617252124998, 25.335258261300002, 0.0 ], [ -101.048601874457006, 25.335276272158801, 0.0 ], [ -101.048586564697004, 25.3352942986205, 0.0 ], [ -101.048571325376003, 25.335312342261702, 0.0 ], [ -101.048556159027996, 25.335330404633101, 0.0 ], [ -101.048541068196002, 25.3353484872619, 0.0 ], [ -101.048526055433996, 25.335366591646899, 0.0 ], [ -101.048511123297004, 25.335384719263399, 0.0 ], [ -101.048496274355998, 25.3354028715545, 0.0 ], [ -101.048481511185997, 25.335421049937199, 0.0 ], [ -101.048466836374004, 25.335439255797102, 0.0 ], [ -101.048452252516, 25.335457490490199, 0.0 ], [ -101.048437635100996, 25.3354759155716, 0.0 ], [ -101.048324470744006, 25.3356240801482, 0.0 ], [ -101.048216550340001, 25.335775441595601, 0.0 ], [ -101.048113983164995, 25.335929846679399, 0.0 ], [ -101.048016873079007, 25.336087139082899, 0.0 ], [ -101.047925318416006, 25.336247159566099, 0.0 ], [ -101.047839411888006, 25.336409746126002, 0.0 ], [ -101.047884514095003, 25.336428631390401, 0.0 ], [ -101.047802251820997, 25.336598182623199, 0.0 ], [ -101.047726181214998, 25.336770104970999, 0.0 ], [ -101.047656384904002, 25.336944211749401, 0.0 ], [ -101.047592938706998, 25.337120313901298, 0.0 ], [ -101.047535911547001, 25.337298220201902, 0.0 ], [ -101.047485365377995, 25.337477737466202, 0.0 ], [ -101.047441355114998, 25.337658670759499, 0.0 ], [ -101.047403928579001, 25.337840823608101, 0.0 ], [ -101.047373126441997, 25.338023998213298, 0.0 ], [ -101.047348982181006, 25.338207995665801, 0.0 ], [ -101.047331522044999, 25.338392616162199, 0.0 ], [ -101.047320765026001, 25.338577659221201, 0.0 ], [ -101.047277015444962, 25.338576498881498, 0.0 ] ] ] ] } }
]
}
